{
  "Barcelona": {
    "Iñaki Peña": -3.0766825382510854,
    "Ter Stegen": -2.707179653772318,
    "Araújo": -2.271442527619383,
    "Álex Balde": 2.9929652122993033,
    "Christensen": -3.0748296367112404,
    "Eric García": -2.420361995202591,
    "Koundé": 0.7705928425772779,
    "De Jong": 0.7074544849053899,
    "Pedri": 2.5001145695828786,
    "Gavi": -1.6044140943279883,
    "Oriol Romeu": null,
    "Raphinha": null,
    "Lewandowski": null,
    "Pau Victor": -2.4182006407030054,
    "Ferran Torres": -1.0921442762965472,
    "Iñigo Martínez": 3.6435857385378245,
    "Casadó": 0.16942331604750116,
    "Fermín": 0.9643059254418551,
    "Lamine Yamal": null,
    "Pau Cubarsí": 2.6321191708071234,
    "Héctor Fort": null,
    "Dani Olmo": -0.3539688406139052,
    "Szczesny": null,
    "Joan García": null,
    "Marc Bernal": null,
    "Gerard Martín": null,
    "R. Bardghji": null,
    "M. Rashford": null
  },
  "Real Madrid": {
    "Reinier": null,
    "Courtois": 2.158613731908776,
    "Lunin": -3.126855239326376,
    "Carvajal": -1.803089867281904,
    "Fran García": -0.3122471503128166,
    "Mendy": -3.1837439861382877,
    "Militão": -1.3464891210248742,
    "Alaba": -3.208287662284126,
    "Rudiger": -2.395458150733387,
    "Brahim": -2.6051151332179723,
    "Bellingham": null,
    "Ceballos": -1.937369013882806,
    "Camavinga": -2.2163274283152568,
    "Tchouaméni": -0.05376086149462278,
    "Valverde": 0.3388931478113477,
    "Vinicius Jr.": null,
    "Rodrygo": -2.05878242096158,
    "Arda Guler": 3.5380284507154247,
    "Carreras": null,
    "Gonzalo": null,
    "Mbappé": null,
    "Trent": null,
    "Endrick": -3.0040317795995697,
    "Raúl Asencio": null,
    "Huijsen": null,
    "Mastantuono": null,
    "Á. Rodríguez": null,
    "K. Mbappé": null,
    "Gonzalo García": null,
    "Álvaro Carreras": null,
    "Jacobo": null,
    "D. Huijsen": null,
    "Álvaro Fernández": 0
  },
  "Atletico Madrid": {
    "Oblak": 2.4194570465446263,
    "Giménez": -1.4409268858809776,
    "Le Normand": 0.8468908839444955,
    "Javi Galán": -2.4783743165232353,
    "Molina": -2.767644090753074,
    "Lenglet": -1.5984503321153198,
    "Barrios": 2.5299497353282296,
    "Lemar": -3.158882364752802,
    "Llorente": 1.612457757902197,
    "Koke": -2.970202276343936,
    "Lino": -2.6594687104497194,
    "Álex Baena": null,
    "Griezmann": -0.9649753810327066,
    "Giuliano": 2.7395152993192173,
    "Sørloth": -0.5846845709466697,
    "Carlos Martín": -3.045380627360572,
    "Marc Pubill": null,
    "Johnny Cardoso": null,
    "Gallagher": -2.5766600334124146,
    "Julián Alvarez": null,
    "Musso": -3.0474017631054062,
    "Ruggeri": null,
    "Thiago Almada": null,
    "De Paul": -2.148346230565934,
    "Saúl": null,
    "Moldovan": null,
    "C. Gallagher": -2.366453980539718,
    "M. Ruggeri": null,
    "T. Almada": null
  },
  "Athletic": {
    "Unai Simón": 1.0788454426459593,
    "Yeray": -2.5895950207124985,
    "Yuri": -0.9873764902530113,
    "Gorosabel": -1.9205026429765404,
    "Lekue": null,
    "Areso": -0.5646926319842427,
    "Vivian": 1.7997506032782828,
    "Unai Gómez": -2.681133353968157,
    "De Galarreta": -1.4964885305073783,
    "Vencedor": -3.1883652952434227,
    "Vesga": -2.907619306124598,
    "Robert Navarro": null,
    "Adu Ares": -3.2286003438527833,
    "Berenguer": -0.030487897622855087,
    "Iñaki Williams": 1.3350969471648266,
    "Guruzeta": -2.0561334663538933,
    "Nico Williams": 4.314184094469886,
    "Paredes": -0.9679994062369413,
    "Sancet": 3.2935881509124743,
    "Prados": -2.5969325295280177,
    "Nico Serrano": -3.227497530866086,
    "Egiluz": null,
    "Hugo Rincón": null,
    "Padilla": null,
    "Jauregizar": 5.7327764918793545,
    "Boiro": null,
    "Laporte": null,
    "Maroan Sannadi": 3.75837653306359,
    "Peio Canales": null,
    "Urko Izeta": null,
    "Á. Padilla": null,
    "Djaló": -2.8526497883240576
  },
  "Villarreal": {
    "Sergi Cardona": 0.5822787155589371,
    "Foyth": 1.5915102182410878,
    "Comesaña": -1.536942569957267,
    "Moleiro": null,
    "Parejo": -1.8677371684478805,
    "Pedraza": -2.7521966495141603,
    "Yeremy Pino": -1.1071621832437706,
    "Denis Suárez": -3.1295494821268477,
    "A. Danjuma": null,
    "Gerard": -1.961757842650913,
    "Ayoze Pérez": 1.9359225973974548,
    "Akhomach": -2.5348404173299754,
    "Altimira": null,
    "Rafa Marín": null,
    "Etta Eyong": null,
    "Conde": -1.0928982793246944,
    "Pape Gueye": -1.1644420220325968,
    "Kambwala": -2.597718899616819,
    "N. Pépé": -1.370187799857936,
    "Luíz Júnior": -1.2739328989526233,
    "Logan Costa": -3.3894147361796523,
    "Juan Bernat": null,
    "Pau Navarro": null,
    "Pau Cabanes": null,
    "Ilias Akhomach": -2.5043296434596685
  },
  "Betis": {
    "Valles": null,
    "Ruibal": -2.909709270433347,
    "Borja Iglesias": null,
    "Chimy Ávila": -2.760212842971399,
    "Rodrigo Riquelme": null,
    "Héctor Bellerín": -2.930551329511344,
    "Altimira": -0.4889815404818809,
    "Marc Roca": -2.8413333095206106,
    "Abde": -0.28658982747277184,
    "Bartra": null,
    "Isco": null,
    "Vieites": 0.27120717103668035,
    "Nobel Mendy": null,
    "Pablo Fornals": -1.739611355898063,
    "C. Bakambu": -2.63751401491662,
    "R. Rodríguez": null,
    "Perraud": -2.831218475717656,
    "Diego Llorente": -2.3621459774388676,
    "Iker Losada": null,
    "Adrián": -2.35512535429544,
    "Natan": null,
    "Pau López": null,
    "G. Lo Celso": 2.8807191964124845,
    "Ángel Ortiz": null,
    "Cucho": null,
    "Pablo García": null,
    "Junior Firpo": null,
    "G. Petit": null,
    "V. Gómez": null
  },
  "Celta": {
    "Aspas": null,
    "Pablo Durán": -1.6583753931415313,
    "Abdellaoui": null,
    "Ferran Jutglà": null,
    "Fran Beltrán": -2.563605607352759,
    "Cervi": -3.1288586568745225,
    "Swedberg": -2.453176982295502,
    "Sotelo": -2.8230803651047687,
    "Hugo González": null,
    "Hugo Álvarez": -2.7950728904928557,
    "Damián Rodríguez": -3.1336145743230404,
    "I. Moriba": null,
    "Marcos Alonso": 0.6723151154270246,
    "Mingueza": 1.1750571718044611,
    "Aidoo": null,
    "Carlos Domínguez": -2.976228867452846,
    "Unai Núñez": null,
    "Manu Sánchez": null,
    "Carreira": null,
    "Starfelt": -1.3540260399332427,
    "Ristić": -2.1537568633760773,
    "Javi Rodríguez": null,
    "Javi Rueda": null,
    "Yoel Lago": null,
    "Iván Villar": -2.9067143042590615,
    "Marc Vidal": null,
    "I. Radu": null
  },
  "Rayo Vallecano": {
    "Lejeune": 1.1118544350550374,
    "Balliu": null,
    "Chavarría": 0.3682441769338851,
    "Mumin": -2.9617810855439464,
    "Espino": -2.6596302623313695,
    "Pathé Ciss": -1.4967830188604148,
    "Á. García": 0.5866133087988112,
    "Unai López": -2.5587105164238455,
    "Luiz Felipe": null,
    "Ó. Valentín": -2.664344588669987,
    "Nteka": -2.8064522161853955,
    "Isi": 0.6742781287782273,
    "Trejo": null,
    "Camello": -2.6142396730805095,
    "Gumbau": null,
    "De Frutos": 0.3710756738235066,
    "Cárdenas": -2.6939625874780493,
    "Ratiu": 7.220717726143877,
    "A. Batalla": null,
    "Pelayo": null,
    "Pedro Díaz": -1.8670020706239243,
    "Etienne Eto'o": null,
    "Samu Becerra": null,
    "Morro": null,
    "De Tomás": -3.0155423315523677
  },
  "Osasuna": {
    "Aitor Fernández": -2.875575612934256,
    "S. Herrera": 2.049636899038143,
    "Juan Cruz": -2.758869605417591,
    "Areso": -0.5646926319842427,
    "Catena": -1.27465783944416,
    "Herrando": -3.097368309372084,
    "Rubén García": -1.3309511035942911,
    "Moi Gómez": -2.8423930884551862,
    "Moncayola": -2.484604585324257,
    "Iker Muñoz": -3.2364503540177614,
    "Torró": -2.1397610232883113,
    "Kike Barja": -3.219380634330904,
    "Budimir": -0.04133391277824083,
    "Aimar Oroz": -0.7287056414970072,
    "Raúl": -3.2124241220138794,
    "Stamatakis": null,
    "F. Boyomo": 1.3612096301972576,
    "Rosier": null,