{
  "Barcelona": {
    "Iñaki Peña": -3.0209725660516717,
    "Ter Stegen": -2.6752031683570876,
    "Araújo": -2.446957235486902,
    "Álex Balde": 4.242876636631165,
    "Christensen": -3.1252566774362722,
    "Eric García": -2.3145705558749174,
    "Koundé": 1.7443067489338437,
    "De Jong": 1.6291490325884839,
    "Pedri": 3.8015057904116745,
    "Gavi": -1.6054393540484435,
    "Oriol Romeu": null,
    "Raphinha": null,
    "Lewandowski": null,
    "Pau Victor": -2.3051330282892635,
    "Ferran Torres": 0.8046622629664713,
    "Iñigo Martínez": 4.281636855549742,
    "Casadó": 1.0170883721917878,
    "Fermín": 0.9412676470300863,
    "Lamine Yamal": null,
    "Pau Cubarsí": 4.068841945702584,
    "Héctor Fort": null,
    "Dani Olmo": 0.9124906899505847,
    "Szczesny": null,
    "Joan García": null,
    "Marc Bernal": null,
    "Gerard Martín": null,
    "R. Bardghji": null
  },
  "Real Madrid": {
    "Vinicius Jr.": null,
    "Rodrygo": -2.4415364245021776,
    "Á. Rodríguez": null,
    "K. Mbappé": null,
    "Endrick": -2.929489025852061,
    "Reinier": null,
    "Brahim": -2.638482101551687,
    "Bellingham": null,
    "Ceballos": -2.382862995294077,
    "Camavinga": -2.112065013841835,
    "Tchouaméni": 0.5478388257856404,
    "Valverde": 2.0002521725282385,
    "Arda Guler": 4.59305149252367,
    "Gonzalo García": null,
    "Mastantuono": null,
    "Carvajal": -2.0228051817905657,
    "Fran García": 0.3145387399709598,
    "Mendy": -3.295667981198558,
    "Militão": -0.43145256131718046,
    "Alaba": -3.2217639959318034,
    "Rudiger": -2.618710982107708,
    "Álvaro Carreras": null,
    "Jacobo": null,
    "Trent": null,
    "Raúl Asencio": null,
    "D. Huijsen": null,
    "Courtois": 3.0220247655247556,
    "Lunin": -3.1555599080975605,
    "Álvaro Fernández": 0,
    "Franco": 0
  },
  "Atletico Madrid": {
    "Oblak": 3.090721400098184,
    "Giménez": -1.4887184379865026,
    "Le Normand": 1.304950099593083,
    "Javi Galán": -2.352705002177724,
    "Molina": -2.7149207390559593,
    "Lenglet": -0.7816517919117971,
    "Barrios": 3.1586771746849873,
    "De Paul": -1.6720582989074084,
    "Lemar": -3.2468707161487087,
    "Llorente": 2.1834511879434304,
    "Saúl": null,
    "Koke": -2.8532243890422637,
    "Lino": -2.6421967382960876,
    "Álex Baena": null,
    "Griezmann": null,
    "Giuliano": 2.8415806186240067,
    "Sørloth": 0.7329801105261824,
    "Carlos Martín": -3.1434016495422767,
    "Johnny Cardoso": null,
    "Moldovan": null,
    "C. Gallagher": -2.5741485796190067,
    "Julián Alvarez": null,
    "Musso": -3.1152633628214854,
    "M. Ruggeri": null,
    "T. Almada": null
  },
  "Athletic Club": {
    "Unai Simón": 2.6149134811237262,
    "Yeray": -2.486842267845679,
    "Yuri": -1.0011490662073963,
    "Gorosabel": -2.3070310080142264,
    "Lekue": null,
    "Vivian": 3.0491035199115,
    "Unai Gómez": -2.9552140370378677,
    "De Galarreta": -0.8396438460179567,
    "Vencedor": null,
    "Vesga": -2.949764218395623,
    "Robert Navarro": null,
    "Adu Ares": null,
    "Berenguer": 0.03621250642373841,
    "Iñaki Williams": 2.703697043837794,
    "Guruzeta": -1.5782538723205453,
    "Nico Williams": null,
    "Paredes": -0.3971759720957535,
    "Sancet": 4.051937751464618,
    "Prados": -2.565563584408781,
    "Nico Serrano": null,
    "Egiluz": null,
    "Hugo Rincón": null,
    "Á. Padilla": null,
    "Jauregizar": 7.442800874825206,
    "Boiro": null,
    "Djaló": -2.850368386431379,
    "Maroan Sannadi": 5.207698045264708,
    "Peio Canales": null,
    "Urko Izeta": null,
    "De Marcos": null,
    "Unai Núñez": null,
    "Aitor Paredes": null,
    "Ruíz De Galarreta": null,
    "Mikel Jauregizar": null,
    "Álex Berenguer": null,
    "Beñat Prados": null,
    "Dani Vivian": null,
    "Oihan Sancet": null,
    "I. Williams": null,
    "Adama Boiro": null,
    "Gorka Guruzeta": null,
    "Mikel Vesga": null,
    "Julen Agirrezabala": null,
    "Andoni Gorosabel": null,
    "Álvaro Djaló": null
  },
  "Villarreal": {
    "Sergi Cardona": 0.14364604143910498,
    "Foyth": 0.5684885882570212,
    "Comesaña": -1.336376024219743,
    "Moleiro": null,
    "Parejo": -1.7745730766701273,
    "Pedraza": -2.7673191296646693,
    "Yeremy Pino": 0.11127526694976186,
    "Denis Suárez": -3.119245201005394,
    "A. Danjuma": null,
    "Gerard": -1.9769890844255178,
    "Ayoze Pérez": null,
    "Ilias Akhomach": -2.545419415523853,
    "Altimira": null,
    "Rafa Marín": null,
    "Etta Eyong": null,
    "Conde": -0.7680905073468081,
    "Pape Gueye": -1.0619762399052157,
    "Kambwala": -2.7427541131395117,
    "N. Pépé": -1.0606791368558133,
    "Luíz Júnior": -1.0987486166819327,
    "Logan Costa": -2.246088647179223,
    "Juan Bernat": null,
    "Pau Navarro": null,
    "Pau Cabanes": null
  },
  "Betis": {
    "Valles": null,
    "Ruibal": -3.0042843187179757,
    "Borja Iglesias": null,
    "Chimy Ávila": -2.866265105368293,
    "Rodrigo Riquelme": null,
    "Héctor Bellerín": -2.876049220473853,
    "Altimira": -1.0163115647606746,
    "Marc Roca": -2.8907016695465693,
    "Abde": 0.9833212775552491,
    "Bartra": null,
    "Isco": null,
    "Vieites": 0.19492384410160213,
    "Nobel Mendy": null,
    "Pablo Fornals": -1.2017630936607349,
    "C. Bakambu": -2.650517302479205,
    "R. Rodríguez": null,
    "Perraud": -2.8370508753956414,
    "Diego Llorente": -2.3801096294466473,
    "Iker Losada": null,
    "Adrián": -2.2494091770905222,
    "Natan": null,
    "G. Lo Celso": 3.627117986832573,
    "Ángel Ortiz": null,
    "Cucho": null,
    "Pablo García": null,
    "Junior Firpo": null,
    "G. Petit": null
  },
  "Celta": {
    "Marcos Alonso": 1.157959084052429,
    "Iván Villar": -2.885104802394356,
    "Mingueza": 0.7957592679405323,
    "Aidoo": null,
    "Carlos Domínguez": -3.101760761094352,
    "Fran Beltrán": -2.50821794163818,
    "Cervi": -3.143268935839294,
    "Swedberg": -2.530224464158848,
    "Sotelo": -2.8197847324636816,
    "Aspas": null,
    "Unai Núñez": null,
    "Manu Sánchez": null,
    "Carreira": null,
    "Starfelt": -1.184895709860967,
    "Ristić": -2.3723654997527266,
    "Javi Rodríguez": null,
    "Hugo Álvarez": -2.8354385533681303,
    "Damián Rodríguez": -3.1947081959978307,
    "I. Moriba": null,
    "Marc Vidal": null,
    "Pablo Durán": -1.7606117470231664,
    "Javi Rueda": null,
    "Abdellaoui": null,
    "Yoel Lago": null,
    "I. Radu": null,
    "Ferran Jutglà": null
  },
  "Rayo Vallecano": {
    "Lejeune": 0.39226316219334034,
    "Balliu": null,
    "Chavarría": 1.3024261523648661,
    "Mumin": -2.538674476716951,
    "Espino": -2.6148757491052166,
    "Pathé Ciss": -1.840237527613131,
    "Á. García": 0.5249736753798251,
    "Unai López": -2.695316389869329,
    "Luiz Felipe": null,
    "Ó. Valentín": -2.8073493081661183,
    "Nteka": -2.8227398894055344,
    "Isi": 1.3722277686718742,
    "Trejo": null,
    "Camello": -2.227348314689992,
    "Gumbau": null,
    "De Frutos": -0.20277340663042986,
    "Cárdenas": -2.5999955368475103,
    "Ratiu": 7.558233410769377,
    "A. Batalla": null,
    "Pelayo": null,
    "Pedro Díaz": -2.00972664520892,
    "E. Etoo": null,
    "Morro": null,
    "De Tomás": -3.0155423315523677
  },
  "Osasuna": {
    "Aitor Fernández": -2.9958578721846596,
    "S. Herrera": 1.5162602302871697,
    "Juan Cruz": -2.867951363356991,
    "Areso": -1.2651048622687844,
    "Catena": -1.3438660101453115,
    "Herrando": -3.0960128235958506,
    "Rubén García": -1.8242255043650624,
    "Moi Gómez": -2.7603484680351897,
    "Moncayola": -2.4692361269304186,
    "Iker Muñoz": -3.232575340095889,
    "Torró": -2.254499471264504,
    "Kike Barja": -3.0915887807520304,
    "Budimir": null,
    "Aimar Oroz": 0.1934363008831097,
    "Raúl": -3.1666170323414677,
    "Stamatakis": null,
    "F. Boyomo": 1.185178208091564,
    "Rosier": null,
    "Abel Bretones": -2.568953432649801,
    "Ander Yoldi": null,
    "Benito": null,
    "Víctor Muñoz": null
  },