{
  "Barcelona": {
    "Iñaki Peña": -3.0338787014999147,
    "Ter Stegen": -2.75807076547403,
    "Araújo": -2.514782102566404,
    "Álex Balde": 2.4628792266161437,
    "Christensen": -3.009883523716239,
    "Eric García": -2.4401898282092493,
    "Koundé": 0.1542396125914003,
    "De Jong": 0.4759582133472273,
    "Pedri": 0.4418633397694105,
    "Gavi": -1.5933328560639781,
    "Oriol Romeu": null,
    "Raphinha": 4.156499495868782,
    "Lewandowski": 2.340571398103375,
    "Pau Victor": -2.9075145510533806,
    "Ferran Torres": -2.0730814463744696,
    "Iñigo Martínez": 2.4029534161885024,
    "Casadó": -0.38706422304867205,
    "Fermín": 0.4000415176994121,
    "Lamine Yamal": null,
    "Pau Cubarsí": 1.929787308896569,
    "Héctor Fort": null,
    "Dani Olmo": -1.5558605930824476,
    "Szczesny": null,
    "Joan García": null,
    "Marc Bernal": null,
    "Gerard Martín": null,
    "R. Bardghji": null,
    "Rashford": null,
    "M. Rashford": null
  },
  "Real Madrid": {
    "Reinier": null,
    "Courtois": 1.196369718475676,
    "Lunin": -3.0743714838984415,
    "Carvajal": -1.9023333160127942,
    "Fran García": -1.4932669680322919,
    "Mendy": -3.232213949916829,
    "Militão": -1.7116534377882298,
    "Alaba": -3.1535363457760313,
    "Rudiger": -2.486742024694233,
    "Brahim": -2.6578097231790387,
    "Bellingham": -2.2864420532147878,
    "Ceballos": -2.206597967235835,
    "Camavinga": -2.036262082632878,
    "Tchouaméni": -1.1133389802437832,
    "Valverde": -0.24784525876656582,
    "Vinicius Jr.": 2.5425147542584847,
    "Rodrygo": -2.240386751630996,
    "Arda Guler": 2.7893174191650605,
    "Carreras": null,
    "Gonzalo": null,
    "Mbappé": null,
    "Trent": null,
    "Endrick": -3.0869510373546127,
    "Raúl Asencio": null,
    "Huijsen": null,
    "Mastantuono": null,
    "Á. Rodríguez": null,
    "K. Mbappé": null,
    "Gonzalo García": null,
    "Álvaro Carreras": null,
    "Jacobo": null,
    "D. Huijsen": null,
    "Álvaro Fernández": null
  },
  "Atletico Madrid": {
    "Oblak": 1.8939752327593151,
    "Giménez": -1.8835252854089046,
    "Le Normand": 0.362230603946867,
    "Javi Galán": -2.8261036836350395,
    "Molina": -2.793669365599938,
    "Lenglet": -1.1735175887572669,
    "Barrios": 1.992146260321137,
    "Lemar": -3.2233763789615955,
    "Llorente": 1.5325853389932087,
    "Koke": -2.9850860900031195,
    "Lino": -2.9875393316801557,
    "Álex Baena": null,
    "Griezmann": -2.000405489859458,
    "Giuliano": 2.609213439613911,
    "Sørloth": -1.7206578720751153,
    "Carlos Martín": -3.016401237105415,
    "Marc Pubill": null,
    "Johnny Cardoso": 4.176551684240293,
    "Gallagher": -2.54697763912326,
    "D. Hancko": null,
    "Julián Alvarez": 2.276857862296966,
    "Musso": -3.09926848468568,
    "Ruggeri": null,
    "Thiago Almada": null,
    "De Paul": -2.148346230565934,
    "Saúl": null,
    "Moldovan": null,
    "C. Gallagher": -2.366453980539718,
    "M. Ruggeri": null,
    "T. Almada": null
  },
  "Athletic": {
    "Unai Simón": 0.8422659825441992,
    "Yeray": -2.374628924256894,
    "Yuri": -0.9535977246513117,
    "Gorosabel": -2.7726577512843686,
    "Lekue": null,
    "Areso": 1.4815789919147226,
    "Vivian": 1.8743711438027333,
    "Unai Gómez": -2.778319485053815,
    "De Galarreta": -1.0715596032605745,
    "Vencedor": -3.1577587789870742,
    "Vesga": -2.9039236647312228,
    "Robert Navarro": null,
    "Adu Ares": -3.198956683601628,
    "Berenguer": -1.243822430684416,
    "Iñaki Williams": 0.5992310617505048,
    "Guruzeta": -2.367886060140423,
    "Nico Williams": 3.0525231453293777,
    "Paredes": -1.6854301107439462,
    "Sancet": 2.4513771464955925,
    "Prados": -2.4731862015044626,
    "Nico Serrano": -3.244034004635943,
    "Egiluz": null,
    "Hugo Rincón": null,
    "Padilla": null,
    "Jauregizar": 5.1041408056865745,
    "Boiro": null,
    "Laporte": null,
    "Maroan Sannadi": 3.6320128772018956,
    "Peio Canales": null,
    "Urko Izeta": null,
    "Á. Padilla": null,
    "Djaló": -2.8526497883240576
  },
  "Villarreal": {
    "Sergi Cardona": -0.11576125572950735,
    "Foyth": 0.5026694252402875,
    "Comesaña": -1.445108728339639,
    "Moleiro": null,
    "Parejo": -2.2037355437898087,
    "Pedraza": -2.864774727443231,
    "Yeremy Pino": -0.7175769912780905,
    "Denis Suárez": -3.1672487628842005,
    "A. Danjuma": null,
    "Gerard": -2.0262423244820305,
    "Ayoze Pérez": 1.2365619375380499,
    "Akhomach": -2.5337544035578197,
    "Altimira": null,
    "Rafa Marín": null,
    "Etta Eyong": null,
    "Conde": -1.8110366711416304,
    "Pape Gueye": -1.3374205112173576,
    "Kambwala": -2.625393915731211,
    "N. Pépé": -1.6152473831831715,
    "Luíz Júnior": -1.2821868980284923,
    "Logan Costa": -3.314451966132015,
    "Juan Bernat": null,
    "Pau Navarro": null,
    "Pau Cabanes": null,
    "T. Buchanan": null,
    "Ilias Akhomach": -2.5043296434596685
  },
  "Betis": {
    "Valles": null,
    "Ruibal": -2.926215231034246,
    "Borja Iglesias": null,
    "Chimy Ávila": -2.909979834466725,
    "Riquelme": null,
    "Bellerín": -2.774667876353898,
    "Altimira": 0.18700447843482682,
    "Marc Roca": -2.9507274667717853,
    "Ez Abde": -0.9593530211670087,
    "Bartra": null,
    "Isco": 2.293493147124659,
    "Vieites": 0.12788312337268515,
    "Nobel Mendy": null,
    "Fornals": -1.8375739132893143,
    "C. Bakambu": -2.554786444129198,
    "R. Rodríguez": null,
    "Perraud": -2.8144236136965373,
    "Diego Llorente": -2.63218779648563,
    "Iker Losada": null,
    "Adrián": -2.3980534198845715,
    "Natan": null,
    "Pau López": null,
    "G. Lo Celso": 2.298346076504787,
    "Ángel Ortiz": null,
    "Cucho": null,
    "Pablo García": null,
    "Junior Firpo": null,
    "G. Petit": null,
    "Valentín": null,
    "Rodrigo Riquelme": null,
    "Héctor Bellerín": -2.6811926730539004,
    "Abde": -0.07377824725187665,
    "Pablo Fornals": -1.3552207194692967,
    "V. Gómez": null
  },
  "Celta": {
    "Aspas": null,
    "Pablo Durán": -1.9969116660549013,
    "Abdellaoui": null,
    "Ferran Jutglà": null,
    "Fran Beltrán": -2.453549274472522,
    "Cervi": -3.1842526345918776,
    "Swedberg": -2.4687770350466987,
    "Sotelo": -2.850563580030341,
    "Hugo González": null,
    "Hugo Álvarez": -2.682680617930999,
    "Damián Rodríguez": -3.202583644012036,
    "I. Moriba": null,
    "Marcos Alonso": 1.3351419804823905,
    "Mingueza": 0.5149635871798175,
    "Aidoo": null,
    "Carlos Domínguez": -3.0432659384180716,
    "Unai Núñez": null,
    "Manu Sánchez": null,
    "Carreira": null,
    "Starfelt": -1.3803978566918174,
    "Ristić": -2.079560748807052,
    "Javi Rodríguez": null,
    "Javi Rueda": null,
    "Yoel Lago": null,
    "Iván Villar": -2.7788884526398605,
    "Marc Vidal": null,
    "I. Radu": null
  },
  "Rayo Vallecano": {
    "Lejeune": 0.7767663362986177,
    "Balliu": null,
    "Chavarría": 0.7654912092315946,
    "Mumin": -2.679377721124754,
    "Espino": -2.745561617984582,
    "Pathé Ciss": -1.5057126555439337,
    "Á. García": 0.14410667048558867,
    "Unai López": -2.586725979417104,
    "Luiz Felipe": null,
    "Ó. Valentín": -2.675603597643661,
    "Nteka": -2.70621396588,
    "Isi": 1.344202047729559,
    "Trejo": -2.9153977916999474,
    "Camello": -2.5351062001747637,
    "Gumbau": null,
    "De Frutos": 0.10328602234750406,
    "Cárdenas": -2.7064454031515583,
    "Ratiu": 5.234035958754069,
    "A. Batalla": 3.3660066886311624,
    "Pelayo": null,
    "Pedro Díaz": -1.964011033389379,
    "Etienne Eto'o": null,
    "Samu Becerra": null,
    "Morro": null,
    "De Tomás": -3.0155423315523677
  },
  "Osasuna": {
    "Aitor Fernández": -2.886531933656278,
    "S. Herrera": 1.1110449300588021,
    "Juan Cruz": -2.8833599935622622,
    "Areso": 1.4815789919147226,
    "Catena": -1.454355161864318,
    "Herrando": -3.0993195520524264,
    "Rubén García": -2.0533475897754783,
    "Moi Gómez": -2.948489425528611,