{
  "Girona": {
    "Stuani": -2.2280898138575256,
    "Tsygankov": -2.364337015741802,
    "Portu": -2.758870567171523,
    "Jhon Solís": -2.2239753709171195,
    "Abel Ruiz": -3.332808800352094,
    "B. Miovski": -3.0258506877901326,
    "Asprilla": -1.6362964380562284,
    "Ricard Artero": null,
    "Lemar": 0.6510381617029992,
    "Joel Roca": null,
    "Yangel Herrera": -2.3401764322380614,
    "Iván Martín": -3.2030942973985455,
    "Jastin García": null,
    "Van De Beek": -3.3380664268156224,
    "Valery": null,
    "Miguel Gutiérrez": -2.563453948703276,
    "David López": -2.5517124856831774,
    "Arnau": -2.2160426379249643,
    "Daley Blind": -2.5644816888388045,
    "Hugo Rincón": null,
    "Antal": null,
    "Alejandro Francés": -2.77891948668767,
    "Krejcí": -1.9543755865982448,
    "Gazzaniga": -0.7660269790111474,
    "Juan Carlos": -3.22886719824117,
    "Krapyvtsov": -0.9207672891453078,
    "Fuidias": null,
    "G. Misehouy": null
  },
  "Rayo Vallecano": {
    "Lejeune": 0.002945076892268972,
    "Balliu": -3.3404606539121473,
    "Chavarría": 1.825633467490495,
    "Mumin": -2.7141139554576754,
    "Espino": -2.511171426419234,
    "Pathé Ciss": -0.7772021495449088,
    "Á. García": -0.4597847369332997,
    "Unai López": -2.1979506215200284,
    "Luiz Felipe": null,
    "Ó. Valentín": -2.358129990530322,
    "Nteka": -2.6558657936539776,
    "Isi": 1.1922489191504626,
    "Trejo": -3.024607903746601,
    "Camello": -2.392669127435554,
    "Gumbau": null,
    "De Frutos": 0.9708369375472703,
    "Cárdenas": -2.737530959936063,
    "Ratiu": 4.953695100610256,
    "A. Batalla": 2.732420108901179,
    "Pelayo": null,
    "Pedro Díaz": -1.4673753636386566,
    "Etienne Eto'o": null,
    "Samu Becerra": null,
    "Morro": null,
    "De Tomás": -3.0155423315523677
  },
  "Villarreal": {
    "Yeremy Pino": -1.2053227205052752,
    "A. Danjuma": null,
    "Gerard": -2.2132253988711437,
    "Ayoze Pérez": 1.230517730435543,
    "Akhomach": -2.6251954187624937,
    "Etta Eyong": null,
    "N. Pépé": -1.0950688259903307,
    "Pau Cabanes": null,
    "Comesaña": -1.1448073429438987,
    "Moleiro": null,
    "Parejo": -1.9039895526335116,
    "Denis Suárez": -3.0594316364502494,
    "Pape Gueye": -0.5453809424953326,
    "T. Buchanan": null,
    "Sergi Cardona": 1.471372617520772,
    "Foyth": 0.9690171196051978,
    "Pedraza": -2.8059041908148785,
    "Mouriño": 2.594491586847858,
    "Altimira": null,
    "Rafa Marín": null,
    "Kambwala": -2.5102227406573863,
    "Logan Costa": -3.2936656050291724,
    "Juan Bernat": null,
    "Pau Navarro": null,
    "Conde": -1.4769234372817186,
    "Luíz Júnior": -0.42986879064649264,
    "Ilias Akhomach": -2.5043296434596685
  },
  "Real Oviedo": {
    "Aarón Escandell": -0.7318736483998611,
    "Moldovan": null,
    "L. Ilić": null,
    "I. Chaira": null,
    "Alhassane": -1.5002929731038006,
    "Álex Forés": null,
    "Álvaro Lemos": null,
    "David Costas": -2.2600916449159514,
    "Nacho Vidal": -0.4742330206513157,
    "Dani Calvo": null,
    "Oier Luengo": -1.7123443656037796,
    "Lucas Ahijado": null,
    "K. Sibo": 0.4717208129042305,
    "Santi Cazorla": null,
    "S. Colombatto": null,
    "Álex Cardero": null,
    "D. Paraschiv": -2.858289335662434,
    "F. Viñas": null,
    "Yayo": null,
    "Brandon": null,
    "Borja Sánchez": null,
    "S. Rondón": null,
    "Alberto Reina": null,
    "Alberto Del Moral": null,
    "Carlos Pomares": -2.6993612342979145,
    "Paulino": -2.7303871378924205,
    "César De La Hoz": -2.8793457823759305,
    "Alemão": 0
  },
  "Alaves": {
    "Rebbach": null,
    "Villalibre": -3.00404494923483,
    "Mariano": null,
    "C. Vicente": 1.0641960890115154,
    "Toni Martínez": -1.9946361429580506,
    "Guevara": -2.820155920197087,
    "Benavidez": -2.933560559592996,
    "Guridi": -1.8385734724500113,
    "Ibáñez": null,
    "Aleñá": null,
    "Blanco": -1.823262252438962,
    "Calebe": null,
    "Maras": null,
    "Mouriño": 2.594491586847858,
    "Tenaglia": -1.5917365596369581,
    "Víctor Parada": null,
    "M. Diarra": -2.034366932965259,
    "Hugo Novoa": -3.1458713565840513,
    "Yusi": null,
    "Facundo Garcés": -0.355065272031696,
    "Jonny Castro": null,
    "Raúl Fernández": null,
    "Sivera": -0.012755543707398953,
    "Adrián Rodríguez": null,
    "Panichelli": null,
    "Owono": -2.71039093966422,
    "Jonny Otto": 0
  },
  "Levante": {
    "Manu Sánchez": null,
    "Olasagasti": -2.1613281478924273,
    "Alfonso Pastor": null,
    "Primo": null,
    "Dela": 1.8377896668733573,
    "Unai Elgezabal": null,
    "Jorge Cabello": null,
    "Diego Pampín": null,
    "Brugui": null,
    "Oriol Rey": null,
    "Sergio Lozano": -2.5603793611933656,
    "Pablo Martínez": null,
    "Carlos Álvarez": null,
    "Iván Romero": -2.5575010537587817,
    "José Luis Morales": null,
    "Carlos Espí": null,
    "Pablo Campos": null,
    "Víctor García": null,
    "Kevin Arriaga": null,
    "Óscar Clemente": null,
    "M. Moreno": null,
    "J. Toljan": null,
    "A. Matturro": null,
    "Koyalipou": null,
    "Cuñat": null,
    "Dani Martín": null
  },
  "Mallorca": {
    "Muriqi": 1.2071445605486675,
    "Abdón": -3.123377981398867,
    "Larin": -2.437218903029037,
    "T. Asano": -2.9044034718694545,
    "M. Domenech": null,
    "Miquel Llabrés": null,
    "Mascarell": -2.7240618182720833,
    "Pablo Torre": null,
    "Morlanes": -2.0627356877438774,
    "Dani Rodríguez": -1.3820104314891446,
    "Antonio Sánchez": -3.119636543770554,
    "Samú Costa": -0.6004205078594338,
    "Darder": -0.7337549893781103,
    "Luna": null,
    "Mojica": -0.3752526073798834,
    "Lato": -3.0738016435595372,
    "Maffeo": -1.2413212749422087,
    "Raíllo": 1.976201794147192,
    "Valjent": 1.4746054245480478,
    "David López": null,
    "Mateu Morey": null,
    "Greif": -1.4275248144066999,
    "Cuéllar": null,
    "Leo Román": 4.7584853714334185,
    "L. Bergström": null,
    "Copete": -1.2623313900117283,
    "Van Der Heyden": null
  },
  "Barcelona": {
    "Iñaki Peña": -2.9529217396999985,
    "Ter Stegen": -3.298356054411977,
    "Araújo": -2.580792091784756,
    "Álex Balde": 1.3893848826172173,
    "Christensen": -2.932688451955734,
    "Eric García": -2.120170326264914,
    "Koundé": -0.8874795892110265,
    "De Jong": -0.9068326912333502,
    "Pedri": -0.062297046241344134,
    "Gavi": -1.8190848303432428,
    "Oriol Romeu": null,
    "Raphinha": 1.6677947808517946,
    "Lewandowski": 1.7200131669326213,
    "Ferran Torres": -1.4436231827506973,
    "Iñigo Martínez": 1.9783639415747345,
    "Casadó": -0.3082881096709622,
    "Fermín": -1.637134015987396,
    "Lamine Yamal": 3.834432612322658,
    "Pau Cubarsí": 1.285100312690024,
    "Héctor Fort": null,
    "Dani Olmo": -1.5002999919741522,
    "Szczesny": null,
    "Joan García": null,
    "Marc Bernal": null,
    "Gerard Martín": null,
    "R. Bardghji": null,
    "Rashford": null,
    "Pau Victor": -2.7631601303524933,
    "M. Rashford": null
  },
  "Valencia": {
    "Cristian Rivero": null,
    "Dimitrievski": -2.1779799859049653,
    "E. Cömert": -3.13234924904513,
    "Copete": null,
    "Diakhaby": -1.4113572912093697,
    "Foulquier": null,
    "Gayá": -1.888468176423208,
    "Cenk Ozkacar": -3.2030723614312806,
    "Thierry Correia": -2.79415109633695,
    "Jesús Vázquez": -3.1559815515858736,
    "Javi Guerra": -0.6669067078167945,
    "Fran Pérez": -2.8347708297598584,
    "Hugo Duro": -1.5760400723643153,
    "Diego López": 1.415327343789241,
    "Rioja": -1.112666304301524,
    "Alberto Marí": -3.2875088491740034,
    "Almeida": -2.271323459594332,
    "Guillamón": -3.0331741293490144,
    "Agirrezabala": null,
    "Pepelu": -1.6102182444396096,
    "Canós": -3.2832524968795074,
    "Dani Raba": null,
    "Tárrega": 1.805648147629424,
    "N. Fonseca": null,
    "Giorgi Mamardashvili": null,
    "Cristhian Mosquera": null,
    "César Tárrega": null,
    "Mouctar Diakhaby": null,