{
  "Barcelona": {
    "Iñaki Peña": -2.7773527313483592,
    "Ter Stegen": -2.595846062620799,
    "Araújo": -2.101943323669664,
    "Álex Balde": 2.722434490305159,
    "Christensen": -2.994546973182599,
    "Eric García": -2.439687351575759,
    "Koundé": 2.039284806668107,
    "De Jong": 0.7419931163871629,
    "Pedri": 1.9325910248330747,
    "Gavi": -1.779458085031771,
    "Oriol Romeu": null,
    "Raphinha": null,
    "Lewandowski": 3.6617989528316963,
    "Pau Victor": -2.58125519443525,
    "Ferran Torres": -1.36259930263678,
    "Iñigo Martínez": 4.192277973595604,
    "Casadó": 0.43181833694603267,
    "Fermín": 0.4803183073137207,
    "Lamine Yamal": null,
    "Pau Cubarsí": 3.3820156207420293,
    "Héctor Fort": null,
    "Dani Olmo": -1.1022023222359012,
    "Szczesny": null,
    "Joan García": null,
    "Marc Bernal": null,
    "Gerard Martín": null,
    "R. Bardghji": null,
    "M. Rashford": null
  },
  "Real Madrid": {
    "Reinier": null,
    "Courtois": 1.701789869763215,
    "Lunin": -3.0452435836428426,
    "Carvajal": -1.6818763072336762,
    "Fran García": 0.2732573829572926,
    "Mendy": -3.14530634021547,
    "Militão": -1.1643934467490569,
    "Alaba": -3.0532511920736027,
    "Rudiger": -2.3099828125093147,
    "Brahim": -2.3989681715585687,
    "Bellingham": null,
    "Ceballos": -2.035339029711636,
    "Camavinga": -2.0345395523532983,
    "Tchouaméni": -0.6177998515865091,
    "Valverde": 0.7409263126882726,
    "Vinicius Jr.": null,
    "Rodrygo": -2.116631026134652,
    "Arda Guler": 4.328436047663797,
    "Carreras": null,
    "Gonzalo": null,
    "Mbappé": null,
    "Trent": null,
    "Endrick": -2.875975505604511,
    "Raúl Asencio": null,
    "Huijsen": null,
    "Mastantuono": null,
    "Á. Rodríguez": null,
    "K. Mbappé": null,
    "Gonzalo García": null,
    "Álvaro Carreras": null,
    "Jacobo": null,
    "D. Huijsen": null,
    "Álvaro Fernández": null
  },
  "Atletico Madrid": {
    "Oblak": 2.2084516028412216,
    "Giménez": -1.8355476047354546,
    "Le Normand": 1.6443996783557013,
    "Javi Galán": -2.5412449803232984,
    "Molina": -2.631786653945245,
    "Lenglet": -1.3551162671149863,
    "Barrios": 3.21621243800696,
    "Lemar": -3.0507104051206158,
    "Llorente": 1.8488126505205704,
    "Koke": -2.7689373796040972,
    "Lino": -2.533925298562223,
    "Álex Baena": null,
    "Griezmann": -1.427514782245587,
    "Giuliano": 4.2106037855015765,
    "Sørloth": -1.3586857666008978,
    "Carlos Martín": -2.9426712679863742,
    "Marc Pubill": null,
    "Johnny Cardoso": null,
    "Gallagher": -2.4148135880667887,
    "D. Hancko": null,
    "Julián Alvarez": null,
    "Musso": -2.82564283979323,
    "Ruggeri": null,
    "Thiago Almada": null,
    "De Paul": -2.148346230565934,
    "Saúl": null,
    "Moldovan": null,
    "C. Gallagher": -2.366453980539718,
    "M. Ruggeri": null,
    "T. Almada": null
  },
  "Athletic": {
    "Unai Simón": 1.851350878831326,
    "Yeray": -2.1189438178612963,
    "Yuri": -0.8575988664169976,
    "Gorosabel": -2.486799691290642,
    "Lekue": null,
    "Areso": 2.0488189630426756,
    "Vivian": 2.8224556955751767,
    "Unai Gómez": -2.6330754133567336,
    "De Galarreta": -0.4110845878543823,
    "Vencedor": -3.0186412643220195,
    "Vesga": -2.765953109187824,
    "Robert Navarro": null,
    "Adu Ares": -3.1011610210859852,
    "Berenguer": -0.41474879964489286,
    "Iñaki Williams": 1.561921145460765,
    "Guruzeta": -1.91815526930319,
    "Nico Williams": 4.739661000619155,
    "Paredes": -1.1194371047521634,
    "Sancet": 4.161270794984739,
    "Prados": -2.3714749024263293,
    "Nico Serrano": -3.1409085112542368,
    "Egiluz": null,
    "Hugo Rincón": null,
    "Padilla": null,
    "Jauregizar": 6.41307817671668,
    "Boiro": null,
    "Laporte": null,
    "Maroan Sannadi": 4.387636970402631,
    "Peio Canales": null,
    "Urko Izeta": null,
    "Á. Padilla": null,
    "Djaló": -2.8526497883240576
  },
  "Villarreal": {
    "Sergi Cardona": 0.7259233436770929,
    "Foyth": 1.227787251383261,
    "Comesaña": -1.219352113892569,
    "Moleiro": null,
    "Parejo": -1.838065373266029,
    "Pedraza": -2.813757413005402,
    "Yeremy Pino": -1.052134123786952,
    "Denis Suárez": -2.990350195137159,
    "A. Danjuma": null,
    "Gerard": -1.7443134170228358,
    "Ayoze Pérez": 2.2491935415745568,
    "Akhomach": -2.253491281930897,
    "Altimira": null,
    "Rafa Marín": null,
    "Etta Eyong": null,
    "Conde": -0.8096121290817493,
    "Pape Gueye": -1.0397533468509468,
    "Kambwala": -2.427658718413561,
    "N. Pépé": -1.2932523644627159,
    "Luíz Júnior": -0.9603309536554083,
    "Logan Costa": -3.2131239373315856,
    "Juan Bernat": null,
    "Pau Navarro": null,
    "Pau Cabanes": null,
    "Ilias Akhomach": -2.5043296434596685
  },
  "Betis": {
    "Valles": null,
    "Ruibal": -2.8931723472738757,
    "Borja Iglesias": null,
    "Chimy Ávila": -2.7721502128598363,
    "Riquelme": null,
    "Bellerín": -2.6827498977278985,
    "Altimira": 0.8525559811222383,
    "Marc Roca": -2.880656131704884,
    "Ez Abde": 0.04534852622881669,
    "Bartra": null,
    "Isco": 3.4070422487994856,
    "Vieites": 0.7298496589178027,
    "Nobel Mendy": null,
    "Fornals": -1.4608146565569635,
    "C. Bakambu": -2.590790025405121,
    "R. Rodríguez": null,
    "Perraud": -2.8652126673658462,
    "Diego Llorente": -2.233234257684036,
    "Iker Losada": null,
    "Adrián": -2.344688785033122,
    "Natan": null,
    "Pau López": null,
    "G. Lo Celso": 3.28267872898933,
    "Ángel Ortiz": null,
    "Cucho": null,
    "Pablo García": null,
    "Junior Firpo": null,
    "G. Petit": null,
    "Valentín": null,
    "Rodrigo Riquelme": null,
    "Héctor Bellerín": -2.6811926730539004,
    "Abde": -0.07377824725187665,
    "Pablo Fornals": -1.3552207194692967,
    "V. Gómez": null
  },
  "Celta": {
    "Aspas": null,
    "Pablo Durán": -1.3179752742242923,
    "Abdellaoui": null,
    "Ferran Jutglà": null,
    "Fran Beltrán": -2.3071997088178753,
    "Cervi": -2.9999701054453154,
    "Swedberg": -2.4063735125946173,
    "Sotelo": -2.5633766332564423,
    "Hugo González": null,
    "Hugo Álvarez": -2.618935881539808,
    "Damián Rodríguez": -3.0730611182678946,
    "I. Moriba": null,
    "Marcos Alonso": 1.3834680868693328,
    "Mingueza": 1.847641327076488,
    "Aidoo": null,
    "Carlos Domínguez": -2.980401944241229,
    "Unai Núñez": null,
    "Manu Sánchez": null,
    "Carreira": null,
    "Starfelt": -1.076525583509147,
    "Ristić": -1.8560353044483335,
    "Javi Rodríguez": null,
    "Javi Rueda": null,
    "Yoel Lago": null,
    "Iván Villar": -2.593149625370139,
    "Marc Vidal": null,
    "I. Radu": null
  },
  "Rayo Vallecano": {
    "Lejeune": 1.5549675998093315,
    "Balliu": null,
    "Chavarría": 1.138420263118789,
    "Mumin": -2.564699154767569,
    "Espino": -2.706241040732371,
    "Pathé Ciss": -1.355263470504564,
    "Á. García": 0.6397178371415624,
    "Unai López": -2.3297826905239183,
    "Luiz Felipe": null,
    "Ó. Valentín": -2.472827182734949,
    "Nteka": -2.6680135551625184,
    "Isi": 2.339507890065473,
    "Trejo": null,
    "Camello": -2.4884439407242165,
    "Gumbau": null,
    "De Frutos": 1.0245960871540616,
    "Cárdenas": -2.7952339510723068,
    "Ratiu": 8.01019541206458,
    "A. Batalla": null,
    "Pelayo": null,
    "Pedro Díaz": -1.8221404727842505,
    "Etienne Eto'o": null,
    "Samu Becerra": null,
    "Morro": null,
    "De Tomás": -3.0155423315523677
  },
  "Osasuna": {
    "Aitor Fernández": -2.835150341393655,
    "S. Herrera": 2.016400979612132,
    "Juan Cruz": -2.704459726095465,
    "Areso": 2.0488189630426756,
    "Catena": -0.9745378604963828,
    "Herrando": -2.985123538321033,
    "Rubén García": -1.0430711866004638,
    "Moi Gómez": -2.816308906076448,
    "Moncayola": -2.560143287307448,
    "Iker Muñoz": -3.045687518843432,
    "Torró": -1.967109345054996,
    "Kike Barja": -3.10492583419818,
    "Budimir": -0.06316196699803767,