{
  "Barcelona": {
    "Iñaki Peña": -3.073651295059865,
    "Ter Stegen": -2.8277235630073116,
    "Araújo": -2.5780829346177425,
    "Álex Balde": 1.5074274379576647,
    "Christensen": -2.8873789779384817,
    "Eric García": -2.1918586057940836,
    "Koundé": -1.1745280165206151,
    "De Jong": -0.8852167821301937,
    "Pedri": -0.41560264454983953,
    "Gavi": -1.8974134417298338,
    "Oriol Romeu": null,
    "Raphinha": 2.6893676007801126,
    "Lewandowski": 1.6034274619882272,
    "Ferran Torres": -2.12331845624506,
    "Iñigo Martínez": 2.2360485840418054,
    "Casadó": -0.44091704993660663,
    "Fermín": -0.923391853474731,
    "Lamine Yamal": 4.977286864288244,
    "Pau Cubarsí": 1.3598446178057833,
    "Héctor Fort": null,
    "Dani Olmo": -1.7548990904797668,
    "Szczesny": null,
    "Joan García": null,
    "Marc Bernal": null,
    "Gerard Martín": null,
    "R. Bardghji": null,
    "Rashford": null,
    "Pau Victor": -2.7631601303524933,
    "M. Rashford": null
  },
  "Real Madrid": {
    "Reinier": null,
    "Courtois": 0.31459524415924367,
    "Lunin": -3.242119226491391,
    "Carvajal": -2.143566304941036,
    "Fran García": -1.2387862173242725,
    "Mendy": -3.2430383548800568,
    "Militão": -1.179645897884074,
    "Alaba": -3.179904257801325,
    "Rudiger": -2.3441596204727078,
    "Brahim": -2.702584016885734,
    "Bellingham": -2.2404670891960854,
    "Ceballos": -2.2615055309010756,
    "Camavinga": -2.0059411034966557,
    "Tchouaméni": -1.3446536604794557,
    "Valverde": -1.0771902153022594,
    "Vinicius Jr.": 1.5633598546015648,
    "Rodrygo": -2.188866488492991,
    "Arda Guler": 2.026275698409985,
    "Carreras": null,
    "Gonzalo": null,
    "Mbappé": 4.1857237863209384,
    "Trent": null,
    "Endrick": -3.13621915310085,
    "Raúl Asencio": -3.3048577924666644,
    "Huijsen": null,
    "Mastantuono": null,
    "Á. Rodríguez": null,
    "K. Mbappé": null,
    "Gonzalo García": null,
    "Álvaro Carreras": null,
    "Jacobo": null,
    "D. Huijsen": null,
    "Álvaro Fernández": null
  },
  "Atletico Madrid": {
    "Oblak": 1.0104052636954908,
    "Giménez": -1.788448697966627,
    "Le Normand": 0.24816999224503977,
    "Javi Galán": -2.5005408475246127,
    "Molina": -2.8480283005547946,
    "Lenglet": -1.4709763892922445,
    "Barrios": 1.723315561851213,
    "Llorente": 0.5978794119438025,
    "Koke": -2.9431234873939283,
    "Álex Baena": null,
    "Griezmann": -1.933798295816258,
    "Giuliano": 1.9597199507665364,
    "Sørloth": -1.7107343224809668,
    "Carlos Martín": -3.0834494049319483,
    "Marc Pubill": null,
    "Johnny Cardoso": 3.414766511446743,
    "Gallagher": -2.5568279136116034,
    "D. Hancko": null,
    "Julián Alvarez": 2.299504954236631,
    "Musso": -2.8363512709342897,
    "Ruggeri": null,
    "Thiago Almada": null,
    "Lemar": -1.475353765098697,
    "Lino": -2.875004603008302,
    "De Paul": -2.148346230565934,
    "Saúl": null,
    "Moldovan": null,
    "C. Gallagher": -2.366453980539718,
    "M. Ruggeri": null,
    "T. Almada": null
  },
  "Athletic": {
    "Unai Simón": 0.261773177404967,
    "Yeray": -2.454971151047791,
    "Yuri": -1.289412862411643,
    "Gorosabel": -2.779199727484083,
    "Lekue": null,
    "Areso": 1.5062664022490457,
    "Vivian": 1.4925840851842231,
    "Unai Gómez": -2.721449223380379,
    "De Galarreta": -1.1715629364974167,
    "Vencedor": -3.1071836582979406,
    "Vesga": -3.018149800296077,
    "Robert Navarro": null,
    "Adu Ares": -3.2500166858793422,
    "Berenguer": -1.2743818286327757,
    "Iñaki Williams": -0.40507722686630165,
    "Guruzeta": -2.5168757530934616,
    "Nico Williams": 2.1724928541155153,
    "Paredes": -1.1917534796942353,
    "Sancet": 1.9337869016872844,
    "Prados": -2.198966908316835,
    "Nico Serrano": -3.27877267899358,
    "Egiluz": null,
    "Hugo Rincón": null,
    "Padilla": null,
    "Jauregizar": 4.645255753105326,
    "Boiro": null,
    "Laporte": null,
    "Maroan Sannadi": 3.1227242315345682,
    "Peio Canales": null,
    "Urko Izeta": null,
    "Á. Padilla": null,
    "Djaló": -2.8526497883240576
  },
  "Villarreal": {
    "Sergi Cardona": 0.4676062817750237,
    "Foyth": 0.824469389759952,
    "Comesaña": -1.7292541554409846,
    "Moleiro": null,
    "Parejo": -1.8280789223314442,
    "Pedraza": -2.9104207668806836,
    "Yeremy Pino": -1.2280182720287747,
    "Denis Suárez": -3.019370077759864,
    "A. Danjuma": null,
    "Gerard": -2.209952229526413,
    "Ayoze Pérez": 0.8917313930947302,
    "Akhomach": -2.3716323580955323,
    "Altimira": null,
    "Rafa Marín": null,
    "Etta Eyong": null,
    "Conde": -1.5375464532414451,
    "Pape Gueye": -1.0493726311944118,
    "Kambwala": -2.5191731099011183,
    "N. Pépé": -1.2296989328222763,
    "Luíz Júnior": -0.5441279804414889,
    "Logan Costa": -3.322381463692725,
    "Juan Bernat": null,
    "Pau Navarro": null,
    "Pau Cabanes": null,
    "T. Buchanan": null,
    "Ilias Akhomach": -2.5043296434596685
  },
  "Betis": {
    "Borja Iglesias": null,
    "Chimy Ávila": -2.9761061631711216,
    "Ez Abde": -1.217217734192877,
    "Fornals": -1.685342422650804,
    "C. Bakambu": -2.6178362829747837,
    "Cucho": null,
    "Pablo García": null,
    "Riquelme": null,
    "Altimira": 1.197734154725194,
    "Marc Roca": -3.003304287941455,
    "Isco": 1.1328903685636327,
    "Iker Losada": null,
    "G. Lo Celso": 2.482050144916914,
    "Ruibal": -2.8848014195234417,
    "Bellerín": -2.619584578639056,
    "Bartra": null,
    "Nobel Mendy": null,
    "R. Rodríguez": null,
    "Perraud": -2.7019391978976293,
    "Diego Llorente": -2.395211847974865,
    "Natan": null,
    "Ángel Ortiz": null,
    "Junior Firpo": null,
    "Valentín": null,
    "Valles": null,
    "Vieites": 0.0029111610680754296,
    "Adrián": -2.4056856839600904,
    "Pau López": null,
    "G. Petit": null,
    "Rodrigo Riquelme": null,
    "Héctor Bellerín": -2.6811926730539004,
    "Abde": -0.07377824725187665,
    "Pablo Fornals": -1.3552207194692967,
    "V. Gómez": null
  },
  "Celta": {
    "Aspas": null,
    "Bryan Zaragoza": null,
    "Pablo Durán": -1.9211109501064194,
    "Abdellaoui": null,
    "Ferran Jutglà": null,
    "Fran Beltrán": -2.197671180763905,
    "Cervi": -3.1182793188075153,
    "Swedberg": -2.4309327875382425,
    "Sotelo": -2.794972770424331,
    "Hugo González": null,
    "Hugo Álvarez": -2.637358128403,
    "Damián Rodríguez": -3.17396259777043,
    "I. Moriba": null,
    "Manu Fernández": null,
    "Marcos Alonso": 0.6138173085621368,
    "Mingueza": 0.7665123106620708,
    "Aidoo": null,
    "Carlos Domínguez": -3.043328017217717,
    "Carreira": null,
    "Starfelt": -1.030640685208939,
    "Ristić": -1.9991657343154778,
    "Javi Rodríguez": null,
    "Javi Rueda": null,
    "Yoel Lago": null,
    "Iván Villar": -2.740600105013158,
    "Marc Vidal": null,
    "I. Radu": null,
    "Unai Núñez": null,
    "Manu Sánchez": null
  },
  "Rayo Vallecano": {
    "Lejeune": 0.7899008269772079,
    "Balliu": null,
    "Chavarría": 2.0005270048141455,
    "Mumin": -2.6674172307283084,
    "Espino": -2.465006015583493,
    "Pathé Ciss": -1.5110462962350857,
    "Á. García": -0.618905299098127,
    "Unai López": -2.354541594367765,
    "Luiz Felipe": null,
    "Ó. Valentín": -2.6798719730912524,
    "Nteka": -2.8360206530337106,
    "Isi": 0.3426238933692982,
    "Trejo": -3.0908590694708193,
    "Camello": -2.667355665553628,
    "Gumbau": null,
    "De Frutos": 0.23694881486893138,
    "Cárdenas": -2.668302646493659,
    "Ratiu": 5.8167924146821814,
    "A. Batalla": 2.935768112843662,
    "Pelayo": null,
    "Pedro Díaz": -1.902954000260526,
    "Etienne Eto'o": null,
    "Samu Becerra": null,
    "Morro": null,
    "De Tomás": -3.0155423315523677
  },
  "Osasuna": {
    "Kike Barja": -3.1441389090496097,
    "Budimir": -0.933474571756765,
    "Raúl": -3.2669103070725347,
    "Benito": null,
    "Víctor Muñoz": null,
    "Rubén García": -1.8213715239015826,