{
  "Girona": {
    "Gazzaniga": -0.7196956116369169,
    "Juan Carlos": -3.1159059621764573,
    "Valery": null,
    "Miguel Gutiérrez": -2.657529548379589,
    "David López": -2.3318766649989,
    "Ricard Artero": null,
    "Lemar": 1.8960103224627822,
    "Joel Roca": null,
    "Stuani": -2.074738175642943,
    "Tsygankov": -2.1461143193242216,
    "Arnau": -2.2588083670800563,
    "Portu": -2.6996318410920317,
    "Daley Blind": -2.5731353773685184,
    "Yangel Herrera": -1.716859707098961,
    "Iván Martín": -3.1236416121995125,
    "Jhon Solís": -2.14342584088405,
    "Jastin García": null,
    "Hugo Rincón": null,
    "Antal": null,
    "Abel Ruiz": -3.2531329889475935,
    "Van De Beek": -3.2583241923708206,
    "Alejandro Francés": -2.88906627428831,
    "B. Miovski": -3.0503897009528824,
    "Asprilla": -1.4971642725747025,
    "Krejcí": -1.8244448233941557,
    "Krapyvtsov": -0.5707930462337196,
    "Vitor Reis": null,
    "Fuidias": null,
    "G. Misehouy": null
  },
  "Rayo Vallecano": {
    "Á. García": -1.0144840638594221,
    "Camello": -2.4240697836100944,
    "Etienne Eto'o": null,
    "Pathé Ciss": -0.5377898974033513,
    "Unai López": -2.1197314108886367,
    "Ó. Valentín": -2.4463293072107484,
    "Nteka": -2.545811820707944,
    "Isi": 1.329962098043902,
    "Trejo": -2.9827592086243304,
    "Gumbau": -2.8852281392739543,
    "De Frutos": 1.3106169793320355,
    "Pedro Díaz": -1.3405021201786993,
    "Lejeune": 0.4438847277843827,
    "Balliu": -2.1443598591497803,
    "Chavarría": 1.8234088211147137,
    "Mumin": -2.668295639853646,
    "Espino": -2.614030724040317,
    "Luiz Felipe": null,
    "Ratiu": 4.380097732109833,
    "Pelayo": null,
    "Cárdenas": -2.4917652831646375,
    "A. Batalla": 2.684289020731434,
    "Samu Becerra": null,
    "Morro": null,
    "De Tomás": -3.0155423315523677
  },
  "Villarreal": {
    "Yeremy Pino": -0.6383541168107465,
    "A. Danjuma": null,
    "Gerard": -2.2792976045371005,
    "Ayoze Pérez": 0.8789719734876522,
    "Akhomach": -2.541475278929539,
    "Etta Eyong": null,
    "N. Pépé": -0.6493799796002842,
    "Pau Cabanes": null,
    "Comesaña": -0.7707512553887463,
    "Moleiro": null,
    "Parejo": -1.7853805548912027,
    "Denis Suárez": -2.961395356634644,
    "Pape Gueye": -0.4537080320070386,
    "T. Buchanan": null,
    "Sergi Cardona": 1.320244346463495,
    "Foyth": 1.6940202617069522,
    "Pedraza": -2.7661228273900385,
    "Mouriño": 3.467588951883771,
    "Altimira": null,
    "Rafa Marín": 1.144856448659315,
    "Kambwala": -2.5879546406801235,
    "Logan Costa": -3.261037484266538,
    "Juan Bernat": null,
    "Pau Navarro": null,
    "Conde": -1.3001247288309425,
    "Luíz Júnior": 0.04762064699084245,
    "Ilias Akhomach": -2.5043296434596685
  },
  "Real Oviedo": {
    "Aarón Escandell": -0.5929342845664487,
    "Moldovan": null,
    "L. Ilić": null,
    "I. Chaira": null,
    "Alhassane": -1.1975699769820936,
    "Álex Forés": null,
    "Álvaro Lemos": null,
    "David Costas": -2.2311290228519964,
    "Nacho Vidal": -0.3742647756972417,
    "Dani Calvo": null,
    "Oier Luengo": -1.6012635569127132,
    "Lucas Ahijado": null,
    "K. Sibo": 1.3316983405117222,
    "Santi Cazorla": null,
    "S. Colombatto": null,
    "Álex Cardero": null,
    "D. Paraschiv": null,
    "F. Viñas": null,
    "Yayo": null,
    "Brandon": null,
    "Borja Sánchez": null,
    "S. Rondón": null,
    "Alberto Reina": null,
    "Alberto Del Moral": null,
    "Carlos Pomares": -2.6993612342979145,
    "Paulino": -2.7303871378924205,
    "César De La Hoz": -2.8793457823759305,
    "Alemão": 0
  },
  "Alaves": {
    "Raúl Fernández": null,
    "Sivera": 0.10171043680624603,
    "Maras": null,
    "Guevara": -2.7566488656766697,
    "Benavidez": -3.110775611611294,
    "Guridi": -1.7493324427736323,
    "Ibáñez": null,
    "Aleñá": null,
    "Rebbach": null,
    "Villalibre": -3.049528836797555,
    "Blanco": -1.5742219395235346,
    "Adrián Rodríguez": null,
    "Tenaglia": -1.2243733509921584,
    "Mariano": null,
    "Víctor Parada": null,
    "C. Vicente": 1.6732064144782566,
    "M. Diarra": -1.5488124710795192,
    "Hugo Novoa": -3.0131468722753185,
    "Toni Martínez": -1.36053143372592,
    "Yusi": null,
    "Facundo Garcés": -0.20744567094937993,
    "Jonny Castro": null,
    "Calebe": null,
    "Mouriño": 2.594491586847858,
    "Panichelli": null,
    "Owono": -2.71039093966422,
    "Jonny Otto": 0
  },
  "Levante": {
    "Manu Sánchez": null,
    "Olasagasti": -1.9467141049237746,
    "Alfonso Pastor": null,
    "Primo": null,
    "Dela": 2.1434832506483703,
    "Unai Elgezabal": null,
    "Jorge Cabello": null,
    "Diego Pampín": null,
    "Brugui": null,
    "Oriol Rey": null,
    "Sergio Lozano": -2.340574579591903,
    "Pablo Martínez": null,
    "Carlos Álvarez": null,
    "Iván Romero": -2.4091553890262185,
    "José Luis Morales": null,
    "Carlos Espí": null,
    "Pablo Campos": null,
    "Víctor García": null,
    "Kevin Arriaga": null,
    "Óscar Clemente": null,
    "M. Moreno": null,
    "J. Toljan": null,
    "A. Matturro": null,
    "Koyalipou": null,
    "Cuñat": null,
    "Dani Martín": null
  },
  "Mallorca": {
    "Greif": -1.2945351594888743,
    "Mojica": -0.913102932887877,
    "Lato": -2.9443795155121077,
    "Maffeo": -1.2240667484323398,
    "Raíllo": 2.2048525705983257,
    "Valjent": 1.2833733502480404,
    "Miquel Llabrés": null,
    "Mascarell": -2.8198383694299167,
    "Pablo Torre": null,
    "Morlanes": -2.0604263619272145,
    "Dani Rodríguez": -1.2098368038347518,
    "Antonio Sánchez": -3.0554508824246263,
    "Samú Costa": -0.45136423572370576,
    "Muriqi": 1.0923101098335275,
    "Abdón": -3.039370666416341,
    "Larin": -2.286343320885653,
    "Darder": -0.8008652724815213,
    "Luna": null,
    "Cuéllar": null,
    "David López": null,
    "Mateu Morey": null,
    "T. Asano": -2.8159051987567074,
    "Leo Román": 4.060061137036741,
    "M. Domenech": null,
    "L. Bergström": null,
    "Copete": -1.2623313900117283,
    "Van Der Heyden": null
  },
  "Barcelona": {
    "Iñaki Peña": -2.8698636811982814,
    "Ter Stegen": -3.2261491231477923,
    "Araújo": -2.4714308257041018,
    "Álex Balde": 1.0889151857969903,
    "Christensen": -2.721538674376367,
    "Eric García": -2.2985677894480694,
    "Koundé": -0.8806067914895022,
    "De Jong": -0.6904042727526538,
    "Pedri": -0.18930064366217136,
    "Gavi": -1.5726409517915485,
    "Oriol Romeu": null,
    "Raphinha": 1.8065597997470428,
    "Lewandowski": 1.2991783907593923,
    "Ferran Torres": -1.1258538254531936,
    "Iñigo Martínez": 1.398314552542823,
    "Casadó": -0.8922860134362942,
    "Fermín": -1.1210738781908924,
    "Lamine Yamal": 3.328018602955951,
    "Pau Cubarsí": 0.622636329189219,
    "Héctor Fort": null,
    "Dani Olmo": -1.1383558893161227,
    "Szczesny": null,
    "Joan García": null,
    "Marc Bernal": null,
    "Gerard Martín": null,
    "R. Bardghji": null,
    "Rashford": null,
    "Pau Victor": -2.7631601303524933,
    "M. Rashford": null
  },
  "Valencia": {
    "Cristian Rivero": -2.7101238977564446,
    "Dimitrievski": -2.0633939802345513,
    "E. Cömert": -3.0931834473590936,
    "Copete": null,
    "Diakhaby": -1.535395654726035,
    "Foulquier": null,
    "Gayá": -1.6704313128322212,
    "Cenk Ozkacar": -3.160902201992677,
    "Thierry Correia": -2.706058335617234,
    "Jesús Vázquez": -3.0556725618721137,
    "Javi Guerra": -0.4659630853136698,
    "Fran Pérez": -2.9148741818883384,
    "Hugo Duro": -1.6334261344515766,
    "Diego López": 0.9402112003837004,
    "Rioja": -0.9925285722432453,
    "Alberto Marí": -3.1646510573258735,
    "Almeida": -2.270212712953501,
    "Guillamón": -2.8631508321547816,
    "Agirrezabala": null,
    "Pepelu": -1.4594993602754514,
    "Canós": -3.1597329712026334,
    "Dani Raba": null,
    "Tárrega": 2.199935905128747,
    "N. Fonseca": null,
    "Giorgi Mamardashvili": null,
    "Cristhian Mosquera": null,