{
  "Barcelona": {
    "Iñaki Peña": -2.7892394390429898,
    "Ter Stegen": -3.249191498293802,
    "Araújo": -2.5310423192573817,
    "Álex Balde": 1.7635079936429987,
    "Christensen": -2.988146417041526,
    "Eric García": -1.9967988225100708,
    "Koundé": -0.8121045225344847,
    "De Jong": -0.7638059210300474,
    "Pedri": -0.055359057395298894,
    "Gavi": -2.0279346374595497,
    "Oriol Romeu": null,
    "Raphinha": 2.2431934449965496,
    "Lewandowski": 1.505284623360259,
    "Ferran Torres": -1.6104018117681473,
    "Iñigo Martínez": 2.097591362076079,
    "Casadó": -0.3437437762526141,
    "Fermín": -1.2611460881202463,
    "Lamine Yamal": 4.613655938847705,
    "Pau Cubarsí": 1.2018405484685024,
    "Héctor Fort": null,
    "Dani Olmo": -1.8056721853742297,
    "Szczesny": null,
    "Joan García": null,
    "Marc Bernal": null,
    "Gerard Martín": null,
    "R. Bardghji": null,
    "Rashford": null,
    "Pau Victor": -2.7631601303524933,
    "M. Rashford": null
  },
  "Real Madrid": {
    "Reinier": null,
    "Courtois": 0.41648487996215344,
    "Lunin": -3.0600553765030125,
    "Carvajal": -1.9723515511621437,
    "Fran García": -1.3256943804037635,
    "Mendy": -3.2585008271009297,
    "Militão": -1.167171661074029,
    "Alaba": -3.131997853305002,
    "Rudiger": -2.2705357098984913,
    "Brahim": -2.5371661306200277,
    "Bellingham": -2.2168692202756635,
    "Ceballos": -2.0410718920885085,
    "Camavinga": -1.8766066926646618,
    "Tchouaméni": -1.3541115163826278,
    "Valverde": -0.8823903966249991,
    "Vinicius Jr.": 1.8490741205781536,
    "Rodrygo": -2.1726647933640653,
    "Arda Guler": 2.5690630948099757,
    "Carreras": 2.246786852002969,
    "Gonzalo": null,
    "Mbappé": 3.264025461969733,
    "Trent": 2.4276381571811667,
    "Endrick": -2.8742170979985437,
    "Raúl Asencio": -1.012566996538189,
    "Huijsen": 5.209076658826395,
    "Mastantuono": null,
    "Á. Rodríguez": null,
    "K. Mbappé": null,
    "Gonzalo García": null,
    "Álvaro Carreras": null,
    "Jacobo": null,
    "D. Huijsen": null,
    "Álvaro Fernández": null
  },
  "Atletico Madrid": {
    "Oblak": 0.6608155210221733,
    "Giménez": -1.9598597539062568,
    "Le Normand": 0.5446702213735666,
    "Javi Galán": -2.527166830641958,
    "Molina": -2.7322554180765457,
    "Lenglet": -1.2911599918593475,
    "Barrios": 2.2630522023770805,
    "Llorente": 0.4610797259868127,
    "Koke": -3.039330902256876,
    "Álex Baena": 2.3509479570841485,
    "Griezmann": -1.7629999544981456,
    "Giuliano": 2.4947536534464687,
    "Sørloth": -1.4574949045811136,
    "Carlos Martín": -2.9261628333036693,
    "Marc Pubill": null,
    "Johnny Cardoso": 3.097946920549033,
    "Gallagher": -2.5937479140130337,
    "D. Hancko": null,
    "Julián Alvarez": 1.7757574502801132,
    "Musso": -2.913872510793125,
    "Ruggeri": 0.9506339148728893,
    "Thiago Almada": null,
    "E. Millot": null,
    "Lemar": -1.475353765098697,
    "Lino": -2.875004603008302,
    "De Paul": -2.148346230565934,
    "Saúl": null,
    "Moldovan": null,
    "C. Gallagher": -2.366453980539718,
    "M. Ruggeri": null,
    "T. Almada": null
  },
  "Athletic": {
    "Unai Simón": 0.18927191090858386,
    "Yeray": -2.264977592352746,
    "Yuri": -0.967057514162728,
    "Gorosabel": -2.6744909589378696,
    "Lekue": null,
    "Areso": 1.9324256981285703,
    "Vivian": 1.129277872072687,
    "Unai Gómez": -2.5637840600515993,
    "De Galarreta": -0.14552827281464342,
    "Vencedor": -3.0936230812327326,
    "Vesga": -2.7700905523775687,
    "Robert Navarro": null,
    "Adu Ares": -3.0919310357717666,
    "Berenguer": -1.1691633364348974,
    "Iñaki Williams": -0.5077555772928566,
    "Guruzeta": -2.190740026959548,
    "Nico Williams": 1.7351396591727575,
    "Paredes": -1.2245125433512194,
    "Sancet": 2.171288064305199,
    "Prados": -2.216966766788031,
    "Nico Serrano": -3.17435158949253,
    "Egiluz": null,
    "Padilla": null,
    "Jauregizar": 5.107577474687819,
    "Boiro": null,
    "Laporte": null,
    "Maroan Sannadi": 4.12943446438665,
    "Peio Canales": null,
    "Urko Izeta": null,
    "Hugo Rincón": null,
    "Á. Padilla": null,
    "Djaló": -2.8526497883240576
  },
  "Villarreal": {
    "Sergi Cardona": 1.022826520798148,
    "Foyth": 1.186598195254307,
    "Comesaña": -1.0305763322960737,
    "Moleiro": null,
    "Parejo": -1.7430645642816045,
    "Pedraza": -2.809516148387481,
    "Yeremy Pino": -1.1349325223574014,
    "Denis Suárez": -2.983168752128851,
    "A. Danjuma": null,
    "Gerard": -2.1529089501473253,
    "Ayoze Pérez": 1.117969156600207,
    "Akhomach": -2.506863138113158,
    "Altimira": null,
    "Rafa Marín": null,
    "Etta Eyong": null,
    "Conde": -1.1311479929422164,
    "Pape Gueye": -0.5966881383598355,
    "Kambwala": -2.2898636108569237,
    "N. Pépé": -1.1508328895055042,
    "Luíz Júnior": -0.245959525242756,
    "Logan Costa": -3.2933871161310857,
    "Juan Bernat": null,
    "Pau Navarro": null,
    "Pau Cabanes": null,
    "T. Buchanan": null,
    "Ilias Akhomach": -2.5043296434596685
  },
  "Betis": {
    "Valles": null,
    "Ruibal": -2.829927082105499,
    "Borja Iglesias": null,
    "Chimy Ávila": -2.7955076646163146,
    "Riquelme": null,
    "Bellerín": -2.4799407064148293,
    "Altimira": 2.1091468324274,
    "Marc Roca": -2.893973215301049,
    "Ez Abde": -1.1136124529406932,
    "Bartra": null,
    "Isco": 1.2359353469620915,
    "Vieites": 0.2897832099608255,
    "Fornals": -1.3581743626904452,
    "C. Bakambu": -2.3719682099570316,
    "R. Rodríguez": null,
    "Perraud": -2.7136216257707235,
    "Diego Llorente": -2.525808858953138,
    "Iker Losada": null,
    "Adrián": -2.4652039345963717,
    "Natan": null,
    "Pau López": null,
    "G. Lo Celso": 2.4167614552516925,
    "Ángel Ortiz": null,
    "Cucho": null,
    "Pablo García": null,
    "Junior Firpo": null,
    "Valentín": null,
    "Nobel Mendy": null,
    "G. Petit": null,
    "Rodrigo Riquelme": null,
    "Héctor Bellerín": -2.6811926730539004,
    "Abde": -0.07377824725187665,
    "Pablo Fornals": -1.3552207194692967,
    "V. Gómez": null
  },
  "Celta": {
    "Marcos Alonso": 1.4936348074600536,
    "Iván Villar": -2.544054897399628,
    "Mingueza": 0.9698612591327205,
    "Aidoo": -2.9015763775336656,
    "Carlos Domínguez": -2.9059054225830883,
    "Fran Beltrán": -2.209169262016053,
    "Cervi": -3.2502968056870696,
    "Swedberg": -2.0100939299353304,
    "Sotelo": -2.4329701981081975,
    "Aspas": null,
    "Bryan Zaragoza": null,
    "Carreira": null,
    "Starfelt": -0.6904832896886148,
    "Hugo González": null,
    "Ristić": -1.7633717601988952,
    "Javi Rodríguez": null,
    "Hugo Álvarez": -2.280807961246234,
    "Damián Rodríguez": -3.1085551808362255,
    "I. Moriba": null,
    "Marc Vidal": null,
    "Pablo Durán": -0.9576608729494951,
    "Javi Rueda": null,
    "Abdellaoui": null,
    "Yoel Lago": null,
    "I. Radu": null,
    "Ferran Jutglà": null,
    "Miguel Román": null,
    "Manu Fernández": null,
    "Unai Núñez": null,
    "Manu Sánchez": null
  },
  "Rayo Vallecano": {
    "Lejeune": 0.5873735121558088,
    "Balliu": null,
    "Chavarría": 1.5946109532823716,
    "Mumin": -2.6531594169182493,
    "Espino": -2.360117073147583,
    "Pathé Ciss": -0.7598804368250556,
    "Á. García": -0.9077998692472833,
    "Unai López": -2.259717167972375,
    "Luiz Felipe": null,
    "Ó. Valentín": -2.427849467735066,
    "Nteka": -2.5785714663325576,
    "Isi": 0.9719038990674056,
    "Trejo": -2.9781784224198415,
    "Camello": -2.3831072449022384,
    "Gumbau": null,
    "De Frutos": 0.7982648688068306,
    "Cárdenas": -2.4233369237480873,
    "Ratiu": 4.612010952016776,
    "A. Batalla": 2.953838408375864,
    "Pelayo": null,
    "Pedro Díaz": -1.4112034831328168,
    "Etienne Eto'o": null,
    "Samu Becerra": null,
    "Morro": null,
    "De Tomás": -3.0155423315523677
  },
  "Osasuna": {
    "Kike Barja": -3.104295068140639,
    "Budimir": -0.7505036787086583,