{
  "Mallorca": {
    "Mojica": 0.10870016661981285,
    "Lato": -2.573289095136333,
    "Maffeo": -0.5170916856277241,
    "Raíllo": 1.110155919947342,
    "Valjent": 0.8586226685757481,
    "Miquel Llabrés": null,
    "Mascarell": -1.9057098632139002,
    "Pablo Torre": 1.6316454097477617,
    "Morlanes": -1.086781194103148,
    "Dani Rodríguez": -1.4499504502836769,
    "Antonio Sánchez": -2.8085070889700026,
    "Samú Costa": -3.0277532136096297,
    "Javi Llabrés": -2.6949127631382574,
    "Muriqi": -0.8043428936940433,
    "Abdón": -2.7450865803470115,
    "Larin": -2.068016344818402,
    "Darder": -0.5142448458230975,
    "Luna": null,
    "Cuéllar": -2.2436019203736723,
    "David López": null,
    "Mateu Morey": -2.5438649659899726,
    "T. Asano": -1.6845799080927204,
    "Leo Román": 2.021504993112888,
    "M. Domenech": null,
    "L. Bergström": null,
    "M. Joseph": null,
    "Greif": -1.8185823798917644,
    "Copete": -1.2623313900117283,
    "Van Der Heyden": null
  },
  "Barcelona": {
    "Raphinha": 0.39067412904036924,
    "Lewandowski": -2.3775492765530926,
    "Ferran Torres": 2.9910108195948526,
    "Lamine Yamal": -0.31781838700397635,
    "Rashford": null,
    "De Jong": 1.269894557717488,
    "Pedri": 0.5362925020653719,
    "Gavi": -0.23781905530043668,
    "Oriol Romeu": null,
    "Casadó": -0.6498105422255263,
    "Fermín": 5.232360305095418,
    "Dani Olmo": -0.5868044502405523,
    "Marc Bernal": null,
    "R. Bardghji": null,
    "Araújo": 2.663082624987223,
    "Álex Balde": 0.8433574458237558,
    "Christensen": -1.2095314731959017,
    "Eric García": -0.7373323103491702,
    "Koundé": 0.5134742732803677,
    "Pau Cubarsí": 1.4123875760065907,
    "Héctor Fort": null,
    "Gerard Martín": null,
    "Jofre Torrents": null,
    "Iñaki Peña": -2.2147496205112027,
    "Ter Stegen": -3.1276321364016035,
    "Szczesny": null,
    "Joan García": null,
    "Iñigo Martínez": 0.6871650148016384,
    "Pau Victor": -2.7631601303524933,
    "M. Rashford": null
  },
  "Valencia": {
    "Cristian Rivero": -2.4115799535709415,
    "Dimitrievski": -1.9497644212762566,
    "E. Cömert": -2.714280273358083,
    "Copete": 2.1574476108127127,
    "Diakhaby": -1.0757908944330152,
    "Foulquier": -0.37736264935427366,
    "Gayá": 0.10018953175692236,
    "Thierry Correia": -3.3314101625268044,
    "Jesús Vázquez": -2.541251523311161,
    "Javi Guerra": 1.0235530754275857,
    "A. Danjuma": 2.808778188861938,
    "Hugo Duro": -2.231468944292281,
    "Diego López": 0.4624406085440347,
    "Rioja": -0.4403714644015455,
    "Alberto Marí": -3.0560332269967683,
    "Almeida": -2.2895240547561535,
    "Guillamón": -2.46356610803512,
    "Agirrezabala": 3.041020821019913,
    "Pepelu": -0.026640432230595756,
    "Canós": -3.0917149572920133,
    "Dani Raba": 3.0827037701259385,
    "Tárrega": 1.9201621743676567,
    "B. Santamaría": -2.3894447439453126,
    "Filip Ugrinic": -2.309852478580654,
    "Fran Pérez": -2.5033241968642095,
    "Cenk Ozkacar": -3.1638727067119565,
    "N. Fonseca": null,
    "Giorgi Mamardashvili": null,
    "Cristhian Mosquera": null,
    "César Tárrega": null,
    "Mouctar Diakhaby": null,
    "Javier Guerra": null,
    "Enzo Barrenechea": null,
    "Umar Sadiq": null,
    "André Almeida": null,
    "Stole Dimitrievski": null,
    "Jaume Doménech": null,
    "José Luis Gayà": null,
    "Dimitri Foulquier": null,
    "Yarek Gasiorowski": null,
    "Max Aarons": null,
    "Luis Rioja": null,
    "Iván Jaime": null,
    "Hugo Guillamón": null,
    "Rafa Mir": null
  },
  "Real Sociedad": {
    "Marrero": -2.2232168362008253,
    "Remiro": -0.19004280688564856,
    "Elustondo": -2.261193859004529,
    "Aihen": -2.153730780180585,
    "Javi López": -2.263199113383141,
    "Odriozola": -2.493194247563535,
    "Traoré": -1.8916415967955014,
    "Take Kubo": 1.2210990731113869,
    "Brais Méndez": 0.49714167359160566,
    "Turrientes": -1.294158937886014,
    "Zubeldia": -0.2548167485364461,
    "Karrikaburu": -2.8649502879527278,
    "Oyarzabal": 0.3409863830535098,
    "Sadiq": -2.256665021858395,
    "Jon Pacheco": -2.6190949939470243,
    "Barrenetxea": -1.6798309666160027,
    "Urko": -2.6225093116655773,
    "Pablo Marín": null,
    "Jon Martín": null,
    "Fraga": null,
    "Zakharyan": -2.7865280455035335,
    "Aramburu": 2.8289665667587505,
    "Becker": -2.590320736573515,
    "Guedes": null,
    "Caleta-Car": null,
    "Luka Sucic": 0.07719601818132471,
    "Sergio Gómez": -0.8662762022093373,
    "Oskarsson": -0.25549791505289354,
    "Mariezkurrena": null,
    "Jon Gorrotxategi": -2.2313525686063596,
    "Rupérez": null,
    "Urko Gonzalez": null,
    "Carlos Fernández": null,
    "Arkaitz Mariezkurrena": null,
    "D. Ćaleta-Car": null,
    "Equi Fdez": null,
    "Unai Marrero": null,
    "Jon Aramburu": null,
    "Jon Martin": null,
    "Aihen Muñoz": null,
    "Takefusa Kubo": null,
    "Beñat Turrientes": null,
    "Luka Sučić": null,
    "Álex Remiro": null,
    "Aritz Elustondo": null,
    "Álvaro Odriozola": null,
    "Igor Zubeldia": null,
    "Hamari Traoré": null,
    "Arsen Zakharyan": null,
    "Martín Zubimendi": null,
    "Jon Ander Olasagasti": null,
    "Ander Barrenetxea": null,
    "Mikel Oyarzabal": null
  },
  "Alaves": {
    "Raúl Fernández": -2.2421090892036366,
    "Sivera": -0.1571254824102919,
    "Maras": -2.6733999595231484,
    "Guevara": -2.3295558033286756,
    "Benavidez": -2.8550902507539666,
    "Guridi": -0.6917280447443885,
    "Ibáñez": -2.1613319340821113,
    "Aleñá": 0.12048099468155993,
    "Rebbach": -2.719482546963814,
    "Blanco": -1.2421806745604114,
    "Tenaglia": 0.3391390505990355,
    "Mariano": 1.9416482451705352,
    "Víctor Parada": -2.4351863101524263,
    "C. Vicente": 0.5325999493445144,
    "M. Diarra": -0.9181508451429732,
    "Hugo Novoa": -2.823332807309309,
    "Toni Martínez": -2.1540709231444466,
    "Yusi": -2.141075223399902,
    "Facundo Garcés": 2.4034348092764724,
    "Jonny Castro": -0.6360671024343456,
    "Calebe": -2.956204261364559,
    "Adrián Rodríguez": null,
    "Villalibre": -2.892368965174663,
    "Mouriño": 2.594491586847858,
    "Panichelli": null,
    "Owono": -2.71039093966422,
    "Jonny Otto": 0
  },
  "Levante": {
    "Manu Sánchez": -2.172602137919055,
    "Olasagasti": -3.0206743956873727,
    "Alfonso Pastor": null,
    "Primo": null,
    "Dela": 0.8017616932265215,
    "Unai Elgezabal": -2.7511263050751356,
    "Jorge Cabello": -1.4110081075407566,
    "Diego Pampín": null,
    "Brugui": -2.866226817665818,
    "Oriol Rey": -2.973047817219998,
    "Sergio Lozano": -2.0996238943113643,
    "Pablo Martínez": -1.3581314244615617,
    "Carlos Álvarez": 2.059900295367312,
    "Iván Romero": -1.4862902402838496,
    "José Luis Morales": null,
    "Carlos Espí": null,
    "Pablo Campos": null,
    "Víctor García": null,
    "Kevin Arriaga": null,
    "M. Moreno": null,
    "J. Toljan": null,
    "A. Matturro": null,
    "Koyalipou": null,
    "Óscar Clemente": null,
    "Cuñat": null,
    "Dani Martín": null
  },
  "Celta": {
    "Marcos Alonso": 1.297590504065349,
    "Iván Villar": -2.110537959404124,
    "Mingueza": 1.1466183854662582,
    "Aidoo": -2.404954986642416,
    "Carlos Domínguez": -2.512177151979045,
    "Fran Beltrán": -1.1918943207720467,
    "Cervi": -3.165476015683011,
    "Swedberg": -2.092510153638616,
    "Sotelo": -2.247326645306469,
    "Aspas": 1.7674955383959023,
    "Borja Iglesias": null,
    "Bryan Zaragoza": 4.251166972256515,
    "Carreira": 0.2922238077621042,
    "Starfelt": 1.3958383877794578,
    "Hugo González": null,
    "Ristić": -1.457233922551926,
    "Javi Rodríguez": null,
    "Hugo Álvarez": -1.8806204980354124,
    "Damián Rodríguez": -2.8244707639101696,
    "I. Moriba": 2.051384567970649,
    "Marc Vidal": -2.326913516200857,
    "Pablo Durán": -1.9643995072008202,
    "Javi Rueda": null,
    "Abdellaoui": null,
    "Yoel Lago": null,
    "I. Radu": null,