{
  "Barcelona": {
    "Iñaki Peña": -3.0333769741601513,
    "Ter Stegen": -2.4406226342352344,
    "Araújo": -2.3295715302899644,
    "Álex Balde": 2.668645765035116,
    "Christensen": -3.0261249577810845,
    "Eric García": -2.3373231471343736,
    "Koundé": 0.6745935552746829,
    "De Jong": 0.6621612783139108,
    "Pedri": 1.5711645560895215,
    "Gavi": -1.7299086984230883,
    "Oriol Romeu": null,
    "Raphinha": null,
    "Lewandowski": 3.824093496234471,
    "Pau Victor": -2.278842575305995,
    "Ferran Torres": -1.3868634984125827,
    "Iñigo Martínez": 3.525768709918986,
    "Casadó": 0.004436853578471123,
    "Fermín": 1.180794957732112,
    "Lamine Yamal": null,
    "Pau Cubarsí": 2.5736378763963508,
    "Héctor Fort": null,
    "Dani Olmo": -1.1574943777396762,
    "Szczesny": null,
    "Joan García": null,
    "Marc Bernal": null,
    "Gerard Martín": null,
    "R. Bardghji": null,
    "M. Rashford": null
  },
  "Real Madrid": {
    "Reinier": null,
    "Courtois": 1.567248717765346,
    "Lunin": -3.102065688407507,
    "Carvajal": -1.931121427907434,
    "Fran García": -0.12637773808481523,
    "Mendy": -3.2160032832078134,
    "Militão": -1.3762907584023987,
    "Alaba": -3.1391842886739685,
    "Rudiger": -2.4025222033800753,
    "Brahim": -2.544163391816634,
    "Bellingham": null,
    "Ceballos": -1.9320770853729297,
    "Camavinga": -2.0814645291252543,
    "Tchouaméni": -0.641425312439492,
    "Valverde": 0.6520479820323555,
    "Vinicius Jr.": null,
    "Rodrygo": -2.2827536522977754,
    "Arda Guler": 3.473157311412156,
    "Carreras": null,
    "Gonzalo": null,
    "Mbappé": null,
    "Trent": null,
    "Endrick": -2.9566470913713783,
    "Raúl Asencio": null,
    "Huijsen": null,
    "Mastantuono": null,
    "Á. Rodríguez": null,
    "K. Mbappé": null,
    "Gonzalo García": null,
    "Álvaro Carreras": null,
    "Jacobo": null,
    "D. Huijsen": null,
    "Álvaro Fernández": 0
  },
  "Atletico Madrid": {
    "Oblak": 2.4500335279803664,
    "Giménez": -1.5792997658328534,
    "Le Normand": 1.066705238322463,
    "Javi Galán": -2.352061429244523,
    "Molina": -2.8741980827969638,
    "Lenglet": -1.0765973036184873,
    "Barrios": 2.3255373057923467,
    "Lemar": -3.2095815688505502,
    "Llorente": 1.8250940340204913,
    "Koke": -2.7754340492006424,
    "Lino": -2.6798000583238446,
    "Álex Baena": null,
    "Griezmann": -1.304845505878982,
    "Giuliano": 2.212951873417923,
    "Sørloth": -1.3242278819076136,
    "Carlos Martín": -2.9786939960586567,
    "Marc Pubill": null,
    "Johnny Cardoso": null,
    "Gallagher": -2.440313853975884,
    "D. Hancko": null,
    "Julián Alvarez": null,
    "Musso": -2.997859928455715,
    "Ruggeri": null,
    "Thiago Almada": null,
    "De Paul": -2.148346230565934,
    "Saúl": null,
    "Moldovan": null,
    "C. Gallagher": -2.366453980539718,
    "M. Ruggeri": null,
    "T. Almada": null
  },
  "Athletic": {
    "Unai Simón": 1.263173381259186,
    "Yeray": -2.2197084054117244,
    "Yuri": -1.0798205743997813,
    "Gorosabel": -2.4554467905569033,
    "Lekue": null,
    "Areso": 1.1080766816711662,
    "Vivian": 2.084131561300029,
    "Unai Gómez": -2.75238792009469,
    "De Galarreta": -0.8862539334774211,
    "Vencedor": -3.2008681033379505,
    "Vesga": -2.918577584453308,
    "Robert Navarro": null,
    "Adu Ares": -3.2127970454104426,
    "Berenguer": -0.9359702346598331,
    "Iñaki Williams": 1.3944584433082108,
    "Guruzeta": -1.7882436390362355,
    "Nico Williams": 4.700642135103772,
    "Paredes": -1.2022284631081903,
    "Sancet": 2.8527359797988705,
    "Prados": -2.5188274950691203,
    "Nico Serrano": -3.2063204248154342,
    "Egiluz": null,
    "Hugo Rincón": null,
    "Padilla": null,
    "Jauregizar": 6.0045569558061285,
    "Boiro": null,
    "Laporte": null,
    "Maroan Sannadi": 4.432858230878023,
    "Peio Canales": null,
    "Urko Izeta": null,
    "Á. Padilla": null,
    "Djaló": -2.8526497883240576
  },
  "Villarreal": {
    "Sergi Cardona": 0.5546900260852139,
    "Foyth": 0.9070827581726615,
    "Comesaña": -1.3617327385156197,
    "Moleiro": null,
    "Parejo": -2.0314005748377384,
    "Pedraza": -2.9258049723486,
    "Yeremy Pino": -1.219363171150467,
    "Denis Suárez": -2.983067598415212,
    "A. Danjuma": null,
    "Gerard": -1.9432233349595873,
    "Ayoze Pérez": 1.5632070460968261,
    "Akhomach": -2.579445957894755,
    "Altimira": null,
    "Rafa Marín": null,
    "Etta Eyong": null,
    "Conde": -1.4313309445997957,
    "Pape Gueye": -1.2775394588873001,
    "Kambwala": -2.6524811333620057,
    "N. Pépé": -0.8828587793478393,
    "Luíz Júnior": -1.0207468290063804,
    "Logan Costa": -3.3109586832647753,
    "Juan Bernat": null,
    "Pau Navarro": null,
    "Pau Cabanes": null,
    "Ilias Akhomach": -2.5043296434596685
  },
  "Betis": {
    "Valles": null,
    "Ruibal": -2.9975635301417447,
    "Borja Iglesias": null,
    "Chimy Ávila": -2.803648780888379,
    "Riquelme": null,
    "Bellerín": -2.6811926730539004,
    "Altimira": -0.03904583517863047,
    "Marc Roca": -3.0672614648962537,
    "Ez Abde": -0.07377824725187665,
    "Bartra": null,
    "Isco": 2.85281143108409,
    "Vieites": 0.09512981739716597,
    "Nobel Mendy": null,
    "Fornals": -1.3552207194692967,
    "C. Bakambu": -2.391825210032239,
    "R. Rodríguez": null,
    "Perraud": -2.7823702316899013,
    "Diego Llorente": -2.4361528685778233,
    "Iker Losada": null,
    "Adrián": -2.3877644350834837,
    "Natan": null,
    "Pau López": null,
    "G. Lo Celso": 2.3811586890547076,
    "Ángel Ortiz": null,
    "Cucho": null,
    "Pablo García": null,
    "Junior Firpo": null,
    "G. Petit": null,
    "Valentín": null,
    "Rodrigo Riquelme": null,
    "Héctor Bellerín": -2.930551329511344,
    "Abde": -0.28658982747277184,
    "Pablo Fornals": -1.739611355898063,
    "V. Gómez": null
  },
  "Celta": {
    "Aspas": null,
    "Pablo Durán": -1.7450030128577265,
    "Abdellaoui": null,
    "Ferran Jutglà": null,
    "Fran Beltrán": -2.3185542763954015,
    "Cervi": -3.094827735474359,
    "Swedberg": -2.587962485780615,
    "Sotelo": -2.5138174060592378,
    "Hugo González": null,
    "Hugo Álvarez": -2.842759851854537,
    "Damián Rodríguez": -3.234271980809722,
    "I. Moriba": null,
    "Marcos Alonso": 1.7766566206456336,
    "Mingueza": 0.6161560241968456,
    "Aidoo": null,
    "Carlos Domínguez": -3.0476491833116515,
    "Unai Núñez": null,
    "Manu Sánchez": null,
    "Carreira": null,
    "Starfelt": -1.3753023627336658,
    "Ristić": -2.186041867935995,
    "Javi Rodríguez": null,
    "Javi Rueda": null,
    "Yoel Lago": null,
    "Iván Villar": -2.7691788787913563,
    "Marc Vidal": null,
    "I. Radu": null
  },
  "Rayo Vallecano": {
    "Lejeune": 0.8092327402625221,
    "Balliu": null,
    "Chavarría": 0.6663925655736591,
    "Mumin": -2.645209351590716,
    "Espino": -2.791184658052015,
    "Pathé Ciss": -1.3717140702434794,
    "Á. García": 0.7156913798817,
    "Unai López": -2.5057954723258447,
    "Luiz Felipe": null,
    "Ó. Valentín": -2.727707379439681,
    "Nteka": -2.6814847640260764,
    "Isi": 1.7102109779881358,
    "Trejo": null,
    "Camello": -2.472004861325061,
    "Gumbau": null,
    "De Frutos": 0.44752452095073725,
    "Cárdenas": -2.8568394985642342,
    "Ratiu": 6.383410070671114,
    "A. Batalla": null,
    "Pelayo": null,
    "Pedro Díaz": -1.7854060299304586,
    "Etienne Eto'o": null,
    "Samu Becerra": null,
    "Morro": null,
    "De Tomás": -3.0155423315523677
  },
  "Osasuna": {
    "Aitor Fernández": -2.961162764139569,
    "S. Herrera": 1.2421543629342224,
    "Juan Cruz": -2.815633507803217,
    "Areso": 1.1080766816711662,
    "Catena": -1.123960740101515,
    "Herrando": -3.080077963172656,
    "Rubén García": -1.4079365451105441,
    "Moi Gómez": -2.875165701054061,
    "Moncayola": -2.4130137967791176,
    "Iker Muñoz": -3.1821751940642407,
    "Torró": -2.121114420935122,
    "Kike Barja": -3.1844476647932884,