{
  "Girona": {
    "Stuani": -1.6650526281585143,
    "Tsygankov": -1.7714481352242406,
    "Portu": -2.632361494826796,
    "Jhon Solís": -1.79146397874006,
    "Abel Ruiz": -3.2834685941038666,
    "B. Miovski": -3.019331699999439,
    "Asprilla": -0.42188589656264597,
    "Ricard Artero": null,
    "Lemar": 2.953273390990563,
    "Joel Roca": null,
    "Yangel Herrera": -1.36140123465196,
    "Iván Martín": -3.1065009021956413,
    "Van De Beek": -3.267860759872987,
    "Miguel Gutiérrez": -2.7625648008823056,
    "David López": -2.264622648257786,
    "Arnau": -1.871461547695108,
    "Daley Blind": -2.289349984642508,
    "Hugo Rincón": -0.7178603766822556,
    "Antal": null,
    "Alejandro Francés": -2.8284031735034687,
    "Krejcí": -1.4906896689123261,
    "Vitor Reis": null,
    "Gazzaniga": -0.6846400651026707,
    "Juan Carlos": -3.052665293844814,
    "Krapyvtsov": -0.5655222078664757,
    "Jastin García": null,
    "Valery": null,
    "Fuidias": null,
    "G. Misehouy": null
  },
  "Rayo Vallecano": {
    "Lejeune": -0.07549611251026489,
    "Balliu": -2.056945411977207,
    "Chavarría": 2.8180621756039415,
    "Mumin": -2.838354368977325,
    "Espino": -2.4895930435277602,
    "Pathé Ciss": -0.6780179873561498,
    "Á. García": -0.6578232152076535,
    "Unai López": -2.0225583885828735,
    "Luiz Felipe": 0.3927736017753647,
    "Ó. Valentín": -2.4303158264288194,
    "Nteka": -2.526660801579761,
    "Isi": 1.2718070071649157,
    "Trejo": -3.051906779112279,
    "Camello": -2.4173845588894127,
    "Gumbau": -3.039555811767536,
    "De Frutos": 1.0020049963452182,
    "Cárdenas": -2.3813075276121087,
    "Ratiu": 3.7497472669243415,
    "A. Batalla": 2.393522345559118,
    "Pelayo": null,
    "Pedro Díaz": -1.3267492283732585,
    "Etienne Eto'o": null,
    "Samu Becerra": null,
    "Morro": null,
    "De Tomás": -3.0155423315523677
  },
  "Villarreal": {
    "Yeremy Pino": -0.3226260503665812,
    "A. Danjuma": null,
    "Gerard": -2.2099841279635934,
    "Ayoze Pérez": 0.9642785581685187,
    "Akhomach": -2.4479596964788852,
    "Etta Eyong": null,
    "N. Pépé": -0.5131710787938948,
    "Pau Cabanes": null,
    "Comesaña": -1.457882223298168,
    "Moleiro": 6.358122242178754,
    "Parejo": -1.593042715479831,
    "Denis Suárez": -2.907889819549403,
    "Pape Gueye": -0.6115032400018872,
    "T. Buchanan": -2.1069745180178012,
    "Sergi Cardona": 0.5225804135415624,
    "Foyth": 0.9091247311115991,
    "Pedraza": -2.8234948151178663,
    "Santiago Mouriño": 3.1429127317898153,
    "Altimira": null,
    "Rafa Marín": 1.5445181747716363,
    "Kambwala": -2.7367404818948504,
    "Logan Costa": -3.30044594282366,
    "Juan Bernat": null,
    "Pau Navarro": null,
    "Conde": -1.6604594621211777,
    "Luíz Júnior": 0.7435495624471988,
    "Mouriño": 3.5407665318292425,
    "Ilias Akhomach": -2.5043296434596685
  },
  "Real Oviedo": {
    "Aarón Escandell": -0.6540688673595918,
    "Moldovan": null,
    "L. Ilić": null,
    "I. Chaira": null,
    "Alhassane": -1.1886408676855753,
    "Álex Forés": null,
    "Álvaro Lemos": null,
    "David Costas": -2.3223224463498005,
    "Nacho Vidal": -0.04169306546220053,
    "Dani Calvo": null,
    "Oier Luengo": -1.169794990202433,
    "Lucas Ahijado": null,
    "K. Sibo": 1.976878401863491,
    "Santi Cazorla": null,
    "S. Colombatto": null,
    "Álex Cardero": null,
    "D. Paraschiv": null,
    "F. Viñas": null,
    "Yayo": null,
    "Brandon": null,
    "Borja Sánchez": null,
    "S. Rondón": null,
    "Alberto Reina": null,
    "Alberto Del Moral": null,
    "Carlos Pomares": -2.6993612342979145,
    "Paulino": -2.7303871378924205,
    "César De La Hoz": -2.8793457823759305,
    "Alemão": 0
  },
  "Alaves": {
    "Raúl Fernández": null,
    "Sivera": -0.27085286945870424,
    "Maras": null,
    "Guevara": -2.791455176153612,
    "Benavidez": -3.151880518594974,
    "Guridi": -1.4452671407208961,
    "Ibáñez": null,
    "Aleñá": null,
    "Rebbach": null,
    "Villalibre": -2.944447372854464,
    "Blanco": -1.613630506154129,
    "Adrián Rodríguez": null,
    "Tenaglia": -0.7710197799445151,
    "Mariano": null,
    "Víctor Parada": null,
    "C. Vicente": 1.1779582806971778,
    "M. Diarra": -1.440106030313626,
    "Hugo Novoa": -2.995619339323896,
    "Toni Martínez": -1.4860170554566787,
    "Yusi": null,
    "Facundo Garcés": 0.6731944117910116,
    "Jonny Castro": -1.3831603253919522,
    "Calebe": null,
    "Mouriño": 2.594491586847858,
    "Panichelli": null,
    "Owono": -2.71039093966422,
    "Jonny Otto": 0
  },
  "Levante": {
    "Iván Romero": -2.2972784954676584,
    "José Luis Morales": null,
    "Carlos Espí": null,
    "Koyalipou": null,
    "Olasagasti": -1.9452790608447845,
    "Brugui": null,
    "Oriol Rey": null,
    "Sergio Lozano": -2.219871119307948,
    "Pablo Martínez": null,
    "Carlos Álvarez": null,
    "Kevin Arriaga": null,
    "Óscar Clemente": null,
    "Manu Sánchez": null,
    "Dela": 1.4285058807335327,
    "Unai Elgezabal": null,
    "Jorge Cabello": null,
    "Diego Pampín": null,
    "Víctor García": null,
    "M. Moreno": null,
    "J. Toljan": null,
    "A. Matturro": null,
    "Alfonso Pastor": null,
    "Primo": null,
    "Pablo Campos": null,
    "Cuñat": null,
    "Dani Martín": null
  },
  "Mallorca": {
    "Greif": -1.5863466421137784,
    "Mojica": -0.7995047560002799,
    "Lato": -3.0547631551855137,
    "Maffeo": -1.447523172177001,
    "Raíllo": 1.9516884418373515,
    "Valjent": 1.5686624149592765,
    "Miquel Llabrés": null,
    "Mascarell": -2.7296355074678758,
    "Pablo Torre": 3.076919265472,
    "Morlanes": -2.0781548621533585,
    "Dani Rodríguez": -1.4319412801910292,
    "Antonio Sánchez": -3.0396175423127447,
    "Samú Costa": -0.6361951411786304,
    "Muriqi": 0.632705990459459,
    "Abdón": -3.0486860841141716,
    "Larin": -2.3612680447986256,
    "Darder": -0.8424003453397,
    "Luna": null,
    "Cuéllar": null,
    "David López": null,
    "Mateu Morey": -2.8491959748900952,
    "T. Asano": -2.76862141912545,
    "Leo Román": 2.8238195860765813,
    "M. Domenech": null,
    "L. Bergström": null,
    "Copete": -1.2623313900117283,
    "Van Der Heyden": null
  },
  "Barcelona": {
    "Iñaki Peña": -2.495583057145101,
    "Ter Stegen": -3.2572871417937854,
    "Araújo": -2.2124304411068274,
    "Álex Balde": 1.0291943816863158,
    "Christensen": -2.8439426502536724,
    "Eric García": -2.4277007609278534,
    "Koundé": -0.5060782826430632,
    "De Jong": -0.6314693806964145,
    "Pedri": -0.33152530818153503,
    "Gavi": -0.11066258102109261,
    "Oriol Romeu": null,
    "Raphinha": 1.4482331528272052,
    "Lewandowski": 1.6042021097165682,
    "Ferran Torres": -1.5447007999490614,
    "Iñigo Martínez": 0.6871650148016384,
    "Casadó": -1.2396837739082955,
    "Fermín": -1.2181017575709885,
    "Lamine Yamal": 2.3702249538345876,
    "Pau Cubarsí": -0.19833786662546427,
    "Héctor Fort": null,
    "Dani Olmo": -0.9623918512610796,
    "Szczesny": null,
    "Joan García": null,
    "Marc Bernal": null,
    "Gerard Martín": null,
    "R. Bardghji": null,
    "Rashford": null,
    "Pau Victor": -2.7631601303524933,
    "M. Rashford": null
  },
  "Valencia": {
    "Cristian Rivero": -2.595425632697257,
    "Dimitrievski": -2.2251913557383096,
    "E. Cömert": -3.033177789745334,
    "Copete": -0.24739608690246273,
    "Diakhaby": -0.8119031285202083,
    "Foulquier": -1.6351600951222678,
    "Gayá": -1.8074632290301484,
    "Cenk Ozkacar": -3.1638727067119565,
    "Thierry Correia": -2.6416034694231594,
    "Jesús Vázquez": -3.0925570041201333,
    "Javi Guerra": -0.8691328208141225,
    "Fran Pérez": -2.928017630052504,
    "Hugo Duro": -1.716257602372151,
    "Diego López": 0.454099314753198,
    "Rioja": -1.3667826103604175,
    "Alberto Marí": -3.19768413592999,
    "Almeida": -2.3173706444708064,
    "Guillamón": -2.948976948581905,
    "Agirrezabala": 3.3106056133287876,
    "Pepelu": -1.3368937900590794,