{
  "Barcelona": {
    "Iñaki Peña": -3.0795253013154444,
    "Ter Stegen": -2.5223047439053348,
    "Araújo": -2.3494136728843262,
    "Álex Balde": 3.933717324602637,
    "Christensen": -2.9208275132311834,
    "Eric García": -2.220541744993243,
    "Koundé": 1.6390092447779336,
    "De Jong": 1.2481931563404824,
    "Pedri": 3.6443138540350084,
    "Gavi": -1.3629920789768213,
    "Oriol Romeu": null,
    "Raphinha": null,
    "Lewandowski": null,
    "Pau Victor": -2.408462526005206,
    "Ferran Torres": 0.2974526969540259,
    "Iñigo Martínez": 4.403604162436703,
    "Casadó": 1.1782433294399208,
    "Fermín": 0.17830356703256722,
    "Lamine Yamal": null,
    "Pau Cubarsí": 3.5390487318844643,
    "Héctor Fort": null,
    "Dani Olmo": 0.8650913225750401,
    "Szczesny": null,
    "Joan García": null,
    "Marc Bernal": null,
    "Gerard Martín": null,
    "R. Bardghji": null,
    "M. Rashford": null
  },
  "Real Madrid": {
    "Vinicius Jr.": null,
    "Rodrygo": -2.1441815303836376,
    "Á. Rodríguez": null,
    "K. Mbappé": null,
    "Endrick": -2.8665747952144938,
    "Reinier": null,
    "Brahim": -2.412767017350881,
    "Bellingham": null,
    "Ceballos": -1.6999288390348921,
    "Camavinga": -1.8861523941398284,
    "Tchouaméni": 0.6622548960384611,
    "Valverde": 1.2363715150963905,
    "Arda Guler": 4.58322429430047,
    "Gonzalo García": null,
    "Mastantuono": null,
    "Carvajal": -1.5475142676001696,
    "Fran García": 0.5501893823190551,
    "Mendy": -3.125506214795082,
    "Militão": -1.0830760960527486,
    "Alaba": -3.099284204224706,
    "Rudiger": -2.2990902677280878,
    "Álvaro Carreras": null,
    "Jacobo": null,
    "Trent": null,
    "Raúl Asencio": null,
    "D. Huijsen": null,
    "Courtois": 2.701710509751054,
    "Lunin": -3.0082764958650254,
    "Álvaro Fernández": null,
    "Franco": null
  },
  "Atletico Madrid": {
    "Oblak": 2.896330926322266,
    "Giménez": -1.4862288643365806,
    "Le Normand": 1.511529444420523,
    "Javi Galán": -2.17815476578056,
    "Molina": -2.7022931163986796,
    "Lenglet": -1.0915333122350046,
    "Barrios": 2.95765546364275,
    "De Paul": -1.7638930997792124,
    "Lemar": -3.014464080720669,
    "Llorente": 2.0454897801865712,
    "Saúl": null,
    "Koke": -2.786215530831637,
    "Lino": -2.476797284441201,
    "Álex Baena": null,
    "Griezmann": null,
    "Giuliano": 2.299795259126225,
    "Sørloth": 0.39827754932799664,
    "Carlos Martín": -3.0751081491061205,
    "Johnny Cardoso": null,
    "Moldovan": null,
    "C. Gallagher": -2.326099367381873,
    "Julián Alvarez": null,
    "Musso": -3.0594002345361915,
    "M. Ruggeri": null,
    "T. Almada": null
  },
  "Athletic": {
    "Unai Simón": 2.4538590350797973,
    "Yeray": -2.202140966426658,
    "Yuri": -1.338627083468935,
    "Gorosabel": -1.583806898147555,
    "Lekue": null,
    "Vivian": 2.837479743363769,
    "Unai Gómez": -2.6822119069012773,
    "De Galarreta": -0.91478821601233,
    "Vencedor": -3.0560916001502125,
    "Vesga": -2.8089740490006454,
    "Robert Navarro": null,
    "Adu Ares": -3.0537371403717817,
    "Berenguer": -0.20938123456495372,
    "Iñaki Williams": 2.2545811867815013,
    "Guruzeta": -1.89492056091779,
    "Nico Williams": 6.337559219358768,
    "Paredes": -0.7750050941776387,
    "Sancet": 4.217394048722478,
    "Prados": -2.5379357222475196,
    "Nico Serrano": -3.069716775153364,
    "Egiluz": null,
    "Hugo Rincón": null,
    "Á. Padilla": null,
    "Jauregizar": 7.332419803112167,
    "Boiro": null,
    "Djaló": -2.9489023038011486,
    "Maroan Sannadi": 3.9868821645613117,
    "Peio Canales": null,
    "Urko Izeta": null
  },
  "Villarreal": {
    "Yeremy Pino": -0.5320468052046112,
    "A. Danjuma": null,
    "Gerard": -1.5467950009890319,
    "Ayoze Pérez": null,
    "Ilias Akhomach": -2.336776120164674,
    "Etta Eyong": null,
    "N. Pépé": -0.5043170032824729,
    "Pau Cabanes": null,
    "Comesaña": -1.358620115491438,
    "Moleiro": null,
    "Parejo": -1.7025414496582347,
    "Denis Suárez": -2.954631666373597,
    "Pape Gueye": -1.0369880325855396,
    "Sergi Cardona": 0.2428026938644523,
    "Foyth": 1.5463322629047482,
    "Pedraza": -2.567756145305322,
    "Altimira": null,
    "Rafa Marín": null,
    "Kambwala": -2.730181557212097,
    "Logan Costa": -2.2088901100094094,
    "Juan Bernat": null,
    "Pau Navarro": null,
    "Conde": -1.037511179605577,
    "Luíz Júnior": -0.59202238844418
  },
  "Betis": {
    "Valles": null,
    "Ruibal": -2.8556359789800645,
    "Borja Iglesias": null,
    "Chimy Ávila": -2.6941576786145616,
    "Rodrigo Riquelme": null,
    "Héctor Bellerín": -2.7850515566328227,
    "Altimira": -0.5558291761631473,
    "Marc Roca": -2.843205817639649,
    "Abde": 0.4437234953419189,
    "Bartra": null,
    "Isco": null,
    "Vieites": 0.7403221629112444,
    "Nobel Mendy": null,
    "Pablo Fornals": -1.2174300839246754,
    "C. Bakambu": -2.5982600721981775,
    "R. Rodríguez": null,
    "Perraud": -2.612856732703761,
    "Diego Llorente": -2.282878466318139,
    "Iker Losada": null,
    "Adrián": -2.04653337581282,
    "Natan": null,
    "Pau López": null,
    "G. Lo Celso": 3.493692961721573,
    "Ángel Ortiz": null,
    "Cucho": null,
    "Pablo García": null,
    "Junior Firpo": null,
    "G. Petit": null,
    "V. Gómez": null
  },
  "Celta": {
    "Marcos Alonso": 0.8309968489597752,
    "Iván Villar": -2.7372202244593913,
    "Mingueza": 1.2377056548848353,
    "Aidoo": null,
    "Carlos Domínguez": -3.017316992188568,
    "Fran Beltrán": -2.1985995517085577,
    "Cervi": -3.0384548850845072,
    "Swedberg": -2.429321096332304,
    "Sotelo": -2.7720756030803817,
    "Aspas": null,
    "Unai Núñez": null,
    "Manu Sánchez": null,
    "Carreira": null,
    "Starfelt": -1.2915836437667805,
    "Ristić": -2.0592674610125927,
    "Javi Rodríguez": null,
    "Hugo Álvarez": -2.6946416480757795,
    "Damián Rodríguez": -3.169394308021245,
    "I. Moriba": null,
    "Marc Vidal": null,
    "Pablo Durán": -1.5784365894424002,
    "Javi Rueda": null,
    "Abdellaoui": null,
    "Yoel Lago": null,
    "I. Radu": null,
    "Ferran Jutglà": null
  },
  "Rayo Vallecano": {
    "Lejeune": 0.9904053074901942,
    "Balliu": null,
    "Chavarría": 0.9116290916060477,
    "Mumin": -2.469199452762061,
    "Espino": -2.604155397025798,
    "Pathé Ciss": -1.5923345199252537,
    "Á. García": 0.07509727700458768,
    "Unai López": -2.4652264554634318,
    "Luiz Felipe": null,
    "Ó. Valentín": -2.7377482906778106,
    "Nteka": -2.5391315103781564,
    "Isi": 1.7374497910719544,
    "Trejo": null,
    "Camello": -2.5423536286431125,
    "Gumbau": null,
    "De Frutos": 0.37823205480951305,
    "Cárdenas": -2.666599989410079,
    "Ratiu": 7.787931556267136,
    "A. Batalla": null,
    "Pelayo": null,
    "Pedro Díaz": -1.8251925420608939,
    "E. Etoo": null,
    "Samu Becerra": null,
    "Morro": null,
    "De Tomás": -3.0155423315523677
  },
  "Osasuna": {
    "Aitor Fernández": -2.811553219352836,
    "S. Herrera": 1.8146315547270753,
    "Juan Cruz": -2.7647166816353597,
    "Areso": -0.7277935702205807,
    "Catena": -1.2625408241117464,
    "Herrando": -2.987482625742177,
    "Rubén García": -1.46564446007168,
    "Moi Gómez": -2.8449628727143295,
    "Moncayola": -2.264661525609246,
    "Iker Muñoz": -3.0336199062308777,
    "Torró": -1.925684657469262,
    "Kike Barja": -2.9829085813100953,
    "Budimir": 0.08159238458893547,
    "Aimar Oroz": 0.06084029116595335,
    "Raúl": -3.087545772925704,
    "Stamatakis": null,
    "F. Boyomo": 1.351316568428107,
    "Rosier": null,
    "Abel Bretones": -2.255175696605427,
    "Ander Yoldi": null,
    "Benito": null,
    "Víctor Muñoz": null
  },
  "Mallorca": {
    "Greif": 0.14862570148346244,
    "Copete": -1.800353378005648,
    "Mojica": 0.876130210846382,
    "Lato": -3.00274197387288,
    "Maffeo": -1.2675069715713527,
    "Raíllo": 2.6152684972308826,
    "Valjent": 1.9703033377844514,