{
  "Barcelona": {
    "Iñaki Peña": -2.801432401398951,
    "Ter Stegen": -2.7411806802500105,
    "Araújo": -2.3219137728071937,
    "Álex Balde": 1.8893975620537962,
    "Christensen": -2.89169595359805,
    "Eric García": -1.6623428636106996,
    "Koundé": -0.9784796991425981,
    "De Jong": -0.4319372394802956,
    "Pedri": 0.2564072416726404,
    "Gavi": -1.5891706469316147,
    "Oriol Romeu": null,
    "Raphinha": 2.9785836281959632,
    "Lewandowski": 1.6656787556761365,
    "Ferran Torres": -1.6156757736233929,
    "Iñigo Martínez": 2.6743387522486506,
    "Casadó": -0.02094598709523332,
    "Fermín": -0.5564222702519661,
    "Lamine Yamal": 5.45887713668145,
    "Pau Cubarsí": 1.4478569284169573,
    "Héctor Fort": null,
    "Dani Olmo": -1.479552723970734,
    "Szczesny": null,
    "Joan García": null,
    "Marc Bernal": null,
    "Gerard Martín": null,
    "R. Bardghji": null,
    "Rashford": null,
    "Pau Victor": -2.7631601303524933,
    "M. Rashford": null
  },
  "Real Madrid": {
    "Reinier": null,
    "Courtois": 0.6397909373754951,
    "Lunin": -2.976153390803804,
    "Carvajal": -1.8538341112265377,
    "Fran García": -0.9188974742463052,
    "Mendy": -3.134492366254482,
    "Militão": -1.0653410593232882,
    "Alaba": -3.061918737848446,
    "Rudiger": -2.215478559972661,
    "Brahim": -2.534547021487099,
    "Bellingham": -2.1337465746256834,
    "Ceballos": -2.0786795876006514,
    "Camavinga": -1.9521014935677927,
    "Tchouaméni": -1.011854761331732,
    "Valverde": -0.9355709262316103,
    "Vinicius Jr.": 1.9466317014482648,
    "Rodrygo": -1.9438723958593362,
    "Arda Guler": 2.4067737978445747,
    "Carreras": null,
    "Gonzalo": null,
    "Mbappé": 4.3261101582909856,
    "Trent": null,
    "Endrick": -2.7858555847111166,
    "Raúl Asencio": -1.5581360789105991,
    "Huijsen": null,
    "Mastantuono": null,
    "Á. Rodríguez": null,
    "K. Mbappé": null,
    "Gonzalo García": null,
    "Álvaro Carreras": null,
    "Jacobo": null,
    "D. Huijsen": null,
    "Álvaro Fernández": 0
  },
  "Atletico Madrid": {
    "Oblak": 0.9695276793141971,
    "Giménez": -1.588882706006789,
    "Le Normand": 0.5405703041815979,
    "Javi Galán": -2.5728760626973823,
    "Molina": -2.7315220518064898,
    "Lenglet": -1.0565580155618814,
    "Barrios": 2.36747234124266,
    "Llorente": 0.5988710024276811,
    "Koke": -2.877897196206902,
    "Álex Baena": null,
    "Griezmann": -1.5893091738579113,
    "Giuliano": 3.4405498876712404,
    "Sørloth": -1.4547941377771378,
    "Carlos Martín": -2.9135292016113867,
    "Marc Pubill": null,
    "Johnny Cardoso": 4.47503685128674,
    "Gallagher": -2.3769666777656573,
    "D. Hancko": null,
    "Julián Alvarez": 2.0407724639760927,
    "Musso": -2.911682427245854,
    "Ruggeri": null,
    "Thiago Almada": null,
    "E. Millot": null,
    "Lemar": -1.475353765098697,
    "Lino": -2.875004603008302,
    "De Paul": -2.148346230565934,
    "Saúl": null,
    "Moldovan": null,
    "C. Gallagher": -2.366453980539718,
    "M. Ruggeri": null,
    "T. Almada": null
  },
  "Athletic": {
    "Unai Simón": 0.3141520694927902,
    "Yeray": -2.0602090833860442,
    "Yuri": -0.5739005191498281,
    "Gorosabel": -2.4822141112438745,
    "Lekue": null,
    "Areso": 2.3756244337947763,
    "Vivian": 1.1860526727426546,
    "Unai Gómez": -2.5656042659400358,
    "De Galarreta": -0.11633895631096847,
    "Vencedor": -3.018506151675271,
    "Vesga": -2.749409967342642,
    "Robert Navarro": null,
    "Adu Ares": -3.133848529561878,
    "Berenguer": -1.0046917937088229,
    "Iñaki Williams": -0.4282261657368114,
    "Guruzeta": -2.257704165788388,
    "Nico Williams": 2.545544714559722,
    "Paredes": -0.6926849234183408,
    "Sancet": 2.2183216223050417,
    "Prados": -2.291458015600245,
    "Nico Serrano": -3.1676373258394452,
    "Egiluz": null,
    "Hugo Rincón": null,
    "Padilla": null,
    "Jauregizar": 4.8945227479546105,
    "Boiro": null,
    "Laporte": null,
    "Maroan Sannadi": 4.251088510743739,
    "Peio Canales": null,
    "Urko Izeta": null,
    "Á. Padilla": null,
    "Djaló": -2.8526497883240576
  },
  "Villarreal": {
    "Sergi Cardona": 1.1173308491930767,
    "Foyth": 0.9048724723187629,
    "Comesaña": -1.187382593486741,
    "Moleiro": null,
    "Parejo": -1.6966332654508531,
    "Pedraza": -2.8526236529566096,
    "Yeremy Pino": -0.9003844578830078,
    "Denis Suárez": -2.780683197067957,
    "A. Danjuma": null,
    "Gerard": -2.018546395890286,
    "Ayoze Pérez": 1.017863470848157,
    "Akhomach": -2.468723589577182,
    "Altimira": null,
    "Rafa Marín": null,
    "Etta Eyong": null,
    "Conde": -1.165162245593343,
    "Pape Gueye": -0.6092354632304176,
    "Kambwala": -2.4342134452176256,
    "N. Pépé": -1.0677751046683115,
    "Luíz Júnior": -0.2612364198563366,
    "Logan Costa": -3.2066669445151352,
    "Juan Bernat": null,
    "Pau Navarro": null,
    "Pau Cabanes": null,
    "T. Buchanan": null,
    "Ilias Akhomach": -2.5043296434596685
  },
  "Betis": {
    "Borja Iglesias": null,
    "Chimy Ávila": -2.744794534567907,
    "Ez Abde": -0.7822745617687255,
    "Fornals": -1.359777532365003,
    "C. Bakambu": -2.2359994229678937,
    "Cucho": null,
    "Pablo García": null,
    "Riquelme": null,
    "Altimira": 1.9489028842160527,
    "Marc Roca": -2.81007163626954,
    "Isco": 1.4969636271304765,
    "Iker Losada": null,
    "G. Lo Celso": 2.4496921836884678,
    "Ruibal": -2.8031285868083566,
    "Bellerín": -2.505201982767302,
    "Bartra": null,
    "Nobel Mendy": null,
    "R. Rodríguez": null,
    "Perraud": -2.6574215495295372,
    "Diego Llorente": -2.332372853430209,
    "Natan": null,
    "Ángel Ortiz": null,
    "Junior Firpo": null,
    "Valentín": null,
    "Valles": null,
    "Vieites": 0.457038982546476,
    "Adrián": -2.2479829749555424,
    "Pau López": null,
    "G. Petit": null,
    "Rodrigo Riquelme": null,
    "Héctor Bellerín": -2.930551329511344,
    "Abde": -0.28658982747277184,
    "Pablo Fornals": -1.739611355898063,
    "V. Gómez": null
  },
  "Celta": {
    "Marcos Alonso": 2.2005721205659245,
    "Iván Villar": -2.4805462251721977,
    "Mingueza": 1.1106487797407194,
    "Aidoo": null,
    "Carlos Domínguez": -2.9013286726668475,
    "Fran Beltrán": -2.1347253979342007,
    "Cervi": -3.0600111674841446,
    "Swedberg": -2.109289009465398,
    "Sotelo": -2.4372766183738515,
    "Aspas": null,
    "Bryan Zaragoza": null,
    "Carreira": null,
    "Starfelt": -0.4012933545005426,
    "Hugo González": null,
    "Ristić": -1.726655261217236,
    "Javi Rodríguez": null,
    "Hugo Álvarez": -2.5783408164163135,
    "Damián Rodríguez": -3.0061226295373666,
    "I. Moriba": null,
    "Marc Vidal": null,
    "Pablo Durán": -1.7880911395150245,
    "Javi Rueda": null,
    "Abdellaoui": null,
    "Yoel Lago": null,
    "I. Radu": null,
    "Ferran Jutglà": null,
    "Miguel Román": null,
    "Manu Fernández": null,
    "Unai Núñez": null,
    "Manu Sánchez": null
  },
  "Rayo Vallecano": {
    "Lejeune": 0.6745191844096832,
    "Balliu": null,
    "Chavarría": 1.717601298115512,
    "Mumin": -2.6508178786906034,
    "Espino": -2.4090168166652437,
    "Pathé Ciss": -1.0718651591878792,
    "Á. García": -0.2621987516612245,
    "Unai López": -2.172711587129028,
    "Luiz Felipe": null,
    "Ó. Valentín": -2.3508350293986346,
    "Nteka": -2.5354853912375575,
    "Isi": 0.7940616677011514,
    "Trejo": -2.874419674111861,
    "Camello": -2.3373038943947932,
    "Gumbau": null,
    "De Frutos": 1.2449045103595902,
    "Cárdenas": -2.4555298849341045,
    "Ratiu": 4.979023065937094,
    "A. Batalla": 3.2826729519346065,
    "Pelayo": null,
    "Pedro Díaz": -1.5548730815115541,
    "Etienne Eto'o": null,
    "Samu Becerra": null,
    "Morro": null,
    "De Tomás": -3.0155423315523677
  },
  "Osasuna": {
    "Kike Barja": -3.059710782797964,
    "Budimir": -0.7195529003871659,
    "Raúl": -3.090231536488075,
    "Benito": null,
    "Víctor Muñoz": null,