{
  "Girona": {
    "Stuani": -1.9413906792946745,
    "Tsygankov": -2.2444602120311297,
    "Portu": -2.6452211012918725,
    "Jhon Solís": -2.0817507096070664,
    "Abel Ruiz": -3.2450368569469923,
    "B. Miovski": -2.9958952178611886,
    "Asprilla": -1.2663361089894964,
    "Ricard Artero": null,
    "Lemar": 2.5270783407452813,
    "Joel Roca": null,
    "Yangel Herrera": -1.7555387398128008,
    "Iván Martín": -3.1229686290800474,
    "Jastin García": null,
    "Van De Beek": -3.24811645043408,
    "Valery": null,
    "Miguel Gutiérrez": -2.7083990072713005,
    "David López": -2.405423180232591,
    "Arnau": -2.261153440767638,
    "Daley Blind": -2.68056801971569,
    "Hugo Rincón": null,
    "Antal": null,
    "Alejandro Francés": -2.7512571172257805,
    "Krejcí": -1.7891734047781993,
    "Vitor Reis": null,
    "Gazzaniga": -0.6247494794652697,
    "Juan Carlos": -3.1049523159569103,
    "Krapyvtsov": -0.49413602755119523,
    "Fuidias": null,
    "G. Misehouy": null
  },
  "Rayo Vallecano": {
    "Lejeune": 0.03237546553522819,
    "Balliu": -2.075477962379535,
    "Chavarría": 2.949423849531563,
    "Mumin": -2.7357643139365173,
    "Espino": -2.60524078845209,
    "Pathé Ciss": -0.9507301107218202,
    "Á. García": -0.7448669628127513,
    "Unai López": -2.1124899745193715,
    "Luiz Felipe": null,
    "Ó. Valentín": -2.4621009965956175,
    "Nteka": -2.606164784782661,
    "Isi": 1.1158191252401695,
    "Trejo": -2.962019011772421,
    "Camello": -2.391797477912827,
    "Gumbau": -2.9115928338564134,
    "De Frutos": 0.5558848672780226,
    "Cárdenas": -2.295153581279019,
    "Ratiu": 4.268944810105646,
    "A. Batalla": 2.404934327731456,
    "Pelayo": null,
    "Pedro Díaz": -1.2815217923326183,
    "Etienne Eto'o": null,
    "Samu Becerra": null,
    "Morro": null,
    "De Tomás": -3.0155423315523677
  },
  "Villarreal": {
    "Yeremy Pino": -0.7047459273623491,
    "A. Danjuma": null,
    "Gerard": -2.254825536767935,
    "Ayoze Pérez": 0.9523002783250245,
    "Akhomach": -2.5006021684997437,
    "Etta Eyong": null,
    "N. Pépé": -0.7934127596018525,
    "Pau Cabanes": null,
    "Comesaña": -1.2827250787791566,
    "Moleiro": null,
    "Parejo": -1.8030532471023375,
    "Denis Suárez": -2.934157436661966,
    "Pape Gueye": -0.25969633494163924,
    "T. Buchanan": null,
    "Sergi Cardona": 0.9824958000243189,
    "Foyth": 0.38422657021979223,
    "Pedraza": -2.910952388378585,
    "Mouriño": 3.6365444040368233,
    "Altimira": null,
    "Rafa Marín": 1.2424027852356634,
    "Kambwala": -2.6720954121930207,
    "Logan Costa": -3.2659611369630803,
    "Juan Bernat": null,
    "Pau Navarro": null,
    "Conde": -1.642355721399158,
    "Luíz Júnior": 0.2735023875205078,
    "Ilias Akhomach": -2.5043296434596685
  },
  "Real Oviedo": {
    "Aarón Escandell": -0.3580146514268634,
    "Moldovan": null,
    "L. Ilić": null,
    "I. Chaira": null,
    "Alhassane": -1.1777327660082326,
    "Álex Forés": null,
    "Álvaro Lemos": null,
    "David Costas": -2.1876493020265952,
    "Nacho Vidal": -0.28723155120399246,
    "Dani Calvo": null,
    "Oier Luengo": -1.696150039893296,
    "Lucas Ahijado": null,
    "K. Sibo": 1.426764835526484,
    "Santi Cazorla": null,
    "S. Colombatto": null,
    "Álex Cardero": null,
    "D. Paraschiv": null,
    "F. Viñas": null,
    "Yayo": null,
    "Brandon": null,
    "Borja Sánchez": null,
    "S. Rondón": null,
    "Alberto Reina": null,
    "Alberto Del Moral": null,
    "Carlos Pomares": -2.6993612342979145,
    "Paulino": -2.7303871378924205,
    "César De La Hoz": -2.8793457823759305,
    "Alemão": 0
  },
  "Alaves": {
    "Raúl Fernández": null,
    "Sivera": -0.14707668453628475,
    "Maras": null,
    "Guevara": -2.8112346996651216,
    "Benavidez": -3.1136609936637583,
    "Guridi": -1.6798988210407706,
    "Ibáñez": null,
    "Aleñá": null,
    "Rebbach": null,
    "Villalibre": -3.0054187338490967,
    "Blanco": -1.6085809700212006,
    "Adrián Rodríguez": null,
    "Tenaglia": -0.8837033192265142,
    "Mariano": null,
    "Víctor Parada": null,
    "C. Vicente": 0.8665986297947015,
    "M. Diarra": -1.5822551116171035,
    "Hugo Novoa": -3.0474601678250113,
    "Toni Martínez": -1.5446004651028966,
    "Yusi": null,
    "Facundo Garcés": -0.4101488767888406,
    "Jonny Castro": null,
    "Calebe": null,
    "Mouriño": 2.594491586847858,
    "Panichelli": null,
    "Owono": -2.71039093966422,
    "Jonny Otto": 0
  },
  "Levante": {
    "Manu Sánchez": null,
    "Olasagasti": -2.0072496815239926,
    "Alfonso Pastor": null,
    "Primo": null,
    "Dela": 1.7278140012208842,
    "Unai Elgezabal": null,
    "Jorge Cabello": null,
    "Diego Pampín": null,
    "Brugui": null,
    "Oriol Rey": null,
    "Sergio Lozano": -2.2726429991624997,
    "Pablo Martínez": null,
    "Carlos Álvarez": null,
    "Iván Romero": -2.3428970965249096,
    "José Luis Morales": null,
    "Carlos Espí": null,
    "Pablo Campos": null,
    "Víctor García": null,
    "Kevin Arriaga": null,
    "Óscar Clemente": null,
    "M. Moreno": null,
    "J. Toljan": null,
    "A. Matturro": null,
    "Koyalipou": null,
    "Cuñat": null,
    "Dani Martín": null
  },
  "Mallorca": {
    "Greif": -1.2397504849848917,
    "Mojica": -1.1031335708955203,
    "Lato": -2.9611195031939874,
    "Maffeo": -1.4865645035917252,
    "Raíllo": 1.8241625135168027,
    "Valjent": 1.49665367188756,
    "Miquel Llabrés": null,
    "Mascarell": -2.7059334057915274,
    "Pablo Torre": null,
    "Morlanes": -2.201757007160554,
    "Dani Rodríguez": -1.4567055697281894,
    "Antonio Sánchez": -3.064051162145265,
    "Samú Costa": -0.5569668053288956,
    "Muriqi": 1.1884820872998247,
    "Abdón": -3.100521442135473,
    "Larin": -2.3153903589033686,
    "Darder": -0.7680260608598277,
    "Luna": null,
    "Cuéllar": null,
    "David López": null,
    "Mateu Morey": null,
    "T. Asano": -2.831936191178619,
    "Leo Román": 3.4338609964492006,
    "M. Domenech": null,
    "L. Bergström": null,
    "Copete": -1.2623313900117283,
    "Van Der Heyden": null
  },
  "Barcelona": {
    "Iñaki Peña": -2.8594166694220657,
    "Ter Stegen": -3.2137747087847224,
    "Araújo": -2.4334767809347846,
    "Álex Balde": 1.1377044355416421,
    "Christensen": -2.8763860195512247,
    "Eric García": -2.334159796471813,
    "Koundé": -0.7246712834546809,
    "De Jong": -0.5882228967240666,
    "Pedri": -0.4521370576828221,
    "Gavi": -1.6961678705703753,
    "Oriol Romeu": null,
    "Raphinha": 1.7427271922066945,
    "Lewandowski": 1.3408760379229445,
    "Ferran Torres": -1.4333251814551806,
    "Iñigo Martínez": 1.3205085082212298,
    "Casadó": -1.244136993086542,
    "Fermín": -1.5263790204278482,
    "Lamine Yamal": 3.140856452614771,
    "Pau Cubarsí": 0.6537784503118038,
    "Héctor Fort": null,
    "Dani Olmo": -1.3374302220515832,
    "Szczesny": null,
    "Joan García": null,
    "Marc Bernal": null,
    "Gerard Martín": null,
    "R. Bardghji": null,
    "Rashford": null,
    "Pau Victor": -2.7631601303524933,
    "M. Rashford": null
  },
  "Valencia": {
    "Cristian Rivero": -2.6522327739551432,
    "Dimitrievski": -2.2296338939284954,
    "E. Cömert": -3.045565690081886,
    "Copete": null,
    "Diakhaby": -0.8678527124695856,
    "Foulquier": null,
    "Gayá": -1.676375665639529,
    "Cenk Ozkacar": -3.123750666311298,
    "Thierry Correia": -2.738464661608331,
    "Jesús Vázquez": -3.0318484081715558,
    "Javi Guerra": -0.8452629626367503,
    "Fran Pérez": -2.8405468759946317,
    "Hugo Duro": -1.8371343612443636,
    "Diego López": 0.4465024213354818,
    "Rioja": -1.1264225406495076,
    "Alberto Marí": -3.153092951461567,
    "Almeida": -2.2854377316877006,
    "Guillamón": -2.9407429946638475,
    "Agirrezabala": null,
    "Pepelu": -1.386438359865838,
    "Canós": -3.179262671321781,
    "Dani Raba": null,
    "Tárrega": 1.5890318947498372,
    "N. Fonseca": null,
    "Giorgi Mamardashvili": null,
    "Cristhian Mosquera": null,