{
  "Girona": {
    "Gazzaniga": -0.5197924406468268,
    "Juan Carlos": -3.1355950496342655,
    "Miguel Gutiérrez": -2.8515057428020296,
    "David López": -2.358265878978527,
    "Ricard Artero": null,
    "Lemar": 3.204199394328322,
    "Joel Roca": null,
    "Stuani": -1.7181470450899905,
    "Tsygankov": -2.0691755106489462,
    "Arnau": -2.117540561556319,
    "Portu": -2.7557592693061683,
    "Daley Blind": -2.5052371310497312,
    "Yangel Herrera": -1.5704810029404825,
    "Iván Martín": -3.1716901959517374,
    "Jhon Solís": -2.03040122268362,
    "Hugo Rincón": -1.5370119027352525,
    "Antal": null,
    "Abel Ruiz": -3.290161956560256,
    "Van De Beek": -3.319721169561296,
    "Alejandro Francés": -2.860949665135648,
    "B. Miovski": -3.0168699105685426,
    "Asprilla": -0.4746468154201322,
    "Krejcí": -1.4268406157046054,
    "Krapyvtsov": -0.7689862360133581,
    "Vitor Reis": null,
    "Jastin García": null,
    "Valery": null,
    "Fuidias": null,
    "G. Misehouy": null
  },
  "Rayo Vallecano": {
    "Lejeune": 0.26186614668786135,
    "Balliu": -1.9853489407766878,
    "Chavarría": 2.5474481037944363,
    "Mumin": -2.7697170647200786,
    "Espino": -2.568706841565216,
    "Pathé Ciss": -0.6871696002916594,
    "Á. García": -0.8520004262877023,
    "Unai López": -2.0642655613222316,
    "Luiz Felipe": -1.0750251925611298,
    "Ó. Valentín": -2.4126600877921622,
    "Nteka": -2.537555767564381,
    "Isi": 1.35035920352089,
    "Trejo": -3.0579767688508674,
    "Camello": -2.418918429467909,
    "Gumbau": -3.0115637649052007,
    "De Frutos": 0.9283599420755628,
    "Cárdenas": -2.4584109304491064,
    "Ratiu": 3.7697083975577916,
    "A. Batalla": 2.4944851126681655,
    "Pelayo": null,
    "Pedro Díaz": -1.2092305055011798,
    "Etienne Eto'o": null,
    "Samu Becerra": null,
    "Morro": null,
    "De Tomás": -3.0155423315523677
  },
  "Villarreal": {
    "Yeremy Pino": -0.37801011773219706,
    "A. Danjuma": null,
    "Gerard": -2.0496554119146637,
    "Ayoze Pérez": 1.2603988558388624,
    "Akhomach": -2.449911559977569,
    "Etta Eyong": null,
    "N. Pépé": -0.6534931539439515,
    "Pau Cabanes": null,
    "Comesaña": -1.226656964056727,
    "Moleiro": 2.4719717756454207,
    "Parejo": -1.7229891011963483,
    "Denis Suárez": -2.976655746998469,
    "Pape Gueye": -0.4727088234800281,
    "T. Buchanan": null,
    "Sergi Cardona": 0.664487046357487,
    "Foyth": 0.9124954275013586,
    "Pedraza": -2.895267217554376,
    "Santiago Mouriño": 2.6908430801873884,
    "Altimira": null,
    "Rafa Marín": 1.3945099377680181,
    "Kambwala": -2.6252112299017916,
    "Logan Costa": -3.3130710490085202,
    "Juan Bernat": null,
    "Pau Navarro": null,
    "Conde": -1.444092723198831,
    "Luíz Júnior": 0.6263174459313126,
    "Mouriño": 3.5407665318292425,
    "Ilias Akhomach": -2.5043296434596685
  },
  "Real Oviedo": {
    "Aarón Escandell": -0.6027808369127974,
    "Moldovan": null,
    "L. Ilić": null,
    "I. Chaira": null,
    "Alhassane": -0.9029048487967373,
    "Álex Forés": null,
    "Álvaro Lemos": null,
    "David Costas": -2.2035346222122554,
    "Nacho Vidal": -0.13480169737725145,
    "Dani Calvo": null,
    "Oier Luengo": -1.3275466820615867,
    "Lucas Ahijado": null,
    "K. Sibo": 1.1704014951615438,
    "Santi Cazorla": null,
    "S. Colombatto": null,
    "Álex Cardero": null,
    "D. Paraschiv": null,
    "F. Viñas": null,
    "Yayo": null,
    "Brandon": null,
    "Borja Sánchez": null,
    "S. Rondón": null,
    "Alberto Reina": null,
    "Alberto Del Moral": null,
    "Carlos Pomares": -2.6993612342979145,
    "Paulino": -2.7303871378924205,
    "César De La Hoz": -2.8793457823759305,
    "Alemão": 0
  },
  "Alaves": {
    "Raúl Fernández": null,
    "Sivera": -0.2710447741090083,
    "Maras": null,
    "Guevara": -2.777445671284895,
    "Benavidez": -3.1318816438927866,
    "Guridi": -1.6503657902732782,
    "Ibáñez": null,
    "Aleñá": null,
    "Rebbach": null,
    "Villalibre": -3.020592511440423,
    "Blanco": -1.3945240304619522,
    "Adrián Rodríguez": null,
    "Tenaglia": -0.8442658825182581,
    "Mariano": null,
    "Víctor Parada": null,
    "C. Vicente": 1.5274873117002485,
    "M. Diarra": -1.3982158212372142,
    "Hugo Novoa": -3.077160901461218,
    "Toni Martínez": -1.455877583045595,
    "Yusi": null,
    "Facundo Garcés": -0.31770342509048755,
    "Jonny Castro": -2.130279816915792,
    "Calebe": null,
    "Mouriño": 2.594491586847858,
    "Panichelli": null,
    "Owono": -2.71039093966422,
    "Jonny Otto": 0
  },
  "Levante": {
    "Manu Sánchez": null,
    "Olasagasti": -1.8730948113676482,
    "Alfonso Pastor": null,
    "Primo": null,
    "Dela": 1.7232673624419936,
    "Unai Elgezabal": null,
    "Jorge Cabello": null,
    "Diego Pampín": null,
    "Brugui": null,
    "Oriol Rey": null,
    "Sergio Lozano": -2.3521687279743797,
    "Pablo Martínez": null,
    "Carlos Álvarez": null,
    "Iván Romero": -2.424973616532955,
    "José Luis Morales": null,
    "Carlos Espí": null,
    "Pablo Campos": null,
    "Víctor García": null,
    "Kevin Arriaga": null,
    "Óscar Clemente": null,
    "M. Moreno": null,
    "J. Toljan": null,
    "A. Matturro": null,
    "Koyalipou": null,
    "Cuñat": null,
    "Dani Martín": null
  },
  "Mallorca": {
    "Greif": -1.3405637524774305,
    "Mojica": -0.9504862824219362,
    "Lato": -2.9813279018180316,
    "Maffeo": -1.4566989204928382,
    "Raíllo": 1.898911756541355,
    "Valjent": 1.421140085253314,
    "Miquel Llabrés": null,
    "Mascarell": -2.7303118002450444,
    "Pablo Torre": 3.393578869586289,
    "Morlanes": -2.1576926181772094,
    "Dani Rodríguez": -1.6316762506869198,
    "Antonio Sánchez": -3.0852936901935912,
    "Samú Costa": -0.6603709252012258,
    "Muriqi": 1.311513074794135,
    "Abdón": -3.0722432431404156,
    "Larin": -2.219194151206816,
    "Darder": -1.105312466799091,
    "Luna": null,
    "Cuéllar": null,
    "David López": null,
    "Mateu Morey": -3.016391496073967,
    "T. Asano": -2.780879116282231,
    "Leo Román": 3.6360801545162413,
    "M. Domenech": null,
    "L. Bergström": null,
    "Copete": -1.2623313900117283,
    "Van Der Heyden": null
  },
  "Barcelona": {
    "Iñaki Peña": -2.7470166142474994,
    "Ter Stegen": -3.245211140131965,
    "Araújo": -2.2432040746324766,
    "Álex Balde": 0.9727485846364514,
    "Christensen": -2.8470671205170106,
    "Eric García": -2.282974214838307,
    "Koundé": -0.5113717351020619,
    "De Jong": -0.552865468774022,
    "Pedri": -0.4066200237623385,
    "Gavi": -0.20265711181796098,
    "Oriol Romeu": null,
    "Raphinha": 1.519058767064907,
    "Lewandowski": 1.5229475269085357,
    "Ferran Torres": -1.431155993019595,
    "Iñigo Martínez": 0.888686458087995,
    "Casadó": -1.3485563984499405,
    "Fermín": -1.19189930219884,
    "Lamine Yamal": 2.624795754915543,
    "Pau Cubarsí": 0.003194098073833196,
    "Héctor Fort": null,
    "Dani Olmo": -1.108504411520439,
    "Szczesny": null,
    "Joan García": null,
    "Marc Bernal": null,
    "Gerard Martín": null,
    "R. Bardghji": null,
    "Rashford": null,
    "Pau Victor": -2.7631601303524933,
    "M. Rashford": null
  },
  "Valencia": {
    "Cristian Rivero": -2.7045219683155652,
    "Dimitrievski": -2.1910824324320233,
    "E. Cömert": -3.109572875783728,
    "Copete": -0.23549279566899006,
    "Diakhaby": -0.9098995297535994,
    "Foulquier": -2.0248485538408856,
    "Gayá": -1.6273483168090297,
    "Cenk Ozkacar": -3.140471366993658,
    "Thierry Correia": -2.691056442085382,
    "Jesús Vázquez": -3.111215377057852,
    "Javi Guerra": -0.8274120416227881,
    "Fran Pérez": -2.911156132630277,
    "Hugo Duro": -1.696905698600537,
    "Diego López": 0.3964372476050748,
    "Rioja": -1.230660072123535,
    "Alberto Marí": -3.172278155329522,
    "Almeida": -2.3481222108263977,
    "Guillamón": -2.981889802812898,
    "Agirrezabala": 2.843057859969411,
    "Pepelu": -1.0104138890551728,
    "Canós": -3.245189646789848,