{
  "Celta": {
    "Aspas": 1.2210656653337537,
    "Borja Iglesias": null,
    "Bryan Zaragoza": 4.298630428240169,
    "Pablo Durán": -1.7415043810613318,
    "Abdellaoui": null,
    "Ferran Jutglà": 1.936587047324534,
    "Fran Beltrán": -1.897242599024529,
    "Cervi": -3.054718831798209,
    "Swedberg": -2.484381621290499,
    "Sotelo": -2.6732875610381845,
    "Hugo González": null,
    "Hugo Álvarez": -2.4616551600931236,
    "Damián Rodríguez": -3.0417465489060547,
    "I. Moriba": 1.3311752883718775,
    "Miguel Román": null,
    "Manu Fernández": null,
    "Marcos Alonso": 1.3349787274436808,
    "Mingueza": 1.045673623945631,
    "Aidoo": -2.6672482208064063,
    "Carlos Domínguez": -2.2904879866483374,
    "Carreira": -1.4840155076546568,
    "Starfelt": 0.025979346043381035,
    "Ristić": -1.1096420395052098,
    "Javi Rodríguez": null,
    "Javi Rueda": null,
    "Yoel Lago": null,
    "Iván Villar": -2.426139466966881,
    "Marc Vidal": -2.689359150912929,
    "I. Radu": null,
    "Unai Núñez": null,
    "Manu Sánchez": null
  },
  "Getafe": {
    "Kiko Femenía": null,
    "Diego Rico": -1.3692556956039215,
    "Álex Sola": -2.900471306118557,
    "David Soria": 0.5782465806731141,
    "Djené": null,
    "Javi Muñoz": null,
    "Domingos Duarte": -2.302135211840217,
    "Juan Iglesias": -1.4030526655815945,
    "Juanmi": null,
    "Arambarri": -0.487020423211848,
    "Abqar": null,
    "Luis Milla": 1.8207388352488918,
    "Borja Mayoral": -1.0309007811161508,
    "Mario Martín": null,
    "Peter": -2.8520496680328633,
    "Neyou": null,
    "Uche": 0.5653585532850114,
    "Letacek": -2.4906138610191086,
    "Coba": 0.008768938471281906,
    "Adrian Liso": null,
    "Álex Sancris": null,
    "Davinchi": null,
    "Alderete": -0.04543591519061696,
    "Aleñá": null,
    "Juan Berrocal": -2.695278827968628,
    "Adam Aznou Ben Cheikh": null
  },
  "Athletic": {
    "Unai Simón": null,
    "Yeray": null,
    "Yuri": null,
    "Gorosabel": -2.405268403189531,
    "Lekue": -2.6904987957703796,
    "Areso": 1.3864879753237247,
    "Vivian": 0.2888575417897332,
    "Unai Gómez": null,
    "De Galarreta": -0.44369270835127317,
    "Vencedor": -3.0366752867683533,
    "Vesga": -2.676745013107662,
    "Robert Navarro": null,
    "Berenguer": 1.2888026538990793,
    "Iñaki Williams": 0.9327669093624369,
    "Guruzeta": -1.7608850290299904,
    "Nico Williams": null,
    "Paredes": -0.32458822497470896,
    "Sancet": -3.0571748338604654,
    "Prados": -3.163205125167856,
    "Nico Serrano": null,
    "Egiluz": null,
    "Padilla": null,
    "Jauregizar": 2.270277660808362,
    "Boiro": -2.5270838135427964,
    "Laporte": null,
    "Maroan Sannadi": 1.5667602771061828,
    "Urko Izeta": null,
    "Jesús Areso": null,
    "Íñigo Ruíz De Galarreta": null,
    "Dani Vivian": null,
    "Íñigo Lekue": null,
    "I. Williams": null,
    "Mikel Jauregizar": null,
    "Alex Berenguer": null,
    "Alejandro Rego": null,
    "Gorka Guruzeta": null,
    "Adama Boiro": null,
    "Mikel Vesga": null,
    "Andoni Gorosabel": null,
    "Á. Padilla": null,
    "M. Sannadi": null,
    "Jon De Luis": null,
    "Adu Ares": -3.2041386628070434,
    "Peio Canales": null,
    "Hugo Rincón": null,
    "Djaló": -2.8526497883240576
  },
  "Sevilla": {
    "Rafa Mir": null,
    "Alfon González": null,
    "Isaac Romero": -2.1287675049340704,
    "Lukebakio": -0.3771482068882337,
    "R. Vargas": null,
    "Ejuke": -2.347211019964246,
    "Peque": -2.909766461768193,
    "Iheanacho": null,
    "Akor Adams": null,
    "Gudelj": -1.5564561580957093,
    "A. Januzaj": null,
    "Jordán": null,
    "Juanlu": -2.10843787356243,
    "Manu Bueno": null,
    "Sow": -1.5089702965160545,
    "Agoumé": -1.4367750433214255,
    "Idumbo": null,
    "Carmona": -0.3128492020285978,
    "Marcão": -2.3319528104416176,
    "Pedrosa": -3.009413887711021,
    "Nianzou": -3.0310962709015787,
    "Kike Salas": -0.7714816090029664,
    "Badé": -3.0829184290199096,
    "Ramón": null,
    "G. Suazo": null,
    "Andrés Castrín": null,
    "Alberto Flores": null,
    "Nyland": -0.9930497284424078,
    "Vlachodimos": null,
    "Álvaro Fernández": null
  },
  "Espanyol": {
    "Dmitrovic": 0.1774391785874574,
    "Miguel Rubio": -2.832283841409311,
    "Terrats": -1.5222628662554083,
    "Kike García": -1.5652661333632523,
    "Carlos Romero": -0.983996928945885,
    "Ángel Fortuño": -2.621732293326473,
    "Fernando Calero": -2.7817597498149937,
    "L. Cabrera": -1.2867231305711102,
    "Rubén": -2.060646474990624,
    "O. El Hilali": -0.43648205024758857,
    "Pol Lozano": -2.340169151453275,
    "Pere Milla": -2.8302080508144645,
    "Edu Expósito": -0.3336768684945146,
    "Javier Hernandez": null,
    "Rafel Bauzà": null,
    "Javi Puado": 0.9068385716598071,
    "Jofre": -2.308416625327969,
    "Antoniu Roca": 0.10426477583074245,
    "Pablo Ramón": -0.26702116687103983,
    "Roberto Fernández": 0.5234474618374563,
    "José Salinas": -2.9959324634516116,
    "T. Dolan": -2.787869040063784,
    "Marcos Fernández": null,
    "Hugo Pérez": null,
    "José Gragera": -0.6017335231127907,
    "Justin Smith": null
  },
  "Atletico Madrid": {
    "Griezmann": 0.14148610742514833,
    "Giuliano": 1.6591682882597825,
    "Sørloth": -1.8772643732310579,
    "G. Raspadori": -1.7867023153047779,
    "Julián Alvarez": 0.5636724782726255,
    "Barrios": -2.1220038532495766,
    "Llorente": 0.7555410284502351,
    "Koke": -2.4261588296342507,
    "Álex Baena": 1.2193374461194617,
    "Carlos Martín": -2.8672205375027793,
    "Johnny Cardoso": 1.4214601970341745,
    "Gallagher": -1.7467980504549119,
    "Ruggeri": 0.4763354833113187,
    "Thiago Almada": 1.4951090319020643,
    "Giménez": -3.1297885853320384,
    "Le Normand": 0.9663801151891471,
    "Javi Galán": -2.209528067157429,
    "Molina": -2.1494814141366003,
    "Lenglet": -1.016902450993984,
    "Marc Pubill": -1.3330617488384489,
    "D. Hancko": 0.6042668009219598,
    "Oblak": 0.5097757118587287,
    "Musso": -2.4612126566740833,
    "E. Millot": null,
    "Lemar": -1.475353765098697,
    "Lino": -2.875004603008302,
    "De Paul": -2.148346230565934,
    "Saúl": null,
    "Moldovan": null,
    "C. Gallagher": -2.366453980539718,
    "M. Ruggeri": null,
    "T. Almada": null
  },
  "Elche": {
    "Víctor Chust": -2.7151081169609403,
    "Alejandro Iturbe": null,
    "Á. Rodríguez": -2.0164312431551035,
    "Germán Valera": -2.6177995567972734,
    "Dituro": -1.1694765440748212,
    "Jairo": -1.3673358873640185,
    "Bambo Diaby": -2.376353599421799,
    "Jonh Donald": -2.6809730181724722,
    "Bigas": null,
    "Álvaro Núñez": -2.3457506440149434,
    "Affengruber": 0.37007339789059124,
    "Aguado": -1.5691030365222236,
    "Aleix Febas": -0.13576050566902476,
    "Josan": -3.1926060876462437,
    "Rodrigo Mendoza": null,
    "El Ghezouani": -2.3657971296667246,
    "Yago": -1.903960591957199,
    "Adam Boayar": null,
    "Ali Houary": null,
    "Mati Barzic": null,
    "Rafa Núñez": null,
    "Werner": null,
    "L. Pétrot": -2.8361854049284707,
    "Martim Neto": -3.0824643574677846,
    "F. Redondo": null,
    "Mourad": -2.3883691293003495,
    "S. Kaba": 0,
    "Pejiño": 0
  },
  "Betis": {
    "Chimy Ávila": -2.40119246278534,
    "Ez Abde": -2.8664222894501434,
    "Fornals": -0.13079380436649135,
    "C. Bakambu": -2.144321884828282,
    "Cucho": 3.716901472630618,
    "Pablo García": null,
    "Riquelme": 2.9076189105418093,
    "Altimira": 0.06331435263182694,
    "Marc Roca": -3.139953427541553,
    "Isco": -3.1593032357072337,
    "Iker Losada": null,
    "G. Lo Celso": 2.376556798782836,
    "Nelson Deossa": -0.9699704085993632,
    "Mawuli Mensah": null,
    "Ruibal": -2.5821848615780407,
    "Bellerín": -1.6102088929674685,
    "Bartra": 0.6786874369608009,
    "R. Rodríguez": -2.5987237964173127,
    "Diego Llorente": -2.3610131231080467,
    "Natan": 0.9072406250009823,
    "Ángel Ortiz": null,