{
  "Girona": {
    "Stuani": -2.1238762705514502,
    "Tsygankov": -2.094941850498877,
    "Portu": -2.6263126114882573,
    "Jhon Solís": -2.24087390958263,
    "Abel Ruiz": -3.2822077541210692,
    "B. Miovski": -3.172278825673569,
    "Asprilla": -1.544148661871625,
    "Ricard Artero": null,
    "Lemar": 1.8318772868669786,
    "Joel Roca": null,
    "Yangel Herrera": -2.0315377169529025,
    "Iván Martín": -3.1373683186538215,
    "Jastin García": null,
    "Van De Beek": -3.266267859108518,
    "Valery": null,
    "Miguel Gutiérrez": -2.710231755151604,
    "David López": -2.4440928404837137,
    "Arnau": -2.3341565031892553,
    "Daley Blind": -2.775189744781592,
    "Hugo Rincón": null,
    "Antal": null,
    "Alejandro Francés": -2.851669146285063,
    "Krejcí": -1.9492990029398638,
    "Vitor Reis": null,
    "Gazzaniga": -0.6149542322073209,
    "Juan Carlos": -3.1222484187983235,
    "Krapyvtsov": -0.6778992044615739,
    "Fuidias": null,
    "G. Misehouy": null
  },
  "Rayo Vallecano": {
    "Lejeune": 0.2857650743463447,
    "Balliu": -2.09222737110325,
    "Chavarría": 2.1859861293120453,
    "Mumin": -2.7073583322717365,
    "Espino": -2.672532723173726,
    "Pathé Ciss": -0.9746262844132936,
    "Á. García": -1.0036522143472948,
    "Unai López": -2.209966425197274,
    "Luiz Felipe": null,
    "Ó. Valentín": -2.5315280877494906,
    "Nteka": -2.675628538204333,
    "Isi": 0.9001118131249708,
    "Trejo": -2.9801393770094275,
    "Camello": -2.6096577387525355,
    "Gumbau": -2.7652256928667684,
    "De Frutos": 0.845417422856376,
    "Cárdenas": -2.590541315640671,
    "Ratiu": 4.609446871299361,
    "A. Batalla": 2.508148368392127,
    "Pelayo": null,
    "Pedro Díaz": -1.1373511419535909,
    "Etienne Eto'o": null,
    "Samu Becerra": null,
    "Morro": null,
    "De Tomás": -3.0155423315523677
  },
  "Villarreal": {
    "Sergi Cardona": 1.4631192170006413,
    "Foyth": 1.044236591680181,
    "Comesaña": -0.9563123746317959,
    "Moleiro": null,
    "Parejo": -1.9002912658701465,
    "Pedraza": -2.92403256239403,
    "Yeremy Pino": -1.3959112986146494,
    "Denis Suárez": -2.927293120200647,
    "A. Danjuma": null,
    "Gerard": -2.321414528670429,
    "Ayoze Pérez": 0.5640294900449927,
    "Akhomach": -2.645878592708373,
    "Mouriño": 3.1372030415146135,
    "Altimira": null,
    "Rafa Marín": 0.7900870895473533,
    "Etta Eyong": null,
    "Conde": -1.0081070846138074,
    "Pape Gueye": -0.556324517625606,
    "Kambwala": -2.56516864078985,
    "N. Pépé": -0.47274595712211154,
    "Luíz Júnior": -0.3232189209652736,
    "Logan Costa": -3.299899885779667,
    "Juan Bernat": null,
    "Pau Navarro": null,
    "Pau Cabanes": null,
    "T. Buchanan": null,
    "Ilias Akhomach": -2.5043296434596685
  },
  "Real Oviedo": {
    "I. Chaira": null,
    "Alhassane": -1.2948143574059379,
    "Álex Forés": null,
    "D. Paraschiv": null,
    "F. Viñas": null,
    "Brandon": null,
    "S. Rondón": null,
    "L. Ilić": null,
    "K. Sibo": 0.87535310419804,
    "Santi Cazorla": null,
    "S. Colombatto": null,
    "Álex Cardero": null,
    "Yayo": null,
    "Borja Sánchez": null,
    "Alberto Reina": null,
    "Álvaro Lemos": null,
    "David Costas": -2.3093108075369684,
    "Nacho Vidal": -0.8250884886263465,
    "Dani Calvo": null,
    "Oier Luengo": -1.7631126642729256,
    "Lucas Ahijado": null,
    "Aarón Escandell": -0.5204639639110109,
    "Moldovan": null,
    "Alberto Del Moral": null,
    "Carlos Pomares": -2.6993612342979145,
    "Paulino": -2.7303871378924205,
    "César De La Hoz": -2.8793457823759305,
    "Alemão": 0
  },
  "Alaves": {
    "Rebbach": null,
    "Villalibre": -2.9892450700101825,
    "Mariano": null,
    "C. Vicente": 1.6490003157910715,
    "Toni Martínez": -1.6095694517770376,
    "Guevara": -2.748769316497146,
    "Benavidez": -3.1449443756567996,
    "Guridi": -1.9469522348287138,
    "Ibáñez": null,
    "Aleñá": null,
    "Blanco": -1.7894892927065364,
    "Calebe": null,
    "Maras": null,
    "Tenaglia": -1.2577473146823448,
    "Víctor Parada": null,
    "M. Diarra": -1.8778317025847535,
    "Hugo Novoa": -3.142339182138698,
    "Yusi": null,
    "Facundo Garcés": 1.0744785569862803,
    "Jonny Castro": null,
    "Raúl Fernández": null,
    "Sivera": -0.5613989703513123,
    "Adrián Rodríguez": null,
    "Mouriño": 2.594491586847858,
    "Panichelli": null,
    "Owono": -2.71039093966422,
    "Jonny Otto": 0
  },
  "Levante": {
    "Manu Sánchez": null,
    "Olasagasti": -1.9567920188053423,
    "Alfonso Pastor": null,
    "Primo": null,
    "Dela": 1.5775930385188541,
    "Unai Elgezabal": null,
    "Jorge Cabello": null,
    "Diego Pampín": null,
    "Brugui": null,
    "Oriol Rey": null,
    "Sergio Lozano": -2.4203934967155782,
    "Pablo Martínez": null,
    "Carlos Álvarez": null,
    "Iván Romero": -2.338781331836892,
    "José Luis Morales": null,
    "Carlos Espí": null,
    "Pablo Campos": null,
    "Víctor García": null,
    "Kevin Arriaga": null,
    "Óscar Clemente": null,
    "M. Moreno": null,
    "J. Toljan": null,
    "A. Matturro": null,
    "Koyalipou": null,
    "Cuñat": null,
    "Dani Martín": null
  },
  "Mallorca": {
    "Greif": -1.0089166937895522,
    "Mojica": -0.530245911418914,
    "Lato": -2.9930412756597025,
    "Maffeo": -1.3466639052250762,
    "Raíllo": 1.2434777297409605,
    "Valjent": 1.485362971058679,
    "Miquel Llabrés": null,
    "Mascarell": -2.740711864006329,
    "Pablo Torre": null,
    "Morlanes": -2.3302773387430364,
    "Dani Rodríguez": -1.2858272681061433,
    "Antonio Sánchez": -3.090176375737408,
    "Samú Costa": -0.7057401680020114,
    "Muriqi": 1.3143089800253582,
    "Abdón": -3.08523009661571,
    "Larin": -2.30362389954587,
    "Darder": -0.7795541039093634,
    "Luna": null,
    "Cuéllar": null,
    "David López": null,
    "Mateu Morey": null,
    "T. Asano": -2.7681066181895475,
    "Leo Román": 4.129241365216618,
    "M. Domenech": null,
    "L. Bergström": null,
    "Copete": -1.2623313900117283,
    "Van Der Heyden": null
  },
  "Barcelona": {
    "Raphinha": 1.8867279057517283,
    "Lewandowski": 1.1605312561843606,
    "Ferran Torres": -0.9996209155406222,
    "Lamine Yamal": 3.3887699879127764,
    "Rashford": null,
    "De Jong": -0.8798818906126327,
    "Pedri": -0.12600559958125812,
    "Gavi": -1.5250035269469775,
    "Oriol Romeu": null,
    "Casadó": -0.6864889475758695,
    "Fermín": -1.4978272031621942,
    "Dani Olmo": -1.2705988176764604,
    "Marc Bernal": null,
    "R. Bardghji": null,
    "Araújo": -2.532113933295954,
    "Álex Balde": 1.4886134888064673,
    "Christensen": -2.633689098599301,
    "Eric García": -2.456625809510815,
    "Koundé": -0.8810410191584683,
    "Iñigo Martínez": 1.395253911922345,
    "Pau Cubarsí": 0.8117611232262734,
    "Héctor Fort": null,
    "Gerard Martín": null,
    "Iñaki Peña": -2.747886724255655,
    "Ter Stegen": -3.270174638871226,
    "Szczesny": null,
    "Joan García": null,
    "Pau Victor": -2.7631601303524933,
    "M. Rashford": null
  },
  "Valencia": {
    "Cristian Rivero": -2.7767030602712017,
    "Dimitrievski": -2.1490083584285613,
    "E. Cömert": -3.0876103318047354,
    "Copete": null,
    "Diakhaby": -1.340487543347324,
    "Foulquier": null,
    "Gayá": -1.8325416557345098,
    "Cenk Ozkacar": -3.1166081349340513,
    "Thierry Correia": -2.547169921639758,
    "Jesús Vázquez": -3.0581360449264294,
    "Javi Guerra": -0.7839227540568428,
    "Fran Pérez": -2.8906875076665117,
    "Hugo Duro": -1.8296199935358026,
    "Diego López": 0.7029179225838789,
    "Rioja": -1.156660470017945,
    "Alberto Marí": -3.1303423452545998,
    "Almeida": -2.161133496322565,
    "Guillamón": -3.0000332406386,
    "Agirrezabala": null,
    "Pepelu": -1.735017874010314,
    "Canós": -3.1987257911167855,
    "Dani Raba": null,
    "Tárrega": 1.566137898055353,
    "N. Fonseca": null,
    "Giorgi Mamardashvili": null,
    "Cristhian Mosquera": null,
    "César Tárrega": null,