{
  "Barcelona": {
    "Iñaki Peña": -2.9746315556637426,
    "Ter Stegen": -2.263915426035301,
    "Araújo": -2.352640517423743,
    "Álex Balde": 3.8900697073025237,
    "Christensen": -2.921792509207466,
    "Eric García": -2.1111450693757416,
    "Koundé": 3.0379127683397567,
    "De Jong": 2.0051161112066618,
    "Pedri": 5.159931285915875,
    "Gavi": -1.457956454011855,
    "Oriol Romeu": null,
    "Raphinha": null,
    "Lewandowski": null,
    "Pau Victor": -2.419882614085278,
    "Ferran Torres": 1.780775426974901,
    "Iñigo Martínez": 4.535057335290493,
    "Casadó": 1.0944488975010103,
    "Fermín": 1.8351602597185934,
    "Lamine Yamal": null,
    "Pau Cubarsí": 4.615696039008821,
    "Héctor Fort": null,
    "Dani Olmo": 1.493104201200346,
    "Szczesny": null,
    "Joan García": null,
    "Marc Bernal": null,
    "Gerard Martín": null,
    "R. Bardghji": null
  },
  "Real Madrid": {
    "Vinicius Jr.": null,
    "Rodrygo": -2.237435467289628,
    "Á. Rodríguez": null,
    "K. Mbappé": null,
    "Endrick": -2.748109209899008,
    "Reinier": null,
    "Brahim": -2.477769579823774,
    "Bellingham": null,
    "Ceballos": -1.9377618266801844,
    "Camavinga": -1.9325232243168289,
    "Tchouaméni": 1.6412830566998826,
    "Valverde": 3.2931006727651813,
    "Arda Guler": 4.667191238212087,
    "Gonzalo García": null,
    "Mastantuono": null,
    "Carvajal": -1.9548988648689258,
    "Fran García": 1.6603025464031695,
    "Mendy": -3.1445806066699666,
    "Militão": -0.24639104246990673,
    "Alaba": -3.108153328087937,
    "Rudiger": -2.504496259334976,
    "Álvaro Carreras": null,
    "Jacobo": null,
    "Trent": null,
    "Raúl Asencio": -1.155972830178864,
    "D. Huijsen": null,
    "Courtois": 3.066379613407144,
    "Lunin": -2.971249911182916,
    "Álvaro Fernández": 0,
    "Franco": 0
  },
  "Atletico Madrid": {
    "Oblak": 3.734090432586057,
    "Giménez": -1.25063036951234,
    "Le Normand": 1.9101408795396235,
    "Javi Galán": -2.3555000104330093,
    "Molina": -2.6683242556907127,
    "Lenglet": -0.3387933833210566,
    "Barrios": 2.8707113374956794,
    "De Paul": -1.4364975648249234,
    "Lemar": -3.2205972124209503,
    "Llorente": 2.4103394384020316,
    "Saúl": null,
    "Koke": -2.7250885138124348,
    "Lino": -2.307790541438137,
    "Álex Baena": null,
    "Griezmann": null,
    "Giuliano": 3.9037174996502833,
    "Sørloth": 1.4393498828356277,
    "Carlos Martín": -3.0936942132029466,
    "Johnny Cardoso": null,
    "Moldovan": null,
    "C. Gallagher": -2.3890302871450664,
    "Julián Alvarez": null,
    "Musso": -3.1559327199350284,
    "M. Ruggeri": null,
    "T. Almada": null
  },
  "Athletic Club": {
    "Unai Simón": 3.2958884975882174,
    "Yeray": -2.1400437670908268,
    "Yuri": -0.23270523760379191,
    "Gorosabel": -1.5800343493942104,
    "Lekue": null,
    "Vivian": 3.3232448894872757,
    "Unai Gómez": -2.699951678306134,
    "De Galarreta": -0.09874630836635978,
    "Vencedor": null,
    "Vesga": -3.1733731450650726,
    "Robert Navarro": null,
    "Adu Ares": null,
    "Berenguer": 0.9678270252674315,
    "Iñaki Williams": 2.722754052273335,
    "Guruzeta": -1.433731466281074,
    "Nico Williams": null,
    "Paredes": 0.4734217254392714,
    "Sancet": 4.51939679119151,
    "Prados": -2.44269821802392,
    "Nico Serrano": null,
    "Egiluz": null,
    "Hugo Rincón": null,
    "Á. Padilla": null,
    "Jauregizar": 8.493628359822925,
    "Boiro": null,
    "Djaló": -2.7709980648292,
    "Maroan Sannadi": 6.022574563965222,
    "Peio Canales": null,
    "Urko Izeta": null,
    "De Marcos": null,
    "Unai Núñez": null,
    "Aitor Paredes": null,
    "Ruíz De Galarreta": null,
    "Mikel Jauregizar": null,
    "Álex Berenguer": null,
    "Beñat Prados": null,
    "Dani Vivian": null,
    "Oihan Sancet": null,
    "I. Williams": null,
    "Adama Boiro": null,
    "Gorka Guruzeta": null,
    "Mikel Vesga": null,
    "Julen Agirrezabala": null,
    "Andoni Gorosabel": null,
    "Álvaro Djaló": null
  },
  "Villarreal": {
    "Sergi Cardona": 0.4973265547519645,
    "Foyth": 2.2894615038513866,
    "Comesaña": -1.0298252604894143,
    "Moleiro": null,
    "Parejo": -1.4669801135729021,
    "Pedraza": -2.7430586956790903,
    "Yeremy Pino": 1.069587160872909,
    "Denis Suárez": -3.017016016477536,
    "A. Danjuma": null,
    "Gerard": -1.6466604772595317,
    "Ayoze Pérez": null,
    "Ilias Akhomach": -2.4394194229312216,
    "Altimira": null,
    "Rafa Marín": null,
    "Etta Eyong": null,
    "Conde": 0.40455047130254496,
    "Pape Gueye": -0.5991579710772021,
    "Kambwala": -2.7212719321049295,
    "N. Pépé": -0.6620641399046501,
    "Luíz Júnior": -0.43485530815448037,
    "Logan Costa": -2.0387195409524383,
    "Juan Bernat": null,
    "Pau Navarro": null,
    "Pau Cabanes": null
  },
  "Betis": {
    "Valles": null,
    "Ruibal": -2.8902239088688275,
    "Borja Iglesias": null,
    "Chimy Ávila": -2.7970139629868607,
    "Rodrigo Riquelme": null,
    "Héctor Bellerín": -2.7168060505340375,
    "Altimira": -1.0814871175742091,
    "Marc Roca": -2.635726779158798,
    "Abde": 1.3119750120796692,
    "Bartra": -0.16484554560903808,
    "Isco": null,
    "Vieites": 0.22848126556080928,
    "Nobel Mendy": null,
    "Pablo Fornals": -1.2713594888009272,
    "C. Bakambu": -2.4914914118510323,
    "R. Rodríguez": null,
    "Perraud": -2.807546431968566,
    "Diego Llorente": -2.1157615327846546,
    "Iker Losada": null,
    "Adrián": -2.201297569771521,
    "Natan": null,
    "G. Lo Celso": 4.096594937613163,
    "Ángel Ortiz": null,
    "Cucho": 1.9410404692289163,
    "Pablo García": null,
    "G. Petit": null
  },
  "Celta": {
    "Marcos Alonso": 0.9127605068286693,
    "Iván Villar": -2.511938019192095,
    "Mingueza": 1.971177770506305,
    "Aidoo": null,
    "Carlos Domínguez": -2.9710165930782906,
    "Fran Beltrán": -2.129459862039995,
    "Cervi": -3.084669463943346,
    "Swedberg": -2.609256352005984,
    "Sotelo": -2.8586565545378195,
    "Aspas": null,
    "Unai Núñez": null,
    "Manu Sánchez": null,
    "Carreira": null,
    "Starfelt": -1.551908331105889,
    "Ristić": -2.4479280928174307,
    "Javi Rodríguez": -0.037225693173426055,
    "Hugo Álvarez": -2.659132293402744,
    "Damián Rodríguez": -3.182119635727376,
    "I. Moriba": null,
    "Marc Vidal": null,
    "Pablo Durán": -1.3123944793129505,
    "Javi Rueda": null,
    "Abdellaoui": null,
    "Yoel Lago": -0.6444723890466797,
    "I. Radu": null,
    "Ferran Jutglà": null
  },
  "Rayo Vallecano": {
    "Lejeune": 0.6786045987578593,
    "Balliu": -2.51863870049438,
    "Chavarría": 1.3925251502646674,
    "Mumin": -2.5151245492519125,
    "Espino": -2.840964467605378,
    "Pathé Ciss": -1.6547669289148415,
    "Á. García": 0.34626642142026043,
    "Unai López": -2.4197014144509477,
    "Luiz Felipe": null,
    "Ó. Valentín": -2.7323377420844452,
    "Nteka": -2.8541997809974795,
    "Isi": 2.434564464451072,
    "Trejo": null,
    "Camello": -2.377971762548736,
    "Gumbau": null,
    "De Frutos": 0.7305684947877422,
    "Cárdenas": -2.8618636200603453,
    "Ratiu": 8.892037396203655,
    "A. Batalla": null,
    "Pelayo": null,
    "Pedro Díaz": -2.0141992879725734,
    "E. Etoo": null,
    "Morro": null,
    "De Tomás": -3.0155423315523677
  },
  "Osasuna": {
    "Aitor Fernández": -2.873496916617002,
    "S. Herrera": 2.1907107427726613,
    "Juan Cruz": -2.5971853993081773,
    "Areso": -1.3729908101550614,
    "Catena": -1.0684729669377946,
    "Herrando": -3.0499085755586575,
    "Rubén García": -0.5963392157230296,
    "Moi Gómez": -2.932742724409587,
    "Moncayola": -2.2859609037700235,
    "Iker Muñoz": -3.132249205137261,
    "Torró": -1.9351101245885016,
    "Kike Barja": -3.0876306297488387,
    "Budimir": null,
    "Aimar Oroz": 1.0154903613345034,
    "Raúl": -3.071513001131365,
    "Stamatakis": null,
    "F. Boyomo": 1.1074773674422778,
    "Rosier": null,
    "Abel Bretones": -2.505902502429491,
    "Ander Yoldi": null,