{
  "Barcelona": {
    "Iñaki Peña": -2.981809597299223,
    "Ter Stegen": -2.518008806050853,
    "Araújo": -1.9961567568962169,
    "Álex Balde": 4.335393168790902,
    "Christensen": -3.0194637180470107,
    "Eric García": -2.4799132365572407,
    "Koundé": 1.5516420854711166,
    "De Jong": 1.2138093007656003,
    "Pedri": 2.706458048599303,
    "Gavi": -1.5374758715210213,
    "Oriol Romeu": null,
    "Raphinha": null,
    "Lewandowski": null,
    "Pau Victor": -2.088084686483682,
    "Ferran Torres": -0.09932892960085038,
    "Iñigo Martínez": 4.1445488541807185,
    "Casadó": 0.5835138784932026,
    "Fermín": 0.3720278042295133,
    "Lamine Yamal": null,
    "Pau Cubarsí": 4.012304289118007,
    "Héctor Fort": null,
    "Dani Olmo": 0.0703158570419582,
    "Szczesny": null,
    "Joan García": null,
    "Marc Bernal": null,
    "Gerard Martín": null,
    "R. Bardghji": null,
    "M. Rashford": null
  },
  "Real Madrid": {
    "Vinicius Jr.": null,
    "Rodrygo": -2.2876819781575963,
    "Á. Rodríguez": null,
    "K. Mbappé": null,
    "Endrick": -3.009415591556708,
    "Reinier": null,
    "Brahim": -2.379616538397178,
    "Bellingham": null,
    "Ceballos": -1.8684339962921404,
    "Camavinga": -2.341199476129452,
    "Tchouaméni": 0.3167999003350408,
    "Valverde": 1.5244260679706523,
    "Arda Guler": 5.011904488894348,
    "Gonzalo García": null,
    "Mastantuono": null,
    "Carvajal": -1.8000726693289115,
    "Fran García": 0.23016324075078032,
    "Mendy": -3.1734901957303663,
    "Militão": -0.9846857026207578,
    "Alaba": -3.1783086090037216,
    "Rudiger": -2.2059162417232714,
    "Álvaro Carreras": null,
    "Jacobo": null,
    "Trent": null,
    "Raúl Asencio": null,
    "D. Huijsen": null,
    "Courtois": 2.88589308270224,
    "Lunin": -3.0079213689936934,
    "Álvaro Fernández": null,
    "Franco": null
  },
  "Atletico Madrid": {
    "Oblak": 2.7789073836119282,
    "Giménez": -1.244339246805426,
    "Le Normand": 1.86418536333941,
    "Javi Galán": -2.3289649810371738,
    "Molina": -2.7589448729323562,
    "Lenglet": -0.9100972950122022,
    "Barrios": 2.965170533805783,
    "De Paul": -2.148346230565934,
    "Lemar": -3.076945453067914,
    "Llorente": 2.1639235772899834,
    "Saúl": null,
    "Koke": -2.812794769121496,
    "Lino": -2.5113653620494003,
    "Álex Baena": null,
    "Griezmann": null,
    "Giuliano": 2.9136256853372844,
    "Sørloth": -0.1612216513417697,
    "Carlos Martín": -3.049244394281958,
    "Johnny Cardoso": null,
    "Moldovan": null,
    "C. Gallagher": -2.366453980539718,
    "Julián Alvarez": null,
    "Musso": -2.984454262353342,
    "M. Ruggeri": null,
    "T. Almada": null
  },
  "Athletic": {
    "Unai Simón": 2.799318698928488,
    "Yeray": -2.278574722864235,
    "Yuri": -1.1821203191835439,
    "Gorosabel": -1.879011587614543,
    "Lekue": null,
    "Vivian": 3.1369662922295705,
    "Unai Gómez": -2.5825243011486143,
    "De Galarreta": -0.7467762082952856,
    "Vencedor": -3.145364661597494,
    "Vesga": -2.9079084163162294,
    "Robert Navarro": null,
    "Adu Ares": -3.1404965853994993,
    "Berenguer": -0.07694755402745113,
    "Iñaki Williams": 1.8034264940467448,
    "Guruzeta": -1.7793875453496089,
    "Nico Williams": 6.5006780731665215,
    "Paredes": -1.2491721073587758,
    "Sancet": 4.288695270832621,
    "Prados": -2.269837346080128,
    "Nico Serrano": -3.160388908590439,
    "Egiluz": null,
    "Hugo Rincón": null,
    "Á. Padilla": null,
    "Jauregizar": 6.794508388421083,
    "Boiro": null,
    "Djaló": -2.8526497883240576,
    "Maroan Sannadi": 5.1171586488164555,
    "Peio Canales": null,
    "Urko Izeta": null
  },
  "Villarreal": {
    "Yeremy Pino": -0.7320222549799249,
    "A. Danjuma": null,
    "Gerard": -1.8988705006552031,
    "Ayoze Pérez": null,
    "Ilias Akhomach": -2.5043296434596685,
    "Etta Eyong": null,
    "N. Pépé": -0.5226219976411484,
    "Pau Cabanes": null,
    "Comesaña": -1.0646761608545496,
    "Moleiro": null,
    "Parejo": -1.8852744583792935,
    "Denis Suárez": -3.1546957132760345,
    "Pape Gueye": -1.0003777131268765,
    "Sergi Cardona": -0.03315793846917492,
    "Foyth": 1.2706158316302174,
    "Pedraza": -2.864052656323457,
    "Altimira": null,
    "Rafa Marín": null,
    "Kambwala": -2.5544188497708564,
    "Logan Costa": -2.7332021170412,
    "Juan Bernat": null,
    "Pau Navarro": null,
    "Conde": -1.0782264086204973,
    "Luíz Júnior": -0.852332468444239
  },
  "Betis": {
    "Valles": null,
    "Ruibal": -2.8833470777636427,
    "Borja Iglesias": null,
    "Chimy Ávila": -2.683367034110362,
    "Rodrigo Riquelme": null,
    "Héctor Bellerín": -2.734103454707082,
    "Altimira": 0.4883629845235271,
    "Marc Roca": -2.890524152011187,
    "Abde": 0.686583335255464,
    "Bartra": null,
    "Isco": null,
    "Vieites": 0.4584245953309418,
    "Nobel Mendy": null,
    "Pablo Fornals": -1.6503893161659566,
    "C. Bakambu": -2.3270428271415455,
    "R. Rodríguez": null,
    "Perraud": -2.6848772625955752,
    "Diego Llorente": -2.149283011368286,
    "Iker Losada": null,
    "Adrián": -2.2202816265997627,
    "Natan": null,
    "Pau López": null,
    "G. Lo Celso": 3.5299306827111687,
    "Ángel Ortiz": null,
    "Cucho": null,
    "Pablo García": null,
    "Junior Firpo": null,
    "G. Petit": null,
    "V. Gómez": null
  },
  "Celta": {
    "Marcos Alonso": 1.4858860043319044,
    "Iván Villar": -2.6585612939494685,
    "Mingueza": 2.47050874414656,
    "Aidoo": null,
    "Carlos Domínguez": -2.9601664342562173,
    "Fran Beltrán": -2.4078599184527816,
    "Cervi": -2.9653398904257777,
    "Swedberg": -2.4729488339896966,
    "Sotelo": -2.8391003621224598,
    "Aspas": null,
    "Unai Núñez": null,
    "Manu Sánchez": null,
    "Carreira": null,
    "Starfelt": -1.4945297909446542,
    "Ristić": -2.122250516396018,
    "Javi Rodríguez": null,
    "Hugo Álvarez": -2.6453388969695735,
    "Damián Rodríguez": -3.1129515308832456,
    "I. Moriba": null,
    "Marc Vidal": null,
    "Pablo Durán": -1.3262770045693872,
    "Javi Rueda": null,
    "Abdellaoui": null,
    "Yoel Lago": null,
    "I. Radu": null,
    "Ferran Jutglà": null
  },
  "Rayo Vallecano": {
    "Lejeune": 0.8767621787764579,
    "Balliu": null,
    "Chavarría": 1.0098962824726776,
    "Mumin": -2.4285560554371366,
    "Espino": -2.5725255533718627,
    "Pathé Ciss": -1.2552359350517461,
    "Á. García": 0.43594524364307663,
    "Unai López": -2.574198743475753,
    "Luiz Felipe": null,
    "Ó. Valentín": -2.670916618752184,
    "Nteka": -2.6310525506953786,
    "Isi": 2.5610150305692914,
    "Trejo": null,
    "Camello": -2.19543901182081,
    "Gumbau": null,
    "De Frutos": 0.8307249644684767,
    "Cárdenas": -2.735197850586768,
    "Ratiu": 7.413834802456831,
    "A. Batalla": null,
    "Pelayo": null,
    "Pedro Díaz": -1.9379343843634267,
    "E. Etoo": null,
    "Samu Becerra": null,
    "Morro": null,
    "De Tomás": -3.0155423315523677
  },
  "Osasuna": {
    "Aitor Fernández": -2.9440576215567726,
    "S. Herrera": 2.0531532127983976,
    "Juan Cruz": -2.8271349930492073,
    "Areso": -0.8851388742899924,
    "Catena": -1.1384003131865605,
    "Herrando": -3.080241237484338,
    "Rubén García": -0.8972552698148673,
    "Moi Gómez": -2.624121365340226,
    "Moncayola": -2.8969464469858597,
    "Iker Muñoz": -3.021659098488927,
    "Torró": -1.8683179590504473,
    "Kike Barja": -3.098139540015732,
    "Budimir": 0.34009038365347966,
    "Aimar Oroz": -0.256850391129293,
    "Raúl": -3.1606606331477716,
    "Stamatakis": null,
    "F. Boyomo": 1.7625216535854138,
    "Rosier": null,
    "Abel Bretones": -2.312767685651418,
    "Ander Yoldi": null,
    "Benito": null,
    "Víctor Muñoz": null
  },
  "Mallorca": {
    "Greif": -0.15895665036229634,
    "Copete": -1.5241385185664424,
    "Mojica": 0.868637405210948,
    "Lato": -3.0655340086669036,
    "Maffeo": -1.366454901133718,
    "Raíllo": 1.788375685709842,
    "Valjent": 2.1888302861125863,