{
  "Barcelona": {
    "Iñaki Peña": -2.7861702701099333,
    "Ter Stegen": -2.7054096241350134,
    "Araújo": -2.228120992995164,
    "Álex Balde": 2.000102758199551,
    "Christensen": -2.9882007959226464,
    "Eric García": -2.4582367376054015,
    "Koundé": 0.4191737321570299,
    "De Jong": 0.41110029967510453,
    "Pedri": 0.39496465222035315,
    "Gavi": -1.9778063290186387,
    "Oriol Romeu": null,
    "Raphinha": 4.103330689833551,
    "Lewandowski": 2.3579203866100906,
    "Pau Victor": -2.717557312472474,
    "Ferran Torres": -1.5816442727524804,
    "Iñigo Martínez": 2.5171898244538804,
    "Casadó": 0.01630946925510468,
    "Fermín": 0.12103328850907591,
    "Lamine Yamal": 5.5498321711975995,
    "Pau Cubarsí": 2.4654677473216147,
    "Héctor Fort": null,
    "Dani Olmo": -1.51111448016924,
    "Szczesny": null,
    "Joan García": null,
    "Marc Bernal": null,
    "Gerard Martín": null,
    "R. Bardghji": null,
    "Rashford": null,
    "M. Rashford": null
  },
  "Real Madrid": {
    "Reinier": null,
    "Courtois": 1.1141977388395619,
    "Lunin": -3.0240133377034795,
    "Carvajal": -1.900697804963003,
    "Fran García": -0.4849565795333799,
    "Mendy": -3.1092692968254565,
    "Militão": -1.5336021770401609,
    "Alaba": -3.0677984955155946,
    "Rudiger": -2.3810533667765643,
    "Brahim": -2.5379347038874456,
    "Bellingham": -2.278795095670405,
    "Ceballos": -2.067750607300356,
    "Camavinga": -1.8283440546229768,
    "Tchouaméni": -1.161523625035954,
    "Valverde": -0.10804424065331553,
    "Vinicius Jr.": 2.378898337409696,
    "Rodrygo": -2.1218657371220306,
    "Arda Guler": 2.9278421061472715,
    "Carreras": null,
    "Gonzalo": null,
    "Mbappé": 2.8941900020520217,
    "Trent": null,
    "Endrick": -2.8972828957471775,
    "Raúl Asencio": null,
    "Huijsen": null,
    "Mastantuono": null,
    "Á. Rodríguez": null,
    "K. Mbappé": null,
    "Gonzalo García": null,
    "Álvaro Carreras": null,
    "Jacobo": null,
    "D. Huijsen": null,
    "Álvaro Fernández": 0
  },
  "Atletico Madrid": {
    "Oblak": 1.3017375283410848,
    "Giménez": -1.9533243747573037,
    "Le Normand": 0.8202474395261339,
    "Javi Galán": -2.4898056903413845,
    "Molina": -2.7318247023580544,
    "Lenglet": -1.417375114914865,
    "Barrios": 2.1277089498541013,
    "Lemar": -2.520364971490663,
    "Llorente": 1.2386613707619842,
    "Koke": -2.8868491590704592,
    "Lino": -2.7641129387216856,
    "Álex Baena": null,
    "Griezmann": -1.6966849156805353,
    "Giuliano": 3.495740140998538,
    "Sørloth": -1.308509673210334,
    "Carlos Martín": -2.904785846962643,
    "Marc Pubill": null,
    "Johnny Cardoso": 3.050919405442798,
    "Gallagher": -2.5788429605740237,
    "D. Hancko": null,
    "Julián Alvarez": 2.9170489372090547,
    "Musso": -2.7001512392952454,
    "Ruggeri": null,
    "Thiago Almada": null,
    "De Paul": -2.148346230565934,
    "Saúl": null,
    "Moldovan": null,
    "C. Gallagher": -2.366453980539718,
    "M. Ruggeri": null,
    "T. Almada": null
  },
  "Athletic": {
    "Unai Simón": 0.8179844033284311,
    "Yeray": -2.3783404159000265,
    "Yuri": -1.1819653661234164,
    "Gorosabel": -2.616095585601874,
    "Lekue": null,
    "Areso": 1.5747067388185432,
    "Vivian": 2.0014503568214215,
    "Unai Gómez": -2.660344699386652,
    "De Galarreta": -0.7673650520138686,
    "Vencedor": -2.992888888031886,
    "Vesga": -2.7164120195975916,
    "Robert Navarro": null,
    "Adu Ares": -3.13567813557184,
    "Berenguer": -1.021136995416061,
    "Iñaki Williams": 0.6746649668813554,
    "Guruzeta": -2.212484459442954,
    "Nico Williams": 3.438749344968106,
    "Paredes": -1.465386912462796,
    "Sancet": 2.3745062263598626,
    "Prados": -2.249203887672002,
    "Nico Serrano": -3.1430777127013587,
    "Egiluz": null,
    "Hugo Rincón": null,
    "Padilla": null,
    "Jauregizar": 5.03702679210607,
    "Boiro": null,
    "Laporte": null,
    "Maroan Sannadi": 3.5021784604005513,
    "Peio Canales": null,
    "Urko Izeta": null,
    "Á. Padilla": null,
    "Djaló": -2.8526497883240576
  },
  "Villarreal": {
    "Sergi Cardona": 0.864951045717155,
    "Foyth": 1.4869464148182354,
    "Comesaña": -1.278117616394292,
    "Moleiro": null,
    "Parejo": -1.978523264709986,
    "Pedraza": -2.728085501198818,
    "Yeremy Pino": -1.022295680594476,
    "Denis Suárez": -2.940606461928652,
    "A. Danjuma": null,
    "Gerard": -1.8496501126916476,
    "Ayoze Pérez": 1.493532963301858,
    "Akhomach": -2.53414285086192,
    "Altimira": null,
    "Rafa Marín": null,
    "Etta Eyong": null,
    "Conde": -1.0949777040087816,
    "Pape Gueye": -1.1365546143366378,
    "Kambwala": -2.4056695230886715,
    "N. Pépé": -1.3728785619290806,
    "Luíz Júnior": -0.9018448383577016,
    "Logan Costa": -3.197767849968658,
    "Juan Bernat": null,
    "Pau Navarro": null,
    "Pau Cabanes": null,
    "T. Buchanan": null,
    "Ilias Akhomach": -2.5043296434596685
  },
  "Betis": {
    "Valles": null,
    "Ruibal": -2.6788744833161737,
    "Borja Iglesias": null,
    "Chimy Ávila": -2.738299917103615,
    "Riquelme": null,
    "Bellerín": -2.454905806645735,
    "Altimira": 1.0568961133835097,
    "Marc Roca": -2.8064066344590355,
    "Ez Abde": -0.5504336078812067,
    "Bartra": null,
    "Isco": 2.352540874282938,
    "Vieites": 0.6615819524383282,
    "Nobel Mendy": null,
    "Fornals": -1.478469761756307,
    "C. Bakambu": -2.4053219048997043,
    "R. Rodríguez": null,
    "Perraud": -2.5950100245517027,
    "Diego Llorente": -2.2287878786510396,
    "Iker Losada": null,
    "Adrián": -2.411401247979572,
    "Natan": null,
    "Pau López": null,
    "G. Lo Celso": 2.7687114767966925,
    "Ángel Ortiz": null,
    "Cucho": null,
    "Pablo García": null,
    "Junior Firpo": null,
    "G. Petit": null,
    "Valentín": null,
    "Rodrigo Riquelme": null,
    "Héctor Bellerín": -2.930551329511344,
    "Abde": -0.28658982747277184,
    "Pablo Fornals": -1.739611355898063,
    "V. Gómez": null
  },
  "Celta": {
    "Marcos Alonso": 1.1926935304746644,
    "Iván Villar": -2.6034696978947225,
    "Mingueza": 1.3206040098400207,
    "Aidoo": null,
    "Carlos Domínguez": -2.9104962275799617,
    "Fran Beltrán": -2.3162954932446134,
    "Cervi": -3.042882013176562,
    "Swedberg": -2.4311963045146157,
    "Sotelo": -2.752413041001356,
    "Aspas": null,
    "Carreira": null,
    "Starfelt": -1.0500830186317645,
    "Hugo González": null,
    "Ristić": -1.7824482266889263,
    "Javi Rodríguez": null,
    "Hugo Álvarez": -2.55670967421483,
    "Damián Rodríguez": -3.0012543401301994,
    "I. Moriba": null,
    "Marc Vidal": null,
    "Pablo Durán": -1.3966289247093755,
    "Javi Rueda": null,
    "Abdellaoui": null,
    "Yoel Lago": null,
    "I. Radu": null,
    "Ferran Jutglà": null,
    "Unai Núñez": null,
    "Manu Sánchez": null
  },
  "Rayo Vallecano": {
    "Lejeune": 1.178548738783869,
    "Balliu": null,
    "Chavarría": 1.329815917837096,
    "Mumin": -2.626572435720209,
    "Espino": -2.6137498733297626,
    "Pathé Ciss": -1.239933184423303,
    "Á. García": 0.4403924012582161,
    "Unai López": -2.407082140478134,
    "Luiz Felipe": null,
    "Ó. Valentín": -2.561427822631346,
    "Nteka": -2.5894006445267626,
    "Isi": 1.1689692008050256,
    "Trejo": -2.829796779920646,
    "Camello": -2.4422036317209073,
    "Gumbau": null,
    "De Frutos": 0.26770261400335116,
    "Cárdenas": -2.722643657186552,
    "Ratiu": 5.792450903150659,
    "A. Batalla": 3.5573656505588636,
    "Pelayo": null,
    "Pedro Díaz": -1.8181143850960924,
    "Etienne Eto'o": null,
    "Samu Becerra": null,
    "Morro": null,
    "De Tomás": -3.0155423315523677
  },
  "Osasuna": {
    "Aitor Fernández": -2.9386453202534857,
    "S. Herrera": 1.2267752489305117,
    "Juan Cruz": -2.56545932196921,
    "Catena": -0.9335512641401755,
    "Herrando": -2.967554752032564,
    "Rubén García": -1.4519180987194513,
    "Moi Gómez": -2.720883874448865,
    "Moncayola": -2.36087757477329,