{
  "Girona": {
    "Gazzaniga": -0.40760147369311994,
    "Juan Carlos": -3.0656416061645486,
    "Miguel Gutiérrez": -2.5776369635356677,
    "David López": -2.371222682451779,
    "Ricard Artero": null,
    "Lemar": 3.0428774687054405,
    "Joel Roca": null,
    "Stuani": -1.869523876226098,
    "Tsygankov": -2.159205080201665,
    "Arnau": -2.251829644652148,
    "Portu": -2.6535334585916948,
    "Daley Blind": -2.622590819291526,
    "Yangel Herrera": -1.6347069910146783,
    "Iván Martín": -3.1142116405811215,
    "Jhon Solís": -2.083230617080578,
    "Hugo Rincón": null,
    "Antal": null,
    "Abel Ruiz": -3.270655853352167,
    "Van De Beek": -3.2719318909219752,
    "Alejandro Francés": -2.673242592152847,
    "B. Miovski": -2.987294785025618,
    "Asprilla": -0.8221876118876814,
    "Krejcí": -1.5176018053028373,
    "Krapyvtsov": -0.726106177379604,
    "Vitor Reis": null,
    "Jastin García": null,
    "Valery": null,
    "Fuidias": null,
    "G. Misehouy": null
  },
  "Rayo Vallecano": {
    "Lejeune": 0.4370526565708799,
    "Balliu": -2.0376925864570516,
    "Chavarría": 2.8169563068524583,
    "Mumin": -2.7946946152659358,
    "Espino": -2.640504064014426,
    "Pathé Ciss": -0.6117245621183987,
    "Á. García": -0.5794161460058511,
    "Unai López": -2.2740540660141195,
    "Luiz Felipe": null,
    "Ó. Valentín": -2.494732670187938,
    "Nteka": -2.5465194309043815,
    "Isi": 0.8316421700235388,
    "Trejo": -2.964591456437149,
    "Camello": -2.545771632657323,
    "Gumbau": -2.981862167504612,
    "De Frutos": 0.8925724147917258,
    "Cárdenas": -2.085187149601331,
    "Ratiu": 4.311245753009274,
    "A. Batalla": 2.5509568562547935,
    "Pelayo": null,
    "Pedro Díaz": -1.320777462429934,
    "Etienne Eto'o": null,
    "Samu Becerra": null,
    "Morro": null,
    "De Tomás": -3.0155423315523677
  },
  "Villarreal": {
    "Yeremy Pino": -0.5286500365826341,
    "A. Danjuma": null,
    "Gerard": -2.2677777488213313,
    "Ayoze Pérez": 1.0979261035522603,
    "Akhomach": -2.416538626850362,
    "Etta Eyong": null,
    "N. Pépé": -0.7571717513174314,
    "Pau Cabanes": null,
    "Comesaña": -0.8932810722328988,
    "Moleiro": null,
    "Parejo": -1.799208838167854,
    "Denis Suárez": -2.9817420646539694,
    "Pape Gueye": -0.5358608381221264,
    "T. Buchanan": null,
    "Sergi Cardona": 1.0228562953485287,
    "Foyth": 1.0250746012976597,
    "Pedraza": -2.799984772652331,
    "Mouriño": 3.5407665318292425,
    "Altimira": null,
    "Rafa Marín": 1.4534525190739611,
    "Kambwala": -2.6216339854472803,
    "Logan Costa": -3.3265125352124447,
    "Juan Bernat": null,
    "Pau Navarro": null,
    "Conde": -1.5367030603149479,
    "Luíz Júnior": 0.3955257238305254,
    "Ilias Akhomach": -2.5043296434596685
  },
  "Real Oviedo": {
    "Aarón Escandell": -0.405394121023106,
    "Moldovan": null,
    "L. Ilić": null,
    "I. Chaira": null,
    "Alhassane": -1.1622060781415477,
    "Álex Forés": null,
    "Álvaro Lemos": null,
    "David Costas": -2.2781998201312104,
    "Nacho Vidal": 0.12824628316867592,
    "Dani Calvo": null,
    "Oier Luengo": -1.4973399877906801,
    "Lucas Ahijado": null,
    "K. Sibo": 1.8940364550178446,
    "Santi Cazorla": null,
    "S. Colombatto": null,
    "Álex Cardero": null,
    "D. Paraschiv": null,
    "F. Viñas": null,
    "Yayo": null,
    "Brandon": null,
    "Borja Sánchez": null,
    "S. Rondón": null,
    "Alberto Reina": null,
    "Alberto Del Moral": null,
    "Carlos Pomares": -2.6993612342979145,
    "Paulino": -2.7303871378924205,
    "César De La Hoz": -2.8793457823759305,
    "Alemão": 0
  },
  "Alaves": {
    "Raúl Fernández": null,
    "Sivera": -0.2702179101539137,
    "Maras": null,
    "Guevara": -2.9064274632008114,
    "Benavidez": -3.1672276170025326,
    "Guridi": -1.4665591780422926,
    "Ibáñez": null,
    "Aleñá": null,
    "Rebbach": null,
    "Villalibre": -2.9748385010563982,
    "Blanco": -1.4203386272685026,
    "Adrián Rodríguez": null,
    "Tenaglia": -1.0038675573768474,
    "Mariano": null,
    "Víctor Parada": null,
    "C. Vicente": 1.519442877599042,
    "M. Diarra": -1.1958627837340807,
    "Hugo Novoa": -3.087178428004378,
    "Toni Martínez": -1.2455967286926106,
    "Yusi": null,
    "Facundo Garcés": 0.2962982581304008,
    "Jonny Castro": null,
    "Calebe": null,
    "Mouriño": 2.594491586847858,
    "Panichelli": null,
    "Owono": -2.71039093966422,
    "Jonny Otto": 0
  },
  "Levante": {
    "Manu Sánchez": null,
    "Olasagasti": -1.6480536627303422,
    "Alfonso Pastor": null,
    "Primo": null,
    "Dela": 2.480446894984323,
    "Unai Elgezabal": null,
    "Jorge Cabello": null,
    "Diego Pampín": null,
    "Brugui": null,
    "Oriol Rey": null,
    "Sergio Lozano": -2.3578098444219653,
    "Pablo Martínez": null,
    "Carlos Álvarez": null,
    "Iván Romero": -1.9265697813171223,
    "José Luis Morales": null,
    "Carlos Espí": null,
    "Pablo Campos": null,
    "Víctor García": null,
    "Kevin Arriaga": null,
    "Óscar Clemente": null,
    "M. Moreno": null,
    "J. Toljan": null,
    "A. Matturro": null,
    "Koyalipou": null,
    "Cuñat": null,
    "Dani Martín": null
  },
  "Mallorca": {
    "Greif": -1.3188655209900757,
    "Mojica": -1.1087350519271344,
    "Lato": -3.0144459445043292,
    "Maffeo": -1.4465499964286366,
    "Raíllo": 1.997053824190309,
    "Valjent": 1.5746522269877827,
    "Miquel Llabrés": null,
    "Mascarell": -2.702263850585962,
    "Pablo Torre": 3.981168806318025,
    "Morlanes": -2.1403101497748933,
    "Dani Rodríguez": -1.5033569488133391,
    "Antonio Sánchez": -3.0885559993427236,
    "Samú Costa": -0.6631783076546216,
    "Muriqi": 1.5502215763456562,
    "Abdón": -3.1341734314699,
    "Larin": -2.3087764155012014,
    "Darder": -0.8228284375647044,
    "Luna": null,
    "Cuéllar": null,
    "David López": null,
    "Mateu Morey": null,
    "T. Asano": -2.881534048030021,
    "Leo Román": 3.198195081515731,
    "M. Domenech": null,
    "L. Bergström": null,
    "Copete": -1.2623313900117283,
    "Van Der Heyden": null
  },
  "Barcelona": {
    "Iñaki Peña": -2.7726525099727506,
    "Ter Stegen": -3.266408178684954,
    "Araújo": -2.396334933574007,
    "Álex Balde": 1.0550402896231326,
    "Christensen": -2.878705847515528,
    "Eric García": -2.3680271320561164,
    "Koundé": -0.9355184366234726,
    "De Jong": -0.6241852800970782,
    "Pedri": -0.3967780193513404,
    "Gavi": -1.265408563025372,
    "Oriol Romeu": null,
    "Raphinha": 1.5078823441023959,
    "Lewandowski": 1.4968154843195247,
    "Ferran Torres": -1.631879811971404,
    "Iñigo Martínez": 0.9405759948841075,
    "Casadó": -1.2566313995141187,
    "Fermín": -1.3456555843816775,
    "Lamine Yamal": 2.9832584134000584,
    "Pau Cubarsí": 0.20600085679687297,
    "Héctor Fort": null,
    "Dani Olmo": -1.0870813381423816,
    "Szczesny": null,
    "Joan García": null,
    "Marc Bernal": null,
    "Gerard Martín": null,
    "R. Bardghji": null,
    "Rashford": null,
    "Pau Victor": -2.7631601303524933,
    "M. Rashford": null
  },
  "Valencia": {
    "Cristian Rivero": -2.713629534586759,
    "Dimitrievski": -2.223473739516102,
    "E. Cömert": -3.0816738388593334,
    "Copete": -3.514795877168697,
    "Diakhaby": -0.6453981957956101,
    "Foulquier": null,
    "Gayá": -1.8506720639281493,
    "Cenk Ozkacar": -3.183124784443636,
    "Thierry Correia": -2.7348061849674976,
    "Jesús Vázquez": -3.0683741508745754,
    "Javi Guerra": -0.7209047503946686,
    "Fran Pérez": -2.9673140031525214,
    "Hugo Duro": -1.7865713002273576,
    "Diego López": 0.631239298468711,
    "Rioja": -1.278762267469058,
    "Alberto Marí": -3.101213706835393,
    "Almeida": -2.3902873083462284,
    "Guillamón": -3.0406993677893457,
    "Agirrezabala": -3.561307977908512,
    "Pepelu": -1.4006652521437846,
    "Canós": -3.2562050503791795,
    "Dani Raba": null,
    "Tárrega": 1.6494329703165667,
    "N. Fonseca": null,
    "Giorgi Mamardashvili": null,