{
  "Barcelona": {
    "Iñaki Peña": -3.1233390160341767,
    "Ter Stegen": -2.186680933256957,
    "Araújo": -2.1935406093934517,
    "Álex Balde": 3.9487835620431566,
    "Christensen": -2.949989488750082,
    "Eric García": -2.1669371111097124,
    "Koundé": 2.781099358945638,
    "De Jong": 2.066894740466152,
    "Pedri": 5.133245205621906,
    "Gavi": -1.4403986376696931,
    "Oriol Romeu": null,
    "Raphinha": null,
    "Lewandowski": null,
    "Pau Victor": -2.7889811625679495,
    "Ferran Torres": 2.096271375671166,
    "Iñigo Martínez": 4.888258835617276,
    "Casadó": 1.1798891815437473,
    "Fermín": 1.9206086446961645,
    "Lamine Yamal": null,
    "Pau Cubarsí": 4.675634254106442,
    "Héctor Fort": null,
    "Dani Olmo": 1.5636528645848635,
    "Szczesny": null,
    "Joan García": null,
    "Marc Bernal": null,
    "Gerard Martín": null,
    "R. Bardghji": null
  },
  "Real Madrid": {
    "Vinicius Jr.": null,
    "Rodrygo": -2.2437202272049372,
    "Á. Rodríguez": null,
    "K. Mbappé": null,
    "Endrick": -2.856271857901127,
    "Reinier": null,
    "Brahim": -2.631992481685874,
    "Bellingham": null,
    "Ceballos": -2.0477472003886388,
    "Camavinga": -1.8736685821201582,
    "Tchouaméni": 1.8761561980418229,
    "Valverde": 2.136119288782279,
    "Arda Guler": 5.977390963411255,
    "Gonzalo García": null,
    "Mastantuono": null,
    "Carvajal": -1.8254555473365963,
    "Fran García": 2.1501127224037297,
    "Mendy": -3.1751895487270643,
    "Militão": 0.5013340945350109,
    "Alaba": -3.0403454823157428,
    "Rudiger": -2.568057214464803,
    "Álvaro Carreras": null,
    "Jacobo": null,
    "Trent": null,
    "Raúl Asencio": -0.9740571896477146,
    "D. Huijsen": null,
    "Courtois": 4.220946918325841,
    "Lunin": -3.010064384871758,
    "Álvaro Fernández": 0,
    "Franco": 0
  },
  "Atletico Madrid": {
    "Oblak": 4.042179345300068,
    "Giménez": -0.8257686446999868,
    "Le Normand": 1.7257564752496402,
    "Javi Galán": -2.2880658730612957,
    "Molina": -2.791325157511504,
    "Lenglet": -0.9644209788420621,
    "Barrios": 3.236344973857719,
    "De Paul": -1.3231059250791488,
    "Lemar": -3.1587906373819807,
    "Llorente": 2.7052187956934093,
    "Saúl": null,
    "Koke": -2.733899533301609,
    "Lino": -2.2925559620640246,
    "Álex Baena": null,
    "Griezmann": null,
    "Giuliano": 3.478788186706483,
    "Sørloth": 1.2502223249042377,
    "Carlos Martín": -2.8585617305715405,
    "Johnny Cardoso": null,
    "Moldovan": null,
    "C. Gallagher": -2.4809370476061687,
    "Julián Alvarez": null,
    "Musso": -3.1312593706285474,
    "M. Ruggeri": null
  },
  "Villarreal": {
    "Sergi Cardona": 0.969761553951165,
    "Foyth": 1.9640498077828417,
    "Comesaña": -1.0303947863576912,
    "Moleiro": null,
    "Parejo": -1.5149959708169791,
    "Pedraza": -2.8619549330423766,
    "Yeremy Pino": 2.1845060067992694,
    "Denis Suárez": -3.1205538070445793,
    "A. Danjuma": null,
    "Gerard": -1.9929322391561533,
    "Ayoze Pérez": null,
    "Ilias Akhomach": -2.453722534536118,
    "Altimira": null,
    "Rafa Marín": null,
    "Etta Eyong": null,
    "Conde": -0.31298545095963526,
    "Pape Gueye": -0.776253074860267,
    "Kambwala": -2.9250237518346878,
    "N. Pépé": -0.6258157648034723,
    "Luíz Júnior": -0.41491052060911304,
    "Logan Costa": -2.0748409792037514,
    "Juan Bernat": null,
    "Pau Navarro": null,
    "Pau Cabanes": null
  },
  "Betis": {
    "Valles": null,
    "Ruibal": -2.863667717708518,
    "Borja Iglesias": null,
    "Chimy Ávila": -2.7845807343913176,
    "Rodrigo Riquelme": null,
    "Héctor Bellerín": -2.824783511710449,
    "Altimira": -0.952528161927868,
    "Marc Roca": -2.7075891117979145,
    "Abde": 1.4107669720542448,
    "Bartra": 0.06429951506654596,
    "Isco": null,
    "Vieites": 0.19436412476261378,
    "Nobel Mendy": null,
    "Pablo Fornals": -1.1456081262261941,
    "C. Bakambu": -2.4172900679070297,
    "R. Rodríguez": null,
    "Perraud": -2.800684000985154,
    "Diego Llorente": -1.8927539896675283,
    "Iker Losada": null,
    "Adrián": -2.0319953288601256,
    "Natan": null,
    "G. Lo Celso": 3.838201554577436,
    "Ángel Ortiz": null,
    "Cucho": 1.6239056771599092,
    "Pablo García": null,
    "G. Petit": null
  },
  "Celta": {
    "Marcos Alonso": 0.8548764304648016,
    "Iván Villar": -2.7612417731540773,
    "Mingueza": 1.254820072664753,
    "Aidoo": null,
    "Carlos Domínguez": -3.128681941600575,
    "Fran Beltrán": -2.4502597987720476,
    "Cervi": -2.9438717037821527,
    "Swedberg": -2.7180420330337407,
    "Sotelo": -2.824499031468941,
    "Aspas": null,
    "Unai Núñez": null,
    "Manu Sánchez": null,
    "Carreira": null,
    "Starfelt": -1.4361903331801984,
    "Ristić": -2.5018211507717325,
    "Javi Rodríguez": 0.4391983259614207,
    "Hugo Álvarez": -2.7848179201838907,
    "Damián Rodríguez": -3.242555255204338,
    "I. Moriba": null,
    "Marc Vidal": null,
    "Pablo Durán": -1.5548420914690109,
    "Javi Rueda": null,
    "Abdellaoui": null,
    "Yoel Lago": -0.7013105842460732,
    "I. Radu": null,
    "Ferran Jutglà": null
  },
  "Rayo Vallecano": {
    "Morro": null,
    "Lejeune": 0.985932027908043,
    "Balliu": -2.4598022493315663,
    "Chavarría": 1.1830987826429107,
    "Mumin": -2.510950143223434,
    "Espino": -2.9509721374359255,
    "Pathé Ciss": -1.6207978722648786,
    "Á. García": 1.2377371457875874,
    "Unai López": -2.5669092857840914,
    "Luiz Felipe": null,
    "Ó. Valentín": -2.7455064373071325,
    "Nteka": -2.7443861479722997,
    "Isi": 2.4256881130455543,
    "Trejo": null,
    "De Tomás": -3.0155423315523677,
    "Camello": -2.316567877446074,
    "De Frutos": 0.950723443947088,
    "Cárdenas": -2.950260780094327,
    "Ratiu": 10.979173577807133,
    "A. Batalla": null,
    "Pelayo": null,
    "Pedro Díaz": -1.7320509128606831,
    "E. Etoo": null
  },
  "Osasuna": {
    "Aitor Fernández": -2.944685694561422,
    "S. Herrera": 2.180495772104729,
    "Juan Cruz": -2.7338679653461817,
    "Areso": -1.8447922541591222,
    "Catena": -0.8849804201254807,
    "Herrando": -3.0833724880506397,
    "Rubén García": -0.5337172545291535,
    "Moi Gómez": -2.5922632012104874,
    "Moncayola": -2.6025711390618045,
    "Iker Muñoz": -3.17321215649502,
    "Torró": -2.217359523033491,
    "Kike Barja": -3.16017415490637,
    "Budimir": null,
    "Aimar Oroz": 1.8961140437283808,
    "Raúl": -3.197264362249619,
    "Stamatakis": null,
    "F. Boyomo": 2.523389888280958,
    "Rosier": null,
    "Abel Bretones": -2.3772352996760504,
    "Ander Yoldi": null,
    "Benito": null,
    "Víctor Muñoz": null
  },
  "Mallorca": {
    "Greif": 0.8272574032255564,
    "Copete": -2.5867543195065235,
    "Mojica": 2.9525129587787413,
    "Lato": -3.127594686742885,
    "Maffeo": -1.5567120817742475,
    "Raíllo": 2.587367436620136,
    "Valjent": 1.9848766120998063,
    "Miquel Llabrés": null,
    "Mascarell": -2.9472038425580105,
    "Pablo Torre": null,
    "Morlanes": -2.8078228509380243,
    "Dani Rodríguez": -0.043407055477207024,
    "Antonio Sánchez": -3.2478763729003712,
    "Samú Costa": -0.68398491588193,
    "Muriqi": null,
    "Abdón": -3.1487659165044035,
    "Van Der Heyden": null,
    "Larin": -2.735409747311701,
    "Darder": 1.9854288772233941,
    "Luna": null,
    "Cuéllar": null,
    "David López": null,
    "Mateu Morey": null,
    "T. Asano": -2.8531527924040567,
    "Leo Román": 1.739889536485273,
    "M. Domenech": null
  },
  "Getafe": {
    "Kiko Femenía": null,
    "Diego Rico": -1.9715147351107354,
    "Álex Sola": -3.12996558591101,
    "David Soria": 2.493661620585663,
    "Alderete": 1.0847197484114446,
    "Djené": null,
    "Javi Muñoz": null,
    "Domingos Duarte": -2.996465868601428,
    "Juan Iglesias": -2.6477700212038546,
    "Juanmi": null,
    "Aleñá": null,
    "Arambarri": 1.266741070340327,
    "Luis Milla": 2.6029444682222236,
    "Borja Mayoral": 0.1681538175256403,