{
  "Barcelona": {
    "Iñaki Peña": -3.0630954768296914,
    "Ter Stegen": -2.4615647916437333,
    "Araújo": -2.197796015818687,
    "Álex Balde": 5.40191964006429,
    "Christensen": -2.8730028427116583,
    "Eric García": -2.1999197001532633,
    "Koundé": 2.9058246313412583,
    "De Jong": 1.7688594239532618,
    "Pedri": 5.284371962686252,
    "Gavi": -1.4619683724578003,
    "Oriol Romeu": null,
    "Raphinha": null,
    "Lewandowski": null,
    "Pau Victor": -2.545146697204792,
    "Ferran Torres": 1.8235409463647878,
    "Iñigo Martínez": 5.169178235267635,
    "Casadó": 1.6280899923361902,
    "Fermín": 1.1862376895890536,
    "Lamine Yamal": null,
    "Pau Cubarsí": 5.253987680844574,
    "Héctor Fort": null,
    "Dani Olmo": 1.4624033274410975,
    "Szczesny": null,
    "Joan García": null,
    "Marc Bernal": null,
    "Gerard Martín": null,
    "R. Bardghji": null
  },
  "Real Madrid": {
    "Reinier": null,
    "Courtois": 3.849139995034534,
    "Lunin": -2.9940897674695544,
    "Carvajal": -1.5356911443154764,
    "Fran García": 3.3874424208706566,
    "Mendy": -3.182090110900837,
    "Militão": 0.030097963870301392,
    "Alaba": -3.11346045292048,
    "Rudiger": -2.367107385364875,
    "Brahim": -2.407118545821463,
    "Bellingham": null,
    "Ceballos": -2.0591543542737956,
    "Camavinga": -1.9006235843791464,
    "Tchouaméni": 1.2427101413194475,
    "Valverde": 3.2465925191685896,
    "Vinicius Jr.": null,
    "Rodrygo": -2.3770580109422124,
    "Arda Guler": 5.835787871798193,
    "Álvaro Fernández": null,
    "Gonzalo García": null,
    "Á. Rodríguez": null,
    "Jacobo": null,
    "K. Mbappé": null,
    "Trent": null,
    "Endrick": -2.7196453927330277,
    "Raúl Asencio": -0.12665112488476904,
    "D. Huijsen": null,
    "Franco": null
  },
  "Atletico Madrid": {
    "Oblak": 4.487587002895377,
    "Giménez": -0.337399622293022,
    "Le Normand": 2.0987491007431913,
    "Javi Galán": -1.8007470979846563,
    "Molina": -2.6254926800822087,
    "Lenglet": -0.40709822058044853,
    "Barrios": 3.3402547087680645,
    "De Paul": -1.1095338756484163,
    "Lemar": -3.1847095087367605,
    "Llorente": 2.593279290602446,
    "Saúl": null,
    "Koke": -2.7198036962824634,
    "Lino": -2.17236595536604,
    "Álex Baena": null,
    "Griezmann": null,
    "Giuliano": 5.462298607981042,
    "Sørloth": 1.157148913512307,
    "Carlos Martín": -3.142285096326558,
    "Johnny Cardoso": 3.414127085604668,
    "Moldovan": null,
    "C. Gallagher": -2.3207199306710002,
    "Julián Alvarez": null,
    "Musso": -3.0862242848855415,
    "M. Ruggeri": null
  },
  "Athletic Club": {
    "Unai Simón": 4.032928164105609,
    "Yeray": -2.1210325539010366,
    "Yuri": 0.23434995884246135,
    "Gorosabel": -2.113466983491763,
    "Lekue": null,
    "Vivian": 4.2809091043361835,
    "Unai Gómez": -2.741518440953117,
    "De Galarreta": 0.0009271222964013504,
    "Vencedor": null,
    "Vesga": -2.9104576671656335,
    "Robert Navarro": null,
    "Adu Ares": null,
    "Berenguer": 2.5214272375109648,
    "Iñaki Williams": 2.6455184976842183,
    "Guruzeta": -1.3137620039031517,
    "Nico Williams": null,
    "Paredes": 0.6676596057946682,
    "Sancet": 4.72343476546313,
    "Prados": -2.615551173649344,
    "Nico Serrano": null,
    "Unai Eguíluz": null,
    "Hugo Rincón": null,
    "Á. Padilla": null,
    "Jauregizar": 9.466786490901335,
    "Boiro": null,
    "Djaló": -2.9382450212101285,
    "Maroan Sannadi": 2.454243566980674,
    "Peio Canales": null,
    "Urko Izeta": null
  },
  "Villarreal": {
    "Sergi Cardona": 0.582042578570996,
    "Foyth": 3.0751026060429787,
    "Comesaña": -1.4134690453931897,
    "Moleiro": null,
    "Parejo": -1.3047485531603065,
    "Pedraza": -2.592330610184157,
    "Yeremy Pino": 1.8655273186643395,
    "Denis Suárez": -3.1455382142703048,
    "A. Danjuma": null,
    "Gerard": -1.8026624506278122,
    "Ayoze Pérez": null,
    "Ilias Akhomach": -2.311675616499953,
    "Altimira": null,
    "Rafa Marín": null,
    "Etta Eyong": null,
    "Conde": 0.7999651991595247,
    "Pape Gueye": -0.5693592190425756,
    "Kambwala": -2.894083491215249,
    "N. Pépé": 0.4509938490126597,
    "Luíz Júnior": 0.49700903049665346,
    "Logan Costa": -1.7945350493883128,
    "Juan Bernat": null,
    "Pau Navarro": null,
    "Pau Cabanes": null
  },
  "Betis": {
    "Valles": null,
    "Ruibal": -2.956379345918192,
    "Borja Iglesias": null,
    "Chimy Ávila": -2.636437353149157,
    "Rodrigo Riquelme": null,
    "Héctor Bellerín": -2.970071431550081,
    "Altimira": -1.3673493879959087,
    "Marc Roca": -2.8034656803205382,
    "Abde": 1.5244833915326161,
    "Bartra": 0.4711221785583808,
    "Isco": null,
    "Vieites": 0.10674922855662405,
    "Nobel Mendy": null,
    "Pablo Fornals": -1.0925681861537972,
    "C. Bakambu": -2.5978470138037335,
    "R. Rodríguez": null,
    "Perraud": -2.790801311732982,
    "Diego Llorente": -1.7584193716633778,
    "Iker Losada": null,
    "Adrián": -1.8007191484143537,
    "Natan": null,
    "G. Lo Celso": 3.983440930321458,
    "Ángel Ortiz": null,
    "Cucho": 1.521653158507208,
    "Pablo García": null
  },
  "Celta": {
    "Marcos Alonso": 0.5744987300472904,
    "Iván Villar": -2.8004617959553,
    "Mingueza": 1.6107747843281839,
    "Aidoo": null,
    "Carlos Domínguez": -3.0619876143882396,
    "Fran Beltrán": -2.0679710092160186,
    "Cervi": -3.0412079141120874,
    "Swedberg": -2.511657325694505,
    "Sotelo": -2.7750779541035886,
    "Aspas": null,
    "Unai Núñez": null,
    "Manu Sánchez": null,
    "Carreira": null,
    "Starfelt": -1.814064531948878,
    "Ristić": -2.612043753705018,
    "Javi Rodríguez": 0.22733376454879828,
    "Hugo Álvarez": -2.967729839141775,
    "Damián Rodríguez": -3.1561271894653853,
    "I. Moriba": null,
    "Marc Vidal": null,
    "Pablo Durán": -0.7906763681300499,
    "Javi Rueda": null,
    "Abdellaoui": null,
    "Yoel Lago": -0.8303262488011387,
    "I. Radu": null,
    "Ferran Jutglà": null
  },
  "Rayo Vallecano": {
    "Morro": null,
    "Lejeune": 0.8794440766793032,
    "Balliu": -2.5483761914910863,
    "Chavarría": 1.9033073601326667,
    "Mumin": -2.525293552913377,
    "Espino": -2.863735040148263,
    "Pathé Ciss": -1.5228213725218653,
    "Á. García": 1.4580085004886945,
    "Unai López": -2.6589176151134652,
    "Luiz Felipe": null,
    "Ó. Valentín": -2.8838960053219953,
    "Nteka": -2.6080168909086043,
    "Isi": 2.602673905526154,
    "Trejo": null,
    "De Tomás": -3.1663268436642245,
    "Camello": -2.4000520054605734,
    "De Frutos": 0.5599043516771429,
    "Cárdenas": -2.7159181922716713,
    "Ratiu": 11.705541601674096,
    "A. Batalla": null,
    "Pelayo": null,
    "Pedro Díaz": -1.384308872995943,
    "E. Etoo": null
  },
  "Osasuna": {
    "Aitor Fernández": -3.0344491009765884,
    "S. Herrera": 2.6570814925458874,
    "Juan Cruz": -3.06329765279878,
    "Areso": -1.6024196061755869,
    "Catena": -0.3912668119831264,
    "Herrando": -3.1221879416630793,
    "Rubén García": -0.17736727065403857,
    "Moi Gómez": -2.606366139115923,
    "Moncayola": -2.672141734676481,
    "Iker Muñoz": -3.212618996996064,
    "Torró": -2.056568877022724,
    "Kike Barja": -3.1206770442150367,
    "Budimir": null,
    "Aimar Oroz": 2.291824177145285,
    "Raúl": -3.162832039985708,
    "Stamatakis": null,
    "F. Boyomo": 1.109848189395568,
    "Rosier": null,
    "Abel Bretones": -2.4158651405721265,
    "Ander Yoldi": null,
    "Benito": null,
    "Víctor Muñoz": null
  },
  "Mallorca": {
    "Greif": 0.9489836298917753,
    "Copete": -2.4468064966241543,
    "Mojica": 2.161113548903071,
    "Lato": -3.145826315622957,
    "Maffeo": -1.448582676457577,
    "Raíllo": 3.1253157464956605,
    "Valjent": 1.3544065917310943,
    "Miquel Llabrés": null,
    "Mascarell": -3.010256224818575,
    "Pablo Torre": null,
    "Morlanes": -2.7750215512186704,
    "Dani Rodríguez": 0.38609081950433666,
    "Antonio Sánchez": -3.257524016237223,