{
  "Barcelona": {
    "Iñaki Peña": -2.9209170874465507,
    "Ter Stegen": -2.588131413680317,
    "Araújo": -2.04705317509174,
    "Álex Balde": 3.866735313203118,
    "Christensen": -2.859994611032435,
    "Eric García": -2.3206276516294144,
    "Koundé": 1.9750942289870066,
    "De Jong": 1.5983547447675939,
    "Pedri": 3.9088050423592424,
    "Gavi": -1.2905063714067633,
    "Oriol Romeu": null,
    "Raphinha": null,
    "Lewandowski": null,
    "Pau Victor": -2.5667774650796282,
    "Ferran Torres": 0.7933091193832453,
    "Iñigo Martínez": 4.114317180717886,
    "Casadó": 0.6956278893782031,
    "Fermín": 1.4893305995353545,
    "Lamine Yamal": null,
    "Pau Cubarsí": 3.832877743712393,
    "Héctor Fort": null,
    "Dani Olmo": 0.8195163892864787,
    "Szczesny": null,
    "Joan García": null,
    "Marc Bernal": null,
    "Gerard Martín": null,
    "R. Bardghji": null,
    "M. Rashford": null
  },
  "Real Madrid": {
    "Vinicius Jr.": null,
    "Rodrygo": -2.1110594143849637,
    "Á. Rodríguez": null,
    "K. Mbappé": null,
    "Endrick": -2.969295463033128,
    "Reinier": null,
    "Brahim": -2.6025992173993484,
    "Bellingham": null,
    "Ceballos": -1.9525942904771831,
    "Camavinga": -2.2146654852856607,
    "Tchouaméni": 0.7471145506332766,
    "Valverde": 1.6196340011947585,
    "Arda Guler": 5.465527174797602,
    "Gonzalo García": null,
    "Mastantuono": null,
    "Carvajal": -1.6484725084727425,
    "Fran García": 0.11688984475632935,
    "Mendy": -3.150743847339421,
    "Militão": -0.7332199045850363,
    "Alaba": -3.1308632233566613,
    "Rudiger": -2.3549744868556655,
    "Álvaro Carreras": null,
    "Jacobo": null,
    "Trent": null,
    "Raúl Asencio": null,
    "D. Huijsen": null,
    "Courtois": 2.833504518459584,
    "Lunin": -2.9843097034009003,
    "Álvaro Fernández": null,
    "Franco": null
  },
  "Atletico Madrid": {
    "Oblak": 2.4970369836801565,
    "Giménez": -0.9134913312567328,
    "Le Normand": 1.4995354908194702,
    "Javi Galán": -2.247800889250706,
    "Molina": -2.659561312076153,
    "Lenglet": -1.1089492834471026,
    "Barrios": 3.3945399341946514,
    "De Paul": -1.6713844081655438,
    "Lemar": -3.1258005216608598,
    "Llorente": 2.1017380848696643,
    "Saúl": null,
    "Koke": -2.7788995152339346,
    "Lino": -2.5971887676410677,
    "Álex Baena": null,
    "Griezmann": null,
    "Giuliano": 3.038128463131473,
    "Sørloth": 0.754835515973129,
    "Carlos Martín": -3.0498916571106705,
    "Johnny Cardoso": null,
    "Moldovan": null,
    "C. Gallagher": -2.414862708680088,
    "Julián Alvarez": null,
    "Musso": -3.0484144951798076,
    "M. Ruggeri": null,
    "T. Almada": null
  },
  "Athletic Club": {
    "Unai Simón": 2.4442617560338498,
    "Yeray": -2.259587193987689,
    "Yuri": -1.3815699731123288,
    "Gorosabel": -1.6990901254924973,
    "Lekue": null,
    "Vivian": 3.1411866492464746,
    "Unai Gómez": -2.705748268271957,
    "De Galarreta": -1.0203936004954284,
    "Vencedor": -3.158234240657276,
    "Vesga": -2.8168848613488007,
    "Robert Navarro": null,
    "Adu Ares": -3.1035003113220605,
    "Berenguer": 0.09797115653582544,
    "Iñaki Williams": 2.3998552028185127,
    "Guruzeta": -1.4732135643520605,
    "Nico Williams": 5.7575164060595485,
    "Paredes": -0.33936372871882226,
    "Sancet": 4.281004935602417,
    "Prados": -2.4937999120013155,
    "Nico Serrano": -3.10349455890222,
    "Egiluz": null,
    "Hugo Rincón": null,
    "Á. Padilla": null,
    "Jauregizar": 6.744243603021238,
    "Boiro": null,
    "Djaló": -2.777505311842543,
    "Maroan Sannadi": 3.9305933749340882,
    "Peio Canales": null,
    "Urko Izeta": null,
    "Unai Eguíluz": null
  },
  "Villarreal": {
    "Sergi Cardona": 0.8203824666239701,
    "Foyth": 1.2275531829344821,
    "Comesaña": -1.4009019357243968,
    "Moleiro": null,
    "Parejo": -1.5362663916977715,
    "Pedraza": -2.615916802601137,
    "Yeremy Pino": 0.21572694046956276,
    "Denis Suárez": -3.036905385648292,
    "A. Danjuma": null,
    "Gerard": -1.697186778486648,
    "Ayoze Pérez": null,
    "Ilias Akhomach": -2.294883258385194,
    "Altimira": null,
    "Rafa Marín": null,
    "Etta Eyong": null,
    "Conde": -1.4286120162321225,
    "Pape Gueye": -1.249552096590767,
    "Kambwala": -2.6843152565002026,
    "N. Pépé": -1.2108780647379636,
    "Luíz Júnior": -0.07460755783114115,
    "Logan Costa": -1.828962252812416,
    "Juan Bernat": null,
    "Pau Navarro": null,
    "Pau Cabanes": null
  },
  "Betis": {
    "Valles": null,
    "Ruibal": -2.952313030628728,
    "Borja Iglesias": null,
    "Chimy Ávila": -2.7355157379076678,
    "Rodrigo Riquelme": null,
    "Héctor Bellerín": -2.7697010352412454,
    "Altimira": -0.8838213439450682,
    "Marc Roca": -2.772204048731852,
    "Abde": 0.6473701352392336,
    "Bartra": null,
    "Isco": null,
    "Vieites": 0.5890473064873003,
    "Nobel Mendy": null,
    "Pablo Fornals": -1.209874182724202,
    "C. Bakambu": -2.5537588844819603,
    "R. Rodríguez": null,
    "Perraud": -2.756619431582097,
    "Diego Llorente": -1.8389629668462137,
    "Iker Losada": null,
    "Adrián": -1.9880109197499052,
    "Natan": null,
    "G. Lo Celso": 3.5108876171633385,
    "Ángel Ortiz": null,
    "Cucho": null,
    "Pablo García": null,
    "Junior Firpo": null,
    "G. Petit": null
  },
  "Celta": {
    "Marcos Alonso": 0.9274924954283836,
    "Iván Villar": -2.716332779213082,
    "Mingueza": 1.8387956240433434,
    "Aidoo": null,
    "Carlos Domínguez": -2.9805049032194275,
    "Fran Beltrán": -2.1752984700082245,
    "Cervi": -3.022834603492086,
    "Swedberg": -2.6034380052761485,
    "Sotelo": -2.7103573606997555,
    "Aspas": null,
    "Unai Núñez": null,
    "Manu Sánchez": null,
    "Carreira": null,
    "Starfelt": -1.5368255052008006,
    "Ristić": -2.1726917423702474,
    "Javi Rodríguez": null,
    "Hugo Álvarez": -2.6795165500486884,
    "Damián Rodríguez": -3.1446526639313355,
    "I. Moriba": null,
    "Marc Vidal": null,
    "Pablo Durán": -1.4088641033166982,
    "Javi Rueda": null,
    "Abdellaoui": null,
    "Yoel Lago": null,
    "I. Radu": null,
    "Ferran Jutglà": null
  },
  "Rayo Vallecano": {
    "Lejeune": 0.517586064833675,
    "Balliu": null,
    "Chavarría": 0.871761468104193,
    "Mumin": -2.5310753525702,
    "Espino": -2.7011100825797163,
    "Pathé Ciss": -1.7853566370850116,
    "Á. García": 0.8767177819584582,
    "Unai López": -2.611942290077962,
    "Luiz Felipe": null,
    "Ó. Valentín": -2.551918275789933,
    "Nteka": -2.6826406349113263,
    "Isi": 1.8001456235976487,
    "Trejo": null,
    "Camello": -2.3952047907183305,
    "Gumbau": null,
    "De Frutos": 0.6533032739983735,
    "Cárdenas": -2.6417628649634373,
    "Ratiu": 7.476093487402524,
    "A. Batalla": null,
    "Pelayo": null,
    "Pedro Díaz": -1.6591710932695958,
    "E. Etoo": null,
    "Morro": null,
    "De Tomás": -3.0155423315523677
  },
  "Osasuna": {
    "Aitor Fernández": -2.5390420095019683,
    "S. Herrera": 1.9951674682039622,
    "Juan Cruz": -2.7097498078637927,
    "Areso": -1.131291904692755,
    "Catena": -1.3631640577060011,
    "Herrando": -3.0445513798542434,
    "Rubén García": -0.9705555537728006,
    "Moi Gómez": -2.724157439950059,
    "Moncayola": -2.515113878535835,
    "Iker Muñoz": -3.1012935385344664,
    "Torró": -2.1503652059808864,
    "Kike Barja": -3.0989944457270657,
    "Budimir": -0.4009388980293793,
    "Aimar Oroz": -0.3088985812442435,
    "Raúl": -3.066299492813518,
    "Stamatakis": null,
    "F. Boyomo": 1.3485469629924918,
    "Rosier": null,
    "Abel Bretones": -2.35621798051342,
    "Ander Yoldi": null,
    "Benito": null,
    "Víctor Muñoz": null
  },
  "Mallorca": {
    "Greif": 0.26748644172887026,
    "Copete": -1.6511092868556454,
    "Mojica": 0.5595582919972308,
    "Lato": -3.059951595724131,
    "Maffeo": -1.3507259726971532,
    "Raíllo": 1.9873406063119603,
    "Valjent": 1.7896761763135816,
    "Miquel Llabrés": null,