{
  "Arsenal": 2060.58569336,
  "Bayern Munich": 1996.32861328,
  "Barcelona": 1981.92456055,
  "Real Madrid": 1960.14746094,
  "PSG": 1951.34082031,
  "Manchester City": 1940.9543457,
  "Liverpool": 1926.35253906,
  "Inter": 1885.19238281,
  "Aston Villa": 1884.63342285,
  "Manchester United": 1880.53735352,
  "Sporting": 1872.36437988,
  "Atlético": 1869.68933105,
  "Chelsea": 1868.98388672,
  "Brighton": 1843.56860352,
  "Newcastle": 1840.26281738,
  "Borussia Dortmund": 1836.36328125,
  "Brentford": 1832.27941895,
  "Everton": 1831.13537598,
  "Benfica": 1826.02746582,
  "Bournemouth": 1822.14819336,
  "Porto": 1817.51379395,
  "Milan": 1815.24365234,
  "Leverkusen": 1803.96765137,
  "Fulham": 1801.1529541,
  "Napoli": 1798.3236084,
  "Crystal Palace": 1793.72802734,
  "Atalanta": 1791.8347168,
  "Forest": 1784.46362305,
  "Juventus": 1780.26696777,
  "Villarreal": 1769.25183105,
  "Roma": 1767.47290039,
  "Leeds": 1764.87524414,
  "Stuttgart": 1760.80175781,
  "Como": 1759.43005371,
  "RB Leipzig": 1757.37915039,
  "Betis": 1756.59851074,
  "Lens": 1756.51037598,
  "Tottenham": 1752.9954834,
  "PSV": 1748.97070312,
  "Celta": 1741.34606934,
  "Monaco": 1740.49609375,
  "West Ham": 1740.47595215,
  "Marseille": 1733.14941406,
  "Bodø/Glimt": 1726.4041748,
  "Saint-Gilloise": 1724.62182617,
  "Galatasaray": 1723.59155273,
  "Lille": 1723.06103516,
  "Brugge": 1721.59118652,
  "Lyon": 1720.40014648,
  "Athletic": 1720.02050781,
  "Lazio": 1716.48986816,
  "Strasbourg": 1709.69238281,
  "Braga": 1705.86352539,
  "Hoffenheim": 1705.52746582,
  "Sunderland": 1704.15039062,
  "Real Sociedad": 1703.09912109,
  "Wolverhampton": 1701.37670898,
  "Bologna": 1698.16479492,
  "Osasuna": 1696.53796387,
  "Freiburg": 1694.98974609,
  "Rennais": 1690.19482422,
  "Mainz": 1684.7833252,
  "Valencia": 1684.70117188,
  "Midtjylland": 1681.97790527,
  "Frankfurt": 1681.35083008,
  "Olympiacos": 1678.78015137,
  "Burnley": 1676.60119629,
  "Getafe": 1671.51452637,
  "Rayo Vallecano": 1668.8302002,
  "Slavia Prag": 1665.46289062,
  "Fiorentina": 1664.45080566,
  "Fenerbahce": 1659.50183105,
  "Zenit": 1657.19775391,
  "Girona": 1655.94433594,
  "Brest": 1648.37182617,
  "Toulouse": 1642.45910645,
  "Mallorca": 1633.14453125,
  "Genoa": 1632.8392334,
  "FC Krasnodar": 1632.22900391,
  "Espanyol": 1631.69372559,
  "Lorient": 1631.0904541,
  "Alaves": 1630.74780273,
  "Werder": 1629.99194336,
  "Udinese": 1629.91040039,
  "Sassuolo": 1628.82299805,
  "AEK": 1627.75720215,
  "Sevilla": 1624.47436523,
  "Gladbach": 1623.78161621,
  "Torino": 1621.71154785,
  "Levante": 1616.21862793,
  "Union Berlin": 1614.81054688,
  "Augsburg": 1611.36499023,
  "Elche": 1609.88024902,
  "PAOK": 1607.2175293,
  "Feyenoord": 1600.70007324,
  "Ajax": 1593.76757812,
  "Viking": 1593.67456055,
  "Hamburg": 1592.3659668,
  "Crvena Zvezda": 1584.8717041,
  "Parma": 1583.33349609,
  "Genk": 1583.08972168,
  "Wolfsburg": 1582.1340332,
  "Auxerre": 1581.42126465,
  "Aarhus": 1580.12207031,
  "Nice": 1577.0871582,
  "Cagliari": 1573.74328613,
  "Famalicao": 1569.19641113,
  "Viktoria Plzen": 1569.14001465,
  "Dinamo Zagreb": 1568.89990234,
  "Koeln": 1566.64147949,
  "Real Oviedo": 1566.59790039,
  "Paris FC": 1566.03979492,
  "Shakhtar": 1565.59790039,
  "Panathinaikos": 1565.49475098,
  "St Pauli": 1561.83947754,
  "Pafos": 1561.03283691,
  "Twente": 1560.19421387,
  "Lecce": 1558.04785156,
  "Lok Moskva": 1555.28356934,
  "Le Havre": 1555.16149902,
  "CSKA Moskva": 1554.62365723,
  "Qarabag FK": 1554.37609863,
  "Alkmaar": 1554.20385742,
  "Sparta Praha": 1552.35217285,
  "Trabzonspor": 1551.88964844,
  "Spartak Moskva": 1550.99316406,
  "Mjaellby": 1546.16772461,
  "Copenhagen": 1545.57458496,
  "Angers": 1543.8737793,
  "Rangers": 1543.4206543,
  "Celtic": 1542.76330566,
  "Cremonese": 1539.58105469,
  "Nijmegen": 1539.23217773,
  "Dynamo Moskva": 1538.52526855,
  "Brondby": 1537.26660156,
  "Besiktas": 1535.08483887,
  "St Truiden": 1534.45544434,
  "Nordsjaelland": 1533.41784668,
  "Gil Vicente": 1531.44152832,
  "Anderlecht": 1529.37023926,
  "Utrecht": 1527.43249512,
  "Guimaraes": 1526.12792969,
  "Estoril": 1519.33630371,
  "Viborg": 1514.31018066,
  "Nantes": 1513.09765625,
  "Gent": 1512.00354004,
  "Verona": 1511.71862793,
  "Ferencvaros": 1510.86340332,
  "Heidenheim": 1508.91149902,
  "Brann": 1508.12548828,
  "Hammarby": 1507.85095215,
  "Lech": 1507.08703613,
  "Mechelen": 1506.58789062,
  "Rakow": 1505.65441895,
  "Pisa": 1504.93835449,
  "Metz": 1501.89465332,
  "Tromso": 1500.22583008,
  "Bueyueksehir": 1496.25366211,
  "Antwerp": 1495.95983887,
  "Larnaca": 1494.35534668,
  "Moreirense": 1490.54223633,
  "Westerlo": 1489.14929199,
  "Baltika": 1484.52722168,
  "Djurgarden": 1482.56896973,
  "Arouca": 1481.27197266,
  "RB Salzburg": 1479.70593262,
  "Santa Clara": 1478.19091797,
  "Aris Limassol": 1478.18310547,
  "Heerenveen": 1477.33105469,
  "Charleroi": 1476.13903809,
  "Thun": 1472.4074707,
  "SonderjyskE": 1472.22570801,
  "Sturm Graz": 1471.49902344,
  "Standard": 1470.47875977,
  "Beer-Sheva": 1468.04675293,
  "Jagiellonia": 1466.73901367,
  "Randers": 1466.00256348,
  "Molde": 1465.16772461,
  "Rio Ave": 1463.41467285,
  "Basel": 1462.49304199,
  "Craiova": 1460.07006836,
  "Sparta Rotterdam": 1458.57861328,
  "Hearts": 1458.07922363,
  "StGallen": 1457.75402832,
  "Omonia": 1456.90478516,
  "Razgrad": 1456.5769043,
  "Leuven": 1451.33666992,
  "Rubin Kazan": 1449.72570801,
  "Cercle Brugge": 1449.0357666,
  "Goeztepe": 1448.26916504,
  "Dynamo Kyiv": 1448.25488281,
  "CFR Cluj": 1443.49230957,
  "Jablonec": 1442.8996582,
  "Casa Pia": 1440.4921875,
  "Young Boys": 1440.4041748,
  "Go Ahead Eagles": 1438.12207031,
  "Groningen": 1435.84863281,
  "Levski": 1434.30688477,
  "Slovan Liberec": 1433.31262207,
  "Celje": 1432.70092773,
  "Silkeborg": 1432.69384766,
  "Pogon": 1431.58605957,
  "Gyoer": 1431.23059082,
  "Alverca": 1430.62365723,
  "Malmoe": 1430.48388672,
  "Rosenborg": 1430.28479004,
  "Steaua": 1429.9831543,
  "Austria Wien": 1428.28405762,
  "Legia": 1427.8458252,
  "Hajduk": 1427.31811523,
  "Fredrikstad": 1426.04443359,
  "Universitatea Cluj": 1425.90722656,
  "Piast Gliwice": 1425.68054199,
  "Lugano": 1425.2590332,
  "Rostov": 1424.74597168,
  "Samsunspor": 1424.57312012,
  "Zwolle": 1424.20715332,
  "Sarpsborg": 1423.67138672,
  "Estrela Amadora": 1423.51794434,
  "Lubin": 1422.84277344,
  "Gornik": 1422.66137695,
  "Nacional": 1422.54589844,
  "M Tel Aviv": 1417.34472656,
  "Cracovia": 1417.14624023,
  "Odense": 1415.2755127,
  "Alanyaspor": 1415.08203125,
  "Levadeiakos": 1411.56286621,
  "LASK": 1411.07556152,
  "Sandefjord": 1411.06677246,
  "Hibernian": 1409.82214355,
  "Katowice": 1409.63366699,
  "Hradec Kralove": 1409.58947754,
  "GAIS": 1407.73730469,
  "Rizespor": 1407.27612305,
  "Korona": 1407.04748535,
  "Terek Grozny": 1406.51818848,
  "Sittard": 1404.35632324,
  "Lechia": 1404.22375488,
  "Valerenga": 1404.17272949,
  "Ham-Kam": 1401.51831055,
  "Luzern": 1400.79284668,
  "Servette": 1399.93945312,
  "Aris": 1399.71691895,
  "Goeteborg": 1398.76123047,
  "Motherwell": 1398.75463867,
  "Rijeka": 1396.43579102,
  "Maccabi Haifa": 1396.15625,
  "RAAL": 1395.62219238,
  "Radomiak": 1395.02502441,
  "Tondela": 1394.94543457,
  "Sion": 1394.60058594,
  "AIK": 1393.45727539,
  "Motor Lublin": 1392.39343262,
  "Rapid Bucuresti": 1392.28930664,
  "Sigma Olomouc": 1392.02087402,
  "Rapid Wien": 1391.25561523,
  "IK Sirius": 1388.53955078,
  "Konyaspor": 1387.90942383,
  "Polissya Zhytomyr": 1385.8972168,
  "Beitar": 1384.28881836,
  "Gaziantep FK": 1383.78723145,
  "Telstar": 1380.22680664,
  "Zulte Waregem": 1379.8572998,
  "Fredericia": 1379.57421875,
  "Banik Ostrava": 1379.33630371,
  "KFUM Oslo": 1377.09790039,
  "Elfsborg": 1375.86462402,
  "Hartberg": 1375.5012207,
  "Paksi": 1373.54064941,
  "Lausanne": 1372.03967285,
  "Plock": 1371.36437988,
  "Atromitos": 1370.18884277,
  "Haecken": 1368.21459961,
  "Kasimpasa": 1367.58959961,