{
  "Arsenal": 2032.82958984,
  "PSG": 1995.52331543,
  "Liverpool": 1974.4597168,
  "Manchester City": 1969.44152832,
  "Bayern Munich": 1967.81640625,
  "Real Madrid": 1953.27709961,
  "Barcelona": 1927.42041016,
  "Inter": 1923.57714844,
  "Chelsea": 1896.61535645,
  "Newcastle": 1884.92932129,
  "Aston Villa": 1873.85595703,
  "Atlético": 1861.33959961,
  "Bournemouth": 1847.41796875,
  "Borussia Dortmund": 1845.06640625,
  "Crystal Palace": 1842.23132324,
  "Brighton": 1832.25817871,
  "Tottenham": 1829.71459961,
  "Leverkusen": 1829.61560059,
  "Napoli": 1829.46276855,
  "Manchester United": 1828.62609863,
  "Brentford": 1821.59594727,
  "Atalanta": 1813.29919434,
  "Roma": 1802.00744629,
  "Sporting": 1801.65661621,
  "Milan": 1794.73010254,
  "Everton": 1792.01489258,
  "PSV": 1790.20141602,
  "Lille": 1788.70544434,
  "Villarreal": 1786.76660156,
  "Benfica": 1785.95739746,
  "Juventus": 1783.07336426,
  "Fulham": 1775.25598145,
  "Marseille": 1773.83532715,
  "Lyon": 1758.71350098,
  "RB Leipzig": 1757.27368164,
  "Lazio": 1756.39233398,
  "Forest": 1753.9921875,
  "Bologna": 1747.52185059,
  "Monaco": 1747.3729248,
  "Brugge": 1747.34301758,
  "Betis": 1746.89562988,
  "Porto": 1743.99731445,
  "Frankfurt": 1741.36071777,
  "Athletic": 1741.15759277,
  "Galatasaray": 1740.86218262,
  "Burnley": 1734.79406738,
  "Leeds": 1732.7442627,
  "Lens": 1731.96228027,
  "Saint-Gilloise": 1727.18115234,
  "Strasbourg": 1719.12585449,
  "Stuttgart": 1719.06835938,
  "Fiorentina": 1715.21765137,
  "Feyenoord": 1712.5369873,
  "West Ham": 1710.38476562,
  "Wolverhampton": 1690.0267334,
  "Fenerbahce": 1689.92602539,
  "Freiburg": 1683.51330566,
  "Celta": 1680.40197754,
  "Torino": 1679.41918945,
  "Slavia Prag": 1679.31896973,
  "Nice": 1677.05725098,
  "Werder": 1676.86340332,
  "Como": 1675.63037109,
  "Osasuna": 1675.28771973,
  "Rayo Vallecano": 1675.07873535,
  "Midtjylland": 1672.34802246,
  "Olympiacos": 1672.21643066,
  "Braga": 1672.07006836,
  "Toulouse": 1668.95959473,
  "Bodø/Glimt": 1667.8684082,
  "Mainz": 1667.00390625,
  "Espanyol": 1665.47009277,
  "Brest": 1662.82763672,
  "Valencia": 1658.65270996,
  "Rennais": 1651.00085449,
  "Real Sociedad": 1649.70776367,
  "Sevilla": 1647.88415527,
  "Alaves": 1643.55126953,
  "Getafe": 1643.32495117,
  "Zenit": 1640.33081055,
  "Mallorca": 1638.74243164,
  "Hoffenheim": 1636.92138672,
  "Sunderland": 1634.45703125,
  "FC Krasnodar": 1631.63244629,
  "Ajax": 1630.85876465,
  "Wolfsburg": 1627.58825684,
  "Alkmaar": 1622.20166016,
  "Genoa": 1620.48144531,
  "Union Berlin": 1619.30944824,
  "Udinese": 1616.97045898,
  "Copenhagen": 1616.83874512,
  "Levante": 1610.53527832,
  "Elche": 1609.39501953,
  "CSKA Moskva": 1609.09484863,
  "Auxerre": 1604.18798828,
  "Cagliari": 1603.16369629,
  "Genk": 1602.66369629,
  "Sassuolo": 1601.96801758,
  "Augsburg": 1601.26721191,
  "PAOK": 1600.42529297,
  "Gladbach": 1598.07873535,
  "Sparta Praha": 1597.0480957,
  "Girona": 1594.96948242,
  "Nantes": 1594.57104492,
  "Parma": 1589.62011719,
  "Viktoria Plzen": 1586.17504883,
  "Celtic": 1585.78601074,
  "Crvena Zvezda": 1583.55395508,
  "Koeln": 1583.16357422,
  "Lorient": 1581.74230957,
  "Verona": 1572.36523438,
  "St Pauli": 1568.9498291,
  "Lecce": 1567.21594238,
  "Hamburg": 1565.78955078,
  "Cremonese": 1565.64160156,
  "Viking": 1565.2310791,
  "Le Havre": 1563.92956543,
  "Brann": 1562.12182617,
  "Qarabag": 1561.56469727,
  "Real Oviedo": 1561.52954102,
  "Brondby": 1560.17871094,
  "Anderlecht": 1557.03295898,
  "Spartak Moskva": 1554.22668457,
  "Mjaellby": 1553.72106934,
  "Twente": 1552.87890625,
  "Paris FC": 1549.91687012,
  "Dinamo Zagreb": 1549.35876465,
  "Guimaraes": 1549.33349609,
  "Famalicao": 1547.60473633,
  "Lok Moskva": 1545.93566895,
  "AEK": 1545.31420898,
  "Angers": 1544.98999023,
  "Utrecht": 1541.51013184,
  "Aarhus": 1540.26904297,
  "Shakhtar": 1538.94616699,
  "Panathinaikos": 1536.79077148,
  "Jagiellonia": 1535.81298828,
  "Heidenheim": 1535.71569824,
  "Pafos": 1534.86999512,
  "Ferencvaros": 1532.87768555,
  "Metz": 1529.8137207,
  "Dynamo Moskva": 1528.63293457,
  "Pisa": 1526.85498047,
  "Basel": 1523.25305176,
  "Rakow": 1522.83178711,
  "Sturm Graz": 1519.19311523,
  "Jablonec": 1517.65930176,
  "RB Salzburg": 1514.00598145,
  "Hammarby": 1512.01257324,
  "Rangers": 1510.60339355,
  "Trabzonspor": 1510.55102539,
  "Nordsjaelland": 1507.31604004,
  "Gil Vicente": 1505.3215332,
  "Larnaca": 1504.02697754,
  "Nijmegen": 1503.63110352,
  "Lech": 1502.67211914,
  "Gent": 1500.7454834,
  "M Tel Aviv": 1500.02404785,
  "Young Boys": 1499.5982666,
  "Antwerp": 1499.05957031,
  "Djurgarden": 1498.31164551,
  "Besiktas": 1497.71972656,
  "Go Ahead Eagles": 1494.79943848,
  "Mechelen": 1493.88586426,
  "Charleroi": 1493.48010254,
  "Celje": 1491.18591309,
  "Beer-Sheva": 1489.36914062,
  "Legia": 1486.00109863,
  "Sparta Rotterdam": 1485.05822754,
  "Moreirense": 1484.45947266,
  "Aris Limassol": 1478.48156738,
  "Samsunspor": 1475.7722168,
  "Malmoe": 1475.38232422,
  "Omonia": 1475.05761719,
  "Rio Ave": 1474.60009766,
  "Randers": 1474.22094727,
  "Santa Clara": 1469.62207031,
  "Silkeborg": 1467.89611816,
  "Gornik": 1467.85888672,
  "Arouca": 1467.82629395,
  "Wolfsberg": 1465.06433105,
  "St Truiden": 1464.61401367,
  "Westerlo": 1464.0657959,
  "Pogon": 1461.14660645,
  "Razgrad": 1460.87109375,
  "Bueyueksehir": 1460.5369873,
  "Lausanne": 1458.20275879,
  "Cracovia": 1454.86877441,
  "Hearts": 1454.58154297,
  "Rubin Kazan": 1453.67578125,
  "Estoril": 1452.55114746,
  "Cercle Brugge": 1448.24816895,
  "Casa Pia": 1446.86621094,
  "Tromso": 1445.81079102,
  "Dynamo Kyiv": 1444.94067383,
  "Viborg": 1442.76000977,
  "Craiova": 1442.12634277,
  "Rosenborg": 1442.11706543,
  "StGallen": 1440.74975586,
  "Goeztepe": 1438.75866699,
  "Heerenveen": 1434.50866699,
  "Baltika": 1433.69958496,
  "Zwolle": 1433.6776123,
  "Groningen": 1433.06970215,
  "Banik Ostrava": 1432.0123291,
  "Rostov": 1428.76635742,
  "Alanyaspor": 1428.51977539,
  "GAIS": 1428.05358887,
  "Standard": 1427.77734375,
  "Steaua": 1426.89758301,
  "Nacional": 1426.80358887,
  "Hradec Kralove": 1422.40527344,
  "Levski": 1422.24829102,
  "Austria Wien": 1421.40625,
  "Molde": 1420.2076416,
  "Slovan Liberec": 1419.93200684,
  "Hajduk": 1419.8692627,
  "Servette": 1419.4119873,
  "Korona": 1418.77429199,
  "Kasimpasa": 1417.42700195,
  "Aris": 1416.66271973,
  "Elfsborg": 1416.4753418,
  "AIK": 1412.89440918,
  "Sittard": 1411.50024414,
  "Rapid Wien": 1410.91308594,
  "SonderjyskE": 1409.56958008,
  "Konyaspor": 1408.82727051,
  "Maccabi Haifa": 1407.5057373,
  "Hibernian": 1407.17297363,
  "Goeteborg": 1406.15039062,
  "Rapid Bucuresti": 1406.1373291,
  "Haecken": 1406.02209473,
  "Fredrikstad": 1404.45007324,
  "Partizan": 1403.09863281,
  "Leuven": 1402.49621582,
  "Gaziantep FK": 1401.44787598,
  "Luzern": 1401.07434082,
  "Paksi": 1400.88220215,
  "Kryliya Sovetov": 1398.45556641,
  "Sandefjord": 1397.38525391,
  "Sarpsborg": 1394.8059082,
  "IK Sirius": 1393.93237305,
  "Sigma Olomouc": 1393.80480957,
  "Rizespor": 1392.57641602,
  "LASK": 1391.62866211,
  "KFUM Oslo": 1391.57556152,
  "Rijeka": 1390.83312988,
  "Alverca": 1389.54992676,
  "Zulte Waregem": 1388.10412598,
  "Puskas Akademia": 1388.05566406,
  "Radomiak": 1386.9909668,
  "Piast Gliwice": 1386.62475586,
  "Lugano": 1386.11035156,
  "Terek Grozny": 1385.68811035,
  "Gyoer": 1385.51586914,
  "Lubin": 1383.35571289,
  "Katowice": 1378.40405273,
  "Zuerich": 1377.72607422,
  "Slovan Bratislava": 1375.46765137,
  "Plock": 1372.09692383,
  "Estrela Amadora": 1371.93505859,
  "Levadeiakos": 1369.5793457,
  "Tondela": 1367.9609375,
  "Odense": 1365.984375,
  "Ham-Kam": 1365.25622559,
  "CFR Cluj": 1363.86828613,
  "Maribor": 1363.33972168,
  "Bohemians Praha": 1361.66210938,
  "Widzew": 1361.45605469,
  "Eyupspor": 1361.31616211,
  "Kayseri": 1360.98181152,
  "Thun": 1359.50842285,
  "Sion": 1359.28808594,
  "Hartberg": 1359.21313477,