{
  "Barcelona": 1938.57006836,
  "Real Madrid": 1912.31481934,
  "Atlético": 1830.80102539,
  "Betis": 1747.15869141,
  "Villarreal": 1735.04406738,
  "Athletic": 1690.70043945,
  "Celta": 1687.43518066,
  "Real Sociedad": 1674.515625,
  "Osasuna": 1668.7401123,
  "Valencia": 1630.55126953,
  "Espanyol": 1624.94543457,
  "Mallorca": 1621.03234863,
  "Girona": 1608.30773926,
  "Rayo Vallecano": 1605.65222168,
  "Getafe": 1605.24291992,
  "Alaves": 1600.390625,
  "Sevilla": 1595.36975098,
  "Levante": 1583.8302002,
  "Elche": 1581.19250488,
  "Real Oviedo": 1542.49707031,
  "Racing": 1542.02307129,
  "Almeria": 1532.54174805,
  "Las Palmas": 1530.92822266,
  "Castellon": 1527.89367676,
  "Leganes": 1519.14868164,
  "Depor": 1495.85009766,
  "Malaga": 1489.89050293,
  "Cordoba": 1488.27746582,
  "Eibar": 1479.39892578,
  "Granada": 1479.06176758,
  "Burgos": 1475.24743652,
  "Sporting": 1471.37329102,
  "Cadiz": 1468.37219238,
  "Albacete": 1455.40368652,
  "Ceuta": 1436.04956055,
  "Huesca": 1430.09814453,
  "Mirandes": 1425.60461426,
  "Sociedad B": 1417.79797363,
  "Valladolid": 1416.07666016,
  "FC Andorra": 1400.95251465,
  "Zaragoza": 1388.67089844,
  "Leonesa": 1376.90625
}