{
  "Bayern Munich": 1992.16503906,
  "Borussia Dortmund": 1860.62231445,
  "Leverkusen": 1855.72265625,
  "RB Leipzig": 1759.54797363,
  "Stuttgart": 1742.7512207,
  "Frankfurt": 1726.25048828,
  "Freiburg": 1721.71948242,
  "Hoffenheim": 1689.58776855,
  "Werder": 1660.12475586,
  "Union Berlin": 1648.54418945,
  "Mainz": 1648.41308594,
  "Gladbach": 1642.23388672,
  "Wolfsburg": 1641.89611816,
  "Augsburg": 1617.99523926,
  "Koeln": 1583.78613281,
  "Hamburg": 1582.56970215,
  "St Pauli": 1566.50817871,
  "Heidenheim": 1551.04199219,
  "Elversberg": 1550.90283203,
  "Paderborn": 1532.47058105,
  "Bochum": 1514.234375,
  "Darmstadt": 1511.19091797,
  "Hannover": 1506.36706543,
  "Holstein": 1501.50866699,
  "Schalke": 1500.55065918,
  "Hertha": 1485.73449707,
  "Lautern": 1477.43908691,
  "Karlsruhe": 1456.42370605,
  "Duesseldorf": 1444.81726074,
  "Magdeburg": 1444.12341309,
  "Nuernberg": 1438.06066895,
  "Muenster": 1422.88061523,
  "Bielefeld": 1394.16467285,
  "Braunschweig": 1390.98046875,
  "Fuerth": 1378.50402832,
  "Dresden": 1344.57897949
}