{
  "Arsenal": 2018.11584473,
  "Liverpool": 1987.67663574,
  "Manchester City": 1963.80175781,
  "Chelsea": 1897.49401855,
  "Newcastle": 1878.90612793,
  "Aston Villa": 1868.9239502,
  "Crystal Palace": 1861.45410156,
  "Bournemouth": 1835.78552246,
  "Brighton": 1832.16149902,
  "Tottenham": 1818.39245605,
  "Everton": 1810.44238281,
  "Manchester United": 1802.17944336,
  "Brentford": 1797.77233887,
  "Fulham": 1780.80578613,
  "Forest": 1760.24316406,
  "Leeds": 1734.20092773,
  "West Ham": 1724.65795898,
  "Burnley": 1712.84228516,
  "Wolverhampton": 1709.85534668,
  "Leicester": 1621.38598633,
  "Coventry": 1603.38293457,
  "Sunderland": 1602.29663086,
  "Ipswich": 1601.57043457,
  "Middlesbrough": 1565.5625,
  "Southampton": 1546.09606934,
  "Sheffield United": 1538.02502441,
  "West Brom": 1535.85302734,
  "Bristol City": 1534.97888184,
  "Millwall": 1520.80859375,
  "Swansea": 1514.48937988,
  "QPR": 1509.58520508,
  "Stoke": 1508.80114746,
  "Preston": 1507.5345459,
  "Hull": 1495.18359375,
  "Norwich": 1493.61120605,
  "Blackburn": 1485.83056641,
  "Portsmouth": 1484.88500977,
  "Watford": 1479.88952637,
  "Derby": 1461.07226562,
  "Oxford": 1453.96447754,
  "Sheffield Weds": 1451.09802246,
  "Charlton": 1447.90979004,
  "Birmingham": 1440.83764648,
  "Wrexham": 1438.2052002
}