{
  "PSG": 1967.87854004,
  "Lens": 1767.04333496,
  "Lille": 1743.70874023,
  "Lyon": 1731.61767578,
  "Monaco": 1717.51818848,
  "Marseille": 1716.74267578,
  "Rennais": 1716.11853027,
  "Strasbourg": 1710.80432129,
  "Toulouse": 1652.31555176,
  "Lorient": 1639.05737305,
  "Paris FC": 1629.32702637,
  "Auxerre": 1624.1114502,
  "Brest": 1620.84448242,
  "Nice": 1582.37231445,
  "Le Havre": 1580.06848145,
  "Angers": 1547.54577637,
  "Nantes": 1544.42956543,
  "Reims": 1541.97412109,
  "Troyes": 1521.14294434,
  "Saint-Etienne": 1507.84033203,
  "Rodez": 1494.44519043,
  "Le Mans": 1492.42102051,
  "Metz": 1489.80969238,
  "Montpellier": 1477.11657715,
  "Annecy": 1465.85754395,
  "Red Star": 1441.04553223,
  "Dunkerque": 1423.47241211,
  "Grenoble": 1405.70874023,
  "Guingamp": 1394.87768555,
  "Clermont": 1390.66430664,
  "Laval": 1384.28723145,
  "Bastia": 1382.39282227,
  "Pau": 1374.34631348,
  "Nancy": 1359.40515137,
  "Boulogne": 1357.81335449,
  "Amiens": 1295.50170898
}