{
  "Barcelona": 1969.64086914,
  "Real Madrid": 1915.34033203,
  "Atlético": 1843.51220703,
  "Villarreal": 1758.66625977,
  "Betis": 1734.61315918,
  "Athletic": 1691.2557373,
  "Celta": 1684.0324707,
  "Real Sociedad": 1683.71020508,
  "Osasuna": 1682.41687012,
  "Getafe": 1668.62658691,
  "Valencia": 1664.08068848,
  "Rayo Vallecano": 1661.83605957,
  "Girona": 1646.03234863,
  "Mallorca": 1638.94445801,
  "Alaves": 1628.07836914,
  "Elche": 1623.04638672,
  "Levante": 1617.55187988,
  "Espanyol": 1615.18383789,
  "Sevilla": 1604.01916504,
  "Real Oviedo": 1579.12036133,
  "Eibar": 1567.53979492,
  "Las Palmas": 1566.37121582,
  "Almeria": 1566.33361816,
  "Racing": 1553.96643066,
  "Castellon": 1548.00866699,
  "Depor": 1531.42236328,
  "Malaga": 1526.74609375,
  "Burgos": 1523.18786621,
  "Leganes": 1507.39074707,
  "FC Andorra": 1491.62524414,
  "Granada": 1486.07531738,
  "Albacete": 1481.07824707,
  "Sporting": 1480.29528809,
  "Cordoba": 1475.6784668,
  "Ceuta": 1446.65673828,
  "Mirandes": 1442.42614746,
  "Valladolid": 1438.20837402,
  "Sociedad B": 1429.06591797,
  "Huesca": 1414.78088379,
  "Zaragoza": 1411.421875,
  "Cadiz": 1396.91650391,
  "Leonesa": 1363.34680176
}