{
  "Arsenal": 2062.5168457,
  "Bayern Munich": 1971.90344238,
  "Manchester City": 1964.84411621,
  "Liverpool": 1958.13635254,
  "PSG": 1951.68554688,
  "Barcelona": 1936.31713867,
  "Aston Villa": 1930.51049805,
  "Inter": 1929.79260254,
  "Chelsea": 1925.48864746,
  "Real Madrid": 1907.56237793,
  "Newcastle": 1876.71875,
  "Manchester United": 1872.82214355,
  "Sporting": 1850.28613281,
  "Brentford": 1843.37585449,
  "Atlético": 1843.16540527,
  "Brighton": 1840.2010498,
  "Borussia Dortmund": 1835.3326416,
  "Bournemouth": 1833.76049805,
  "Tottenham": 1827.49755859,
  "Juventus": 1826.4420166,
  "Milan": 1822.3762207,
  "Everton": 1822.26306152,
  "Fulham": 1817.01989746,
  "Benfica": 1816.29711914,
  "Leverkusen": 1815.5333252,
  "Roma": 1798.56311035,
  "Napoli": 1797.54016113,
  "Forest": 1795.25085449,
  "Crystal Palace": 1795.08312988,
  "Atalanta": 1787.69091797,
  "PSV": 1783.89379883,
  "Porto": 1776.46313477,
  "Leeds": 1769.64257812,
  "Lyon": 1765.05651855,
  "Stuttgart": 1759.97277832,
  "Lens": 1750.25634766,
  "Marseille": 1743.97277832,
  "RB Leipzig": 1736.74743652,
  "Como": 1736.58178711,
  "Betis": 1734.79431152,
  "West Ham": 1731.49584961,
  "Villarreal": 1727.72009277,
  "Hoffenheim": 1725.91674805,
  "Saint-Gilloise": 1723.48303223,
  "Brugge": 1723.21264648,
  "Lazio": 1717.43310547,
  "Olympiacos": 1716.56677246,
  "Bologna": 1711.93200684,
  "Galatasaray": 1710.20068359,
  "Sunderland": 1707.78747559,
  "Lille": 1704.4708252,
  "Strasbourg": 1704.4473877,
  "Celta": 1698.29541016,
  "Burnley": 1697.17736816,
  "Bodø/Glimt": 1694.00708008,
  "Freiburg": 1693.86523438,
  "Braga": 1692.6048584,
  "Fenerbahce": 1688.94458008,
  "Athletic": 1684.6151123,
  "Midtjylland": 1683.2890625,
  "Monaco": 1682.36376953,
  "Wolverhampton": 1674.27148438,
  "Real Sociedad": 1668.08837891,
  "Frankfurt": 1666.71557617,
  "Zenit": 1662.57800293,
  "Toulouse": 1662.38171387,
  "Rennais": 1660.49914551,
  "Slavia Prag": 1658.7791748,
  "Osasuna": 1657.87988281,
  "Mainz": 1654.28710938,
  "Fiorentina": 1647.40991211,
  "FC Krasnodar": 1639.16955566,
  "PAOK": 1637.4666748,
  "Valencia": 1635.30383301,
  "Brest": 1633.43908691,
  "Udinese": 1632.59399414,
  "Espanyol": 1632.26940918,
  "Genoa": 1631.53295898,
  "AEK": 1630.24853516,
  "Torino": 1628.76989746,
  "Werder": 1626.12231445,
  "Lorient": 1625.42663574,
  "Mallorca": 1623.29956055,
  "Union Berlin": 1622.71276855,
  "Sassuolo": 1621.72827148,
  "Cagliari": 1621.46911621,
  "Gladbach": 1618.54223633,
  "Alaves": 1615.60949707,
  "Augsburg": 1614.16491699,
  "Wolfsburg": 1607.65722656,
  "Girona": 1606.74414062,
  "Rayo Vallecano": 1605.65222168,
  "Copenhagen": 1600.46789551,
  "Sevilla": 1596.91918945,
  "Feyenoord": 1596.27880859,
  "CSKA Moskva": 1595.08752441,
  "Genk": 1593.17895508,
  "Ajax": 1592.20507812,
  "Viking": 1591.15405273,
  "Getafe": 1590.02404785,
  "Levante": 1589.91564941,
  "Nice": 1588.73168945,
  "Parma": 1588.06079102,
  "Elche": 1587.61962891,
  "Koeln": 1580.03198242,
  "Crvena Zvezda": 1576.56347656,
  "Lok Moskva": 1576.38354492,
  "Viktoria Plzen": 1574.93554688,
  "Hamburg": 1572.96191406,
  "Pafos": 1571.88012695,
  "Aarhus": 1571.53552246,
  "Sparta Praha": 1569.96850586,
  "Celtic": 1568.57141113,
  "Angers": 1561.49279785,
  "Auxerre": 1561.27001953,
  "Cremonese": 1560.20776367,
  "Qarabag FK": 1558.25183105,
  "Guimaraes": 1557.38684082,
  "Le Havre": 1555.90112305,
  "Brondby": 1553.50927734,
  "Panathinaikos": 1551.828125,
  "Spartak Moskva": 1550.35656738,
  "Rakow": 1549.48986816,
  "Lecce": 1547.74084473,
  "Mjaellby": 1546.16772461,
  "Shakhtar": 1544.38671875,
  "Anderlecht": 1543.87963867,
  "Charleroi": 1543.26281738,
  "St Pauli": 1542.63220215,
  "Real Oviedo": 1542.49707031,
  "Rangers": 1540.86486816,
  "Paris FC": 1539.78369141,
  "Estoril": 1536.95410156,
  "Famalicao": 1536.75671387,
  "Verona": 1535.7421875,
  "Dinamo Zagreb": 1535.65246582,
  "Antwerp": 1535.50952148,
  "Gil Vicente": 1533.8605957,
  "Nijmegen": 1531.47021484,
  "Brann": 1528.71325684,
  "St Truiden": 1527.06164551,
  "Twente": 1526.9666748,
  "Heidenheim": 1526.40258789,
  "Alkmaar": 1524.26208496,
  "Nantes": 1523.17822266,
  "Pisa": 1517.78308105,
  "Gent": 1517.6439209,
  "Metz": 1517.5201416,
  "Trabzonspor": 1516.74157715,
  "RB Salzburg": 1512.78649902,
  "Hammarby": 1507.85095215,
  "Jagiellonia": 1507.79370117,
  "Ferencvaros": 1507.38085938,
  "Larnaca": 1507.01647949,
  "Lech": 1506.54089355,
  "Nordsjaelland": 1506.41723633,
  "Dynamo Moskva": 1504.17382812,
  "Moreirense": 1503.55212402,
  "Besiktas": 1503.30200195,
  "Mechelen": 1501.93640137,
  "Omonia": 1491.3059082,
  "Jablonec": 1489.75976562,
  "Aris Limassol": 1489.03039551,
  "Basel": 1488.50402832,
  "Bueyueksehir": 1486.23278809,
  "Viborg": 1483.90710449,
  "Djurgarden": 1482.56896973,
  "Baltika": 1477.88574219,
  "Hearts": 1477.39489746,
  "Westerlo": 1476.57897949,
  "Goeztepe": 1475.39489746,
  "Utrecht": 1472.54418945,
  "Tromso": 1471.07263184,
  "Craiova": 1468.86474609,
  "SonderjyskE": 1468.19616699,
  "Sparta Rotterdam": 1466.62243652,
  "Beer-Sheva": 1463.41687012,
  "Randers": 1462.01782227,
  "Razgrad": 1460.7677002,
  "Arouca": 1460.16369629,
  "Sturm Graz": 1457.53881836,
  "Slovan Liberec": 1456.67041016,
  "Molde": 1454.99938965,
  "Santa Clara": 1450.49536133,
  "Cercle Brugge": 1447.54492188,
  "Levadeiakos": 1447.38989258,
  "Rosenborg": 1446.87719727,
  "Standard": 1444.51098633,
  "Silkeborg": 1443.79309082,
  "Casa Pia": 1443.35302734,
  "Samsunspor": 1442.9284668,
  "Lugano": 1442.75305176,
  "Pogon": 1440.42907715,
  "Go Ahead Eagles": 1440.42419434,
  "Rio Ave": 1440.1640625,
  "Aris": 1440.06201172,
  "Nacional": 1439.05810547,
  "Cracovia": 1438.89404297,
  "Celje": 1438.73840332,
  "Gornik": 1438.04870605,
  "Lausanne": 1437.82824707,
  "StGallen": 1435.2800293,
  "Rostov": 1435.17077637,
  "Gyoer": 1431.8482666,
  "Young Boys": 1431.14575195,
  "Heerenveen": 1431.00756836,
  "Malmoe": 1430.48388672,
  "Rubin Kazan": 1430.16821289,
  "Leuven": 1429.21240234,
  "LASK": 1427.61401367,
  "Piast Gliwice": 1426.75805664,
  "Sandefjord": 1424.96081543,
  "Legia": 1424.8482666,
  "Steaua": 1424.32421875,
  "Alverca": 1422.62145996,
  "Hradec Kralove": 1421.69287109,
  "Fredrikstad": 1420.86035156,
  "Radomiak": 1420.61621094,
  "Zwolle": 1420.46923828,
  "Levski": 1419.85534668,
  "Dynamo Kyiv": 1418.65637207,
  "Austria Wien": 1416.05310059,
  "Wolfsberg": 1415.24926758,
  "Odense": 1413.12109375,
  "Estrela Amadora": 1412.60302734,
  "Thun": 1412.0098877,
  "Servette": 1411.58544922,
  "Korona": 1410.82287598,
  "Paksi": 1410.73352051,
  "CFR Cluj": 1410.44165039,
  "Groningen": 1409.73803711,
  "GAIS": 1407.73730469,
  "Hajduk": 1405.85351562,
  "M Tel Aviv": 1405.27197266,
  "Katowice": 1404.39050293,
  "Rijeka": 1403.77111816,
  "Hibernian": 1402.89880371,
  "Rapid Bucuresti": 1402.37524414,
  "Sarpsborg": 1401.87902832,
  "Maccabi Haifa": 1400.42932129,
  "Goeteborg": 1398.76123047,
  "Lubin": 1397.89074707,
  "Plock": 1397.70581055,
  "Zulte Waregem": 1397.49865723,
  "Alanyaspor": 1396.79931641,
  "Sittard": 1396.7668457,
  "Dender": 1393.77978516,
  "AIK": 1393.45727539,
  "IK Sirius": 1388.53955078,
  "Motherwell": 1388.4473877,
  "Terek Grozny": 1387.9239502,
  "Banik Ostrava": 1387.72644043,
  "Karvina": 1384.02575684,
  "Lechia": 1383.5880127,
  "Ham-Kam": 1382.24841309,
  "Sion": 1381.6652832,
  "Partizan": 1381.03271484,
  "Gaziantep FK": 1380.27331543,
  "Puskas Akademia": 1380.18066406,
  "Hartberg": 1380.00537109,
  "Tondela": 1379.78381348,
  "Rizespor": 1379.11791992,
  "Beitar": 1378.9050293,
  "RAAL": 1378.78649902,
  "Kryliya Sovetov": 1378.48657227,
  "Elfsborg": 1375.86462402,
  "Akron Togliatti": 1374.86291504,
  "Valerenga": 1373.08361816,
  "Dinamo Bucuresti": 1371.23449707,
  "KFUM Oslo": 1370.61804199,
  "Sigma Olomouc": 1370.09289551,
  "Luzern": 1368.52148438,
  "Motor Lublin": 1368.35766602,
  "Haecken": 1368.21459961,