{
  "Barcelona": 1930.51513672,
  "Real Madrid": 1913.12316895,
  "Atlético": 1819.04589844,
  "Betis": 1752.64990234,
  "Villarreal": 1739.32958984,
  "Athletic": 1704.75195312,
  "Celta": 1704.01379395,
  "Osasuna": 1684.89697266,
  "Real Sociedad": 1669.80187988,
  "Valencia": 1642.61791992,
  "Rayo Vallecano": 1636.23071289,
  "Girona": 1627.6361084,
  "Espanyol": 1625.28759766,
  "Mallorca": 1612.33422852,
  "Getafe": 1608.51208496,
  "Sevilla": 1608.44665527,
  "Alaves": 1604.73181152,
  "Elche": 1582.15197754,
  "Levante": 1568.39575195,
  "Real Oviedo": 1545.79138184,
  "Almeria": 1545.37902832,
  "Racing": 1542.99035645,
  "Castellon": 1541.75085449,
  "Las Palmas": 1532.09851074,
  "Leganes": 1510.60192871,
  "Depor": 1498.40649414,
  "Cordoba": 1494.52514648,
  "Malaga": 1491.44274902,
  "Granada": 1485.2598877,
  "Eibar": 1485.11901855,
  "Sporting": 1473.16967773,
  "Burgos": 1472.4921875,
  "Cadiz": 1458.7409668,
  "Albacete": 1452.3972168,
  "Sociedad B": 1445.9083252,
  "Mirandes": 1440.98083496,
  "Ceuta": 1438.78137207,
  "Huesca": 1433.43457031,
  "Valladolid": 1413.85375977,
  "FC Andorra": 1407.77246094,
  "Zaragoza": 1388.0267334,
  "Leonesa": 1384.85107422
}