{
  "Inter": 1922.74255371,
  "Napoli": 1846.17565918,
  "Atalanta": 1830.04394531,
  "Roma": 1828.97351074,
  "Juventus": 1816.04064941,
  "Milan": 1779.40588379,
  "Lazio": 1763.54968262,
  "Fiorentina": 1754.09460449,
  "Bologna": 1751.06591797,
  "Torino": 1672.17089844,
  "Como": 1658.2019043,
  "Genoa": 1655.66394043,
  "Udinese": 1634.84472656,
  "Parma": 1604.51696777,
  "Cagliari": 1603.64465332,
  "Verona": 1590.49499512,
  "Sassuolo": 1584.65576172,
  "Lecce": 1580.47741699,
  "Empoli": 1565.74377441,
  "Cremonese": 1564.83251953,
  "Venezia": 1560.46850586,
  "Pisa": 1536.87695312,
  "Monza": 1522.80859375,
  "Spezia": 1504.41625977,
  "Frosinone": 1479.10180664,
  "Palermo": 1472.58178711,
  "Catanzaro": 1462.48999023,
  "Suedtirol": 1456.83239746,
  "Juve Stabia": 1453.87731934,
  "Cesena": 1441.64453125,
  "Sampdoria": 1437.73193359,
  "Bari": 1436.93225098,
  "Modena": 1433.97644043,
  "Carrarese": 1425.80834961,
  "Reggiana": 1418.71496582,
  "Mantova": 1413.84667969,
  "Entella": 1376.0456543,
  "Padova": 1370.65649414,
  "Avellino": 1368.35424805,
  "Pescara": 1355.26989746
}