{
  "Inter": 1935.36376953,
  "Milan": 1833.3190918,
  "Juventus": 1822.34020996,
  "Napoli": 1802.6505127,
  "Roma": 1798.59228516,
  "Atalanta": 1787.71850586,
  "Como": 1736.55419922,
  "Lazio": 1721.56152344,
  "Bologna": 1688.95690918,
  "Fiorentina": 1645.61450195,
  "Torino": 1630.54516602,
  "Genoa": 1626.42248535,
  "Udinese": 1623.22802734,
  "Cagliari": 1621.46911621,
  "Sassuolo": 1616.17114258,
  "Venezia": 1600.76733398,
  "Parma": 1600.06640625,
  "Cremonese": 1560.19360352,
  "Lecce": 1557.09753418,
  "Monza": 1540.6373291,
  "Verona": 1533.97607422,
  "Frosinone": 1525.62390137,
  "Pisa": 1519.54919434,
  "Palermo": 1518.11560059,
  "Empoli": 1474.4453125,
  "Catanzaro": 1463.76940918,
  "Juve Stabia": 1453.54309082,
  "Suedtirol": 1443.17443848,
  "Modena": 1440.40649414,
  "Cesena": 1433.00085449,
  "Carrarese": 1421.7175293,
  "Sampdoria": 1419.28466797,
  "Spezia": 1418.67810059,
  "Avellino": 1374.6661377,
  "Mantova": 1373.27648926,
  "Padova": 1370.57788086,
  "Bari": 1368.08520508,
  "Reggiana": 1363.80688477,
  "Entella": 1359.69567871,
  "Pescara": 1321.55932617
}