{
  "PSG": 1981.32275391,
  "Lille": 1799.87304688,
  "Monaco": 1767.64929199,
  "Marseille": 1748.92919922,
  "Lyon": 1747.90356445,
  "Strasbourg": 1716.33776855,
  "Lens": 1694.22106934,
  "Nice": 1689.71032715,
  "Rennais": 1663.25,
  "Toulouse": 1663.17492676,
  "Brest": 1646.4420166,
  "Auxerre": 1610.8873291,
  "Lorient": 1585.59765625,
  "Nantes": 1581.74230957,
  "Reims": 1570.99487305,
  "Le Havre": 1552.8190918,
  "Metz": 1552.45324707,
  "Paris FC": 1548.97998047,
  "Angers": 1544.76318359,
  "Saint-Etienne": 1543.81201172,
  "Montpellier": 1470.7199707,
  "Guingamp": 1452.76513672,
  "Troyes": 1452.23925781,
  "Laval": 1442.69604492,
  "Rodez": 1437.70874023,
  "Bastia": 1429.41772461,
  "Dunkerque": 1427.20727539,
  "Annecy": 1423.99853516,
  "Clermont": 1418.9765625,
  "Red Star": 1414.828125,
  "Grenoble": 1414.56518555,
  "Pau": 1399.68994141,
  "Amiens": 1399.01831055,
  "Nancy": 1389.77893066,
  "Le Mans": 1369.85986328,
  "Boulogne": 1350.63952637
}