{
  "Arsenal": 2058.22631836,
  "Manchester City": 1959.43103027,
  "Liverpool": 1936.78930664,
  "Chelsea": 1910.1027832,
  "Aston Villa": 1886.09973145,
  "Manchester United": 1874.85888672,
  "Newcastle": 1859.37524414,
  "Brentford": 1842.20410156,
  "Brighton": 1832.56347656,
  "Bournemouth": 1828.78417969,
  "Everton": 1823.34765625,
  "Fulham": 1799.06542969,
  "Crystal Palace": 1798.02282715,
  "Forest": 1776.76281738,
  "Tottenham": 1768.33764648,
  "Leeds": 1766.42944336,
  "West Ham": 1745.74951172,
  "Sunderland": 1701.03234863,
  "Wolverhampton": 1700.99902344,
  "Burnley": 1684.17895508,
  "Coventry": 1642.92736816,
  "Ipswich": 1629.96936035,
  "Middlesbrough": 1599.28051758,
  "Millwall": 1591.3572998,
  "Southampton": 1572.90270996,
  "Sheffield United": 1562.70910645,
  "Hull": 1550.40881348,
  "Norwich": 1542.4498291,
  "Wrexham": 1530.29138184,
  "Swansea": 1527.01721191,
  "Derby": 1524.31201172,
  "Leicester": 1522.44091797,
  "Watford": 1517.10986328,
  "Bristol City": 1496.04296875,
  "Stoke": 1492.54772949,
  "Birmingham": 1490.6472168,
  "Preston": 1476.82397461,
  "Charlton": 1475.18310547,
  "Portsmouth": 1474.61047363,
  "QPR": 1469.54272461,
  "Blackburn": 1461.77514648,
  "Oxford": 1461.05529785,
  "West Brom": 1454.42053223,
  "Sheffield Weds": 1333.56298828
}