{
  "Barcelona": 1957.68981934,
  "Real Madrid": 1941.79553223,
  "Atletico": 1862.2388916,
  "Athletic": 1818.80151367,
  "Betis": 1760.04821777,
  "Villarreal": 1755.21166992,
  "Celta": 1688.61035156,
  "Sociedad": 1688.18286133,
  "Osasuna": 1686.34875488,
  "Valencia": 1683.15905762,
  "Espanyol": 1668.6673584,
  "Mallorca": 1665.20373535,
  "Sevilla": 1661.07128906,
  "Getafe": 1659.07470703,
  "Girona": 1657.62988281,
  "Rayo Vallecano": 1643.25805664,
  "Alaves": 1640.14733887,
  "Las Palmas": 1612.86657715,
  "Levante": 1604.02612305,
  "Elche": 1588.6932373,
  "Leganes": 1585.62878418,
  "Granada": 1559.6940918,
  "Oviedo": 1556.49536133,
  "Santander": 1555.8770752,
  "Almeria": 1538.90148926,
  "Cadiz": 1532.22790527,
  "Mirandes": 1527.99645996,
  "Huesca": 1527.62390137,
  "Eibar": 1518.85375977,
  "Albacete": 1506.97131348,
  "Burgos": 1501.38549805,
  "Valladolid": 1499.94677734,
  "Depor": 1498.15124512,
  "Gijon": 1497.60852051,
  "Cordoba": 1492.36938477,
  "Castellon": 1472.86914062,
  "Tenerife": 1459.6060791,
  "Zaragoza": 1457.14355469,
  "Malaga": 1450.30053711,
  "Eldense": 1431.23303223,
  "Ferrol": 1371.15014648,
  "Cartagena": 1339.53259277
}