{
  "Barcelona": 1947.61560059,
  "Real Madrid": 1943.71533203,
  "Atlético": 1833.05187988,
  "Athletic": 1805.19482422,
  "Villarreal": 1794.06420898,
  "Betis": 1735.63439941,
  "Osasuna": 1693.84460449,
  "Valencia": 1681.89880371,
  "Celta": 1675.80444336,
  "Rayo Vallecano": 1674.80102539,
  "Real Sociedad": 1658.7043457,
  "Espanyol": 1657.13793945,
  "Alaves": 1649.07727051,
  "Getafe": 1641.69482422,
  "Sevilla": 1637.95288086,
  "Mallorca": 1634.05639648,
  "Elche": 1604.36352539,
  "Girona": 1604.32897949,
  "Levante": 1593.38708496,
  "Leganes": 1589.69885254,
  "Real Oviedo": 1589.33435059,
  "Mirandes": 1565.30700684,
  "Las Palmas": 1556.00427246,
  "Almeria": 1545.75939941,
  "Racing": 1544.21313477,
  "Cadiz": 1537.2947998,
  "Eibar": 1528.69348145,
  "Huesca": 1520.7791748,
  "Sporting": 1505.75769043,
  "Granada": 1495.34143066,
  "Valladolid": 1483.11547852,
  "Depor": 1478.74182129,
  "Burgos": 1478.38012695,
  "Albacete": 1471.7635498,
  "Malaga": 1467.87109375,
  "Cordoba": 1460.26257324,
  "FC Andorra": 1453.25280762,
  "Castellon": 1437.8795166,
  "Zaragoza": 1431.38598633,
  "Sociedad B": 1428.22558594,
  "Leonesa": 1404.70617676,
  "Ceuta": 1402.81115723
}