{
  "Bayern Munich": 1929.6138916,
  "Leverkusen": 1832.09094238,
  "Borussia Dortmund": 1819.75354004,
  "Frankfurt": 1763.72094727,
  "Stuttgart": 1716.10839844,
  "RB Leipzig": 1715.8861084,
  "Mainz": 1698.24938965,
  "Werder": 1673.16027832,
  "Wolfsburg": 1656.828125,
  "Freiburg": 1653.14624023,
  "Augsburg": 1632.73693848,
  "Gladbach": 1625.484375,
  "Union Berlin": 1622.53771973,
  "Hoffenheim": 1613.91052246,
  "St Pauli": 1595.51489258,
  "Koeln": 1583.36767578,
  "Hamburg": 1547.15588379,
  "Heidenheim": 1545.38513184,
  "Bochum": 1524.05200195,
  "Elversberg": 1514.91540527,
  "Hannover": 1511.32702637,
  "Holstein": 1511.18188477,
  "Karlsruhe": 1499.2298584,
  "Paderborn": 1489.00195312,
  "Duesseldorf": 1480.93017578,
  "Darmstadt": 1458.22473145,
  "Lautern": 1452.7244873,
  "Hertha": 1438.80200195,
  "Magdeburg": 1435.55725098,
  "Schalke": 1428.46630859,
  "Muenster": 1413.07250977,
  "Nuernberg": 1410.51965332,
  "Fuerth": 1405.02319336,
  "Braunschweig": 1386.57336426,
  "Bielefeld": 1373.46850586,
  "Dresden": 1334.31335449
}