{
  "PSG": 1974.93774414,
  "Manchester City": 1959.94421387,
  "Real Madrid": 1936.12731934,
  "Inter": 1933.2421875,
  "Bayern Munich": 1918.9979248,
  "Chelsea": 1902.80126953,
  "Atlético": 1855.34960938,
  "Borussia Dortmund": 1818.3503418,
  "Juventus": 1805.84667969,
  "Benfica": 1791.48046875,
  "Palmeiras": 1771.1169731027612,
  "Flamengo": 1751.5656333933482,
  "Botafogo": 1694.3274342322509,
  "Fluminense": 1683.004634366096,
  "River Plate": 1682.8739934848572,
  "Porto": 1678.19543457,
  "Boca Juniors": 1630.8981014373217,
  "Al-Hilal": 1619.9220759755249,
  "Monterrey": 1608.4162401893777,
  "Ahly SC": 1598.3197999812364,
  "RB Salzburg": 1558.85534668,
  "Sundowns": 1556.6952055151846,
  "Pachuca": 1539.3711313953445,
  "Esperance": 1513.808012149966,
  "Los Ángeles FC": 1496.0170401609203,
  "Inter Miami": 1480.52449818584,
  "Seattle": 1469.65298057539,
  "Urawa Reds": 1458.0846435392277,
  "Ulsan HD": 1449.9012640694395,
  "Al-Ain": 1444.2953363236588,
  "Wydad AC": 1437.9571480530494,
  "Auckland City": 1341.0079044182298
}