{
  "PSG": 1959.97692871,
  "Monaco": 1746.42236328,
  "Lens": 1742.29638672,
  "Lille": 1736.1385498,
  "Marseille": 1726.08703613,
  "Lyon": 1716.24975586,
  "Strasbourg": 1705.79772949,
  "Rennais": 1697.70117188,
  "Brest": 1639.72937012,
  "Toulouse": 1639.72827148,
  "Lorient": 1627.42297363,
  "Auxerre": 1581.42907715,
  "Nice": 1571.04528809,
  "Paris FC": 1568.57092285,
  "Le Havre": 1554.01745605,
  "Angers": 1546.88793945,
  "Reims": 1533.17285156,
  "Saint-Etienne": 1527.69958496,
  "Nantes": 1513.53613281,
  "Troyes": 1500.90393066,
  "Metz": 1500.32006836,
  "Le Mans": 1470.66003418,
  "Montpellier": 1466.82263184,
  "Rodez": 1458.05065918,
  "Dunkerque": 1437.39807129,
  "Annecy": 1433.98608398,
  "Guingamp": 1419.07287598,
  "Red Star": 1414.83325195,
  "Boulogne": 1381.06347656,
  "Pau": 1380.76281738,
  "Grenoble": 1375.13708496,
  "Clermont": 1369.08032227,
  "Bastia": 1361.02062988,
  "Laval": 1354.56555176,
  "Nancy": 1329.92895508,
  "Amiens": 1318.48181152
}