{
  "Bayern Munich": 1986.94702148,
  "Borussia Dortmund": 1829.76831055,
  "Leverkusen": 1805.75524902,
  "Stuttgart": 1753.36779785,
  "RB Leipzig": 1739.41357422,
  "Hoffenheim": 1714.51086426,
  "Frankfurt": 1683.8092041,
  "Mainz": 1670.30822754,
  "Freiburg": 1667.89025879,
  "Gladbach": 1619.46972656,
  "Augsburg": 1617.27734375,
  "Werder": 1616.9621582,
  "Union Berlin": 1612.23693848,
  "Hamburg": 1589.97680664,
  "Wolfsburg": 1586.17993164,
  "St Pauli": 1563.71948242,
  "Koeln": 1561.96911621,
  "Paderborn": 1515.96472168,
  "Darmstadt": 1510.23876953,
  "Elversberg": 1509.52746582,
  "Hannover": 1498.66955566,
  "Heidenheim": 1498.140625,
  "Bochum": 1498.05212402,
  "Schalke": 1486.23852539,
  "Hertha": 1479.59838867,
  "Lautern": 1459.37561035,
  "Duesseldorf": 1438.55847168,
  "Holstein": 1433.7578125,
  "Karlsruhe": 1432.35510254,
  "Nuernberg": 1428.47460938,
  "Magdeburg": 1391.93933105,
  "Fuerth": 1387.88525391,
  "Muenster": 1387.83996582,
  "Bielefeld": 1379.40234375,
  "Dresden": 1372.68688965,
  "Braunschweig": 1367.31848145
}