{
  "Barcelona": 1935.68505859,
  "Real Madrid": 1918.54370117,
  "Atlético": 1872.51623535,
  "Villarreal": 1767.64489746,
  "Betis": 1761.97973633,
  "Celta": 1717.25463867,
  "Athletic": 1701.39379883,
  "Real Sociedad": 1665.52758789,
  "Espanyol": 1661.57739258,
  "Osasuna": 1655.91918945,
  "Valencia": 1643.74133301,
  "Rayo Vallecano": 1631.20800781,
  "Girona": 1629.30310059,
  "Mallorca": 1627.08776855,
  "Elche": 1610.79699707,
  "Sevilla": 1608.20361328,
  "Alaves": 1605.49890137,
  "Getafe": 1597.22631836,
  "Levante": 1588.59191895,
  "Las Palmas": 1559.3548584,
  "Racing": 1549.31079102,
  "Real Oviedo": 1546.38439941,
  "Almeria": 1536.8416748,
  "Leganes": 1526.69348145,
  "Castellon": 1519.52734375,
  "Cadiz": 1506.67175293,
  "Depor": 1502.42150879,
  "Malaga": 1494.04382324,
  "Burgos": 1485.97753906,
  "Cordoba": 1479.87670898,
  "Granada": 1479.27661133,
  "Eibar": 1474.98925781,
  "Sporting": 1473.13928223,
  "Valladolid": 1459.87451172,
  "Albacete": 1455.45507812,
  "Mirandes": 1452.95593262,
  "Ceuta": 1445.73193359,
  "Huesca": 1437.60058594,
  "Sociedad B": 1423.33898926,
  "FC Andorra": 1420.65368652,
  "Leonesa": 1405.68444824,
  "Zaragoza": 1404.76208496
}