{
  "Bayern Munich": 2019.98095703,
  "Borussia Dortmund": 1832.17749023,
  "Leverkusen": 1810.60119629,
  "RB Leipzig": 1782.80871582,
  "Stuttgart": 1760.82128906,
  "Freiburg": 1734.64123535,
  "Hoffenheim": 1711.09863281,
  "Frankfurt": 1679.80664062,
  "Mainz": 1677.54614258,
  "Augsburg": 1633.2442627,
  "Werder": 1627.09436035,
  "Gladbach": 1622.2052002,
  "Union Berlin": 1595.06115723,
  "Koeln": 1589.59082031,
  "Wolfsburg": 1587.45788574,
  "Hamburg": 1582.46252441,
  "St Pauli": 1567.4284668,
  "Paderborn": 1543.39294434,
  "Heidenheim": 1529.92797852,
  "Elversberg": 1526.04516602,
  "Hannover": 1524.2322998,
  "Schalke": 1520.6394043,
  "Hertha": 1498.20349121,
  "Darmstadt": 1486.19372559,
  "Bochum": 1477.24780273,
  "Holstein": 1472.68481445,
  "Lautern": 1465.7890625,
  "Karlsruhe": 1445.78466797,
  "Nuernberg": 1435.71801758,
  "Magdeburg": 1435.17504883,
  "Dresden": 1418.87561035,
  "Duesseldorf": 1406.51806641,
  "Fuerth": 1393.23022461,
  "Bielefeld": 1385.29394531,
  "Braunschweig": 1369.79272461,
  "Muenster": 1364.45898438
}