{
  "Barcelona": 1972.5345459,
  "Real Madrid": 1925.98571777,
  "Atlético": 1862.0098877,
  "Villarreal": 1765.92883301,
  "Betis": 1751.22485352,
  "Celta": 1709.29394531,
  "Real Sociedad": 1702.07775879,
  "Athletic": 1697.30944824,
  "Osasuna": 1693.07446289,
  "Getafe": 1671.29345703,
  "Girona": 1669.52197266,
  "Rayo Vallecano": 1669.07666016,
  "Valencia": 1665.16125488,
  "Mallorca": 1656.72229004,
  "Espanyol": 1631.86474609,
  "Alaves": 1631.72729492,
  "Sevilla": 1626.44152832,
  "Levante": 1615.34436035,
  "Elche": 1609.96777344,
  "Real Oviedo": 1595.08496094,
  "Las Palmas": 1561.50720215,
  "Eibar": 1557.95507812,
  "Almeria": 1557.39233398,
  "Racing": 1553.72033691,
  "Malaga": 1551.45544434,
  "Burgos": 1543.25598145,
  "Castellon": 1538.32116699,
  "Depor": 1532.3034668,
  "Leganes": 1524.15820312,
  "Granada": 1518.93286133,
  "Albacete": 1493.62329102,
  "Sporting": 1487.7565918,
  "FC Andorra": 1487.09387207,
  "Cordoba": 1470.60522461,
  "Sociedad B": 1454.42529297,
  "Ceuta": 1453.39489746,
  "Mirandes": 1453.08276367,
  "Valladolid": 1446.07043457,
  "Cadiz": 1428.66650391,
  "Zaragoza": 1428.23742676,
  "Huesca": 1420.82580566,
  "Leonesa": 1384.49438477
}