{
  "Arsenal": 2021.77050781,
  "PSG": 1983.18786621,
  "Liverpool": 1974.33398438,
  "Manchester City": 1968.88220215,
  "Bayern Munich": 1965.8182373,
  "Real Madrid": 1945.47058105,
  "Inter": 1933.59057617,
  "Barcelona": 1931.14489746,
  "Chelsea": 1907.25109863,
  "Aston Villa": 1876.76855469,
  "Newcastle": 1870.84472656,
  "Crystal Palace": 1859.46850586,
  "Atlético": 1857.88146973,
  "Leverkusen": 1843.01501465,
  "Borussia Dortmund": 1840.78198242,
  "Brighton": 1840.22277832,
  "Bournemouth": 1837.77099609,
  "Napoli": 1837.35144043,
  "Atalanta": 1831.54589844,
  "Roma": 1819.80834961,
  "Manchester United": 1815.5222168,
  "Tottenham": 1810.54772949,
  "Milan": 1808.58483887,
  "Brentford": 1807.91455078,
  "Lille": 1805.67041016,
  "Everton": 1805.36193848,
  "Juventus": 1800.71447754,
  "Sporting": 1794.74768066,
  "Marseille": 1794.18041992,
  "Benfica": 1790.74475098,
  "Villarreal": 1785.93737793,
  "Fulham": 1777.15112305,
  "Betis": 1759.96838379,
  "PSV": 1756.19506836,
  "Lyon": 1756.15551758,
  "Lazio": 1754.72595215,
  "Athletic": 1751.87060547,
  "Bologna": 1750.4934082,
  "Forest": 1750.48608398,
  "Brugge": 1750.16271973,
  "Porto": 1749.75585938,
  "Frankfurt": 1749.48974609,
  "Monaco": 1749.06787109,
  "RB Leipzig": 1748.61804199,
  "Strasbourg": 1738.15441895,
  "Saint-Gilloise": 1737.05224609,
  "Lens": 1729.7755127,
  "Stuttgart": 1724.45568848,
  "Burnley": 1723.57617188,
  "Leeds": 1723.46704102,
  "Galatasaray": 1723.09155273,
  "Fiorentina": 1716.31298828,
  "West Ham": 1714.515625,
  "Feyenoord": 1706.29333496,
  "Wolverhampton": 1696.11279297,
  "Freiburg": 1689.64794922,
  "Osasuna": 1686.39038086,
  "Como": 1683.47375488,
  "Nice": 1680.33850098,
  "Toulouse": 1680.19580078,
  "Torino": 1679.94213867,
  "Mainz": 1677.20068359,
  "Werder": 1675.28723145,
  "Rayo Vallecano": 1674.90979004,
  "Brest": 1672.86022949,
  "Slavia Prag": 1672.17675781,
  "Valencia": 1669.49963379,
  "Fenerbahce": 1667.01501465,
  "Rennais": 1666.24194336,
  "Celta": 1665.37573242,
  "Olympiacos": 1664.28125,
  "Bodø/Glimt": 1664.09240723,
  "Braga": 1661.94335938,
  "Espanyol": 1661.17236328,
  "Sevilla": 1655.86279297,
  "Alaves": 1651.00976562,
  "Midtjylland": 1650.74267578,
  "Copenhagen": 1644.21496582,
  "Real Sociedad": 1644.07373047,
  "Mallorca": 1642.54003906,
  "Zenit": 1640.33081055,
  "Hoffenheim": 1634.25231934,
  "Genoa": 1632.97106934,
  "FC Krasnodar": 1631.63244629,
  "Getafe": 1631.38928223,
  "Union Berlin": 1630.19372559,
  "Wolfsburg": 1624.95056152,
  "Auxerre": 1621.36523438,
  "Augsburg": 1619.22949219,
  "Udinese": 1617.25012207,
  "Sunderland": 1616.03918457,
  "Elche": 1616.02148438,
  "Genk": 1615.84094238,
  "Ajax": 1615.05053711,
  "Sassuolo": 1612.98596191,
  "Cagliari": 1609.2565918,
  "CSKA Moskva": 1609.09484863,
  "Levante": 1609.08288574,
  "Gladbach": 1605.39440918,
  "Alkmaar": 1601.21984863,
  "Celtic": 1600.05407715,
  "Lorient": 1599.60717773,
  "Girona": 1599.05383301,
  "Parma": 1594.78710938,
  "Sparta Praha": 1593.73986816,
  "Nantes": 1591.95507812,
  "Crvena Zvezda": 1591.36669922,
  "Koeln": 1590.03637695,
  "Lecce": 1579.9161377,
  "Verona": 1579.29211426,
  "St Pauli": 1578.7857666,
  "Hamburg": 1577.734375,
  "PAOK": 1576.93859863,
  "Anderlecht": 1572.07348633,
  "Qarabag": 1566.93884277,
  "Cremonese": 1566.6328125,
  "Paris FC": 1564.78771973,
  "Shakhtar": 1561.95605469,
  "Guimaraes": 1561.3416748,
  "Brondby": 1560.16870117,
  "Real Oviedo": 1559.8079834,
  "Le Havre": 1559.00378418,
  "Viktoria Plzen": 1556.25158691,
  "Spartak Moskva": 1554.22668457,
  "Viking": 1550.48303223,
  "Twente": 1550.30187988,
  "Dinamo Zagreb": 1548.84082031,
  "Heidenheim": 1547.70581055,
  "Lok Moskva": 1545.93579102,
  "Sturm Graz": 1544.31726074,
  "Utrecht": 1543.90893555,
  "Brann": 1542.71716309,
  "AEK": 1542.09863281,
  "Mjaellby": 1541.35705566,
  "Metz": 1540.52160645,
  "Angers": 1539.3762207,
  "Basel": 1538.19726562,
  "Famalicao": 1537.95092773,
  "Rakow": 1536.12670898,
  "Pafos": 1535.32971191,
  "Panathinaikos": 1531.78820801,
  "Aarhus": 1529.73156738,
  "Dynamo Moskva": 1528.63293457,
  "RB Salzburg": 1527.82299805,
  "Pisa": 1526.02062988,
  "Jagiellonia": 1523.33251953,
  "Ferencvaros": 1522.77966309,
  "Lech": 1522.40686035,
  "Rangers": 1519.79089355,
  "M Tel Aviv": 1517.3614502,
  "Antwerp": 1516.68530273,
  "Gent": 1512.27563477,
  "Beer-Sheva": 1510.39379883,
  "Nordsjaelland": 1505.27270508,
  "Hammarby": 1504.93615723,
  "Jablonec": 1504.55285645,
  "Djurgarden": 1500.36206055,
  "Young Boys": 1496.46386719,
  "Trabzonspor": 1496.28344727,
  "Mechelen": 1494.4395752,
  "Nijmegen": 1493.36694336,
  "Charleroi": 1492.42541504,
  "Gil Vicente": 1492.40332031,
  "Moreirense": 1489.07226562,
  "Legia": 1485.96716309,
  "Larnaca": 1483.66015625,
  "Celje": 1481.73303223,
  "Randers": 1481.46655273,
  "Besiktas": 1478.04907227,
  "Razgrad": 1477.00390625,
  "Omonia": 1475.75073242,
  "Westerlo": 1475.44030762,
  "Aris Limassol": 1474.88037109,
  "Arouca": 1472.44226074,
  "Wolfsberg": 1471.44775391,
  "Sparta Rotterdam": 1471.23291016,
  "St Truiden": 1470.79736328,
  "Dynamo Kyiv": 1470.43188477,
  "Rio Ave": 1468.75512695,
  "Gornik": 1466.54394531,
  "Malmoe": 1466.25219727,
  "Santa Clara": 1465.42858887,
  "Go Ahead Eagles": 1464.44396973,
  "Samsunspor": 1460.19042969,
  "Estoril": 1455.82873535,
  "Rubin Kazan": 1453.67565918,
  "Cercle Brugge": 1453.453125,
  "Casa Pia": 1453.33190918,
  "Pogon": 1450.38330078,
  "Tromso": 1450.22509766,
  "Rosenborg": 1449.95690918,
  "Craiova": 1448.66687012,
  "Cracovia": 1448.21691895,
  "Steaua": 1448.18652344,
  "Viborg": 1446.2532959,
  "Hearts": 1443.28137207,
  "Silkeborg": 1442.57519531,
  "Molde": 1437.89892578,
  "Austria Wien": 1437.27636719,
  "Bueyueksehir": 1436.40283203,
  "Standard": 1434.54772949,
  "Lausanne": 1433.90710449,
  "Baltika": 1433.69958496,
  "Banik Ostrava": 1432.96704102,
  "Alanyaspor": 1432.25695801,
  "Goeztepe": 1431.48779297,
  "Rapid Wien": 1431.08337402,
  "Maccabi Haifa": 1429.92602539,
  "Rostov": 1428.76647949,
  "Heerenveen": 1428.26818848,
  "Korona": 1426.69799805,
  "Nacional": 1425.88037109,
  "Elfsborg": 1423.68249512,
  "Servette": 1423.56958008,
  "Zwolle": 1422.91809082,
  "Slovan Liberec": 1421.2010498,
  "Hajduk": 1419.68920898,
  "AIK": 1417.29980469,
  "StGallen": 1416.76293945,
  "GAIS": 1416.68798828,
  "Groningen": 1413.0020752,
  "Levski": 1412.40893555,
  "Aris": 1411.65234375,
  "Sittard": 1410.54223633,
  "Kasimpasa": 1407.5769043,
  "Hradec Kralove": 1406.85900879,
  "Piast Gliwice": 1406.10205078,
  "Leuven": 1405.25280762,
  "Alverca": 1404.82263184,
  "Hibernian": 1404.5435791,
  "Konyaspor": 1402.14880371,
  "Luzern": 1400.88110352,
  "KFUM Oslo": 1400.57763672,
  "Goeteborg": 1400.4576416,
  "Haecken": 1399.48413086,
  "CFR Cluj": 1398.72583008,
  "Rapid Bucuresti": 1398.72363281,
  "Gaziantep FK": 1398.61218262,
  "Kryliya Sovetov": 1398.45568848,
  "Partizan": 1398.21386719,
  "Paksi": 1395.5526123,
  "SonderjyskE": 1394.0592041,
  "Radomiak": 1393.40991211,
  "Sarpsborg": 1392.3302002,
  "Rijeka": 1390.6529541,
  "Zuerich": 1388.5925293,
  "Fredrikstad": 1387.59436035,
  "Terek Grozny": 1385.68798828,
  "Lugano": 1383.11425781,
  "Sigma Olomouc": 1382.77734375,
  "Sandefjord": 1382.31518555,
  "LASK": 1382.31311035,
  "Puskas Akademia": 1380.17785645,
  "Estrela Amadora": 1380.13439941,
  "Rizespor": 1379.23864746,
  "Slovan Bratislava": 1378.30566406,
  "Gyoer": 1374.06201172,
  "IK Sirius": 1373.28442383,
  "Hartberg": 1372.10778809,
  "Zulte Waregem": 1371.77258301,
  "Tondela": 1371.31689453,
  "Lubin": 1369.93615723,
  "Widzew": 1366.16589355,
  "Levadeiakos": 1364.27929688,
  "Plock": 1363.98974609,
  "Dender": 1363.15856934,
  "Maribor": 1360.68554688,
  "Bohemians Praha": 1359.39587402,
  "Motor Lublin": 1358.72314453,
  "Valerenga": 1358.68127441,
  "Sion": 1357.56420898,
  "Grasshoppers": 1356.90246582,
  "Eyupspor": 1356.8692627,