{
  "Bayern Munich": 2001.67089844,
  "Borussia Dortmund": 1831.23657227,
  "Leverkusen": 1812.64086914,
  "RB Leipzig": 1778.13537598,
  "Stuttgart": 1767.41186523,
  "Hoffenheim": 1720.29016113,
  "Freiburg": 1719.99194336,
  "Frankfurt": 1664.49072266,
  "Mainz": 1664.46142578,
  "Augsburg": 1654.68017578,
  "Gladbach": 1625.19494629,
  "Werder": 1613.83959961,
  "Union Berlin": 1605.48486328,
  "Hamburg": 1597.82080078,
  "Wolfsburg": 1589.85327148,
  "Koeln": 1571.65637207,
  "Heidenheim": 1564.32189941,
  "St Pauli": 1546.94641113,
  "Hannover": 1533.60070801,
  "Elversberg": 1525.54248047,
  "Schalke": 1518.12207031,
  "Paderborn": 1515.68908691,
  "Hertha": 1484.00598145,
  "Bochum": 1480.27404785,
  "Darmstadt": 1477.32385254,
  "Holstein": 1473.01831055,
  "Nuernberg": 1457.26867676,
  "Magdeburg": 1451.1463623,
  "Lautern": 1448.92553711,
  "Karlsruhe": 1446.43640137,
  "Duesseldorf": 1425.73291016,
  "Dresden": 1408.26550293,
  "Braunschweig": 1386.95715332,
  "Bielefeld": 1386.71911621,
  "Fuerth": 1383.61218262,
  "Muenster": 1354.921875
}