{
  "Arsenal": 2015.98791504,
  "Liverpool": 1997.75085449,
  "PSG": 1990.53796387,
  "Manchester City": 1959.13708496,
  "Bayern Munich": 1957.41394043,
  "Barcelona": 1949.87341309,
  "Real Madrid": 1934.23132324,
  "Inter": 1929.4263916,
  "Chelsea": 1888.21130371,
  "Newcastle": 1873.06347656,
  "Crystal Palace": 1867.99621582,
  "Aston Villa": 1856.23461914,
  "Atlético": 1854.6574707,
  "Borussia Dortmund": 1851.13415527,
  "Napoli": 1850.68237305,
  "Atalanta": 1845.09887695,
  "Leverkusen": 1836.43493652,
  "Roma": 1835.8807373,
  "Brighton": 1834.96069336,
  "Bournemouth": 1827.55090332,
  "Juventus": 1822.17980957,
  "Tottenham": 1811.60375977,
  "Milan": 1806.46020508,
  "Brentford": 1803.22851562,
  "Everton": 1801.79797363,
  "Manchester United": 1798.29418945,
  "Sporting": 1792.91455078,
  "Fulham": 1789.83178711,
  "Villarreal": 1789.43371582,
  "Benfica": 1783.87280273,
  "Forest": 1780.40856934,
  "Lille": 1779.76464844,
  "Marseille": 1779.02954102,
  "Lyon": 1771.27819824,
  "Frankfurt": 1759.35644531,
  "Lazio": 1759.33312988,
  "PSV": 1757.58093262,
  "Monaco": 1753.65991211,
  "Saint-Gilloise": 1748.58325195,
  "Brugge": 1748.2355957,
  "Athletic": 1746.15893555,
  "Bologna": 1744.8112793,
  "RB Leipzig": 1743.79003906,
  "Leeds": 1741.78088379,
  "Porto": 1740.2064209,
  "Betis": 1740.13598633,
  "Fiorentina": 1731.38122559,
  "Stuttgart": 1727.71765137,
  "West Ham": 1727.57714844,
  "Galatasaray": 1719.74621582,
  "Strasbourg": 1717.92443848,
  "Burnley": 1716.99182129,
  "Lens": 1715.45996094,
  "Feyenoord": 1714.33666992,
  "Wolverhampton": 1707.84753418,
  "Mainz": 1701.60876465,
  "Freiburg": 1688.47338867,
  "Olympiacos": 1685.14135742,
  "Osasuna": 1679.94055176,
  "Werder": 1675.06164551,
  "Brest": 1673.58056641,
  "Valencia": 1672.8840332,
  "Nice": 1669.71191406,
  "Torino": 1669.11889648,
  "Slavia Prag": 1668.82458496,
  "Como": 1666.97021484,
  "Rennais": 1666.90710449,
  "Bodø/Glimt": 1660.6697998,
  "Fenerbahce": 1657.07226562,
  "Toulouse": 1656.38867188,
  "Celta": 1655.02233887,
  "Espanyol": 1653.55578613,
  "Wolfsburg": 1650.89672852,
  "Real Sociedad": 1647.51281738,
  "Celtic": 1645.78076172,
  "Rayo Vallecano": 1644.74633789,
  "Sevilla": 1644.1138916,
  "Genoa": 1642.70788574,
  "Ajax": 1641.32885742,
  "Zenit": 1640.33081055,
  "Alaves": 1639.98461914,
  "Copenhagen": 1639.45422363,
  "Getafe": 1635.95019531,
  "Braga": 1635.02099609,
  "Hoffenheim": 1632.68249512,
  "FC Krasnodar": 1631.63244629,
  "Genk": 1631.62280273,
  "Midtjylland": 1630.17150879,
  "Mallorca": 1626.87463379,
  "Union Berlin": 1626.5435791,
  "Udinese": 1623.20288086,
  "Auxerre": 1621.93261719,
  "Cagliari": 1621.00561523,
  "Elche": 1618.70019531,
  "Gladbach": 1616.57653809,
  "Alkmaar": 1611.06640625,
  "Augsburg": 1609.6595459,
  "CSKA Moskva": 1609.09484863,
  "Sassuolo": 1608.49975586,
  "Levante": 1607.98083496,
  "Sunderland": 1606.9732666,
  "Parma": 1606.87670898,
  "Lorient": 1606.3894043,
  "St Pauli": 1600.59790039,
  "Crvena Zvezda": 1594.41809082,
  "Verona": 1592.76733398,
  "Nantes": 1590.75073242,
  "Girona": 1587.68664551,
  "Sparta Praha": 1585.90930176,
  "Koeln": 1582.46948242,
  "Real Oviedo": 1579.89221191,
  "AEK": 1577.09692383,
  "Lecce": 1574.66760254,
  "Anderlecht": 1572.91918945,
  "Cremonese": 1572.9185791,
  "PAOK": 1572.19616699,
  "Qarabag": 1566.9387207,
  "Hamburg": 1561.81640625,
  "Le Havre": 1558.27148438,
  "Shakhtar": 1557.82458496,
  "Utrecht": 1557.61022949,
  "Panathinaikos": 1556.21862793,
  "Twente": 1555.2989502,
  "Spartak Moskva": 1554.2265625,
  "Paris FC": 1553.17211914,
  "Metz": 1551.34399414,
  "Heidenheim": 1550.74206543,
  "Rangers": 1550.46984863,
  "Viktoria Plzen": 1549.80236816,
  "Guimaraes": 1549.55895996,
  "Brondby": 1548.10046387,
  "Lok Moskva": 1545.93579102,
  "Brann": 1545.55895996,
  "Dinamo Zagreb": 1543.296875,
  "M Tel Aviv": 1542.17602539,
  "Mjaellby": 1538.87841797,
  "Angers": 1537.75,
  "Viking": 1536.45678711,
  "Pisa": 1535.79724121,
  "Sturm Graz": 1535.01245117,
  "Famalicao": 1531.8269043,
  "Pafos": 1529.10131836,
  "Dynamo Moskva": 1528.63305664,
  "RB Salzburg": 1526.53088379,
  "Antwerp": 1524.91369629,
  "Rakow": 1524.20983887,
  "Aarhus": 1516.55725098,
  "Jablonec": 1515.39660645,
  "Beer-Sheva": 1515.23352051,
  "Jagiellonia": 1515.15734863,
  "Mechelen": 1514.54211426,
  "Gent": 1510.54077148,
  "Djurgarden": 1509.9609375,
  "Lech": 1508.23266602,
  "Ferencvaros": 1508.18981934,
  "Legia": 1507.75195312,
  "Charleroi": 1503.76403809,
  "Hammarby": 1502.05334473,
  "Nijmegen": 1500.3470459,
  "Malmoe": 1498.64831543,
  "Basel": 1495.93054199,
  "Moreirense": 1491.49804688,
  "Nordsjaelland": 1489.65332031,
  "Young Boys": 1489.4831543,
  "Razgrad": 1488.54455566,
  "Gil Vicente": 1478.96496582,
  "Dynamo Kyiv": 1478.47741699,
  "Besiktas": 1477.48217773,
  "Trabzonspor": 1474.26013184,
  "Omonia": 1474.19641113,
  "Westerlo": 1472.76135254,
  "Craiova": 1472.17077637,
  "Randers": 1469.31274414,
  "Aris Limassol": 1468.6517334,
  "Wolfsberg": 1467.66638184,
  "Arouca": 1465.05029297,
  "Steaua": 1464.07116699,
  "Santa Clara": 1463.69543457,
  "Sparta Rotterdam": 1463.37158203,
  "Go Ahead Eagles": 1462.22363281,
  "St Truiden": 1460.29858398,
  "Celje": 1459.87512207,
  "Rosenborg": 1458.81774902,
  "Larnaca": 1458.32202148,
  "Cracovia": 1457.37097168,
  "Tromso": 1456.92468262,
  "Gornik": 1454.84997559,
  "Cercle Brugge": 1454.82849121,
  "Rubin Kazan": 1453.67565918,
  "Rio Ave": 1453.16796875,
  "Austria Wien": 1451.12927246,
  "Casa Pia": 1447.8359375,
  "Estoril": 1447.80895996,
  "Viborg": 1446.60656738,
  "Rapid Wien": 1445.37438965,
  "Molde": 1444.77062988,
  "Silkeborg": 1443.94897461,
  "Pogon": 1443.55285645,
  "Standard": 1443.3059082,
  "Aris": 1440.43310547,
  "Bueyueksehir": 1439.12512207,
  "Zwolle": 1436.59594727,
  "Hearts": 1435.86254883,
  "AIK": 1434.48327637,
  "Elfsborg": 1434.12268066,
  "Maccabi Haifa": 1433.94274902,
  "Baltika": 1433.69958496,
  "Korona": 1431.9206543,
  "Banik Ostrava": 1431.24304199,
  "Rostov": 1428.76623535,
  "Samsunspor": 1425.86975098,
  "Groningen": 1425.73132324,
  "Heerenveen": 1424.54956055,
  "Goeztepe": 1424.30065918,
  "Sittard": 1422.86560059,
  "Servette": 1422.38354492,
  "Slovan Liberec": 1420.70629883,
  "Alanyaspor": 1419.59912109,
  "Leuven": 1417.53540039,
  "Hibernian": 1416.36108398,
  "GAIS": 1415.74255371,
  "StGallen": 1415.30615234,
  "Kasimpasa": 1414.26745605,
  "Hajduk": 1413.35302734,
  "Levski": 1411.91381836,
  "Goeteborg": 1411.30187988,
  "Piast Gliwice": 1410.71887207,
  "Nacional": 1409.93884277,
  "Konyaspor": 1405.12487793,
  "CFR Cluj": 1403.65356445,
  "Rapid Bucuresti": 1400.92016602,
  "Kryliya Sovetov": 1398.45568848,
  "KFUM Oslo": 1398.42272949,
  "Hradec Kralove": 1397.30383301,
  "Partizan": 1395.96801758,
  "Lausanne": 1395.79626465,
  "Haecken": 1393.82006836,
  "Luzern": 1390.34484863,
  "Zuerich": 1388.65686035,
  "Fredrikstad": 1388.16369629,
  "SonderjyskE": 1388.08813477,
  "Alverca": 1387.40258789,
  "Rijeka": 1385.90246582,
  "Terek Grozny": 1385.68811035,
  "LASK": 1385.01708984,
  "Paksi": 1383.95678711,
  "Radomiak": 1383.57873535,
  "Slovan Bratislava": 1382.40649414,
  "Estrela Amadora": 1380.0567627,
  "Sarpsborg": 1378.34643555,
  "Lubin": 1377.55371094,
  "Zulte Waregem": 1375.46704102,
  "Gaziantep FK": 1375.24597168,
  "Sandefjord": 1374.84362793,
  "St Mirren": 1374.64318848,
  "Tondela": 1373.38818359,
  "Hartberg": 1372.49279785,
  "Dender": 1370.0255127,
  "Puskas Akademia": 1369.96264648,
  "Heracles": 1369.01696777,
  "Gyoer": 1367.76037598,
  "Sigma Olomouc": 1365.15087891,
  "Kayseri": 1362.64709473,
  "Universitatea Cluj": 1362.61108398,
  "Rizespor": 1362.41247559,
  "Levadeiakos": 1362.12634277,
  "Motor Lublin": 1361.84118652,
  "Plock": 1361.5880127,
  "RAAL": 1360.11730957,
  "Antalyaspor": 1359.06408691,
  "Dinamo Bucuresti": 1358.52746582,
  "Lugano": 1358.24035645,
  "Katowice": 1357.58349609,