{
  "Barcelona": 1950.58422852,
  "Real Madrid": 1931.43566895,
  "Atletico": 1840.53747559,
  "Athletic": 1795.35058594,
  "Villarreal": 1769.85388184,
  "Betis": 1764.25598145,
  "Celta": 1694.08068848,
  "Osasuna": 1692.05725098,
  "Valencia": 1685.01464844,
  "Sociedad": 1666.20288086,
  "Girona": 1655.05126953,
  "Rayo Vallecano": 1652.39770508,
  "Mallorca": 1652.12805176,
  "Sevilla": 1648.82409668,
  "Alaves": 1641.14709473,
  "Espanyol": 1637.01403809,
  "Getafe": 1625.88671875,
  "Levante": 1597.31506348,
  "Leganes": 1585.00219727,
  "Las Palmas": 1583.07104492,
  "Elche": 1575.08251953,
  "Oviedo": 1566.66467285,
  "Mirandes": 1540.20861816,
  "Santander": 1539.72216797,
  "Almeria": 1535.74572754,
  "Granada": 1526.18640137,
  "Cadiz": 1526.17431641,
  "Eibar": 1517.17785645,
  "Huesca": 1503.66809082,
  "Albacete": 1496.5423584,
  "Depor": 1491.92102051,
  "Cordoba": 1488.48876953,
  "Burgos": 1486.82250977,
  "Gijon": 1483.8770752,
  "Valladolid": 1482.18054199,
  "Zaragoza": 1460.76489258,
  "Castellon": 1460.36645508,
  "Tenerife": 1452.24438477,
  "Malaga": 1450.99841309,
  "Eldense": 1422.20703125,
  "Ferrol": 1357.44726562,
  "Cartagena": 1335.71496582
}