{
  "Bayern Munich": 1998.08532715,
  "Borussia Dortmund": 1860.00036621,
  "Leverkusen": 1842.76513672,
  "RB Leipzig": 1785.13562012,
  "Stuttgart": 1730.67150879,
  "Frankfurt": 1724.89294434,
  "Freiburg": 1711.42932129,
  "Hoffenheim": 1678.83605957,
  "Werder": 1675.03710938,
  "Gladbach": 1659.19702148,
  "Mainz": 1643.76428223,
  "Wolfsburg": 1635.84448242,
  "Union Berlin": 1625.01696777,
  "Augsburg": 1622.34558105,
  "Koeln": 1594.68273926,
  "Hamburg": 1587.49572754,
  "Heidenheim": 1560.52502441,
  "St Pauli": 1555.75317383,
  "Elversberg": 1546.43029785,
  "Paderborn": 1519.12768555,
  "Hannover": 1516.78649902,
  "Bochum": 1515.92480469,
  "Darmstadt": 1509.34960938,
  "Schalke": 1505.62304688,
  "Holstein": 1498.62426758,
  "Hertha": 1491.49816895,
  "Lautern": 1489.69458008,
  "Karlsruhe": 1468.72241211,
  "Duesseldorf": 1443.71411133,
  "Nuernberg": 1434.08227539,
  "Magdeburg": 1432.8671875,
  "Muenster": 1422.88049316,
  "Bielefeld": 1388.65136719,
  "Fuerth": 1382.11364746,
  "Braunschweig": 1371.94152832,
  "Dresden": 1356.89880371
}