{
  "Barcelona": 1939.16833496,
  "Real Madrid": 1903.26574707,
  "Atlético": 1836.76379395,
  "Betis": 1751.73706055,
  "Villarreal": 1739.72839355,
  "Celta": 1719.73498535,
  "Athletic": 1709.3203125,
  "Real Sociedad": 1682.81713867,
  "Osasuna": 1681.91442871,
  "Valencia": 1654.65258789,
  "Rayo Vallecano": 1640.71435547,
  "Espanyol": 1630.51696777,
  "Getafe": 1629.17895508,
  "Girona": 1624.55932617,
  "Sevilla": 1618.41149902,
  "Mallorca": 1608.37097168,
  "Alaves": 1598.81396484,
  "Elche": 1585.97460938,
  "Levante": 1583.36572266,
  "Racing": 1560.95678711,
  "Almeria": 1549.22045898,
  "Las Palmas": 1547.24609375,
  "Real Oviedo": 1546.98413086,
  "Castellon": 1532.83642578,
  "Leganes": 1516.75256348,
  "Depor": 1511.44641113,
  "Malaga": 1505.65563965,
  "Eibar": 1498.03210449,
  "Burgos": 1484.77111816,
  "Granada": 1480.09912109,
  "Sporting": 1476.07104492,
  "Cordoba": 1471.11474609,
  "Ceuta": 1460.59338379,
  "Albacete": 1457.60791016,
  "Cadiz": 1454.87988281,
  "Sociedad B": 1441.92053223,
  "Mirandes": 1435.94958496,
  "FC Andorra": 1432.50622559,
  "Huesca": 1431.10595703,
  "Valladolid": 1425.234375,
  "Zaragoza": 1384.79980469,
  "Leonesa": 1378.75537109
}