{
  "Bayern Munich": 1931.8170166,
  "Leverkusen": 1839.78527832,
  "Borussia Dortmund": 1823.70544434,
  "Frankfurt": 1756.02539062,
  "RB Leipzig": 1724.37280273,
  "Stuttgart": 1703.84985352,
  "Mainz": 1689.73742676,
  "Werder": 1688.05065918,
  "Freiburg": 1665.34753418,
  "Wolfsburg": 1653.81921387,
  "Hoffenheim": 1626.81396484,
  "Augsburg": 1624.38867188,
  "Gladbach": 1610.59375,
  "Union Berlin": 1609.61181641,
  "St Pauli": 1603.86303711,
  "Koeln": 1586.45959473,
  "Hamburg": 1544.95263672,
  "Heidenheim": 1541.45703125,
  "Holstein": 1517.83422852,
  "Elversberg": 1509.43640137,
  "Bochum": 1504.6217041,
  "Karlsruhe": 1504.18017578,
  "Paderborn": 1496.7520752,
  "Hannover": 1492.42932129,
  "Duesseldorf": 1488.32006836,
  "Lautern": 1465.6784668,
  "Darmstadt": 1463.53625488,
  "Hertha": 1457.6998291,
  "Magdeburg": 1423.19372559,
  "Schalke": 1421.78308105,
  "Muenster": 1417.36254883,
  "Nuernberg": 1405.56921387,
  "Fuerth": 1392.06567383,
  "Bielefeld": 1385.87158203,
  "Braunschweig": 1381.22546387,
  "Dresden": 1339.82348633
}