{
  "Inter": 1928.46704102,
  "Napoli": 1821.24658203,
  "Atalanta": 1807.1015625,
  "Milan": 1802.04626465,
  "Roma": 1801.03515625,
  "Juventus": 1788.17895508,
  "Lazio": 1754.6953125,
  "Bologna": 1743.38452148,
  "Fiorentina": 1689.46228027,
  "Como": 1685.42382812,
  "Torino": 1675.74731445,
  "Udinese": 1622.52258301,
  "Genoa": 1612.83447266,
  "Sassuolo": 1600.02331543,
  "Cagliari": 1587.4029541,
  "Parma": 1577.62280273,
  "Lecce": 1575.2376709,
  "Cremonese": 1575.10180664,
  "Verona": 1562.38574219,
  "Venezia": 1540.50585938,
  "Monza": 1537.70397949,
  "Pisa": 1535.15283203,
  "Empoli": 1504.35083008,
  "Frosinone": 1495.25695801,
  "Palermo": 1476.85021973,
  "Modena": 1474.15661621,
  "Catanzaro": 1460.51416016,
  "Spezia": 1459.44616699,
  "Cesena": 1450.40356445,
  "Juve Stabia": 1443.38598633,
  "Suedtirol": 1420.92260742,
  "Carrarese": 1418.60852051,
  "Bari": 1416.29846191,
  "Reggiana": 1415.74658203,
  "Sampdoria": 1405.61376953,
  "Padova": 1383.1072998,
  "Avellino": 1375.46459961,
  "Entella": 1364.46520996,
  "Mantova": 1363.08288574,
  "Pescara": 1350.67712402
}