{
  "Barcelona": 1956.66333008,
  "Real Madrid": 1943.73168945,
  "Atlético": 1861.38696289,
  "Villarreal": 1750.06677246,
  "Betis": 1741.19555664,
  "Celta": 1724.46899414,
  "Athletic": 1700.16894531,
  "Real Sociedad": 1698.20068359,
  "Osasuna": 1678.8223877,
  "Valencia": 1660.0324707,
  "Rayo Vallecano": 1658.7142334,
  "Getafe": 1650.01062012,
  "Girona": 1649.57556152,
  "Espanyol": 1629.11584473,
  "Mallorca": 1628.49743652,
  "Sevilla": 1625.05895996,
  "Alaves": 1605.50512695,
  "Levante": 1596.13708496,
  "Elche": 1590.44140625,
  "Racing": 1579.55810547,
  "Real Oviedo": 1562.60180664,
  "Las Palmas": 1556.8770752,
  "Almeria": 1549.17016602,
  "Malaga": 1518.07336426,
  "Castellon": 1516.71899414,
  "Eibar": 1515.61950684,
  "Depor": 1514.54199219,
  "Leganes": 1507.45007324,
  "Granada": 1504.79980469,
  "Burgos": 1504.38220215,
  "Sporting": 1491.36865234,
  "Sociedad B": 1477.88781738,
  "Albacete": 1477.22363281,
  "Cadiz": 1466.19238281,
  "Cordoba": 1462.51953125,
  "Ceuta": 1452.58093262,
  "FC Andorra": 1449.73242188,
  "Valladolid": 1447.32055664,
  "Huesca": 1432.98364258,
  "Mirandes": 1424.58325195,
  "Zaragoza": 1420.58215332,
  "Leonesa": 1378.63037109
}