{
  "Arsenal": 2044.2142334,
  "Manchester City": 1966.48730469,
  "Liverpool": 1925.5925293,
  "Aston Villa": 1899.11437988,
  "Manchester United": 1881.35864258,
  "Brighton": 1852.33813477,
  "Chelsea": 1852.25500488,
  "Bournemouth": 1849.21362305,
  "Brentford": 1833.06677246,
  "Everton": 1829.22668457,
  "Newcastle": 1827.16137695,
  "Crystal Palace": 1810.97509766,
  "Forest": 1808.82116699,
  "Fulham": 1801.04772949,
  "Leeds": 1789.24951172,
  "West Ham": 1759.28210449,
  "Tottenham": 1750.35717773,
  "Sunderland": 1713.22875977,
  "Wolverhampton": 1684.17126465,
  "Burnley": 1666.23193359,
  "Coventry": 1633.43713379,
  "Southampton": 1628.88330078,
  "Ipswich": 1624.99499512,
  "Millwall": 1586.37255859,
  "Middlesbrough": 1572.59399414,
  "Norwich": 1558.75048828,
  "Sheffield United": 1558.48413086,
  "Derby": 1542.2253418,
  "Hull": 1528.8861084,
  "Wrexham": 1520.08740234,
  "Swansea": 1512.24316406,
  "QPR": 1498.00732422,
  "West Brom": 1497.00317383,
  "Bristol City": 1496.5123291,
  "Portsmouth": 1490.34887695,
  "Leicester": 1486.5078125,
  "Birmingham": 1486.4395752,
  "Watford": 1482.99389648,
  "Blackburn": 1481.62585449,
  "Stoke": 1477.41918945,
  "Preston": 1477.23815918,
  "Oxford": 1463.01843262,
  "Charlton": 1450.91638184,
  "Sheffield Weds": 1334.82006836
}