{
  "PSG": 1974.93774414,
  "Manchester City": 1959.9440918,
  "Real Madrid": 1936.12744141,
  "Inter": 1933.24206543,
  "Bayern Munich": 1918.9979248,
  "Chelsea": 1902.80126953,
  "Atlético": 1855.34960938,
  "Borussia Dortmund": 1818.3503418,
  "Juventus": 1805.84655762,
  "Benfica": 1791.48046875,
  "Palmeiras": 1771.116970201464,
  "Flamengo": 1751.5656264481077,
  "Botafogo": 1694.3274123044937,
  "Fluminense": 1683.004608556124,
  "River Plate": 1682.873984927717,
  "Porto": 1678.19543457,
  "Boca Juniors": 1630.8980789320615,
  "Al-Hilal": 1619.9221205240676,
  "Monterrey": 1608.4162352923672,
  "Ahly SC": 1598.3198449320191,
  "RB Salzburg": 1558.85534668,
  "Sundowns": 1556.6952543084226,
  "Pachuca": 1539.371114646668,
  "Esperance": 1513.8080706919436,
  "Los Ángeles FC": 1496.017001794878,
  "Inter Miami": 1480.5244648364542,
  "Seattle": 1469.6529351529905,
  "Urawa Reds": 1458.0846073653825,
  "Ulsan HD": 1449.9012683507287,
  "Al-Ain": 1444.2953296841047,
  "Wydad AC": 1437.957172482475,
  "Auckland City": 1341.0080448208414
}