{
  "Bayern Munich": 1996.31665039,
  "Borussia Dortmund": 1868.72094727,
  "Leverkusen": 1846.12463379,
  "RB Leipzig": 1786.66357422,
  "Stuttgart": 1729.6965332,
  "Frankfurt": 1728.3659668,
  "Freiburg": 1710.82324219,
  "Hoffenheim": 1680.36376953,
  "Werder": 1676.56506348,
  "Gladbach": 1660.72485352,
  "Mainz": 1647.13757324,
  "Wolfsburg": 1637.37231445,
  "Union Berlin": 1626.54492188,
  "Augsburg": 1623.87341309,
  "Koeln": 1596.21057129,
  "Hamburg": 1589.02368164,
  "Heidenheim": 1562.05297852,
  "St Pauli": 1557.28112793,
  "Elversberg": 1547.95812988,
  "Paderborn": 1520.65551758,
  "Hannover": 1518.31445312,
  "Bochum": 1517.45263672,
  "Darmstadt": 1510.87744141,
  "Schalke": 1507.15100098,
  "Holstein": 1500.15209961,
  "Hertha": 1493.02612305,
  "Lautern": 1491.22241211,
  "Karlsruhe": 1470.25024414,
  "Duesseldorf": 1445.24194336,
  "Nuernberg": 1435.61022949,
  "Magdeburg": 1434.39501953,
  "Muenster": 1424.40844727,
  "Bielefeld": 1390.17932129,
  "Fuerth": 1383.64147949,
  "Braunschweig": 1373.46948242,
  "Dresden": 1358.42675781
}