{
  "Barcelona": 1951.58874512,
  "Real Madrid": 1922.91210938,
  "Atlético": 1827.67541504,
  "Villarreal": 1759.34521484,
  "Betis": 1747.13110352,
  "Rayo Vallecano": 1707.34008789,
  "Celta": 1700.77734375,
  "Valencia": 1697.41503906,
  "Athletic": 1677.90075684,
  "Real Sociedad": 1669.46557617,
  "Getafe": 1664.07507324,
  "Osasuna": 1650.25817871,
  "Mallorca": 1642.77307129,
  "Levante": 1638.7401123,
  "Girona": 1635.80603027,
  "Alaves": 1634.98193359,
  "Espanyol": 1629.45593262,
  "Sevilla": 1625.92346191,
  "Elche": 1623.40356445,
  "Las Palmas": 1585.08972168,
  "Racing": 1581.93249512,
  "Malaga": 1568.62805176,
  "Real Oviedo": 1557.96911621,
  "Almeria": 1556.26391602,
  "Eibar": 1549.77270508,
  "Castellon": 1546.32910156,
  "Depor": 1546.31384277,
  "Burgos": 1541.79614258,
  "Sporting": 1499.98913574,
  "Albacete": 1496.30981445,
  "FC Andorra": 1493.97802734,
  "Leganes": 1481.57946777,
  "Cordoba": 1474.97351074,
  "Granada": 1461.25671387,
  "Ceuta": 1454.6652832,
  "Mirandes": 1440.08032227,
  "Sociedad B": 1428.48071289,
  "Valladolid": 1425.33874512,
  "Cadiz": 1409.9777832,
  "Huesca": 1405.03845215,
  "Zaragoza": 1384.69812012,
  "Leonesa": 1367.80847168
}