{
  "Real Madrid": 1949.69604492,
  "Barcelona": 1897.16137695,
  "Atletico": 1865.66943359,
  "Athletic": 1786.33154297,
  "Villarreal": 1749.9675293,
  "Sociedad": 1701.74841309,
  "Girona": 1701.36169434,
  "Betis": 1665.95275879,
  "Osasuna": 1663.53039551,
  "Sevilla": 1662.52929688,
  "Rayo Vallecano": 1657.08740234,
  "Getafe": 1643.85351562,
  "Mallorca": 1639.72314453,
  "Celta": 1636.8458252,
  "Valencia": 1625.51379395,
  "Alaves": 1623.71350098,
  "Las Palmas": 1597.32910156,
  "Espanyol": 1597.00305176,
  "Leganes": 1585.85400391,
  "Almeria": 1571.50964355,
  "Levante": 1559.97558594,
  "Oviedo": 1551.99206543,
  "Huesca": 1547.55957031,
  "Elche": 1546.49987793,
  "Granada": 1545.12280273,
  "Santander": 1543.27038574,
  "Valladolid": 1542.63562012,
  "Cadiz": 1533.11376953,
  "Mirandes": 1524.10009766,
  "Gijon": 1496.3059082,
  "Eibar": 1494.21398926,
  "Zaragoza": 1484.7479248,
  "Albacete": 1470.48828125,
  "Depor": 1460.58874512,
  "Malaga": 1445.02294922,
  "Cordoba": 1442.77758789,
  "Burgos": 1438.21508789,
  "Tenerife": 1421.07666016,
  "Ferrol": 1414.10314941,
  "Castellon": 1413.34924316,
  "Eldense": 1392.38745117,
  "Cartagena": 1368.35510254
}