{
  "Inter": 1890.01501465,
  "Milan": 1812.26464844,
  "Napoli": 1794.23840332,
  "Atalanta": 1789.9979248,
  "Juventus": 1785.66247559,
  "Roma": 1764.66687012,
  "Como": 1754.55810547,
  "Bologna": 1711.7520752,
  "Lazio": 1702.90161133,
  "Fiorentina": 1659.63183594,
  "Genoa": 1647.11889648,
  "Torino": 1624.6920166,
  "Sassuolo": 1623.42980957,
  "Udinese": 1615.63208008,
  "Parma": 1599.38525391,
  "Venezia": 1590.08081055,
  "Cagliari": 1577.82995605,
  "Lecce": 1560.8572998,
  "Monza": 1547.06152344,
  "Frosinone": 1531.56311035,
  "Cremonese": 1523.53063965,
  "Verona": 1513.55688477,
  "Pisa": 1509.81152344,
  "Palermo": 1506.14282227,
  "Catanzaro": 1491.91845703,
  "Modena": 1454.34509277,
  "Empoli": 1434.60144043,
  "Suedtirol": 1427.95007324,
  "Juve Stabia": 1424.99377441,
  "Spezia": 1404.69604492,
  "Carrarese": 1398.91845703,
  "Mantova": 1385.37451172,
  "Sampdoria": 1383.58093262,
  "Cesena": 1380.27404785,
  "Bari": 1370.23242188,
  "Avellino": 1369.78063965,
  "Pescara": 1364.83410645,
  "Padova": 1354.19946289,
  "Reggiana": 1348.66003418,
  "Entella": 1344.27270508
}