{
  "PSG": 1995.52319336,
  "Lille": 1788.70739746,
  "Marseille": 1773.83569336,
  "Lyon": 1758.71179199,
  "Monaco": 1747.3729248,
  "Lens": 1731.96179199,
  "Strasbourg": 1719.12744141,
  "Nice": 1677.0559082,
  "Toulouse": 1668.95947266,
  "Brest": 1662.82763672,
  "Rennais": 1651.00219727,
  "Auxerre": 1604.18371582,
  "Nantes": 1594.57104492,
  "Lorient": 1581.74523926,
  "Le Havre": 1563.93395996,
  "Reims": 1552.53417969,
  "Paris FC": 1549.91687012,
  "Angers": 1544.98706055,
  "Metz": 1529.81176758,
  "Saint-Etienne": 1525.59179688,
  "Troyes": 1492.94262695,
  "Montpellier": 1477.38024902,
  "Annecy": 1447.55725098,
  "Guingamp": 1446.22167969,
  "Dunkerque": 1442.0982666,
  "Red Star": 1436.55065918,
  "Pau": 1426.27954102,
  "Rodez": 1425.22705078,
  "Clermont": 1414.79418945,
  "Amiens": 1407.4901123,
  "Grenoble": 1407.31347656,
  "Le Mans": 1406.06494141,
  "Laval": 1403.53686523,
  "Bastia": 1401.78051758,
  "Nancy": 1374.91564941,
  "Boulogne": 1362.56604004
}