{
  "Barcelona": 1945.43054199,
  "Real Madrid": 1936.12744141,
  "Atlético": 1855.34985352,
  "Athletic": 1789.30932617,
  "Villarreal": 1785.54650879,
  "Betis": 1742.14355469,
  "Osasuna": 1697.22412109,
  "Celta": 1689.27087402,
  "Valencia": 1679.41601562,
  "Real Sociedad": 1667.3203125,
  "Rayo Vallecano": 1658.47607422,
  "Alaves": 1644.1192627,
  "Mallorca": 1641.24841309,
  "Sevilla": 1637.12219238,
  "Girona": 1637.03491211,
  "Espanyol": 1634.6619873,
  "Getafe": 1625.7598877,
  "Levante": 1610.27514648,
  "Real Oviedo": 1587.671875,
  "Elche": 1584.90917969,
  "Burgos": 1473.21594238,
  "Valladolid": 1467.32788086,
  "Leonesa": 1431.8614502,
  "Ceuta": 1431.8614502
}