{
  "Arsenal": 2064.6237793,
  "Bayern Munich": 2007.0736084,
  "Barcelona": 1986.75976562,
  "PSG": 1953.50317383,
  "Manchester City": 1941.84118652,
  "Real Madrid": 1938.08166504,
  "Liverpool": 1927.23950195,
  "Inter": 1892.42333984,
  "Aston Villa": 1885.52038574,
  "Manchester United": 1881.42443848,
  "Chelsea": 1869.87109375,
  "Sporting": 1869.37365723,
  "Atlético": 1861.1751709,
  "Borussia Dortmund": 1848.28051758,
  "Brighton": 1844.45568848,
  "Newcastle": 1841.14978027,
  "Brentford": 1833.16638184,
  "Everton": 1832.02233887,
  "Bournemouth": 1823.03515625,
  "Benfica": 1817.39440918,
  "Leverkusen": 1809.99804688,
  "Porto": 1809.39892578,
  "Milan": 1807.90075684,
  "Napoli": 1805.66650391,
  "Fulham": 1802.03991699,
  "Atalanta": 1798.52124023,
  "Crystal Palace": 1794.61499023,
  "Juventus": 1785.37268066,
  "Forest": 1785.35046387,
  "Leeds": 1765.76220703,
  "RB Leipzig": 1765.23156738,
  "Roma": 1760.24182129,
  "Villarreal": 1758.46252441,
  "Como": 1757.12243652,
  "Tottenham": 1753.88269043,
  "Stuttgart": 1752.70568848,
  "PSV": 1751.13134766,
  "Betis": 1749.67321777,
  "Celta": 1747.92126465,
  "Monaco": 1746.99035645,
  "Lens": 1742.86767578,
  "West Ham": 1741.36303711,
  "Lille": 1736.70324707,
  "Bodø/Glimt": 1729.52050781,
  "Saint-Gilloise": 1727.59594727,
  "Marseille": 1726.65490723,
  "Brugge": 1725.62939453,
  "Lyon": 1716.81774902,
  "Strasbourg": 1715.16589355,
  "Galatasaray": 1712.67004395,
  "Lazio": 1711.70471191,
  "Braga": 1708.85119629,
  "Real Sociedad": 1707.28955078,
  "Athletic": 1707.21472168,
  "Sunderland": 1705.03747559,
  "Bologna": 1703.50061035,
  "Wolverhampton": 1702.26367188,
  "Rennais": 1698.27416992,
  "Hoffenheim": 1697.77636719,
  "Mainz": 1696.35571289,
  "Osasuna": 1694.7989502,
  "Freiburg": 1694.31335449,
  "Midtjylland": 1681.97802734,
  "Getafe": 1680.64172363,
  "Frankfurt": 1678.86230469,
  "Burnley": 1677.48815918,
  "Valencia": 1674.44726562,
  "Rayo Vallecano": 1671.98999023,
  "Fiorentina": 1669.87744141,
  "Olympiacos": 1667.87426758,
  "Slavia Prag": 1665.46276855,
  "Fenerbahce": 1663.25488281,
  "Girona": 1663.05493164,
  "Zenit": 1657.19775391,
  "Mallorca": 1645.28430176,
  "Toulouse": 1640.29626465,
  "Brest": 1640.2923584,
  "AEK": 1638.66333008,
  "Espanyol": 1634.94030762,
  "Sassuolo": 1634.32043457,
  "FC Krasnodar": 1632.22888184,
  "Udinese": 1632.21813965,
  "Alaves": 1628.80810547,
  "Lorient": 1627.9909668,
  "Torino": 1627.95947266,
  "Genoa": 1627.73364258,
  "Werder": 1625.9609375,
  "Gladbach": 1621.29003906,
  "Sevilla": 1614.75976562,
  "Augsburg": 1614.14550781,
  "Union Berlin": 1613.85925293,
  "Levante": 1608.3494873,
  "PAOK": 1604.70825195,
  "Elche": 1603.04187012,
  "Viking": 1598.3795166,
  "Feyenoord": 1595.59423828,
  "Hamburg": 1593.40686035,
  "Genk": 1590.06140137,
  "Parma": 1588.11853027,
  "Crvena Zvezda": 1584.87182617,
  "Ajax": 1583.09179688,
  "Auxerre": 1581.99694824,
  "Aarhus": 1580.12207031,
  "Wolfsburg": 1579.92480469,
  "Famalicao": 1575.00842285,
  "Koeln": 1572.95117188,
  "Real Oviedo": 1572.6340332,
  "Nice": 1571.61328125,
  "Twente": 1570.87023926,
  "Viktoria Plzen": 1569.13977051,
  "Paris FC": 1569.13891602,
  "Dinamo Zagreb": 1568.90014648,
  "Cagliari": 1568.24584961,
  "Panathinaikos": 1568.0045166,
  "St Pauli": 1566.61206055,
  "Shakhtar": 1565.59802246,
  "Trabzonspor": 1562.81115723,
  "Pafos": 1561.03271484,
  "Alkmaar": 1558.68444824,
  "Lok Moskva": 1555.28356934,
  "CSKA Moskva": 1554.62353516,
  "Le Havre": 1554.58544922,
  "Qarabag FK": 1554.37609863,
  "Sparta Praha": 1552.35168457,
  "Lecce": 1551.3614502,
  "Spartak Moskva": 1550.99316406,
  "Angers": 1547.45593262,
  "Rangers": 1546.29772949,
  "Mjaellby": 1546.16784668,
  "Celtic": 1546.01489258,
  "Nijmegen": 1545.84924316,
  "Copenhagen": 1545.57470703,
  "Dynamo Moskva": 1538.52539062,
  "Brondby": 1537.26660156,
  "Cremonese": 1534.24536133,
  "Guimaraes": 1533.71569824,
  "Nordsjaelland": 1533.41784668,
  "St Truiden": 1531.48120117,
  "Besiktas": 1531.33178711,
  "Gil Vicente": 1530.29016113,
  "Anderlecht": 1525.33215332,
  "Utrecht": 1525.2722168,
  "Heidenheim": 1515.22436523,
  "Viborg": 1514.31030273,
  "Nantes": 1514.10412598,
  "Ferencvaros": 1510.86315918,
  "Gent": 1510.56103516,
  "Estoril": 1510.54577637,
  "Brann": 1508.12561035,
  "Mechelen": 1508.03051758,
  "Hammarby": 1507.85107422,
  "Lech": 1507.0871582,
  "Verona": 1506.29211426,
  "Rakow": 1505.65454102,
  "Metz": 1500.88806152,
  "Tromso": 1500.22570801,
  "Pisa": 1498.69055176,
  "Westerlo": 1498.42492676,
  "Larnaca": 1494.35534668,
  "Bueyueksehir": 1493.9564209,
  "Antwerp": 1488.98791504,
  "Arouca": 1487.7598877,
  "Moreirense": 1485.25170898,
  "Baltika": 1484.52722168,
  "Standard": 1483.1685791,
  "Heerenveen": 1482.74499512,
  "Djurgarden": 1482.5690918,
  "RB Salzburg": 1479.70593262,
  "Aris Limassol": 1478.18310547,
  "Santa Clara": 1475.72766113,
  "Thun": 1472.4074707,
  "SonderjyskE": 1472.22570801,
  "Sturm Graz": 1471.49902344,
  "Beer-Sheva": 1468.04675293,
  "Charleroi": 1466.86352539,
  "Jagiellonia": 1466.73901367,
  "Randers": 1466.00268555,
  "Molde": 1465.16784668,
  "Basel": 1462.49291992,
  "Craiova": 1460.07006836,
  "StGallen": 1457.75402832,
  "Goeztepe": 1457.52929688,
  "Omonia": 1456.90466309,
  "Razgrad": 1456.57714844,
  "Sparta Rotterdam": 1456.36352539,
  "Hearts": 1452.19372559,
  "Rio Ave": 1452.05810547,
  "Go Ahead Eagles": 1451.5958252,
  "Rubin Kazan": 1449.72570801,
  "Cercle Brugge": 1448.34191895,
  "Dynamo Kyiv": 1448.25488281,
  "Groningen": 1447.67883301,
  "Casa Pia": 1446.82250977,
  "CFR Cluj": 1443.49230957,
  "Jablonec": 1442.89941406,
  "Young Boys": 1440.4041748,
  "Alverca": 1439.67724609,
  "Leuven": 1438.64697266,
  "Levski": 1434.30700684,
  "Slovan Liberec": 1433.3125,
  "Celje": 1432.70092773,
  "Silkeborg": 1432.69396973,
  "Pogon": 1431.58605957,
  "Gyoer": 1431.23046875,
  "Malmoe": 1430.48388672,
  "Rosenborg": 1430.28466797,
  "Steaua": 1429.9831543,
  "Austria Wien": 1428.28393555,
  "Legia": 1427.8458252,
  "Hajduk": 1427.31811523,
  "Fredrikstad": 1426.04443359,
  "Universitatea Cluj": 1425.90710449,
  "Piast Gliwice": 1425.68054199,
  "Lugano": 1425.25915527,
  "Rostov": 1424.74609375,
  "Sarpsborg": 1423.67126465,
  "Lubin": 1422.84289551,
  "Gornik": 1422.66137695,
  "Estrela Amadora": 1422.36657715,
  "Samsunspor": 1421.92504883,
  "Nacional": 1421.39440918,
  "M Tel Aviv": 1417.34472656,
  "Cracovia": 1417.14624023,
  "Alanyaspor": 1415.81689453,
  "Hibernian": 1415.29736328,
  "Odense": 1415.27563477,
  "LASK": 1411.07556152,
  "Sandefjord": 1411.06677246,
  "Zwolle": 1410.73364258,
  "Levadeiakos": 1409.875,
  "Katowice": 1409.63378906,
  "Hradec Kralove": 1409.58935547,
  "GAIS": 1407.73742676,
  "Korona": 1407.04748535,
  "Terek Grozny": 1406.51831055,
  "Lechia": 1404.22363281,
  "Ham-Kam": 1401.51843262,
  "Aris": 1401.40490723,
  "Luzern": 1400.79284668,
  "Servette": 1399.93933105,
  "Sittard": 1399.8762207,
  "Valerenga": 1399.46789551,
  "Goeteborg": 1398.76123047,
  "Rizespor": 1397.95410156,
  "Rijeka": 1396.43591309,
  "Maccabi Haifa": 1396.15612793,
  "Radomiak": 1395.02502441,
  "Sion": 1394.60058594,
  "AIK": 1393.45727539,
  "Motor Lublin": 1392.39343262,
  "Rapid Bucuresti": 1392.28930664,
  "Sigma Olomouc": 1392.02075195,
  "Rapid Wien": 1391.25561523,
  "Konyaspor": 1390.55761719,
  "IK Sirius": 1388.53967285,
  "Polissya Zhytomyr": 1385.89733887,
  "Motherwell": 1385.87268066,
  "RAAL": 1385.65710449,
  "Tondela": 1385.05493164,
  "Beitar": 1384.28881836,
  "Gaziantep FK": 1383.05224609,
  "Zulte Waregem": 1380.55114746,
  "Fredericia": 1379.57421875,
  "Banik Ostrava": 1379.33618164,
  "KFUM Oslo": 1377.09802246,
  "Kasimpasa": 1376.11169434,
  "Elfsborg": 1375.86474609,
  "Hartberg": 1375.5012207,
  "Dender": 1374.10437012,
  "Paksi": 1373.54052734,
  "Lausanne": 1372.03942871,
  "Plock": 1371.36437988,
  "Atromitos": 1370.06323242,
  "Telstar": 1368.3972168,