{
  "Inter": 1888.60253906,
  "Roma": 1793.45117188,
  "Napoli": 1780.29614258,
  "Juventus": 1772.25671387,
  "Atalanta": 1763.5189209,
  "Como": 1760.02893066,
  "Milan": 1750.0423584,
  "Lazio": 1703.16967773,
  "Bologna": 1701.27832031,
  "Fiorentina": 1670.17370605,
  "Udinese": 1645.94213867,
  "Torino": 1624.05908203,
  "Sassuolo": 1622.01745605,
  "Genoa": 1618.22717285,
  "Parma": 1599.93139648,
  "Venezia": 1598.84912109,
  "Cagliari": 1594.30480957,
  "Lecce": 1568.02075195,
  "Frosinone": 1564.72631836,
  "Monza": 1543.99121094,
  "Cremonese": 1531.55651855,
  "Palermo": 1514.03588867,
  "Verona": 1502.5567627,
  "Catanzaro": 1458.62268066,
  "Pisa": 1455.703125,
  "Modena": 1429.0246582,
  "Juve Stabia": 1425.40332031,
  "Empoli": 1422.83227539,
  "Mantova": 1399.96508789,
  "Sampdoria": 1390.78186035,
  "Carrarese": 1385.89782715,
  "Spezia": 1384.77929688,
  "Avellino": 1381.59448242,
  "Suedtirol": 1372.29528809,
  "Bari": 1366.16186523,
  "Cesena": 1365.54821777,
  "Padova": 1365.39868164,
  "Entella": 1358.08496094,
  "Pescara": 1351.91589355,
  "Reggiana": 1334.04602051
}