{
  "Bayern Munich": 2022.04162598,
  "Borussia Dortmund": 1840.97546387,
  "Leverkusen": 1814.56396484,
  "RB Leipzig": 1786.90625,
  "Stuttgart": 1756.01794434,
  "Freiburg": 1725.84289551,
  "Hoffenheim": 1716.90734863,
  "Frankfurt": 1679.89770508,
  "Mainz": 1675.4855957,
  "Augsburg": 1633.15307617,
  "Werder": 1631.89770508,
  "Gladbach": 1622.6361084,
  "Union Berlin": 1590.96350098,
  "Wolfsburg": 1587.02685547,
  "Koeln": 1585.62817383,
  "Hamburg": 1576.65380859,
  "St Pauli": 1556.29724121,
  "Heidenheim": 1541.05908203,
  "Hannover": 1534.33813477,
  "Paderborn": 1533.70703125,
  "Schalke": 1530.32519531,
  "Elversberg": 1526.3293457,
  "Hertha": 1488.45605469,
  "Darmstadt": 1485.90942383,
  "Holstein": 1482.43225098,
  "Bochum": 1481.95959473,
  "Lautern": 1449.40063477,
  "Nuernberg": 1442.38061523,
  "Karlsruhe": 1435.67871094,
  "Magdeburg": 1428.5123291,
  "Duesseldorf": 1416.50390625,
  "Dresden": 1408.88964844,
  "Fuerth": 1388.51818848,
  "Braunschweig": 1386.18115234,
  "Bielefeld": 1385.29394531,
  "Muenster": 1364.45898438
}