{
  "PSG": 1974.93774414,
  "Manchester City": 1959.94421387,
  "Real Madrid": 1936.12731934,
  "Inter": 1933.2421875,
  "Bayern Munich": 1918.9979248,
  "Chelsea": 1902.80126953,
  "Atlético": 1855.34973145,
  "Borussia Dortmund": 1818.3503418,
  "Juventus": 1805.84667969,
  "Benfica": 1791.48046875,
  "Palmeiras": 1751.6836854626542,
  "Flamengo": 1745.10458876452,
  "Botafogo": 1720.3953804294579,
  "Fluminense": 1710.6071683554737,
  "River Plate": 1695.1609913931363,
  "Porto": 1678.19543457,
  "Boca Juniors": 1669.833928934737,
  "Monterrey": 1613.859213078207,
  "Pachuca": 1592.8436862849612,
  "Los Ángeles FC": 1586.6521781751726,
  "Seattle": 1575.8580623277403,
  "RB Salzburg": 1558.85534668,
  "Inter Miami": 1556.3301541734759,
  "Al-Hilal": 1555.1234615109477,
  "Urawa Reds": 1553.8781684198698,
  "Ahly SC": 1544.7382789084793,
  "Sundowns": 1495.873597461996,
  "Ulsan HD": 1479.2236640674046,
  "Al-Ain": 1477.332638663229,
  "Esperance": 1449.1186929333744,
  "Wydad AC": 1441.8482688986855,
  "Auckland City": 1129.4232047983828
}