{
  "Inter": 1900.68273926,
  "Atalanta": 1812.15478516,
  "Milan": 1809.0526123,
  "Roma": 1799.9888916,
  "Napoli": 1785.59240723,
  "Juventus": 1775.01623535,
  "Como": 1736.31762695,
  "Lazio": 1700.63562012,
  "Bologna": 1699.64868164,
  "Fiorentina": 1657.24377441,
  "Genoa": 1629.63427734,
  "Sassuolo": 1625.16577148,
  "Parma": 1611.30053711,
  "Torino": 1602.01635742,
  "Udinese": 1600.39379883,
  "Cagliari": 1595.02893066,
  "Venezia": 1585.87475586,
  "Lecce": 1561.37121582,
  "Cremonese": 1545.9206543,
  "Monza": 1544.54284668,
  "Frosinone": 1530.15930176,
  "Palermo": 1523.95361328,
  "Verona": 1511.83459473,
  "Pisa": 1504.89367676,
  "Catanzaro": 1478.04968262,
  "Modena": 1467.90185547,
  "Empoli": 1455.7755127,
  "Juve Stabia": 1440.74731445,
  "Suedtirol": 1434.25500488,
  "Spezia": 1410.3503418,
  "Sampdoria": 1409.57055664,
  "Cesena": 1392.50134277,
  "Carrarese": 1390.99536133,
  "Reggiana": 1364.63720703,
  "Padova": 1362.93249512,
  "Mantova": 1360.21032715,
  "Bari": 1353.95898438,
  "Entella": 1348.68969727,
  "Avellino": 1346.51269531,
  "Pescara": 1313.9362793
}