{
  "Arsenal": 2021.77050781,
  "Liverpool": 1974.33398438,
  "Manchester City": 1968.88220215,
  "Chelsea": 1907.25109863,
  "Aston Villa": 1876.76855469,
  "Newcastle": 1870.84472656,
  "Crystal Palace": 1859.46850586,
  "Brighton": 1840.22277832,
  "Bournemouth": 1837.77099609,
  "Manchester United": 1815.5222168,
  "Tottenham": 1810.54772949,
  "Brentford": 1807.91455078,
  "Everton": 1805.36193848,
  "Fulham": 1777.15112305,
  "Forest": 1750.48608398,
  "Burnley": 1723.57617188,
  "Leeds": 1723.46704102,
  "West Ham": 1714.515625,
  "Wolverhampton": 1696.11279297,
  "Leicester": 1616.60705566,
  "Sunderland": 1616.03918457,
  "Coventry": 1609.28869629,
  "Ipswich": 1593.70336914,
  "Middlesbrough": 1573.42956543,
  "Southampton": 1543.94677734,
  "Sheffield United": 1543.61682129,
  "Bristol City": 1543.08691406,
  "West Brom": 1542.19482422,
  "Millwall": 1529.81896973,
  "Swansea": 1516.6385498,
  "Stoke": 1514.1361084,
  "Hull": 1502.95556641,
  "Preston": 1501.19262695,
  "QPR": 1500.57470703,
  "Portsmouth": 1489.66369629,
  "Norwich": 1485.50305176,
  "Blackburn": 1479.92468262,
  "Watford": 1474.29760742,
  "Oxford": 1461.16918945,
  "Charlton": 1454.92883301,
  "Derby": 1453.86743164,
  "Sheffield Weds": 1444.07897949,
  "Birmingham": 1433.06555176,
  "Wrexham": 1432.87011719
}