{
  "Real Madrid": 1954.36999512,
  "Barcelona": 1912.7454834,
  "Atletico": 1869.74377441,
  "Athletic": 1796.98779297,
  "Villarreal": 1757.56835938,
  "Sociedad": 1703.96264648,
  "Girona": 1689.69995117,
  "Betis": 1689.03674316,
  "Osasuna": 1677.2734375,
  "Sevilla": 1676.12609863,
  "Getafe": 1671.21606445,
  "Rayo Vallecano": 1665.95263672,
  "Celta": 1657.6809082,
  "Mallorca": 1653.12426758,
  "Valencia": 1645.25036621,
  "Alaves": 1621.89123535,
  "Espanyol": 1603.43823242,
  "Las Palmas": 1590.78820801,
  "Leganes": 1583.94360352,
  "Almeria": 1563.4362793,
  "Levante": 1561.90405273,
  "Elche": 1560.79333496,
  "Huesca": 1559.42907715,
  "Oviedo": 1557.93896484,
  "Cadiz": 1554.96020508,
  "Granada": 1551.6953125,
  "Mirandes": 1539.80419922,
  "Valladolid": 1532.05432129,
  "Santander": 1531.24462891,
  "Gijon": 1504.77478027,
  "Eibar": 1491.36254883,
  "Albacete": 1479.2947998,
  "Zaragoza": 1474.07214355,
  "Depor": 1468.40808105,
  "Burgos": 1465.16760254,
  "Malaga": 1460.9630127,
  "Cordoba": 1451.88391113,
  "Castellon": 1445.69091797,
  "Eldense": 1416.93469238,
  "Tenerife": 1413.14941406,
  "Ferrol": 1400.72851562,
  "Cartagena": 1362.19677734
}