{
  "PSG": 1964.03869629,
  "Lens": 1766.09484863,
  "Lille": 1742.76037598,
  "Lyon": 1730.66943359,
  "Monaco": 1716.56970215,
  "Marseille": 1715.79418945,
  "Rennais": 1715.17016602,
  "Strasbourg": 1709.85583496,
  "Toulouse": 1653.27758789,
  "Lorient": 1638.10888672,
  "Paris FC": 1628.37866211,
  "Auxerre": 1623.16296387,
  "Brest": 1619.89599609,
  "Nice": 1581.42382812,
  "Le Havre": 1579.12011719,
  "Angers": 1546.59729004,
  "Nantes": 1541.57067871,
  "Reims": 1541.02563477,
  "Troyes": 1520.19445801,
  "Saint-Etienne": 1506.89196777,
  "Rodez": 1493.49682617,
  "Le Mans": 1491.47253418,
  "Metz": 1488.86120605,
  "Montpellier": 1476.16809082,
  "Annecy": 1464.90905762,
  "Red Star": 1440.0970459,
  "Dunkerque": 1422.52392578,
  "Grenoble": 1404.76025391,
  "Guingamp": 1393.92919922,
  "Clermont": 1389.71594238,
  "Laval": 1383.33874512,
  "Bastia": 1381.44433594,
  "Pau": 1373.39782715,
  "Nancy": 1358.45678711,
  "Boulogne": 1356.86486816,
  "Amiens": 1294.55322266
}