{
  "Liverpool": 2010.3112793,
  "Arsenal": 1995.5958252,
  "PSG": 1979.0324707,
  "Barcelona": 1947.61572266,
  "Real Madrid": 1943.7154541,
  "Manchester City": 1938.97631836,
  "Bayern Munich": 1929.6138916,
  "Inter": 1922.74255371,
  "Chelsea": 1915.28527832,
  "Newcastle": 1861.95117188,
  "Crystal Palace": 1854.12878418,
  "Napoli": 1846.17565918,
  "Aston Villa": 1845.70544434,
  "Atlético": 1833.05200195,
  "Leverkusen": 1832.09094238,
  "Atalanta": 1830.04406738,
  "Roma": 1828.97351074,
  "Brighton": 1823.54296875,
  "Benfica": 1820.73486328,
  "Borussia Dortmund": 1819.77734375,
  "Bournemouth": 1818.21606445,
  "Juventus": 1816.04064941,
  "Athletic": 1805.19506836,
  "Everton": 1804.04858398,
  "Manchester United": 1801.46630859,
  "Brentford": 1797.15979004,
  "Lille": 1796.21008301,
  "Forest": 1794.9161377,
  "Villarreal": 1794.06420898,
  "Tottenham": 1793.8939209,
  "Sporting": 1793.08410645,
  "PSV": 1785.68981934,
  "Milan": 1779.40588379,
  "Fulham": 1777.98095703,
  "Frankfurt": 1763.71960449,
  "Lazio": 1763.54968262,
  "Monaco": 1761.88146973,
  "Lyon": 1760.73498535,
  "Brugge": 1754.20324707,
  "Fiorentina": 1754.09472656,
  "Bologna": 1751.06604004,
  "Marseille": 1742.69555664,
  "West Ham": 1739.49963379,
  "Betis": 1735.63439941,
  "Feyenoord": 1734.94030762,
  "Saint-Gilloise": 1733.15893555,
  "Leeds": 1729.59655762,
  "Porto": 1725.94909668,
  "Burnley": 1719.71594238,
  "Stuttgart": 1716.10876465,
  "RB Leipzig": 1715.88598633,
  "Wolverhampton": 1715.6763916,
  "Strasbourg": 1713.17163086,
  "Galatasaray": 1711.22277832,
  "Mainz": 1698.22412109,
  "Lens": 1696.51135254,
  "Osasuna": 1693.84472656,
  "Olympiakos": 1690.69873047,
  "Nice": 1685.43237305,
  "Fenerbahce": 1682.3918457,
  "Valencia": 1681.89892578,
  "Slavia Praha": 1679.59594727,
  "Celta": 1675.8046875,
  "Rayo Vallecano": 1674.80102539,
  "Werder": 1673.16027832,
  "Torino": 1672.17089844,
  "Toulouse": 1666.83789062,
  "Copenhagen": 1663.46350098,
  "Ajax": 1661.89782715,
  "Braga": 1660.89123535,
  "Brest": 1658.97265625,
  "Real Sociedad": 1658.70446777,
  "Como": 1658.2019043,
  "Espanyol": 1657.13806152,
  "Wolfsburg": 1656.85339355,
  "Genoa": 1655.66394043,
  "Bodø/Glimt": 1654.71276855,
  "Freiburg": 1653.08862305,
  "Celtic": 1653.03039551,
  "Rennais": 1650.41870117,
  "Alaves": 1649.07739258,
  "Getafe": 1641.69482422,
  "Alkmaar": 1640.27612305,
  "Zenit": 1638.46472168,
  "Sevilla": 1637.95288086,
  "Udinese": 1634.84472656,
  "Mallorca": 1634.05639648,
  "Augsburg": 1632.73693848,
  "Genk": 1630.47668457,
  "FC Krasnodar": 1630.45617676,
  "Midtjylland": 1628.22241211,
  "Gladbach": 1625.48400879,
  "Union Berlin": 1622.51391602,
  "Auxerre": 1616.65515137,
  "Hoffenheim": 1613.91174316,
  "Utrecht": 1611.41992188,
  "CSKA Moskva": 1610.27111816,
  "Parma": 1604.51696777,
  "Elche": 1604.36352539,
  "Girona": 1604.32910156,
  "Cagliari": 1603.64465332,
  "St Pauli": 1595.51489258,
  "Levante": 1593.38708496,
  "Lorient": 1591.83117676,
  "Verona": 1590.49499512,
  "Real Oviedo": 1589.33435059,
  "Crvena Zvezda": 1588.51708984,
  "Nantes": 1586.02038574,
  "Sassuolo": 1584.65576172,
  "Koeln": 1583.42541504,
  "PAOK": 1582.98742676,
  "Sparta Praha": 1582.49841309,
  "Lecce": 1580.47741699,
  "Rangers": 1579.04125977,
  "Sunderland": 1576.12097168,
  "AEK": 1576.09875488,
  "Viktoria Plzen": 1571.03710938,
  "Anderlecht": 1567.74316406,
  "Cremonese": 1564.83251953,
  "Guimaraes": 1562.75463867,
  "RB Salzburg": 1560.10510254,
  "Twente": 1558.82678223,
  "Shakhtar": 1557.58251953,
  "Le Havre": 1555.98535156,
  "Metz": 1554.52075195,
  "Spartak Moskva": 1551.93469238,
  "Lok Moskva": 1551.53686523,
  "Hamburg": 1547.15588379,
  "Heidenheim": 1545.38525391,
  "Mjaellby": 1544.3996582,
  "Panathinaikos": 1544.15905762,
  "Antwerp": 1543.85009766,
  "Angers": 1542.69567871,
  "Brondby": 1542.11962891,
  "Dynamo Moskva": 1540.22814941,
  "Sturm Graz": 1540.02062988,
  "M Tel Aviv": 1537.76696777,
  "Pisa": 1536.87695312,
  "Paris FC": 1536.44946289,
  "Viking": 1536.44458008,
  "Rakow": 1535.33117676,
  "Famalicao": 1535.2199707,
  "Brann": 1530.29699707,
  "Dinamo Zagreb": 1524.88317871,
  "Pafos": 1524.84204102,
  "Qarabag": 1524.16418457,
  "Malmoe": 1523.04089355,
  "Nijmegen": 1522.36437988,
  "Lech": 1512.99816895,
  "Basel": 1512.21118164,
  "Hammarby": 1510.62194824,
  "Sparta Rotterdam": 1509.92297363,
  "Ferencvaros": 1507.26171875,
  "Jagiellonia": 1506.72973633,
  "Jablonec": 1506.29846191,
  "Charleroi": 1504.8026123,
  "Nordsjaelland": 1504.44396973,
  "Young Boys": 1503.70983887,
  "Mechelen": 1498.0838623,
  "Djurgarden": 1496.26501465,
  "Beer-Sheva": 1495.56958008,
  "Legia": 1495.26452637,
  "Dynamo Kyiv": 1494.88989258,
  "Aarhus": 1492.93212891,
  "Go Ahead Eagles": 1487.21826172,
  "Moreirense": 1483.11376953,
  "Arouca": 1482.19897461,
  "Gent": 1479.82531738,
  "St Truiden": 1479.65563965,
  "Trabzonspor": 1479.4708252,
  "Craiova": 1477.88354492,
  "Razgrad": 1475.64941406,
  "Zwolle": 1474.39221191,
  "Omonia": 1472.90856934,
  "Besiktas": 1469.5847168,
  "Rosenborg": 1469.00842285,
  "Pogon": 1468.87060547,
  "Cercle Brugge": 1467.50244141,
  "Aris Limassol": 1467.36364746,
  "Santa Clara": 1467.06140137,
  "Elfsborg": 1464.77331543,
  "Steaua": 1464.39587402,
  "Rapid Wien": 1461.7154541,
  "Gil Vicente": 1461.2845459,
  "Westerlo": 1459.9465332,
  "Rio Ave": 1459.53466797,
  "Estoril": 1457.15002441,
  "Larnaca": 1457.03320312,
  "Viborg": 1455.90466309,
  "Banik Ostrava": 1455.90100098,
  "Rubin Kazan": 1455.03417969,
  "Wolfsberg": 1454.22277832,
  "Randers": 1452.44958496,
  "AIK": 1451.43103027,
  "Casa Pia": 1451.41064453,
  "Celje": 1451.3848877,
  "Molde": 1450.91137695,
  "Bueyueksehir": 1450.05065918,
  "Cracovia": 1446.20654297,
  "Samsunspor": 1439.96887207,
  "Silkeborg": 1438.3092041,
  "Tromso": 1437.84411621,
  "Gornik": 1436.16223145,
  "Maccabi Haifa": 1433.77526855,
  "Leuven": 1433.76025391,
  "Aris": 1432.42773438,
  "Rostov": 1431.8380127,
  "Heerenveen": 1430.00769043,
  "StGallen": 1429.22900391,
  "Austria Wien": 1427.11352539,
  "Groningen": 1426.85095215,
  "Standard": 1424.6842041,
  "Sittard": 1424.46948242,
  "Hajduk": 1423.34411621,
  "Baltika": 1422.26721191,
  "Hibernian": 1421.52856445,
  "GAIS": 1421.26916504,
  "Servette": 1418.17749023,
  "Korona": 1417.26293945,
  "Hearts": 1416.71936035,
  "Lausanne": 1415.0736084,
  "Goeztepe": 1413.55310059,
  "Konyaspor": 1413.11804199,
  "Levski": 1410.28491211,
  "Goeteborg": 1410.27709961,
  "Piast Gliwice": 1410.11096191,
  "Haecken": 1408.54821777,
  "Nacional": 1408.07275391,
  "CFR Cluj": 1406.47802734,
  "Alanyaspor": 1406.42028809,
  "Rapid Bucuresti": 1401.42333984,
  "SonderjyskE": 1400.42224121,
  "Rijeka": 1399.66821289,
  "LASK": 1397.30859375,
  "Kasimpasa": 1393.4876709,
  "Kryliya Sovetov": 1392.85461426,
  "Luzern": 1392.45275879,
  "Slovan Liberec": 1391.90527344,
  "Puskas Akademia": 1391.07287598,
  "Hradec Kralove": 1390.9440918,
  "Partizan": 1390.40246582,
  "Fredrikstad": 1390.27514648,
  "KFUM Oslo": 1387.15881348,
  "Kayseri": 1385.1328125,
  "Sandefjord": 1383.5994873,
  "Terek Grozny": 1382.61645508,
  "Slovan Bratislava": 1382.40661621,
  "Radomiak": 1381.44372559,
  "Paksi": 1381.00280762,
  "Heracles": 1380.82739258,
  "Katowice": 1379.4440918,
  "Estrela Amadora": 1379.0579834,
  "Zuerich": 1378.6048584,
  "Sarpsborg": 1375.65844727,
  "IK Sirius": 1375.55090332,
  "Dender": 1375.21105957,
  "Tondela": 1373.22607422,
  "Alverca": 1372.36193848,
  "Sigma Olomouc": 1371.91015625,
  "Rizespor": 1370.16259766,
  "Fredericia": 1369.85632324,
  "Plock": 1369.69799805,
  "Hartberg": 1369.19189453,
  "St Mirren": 1368.27612305,
  "Gaziantep FK": 1367.63330078,
  "Volendam": 1367.38781738,
  "Lugano": 1365.75024414,
  "Motor Lublin": 1363.53271484,
  "Gyoer": 1362.58850098,
  "Telstar": 1361.65283203,
  "Akron Togliatti": 1361.3848877,
  "Eyupspor": 1359.9387207,
  "Universitatea Cluj": 1357.29919434,