{
  "Inter": 1927.01550293,
  "Napoli": 1849.04431152,
  "Atalanta": 1835.02990723,
  "Roma": 1826.38342285,
  "Juventus": 1816.10986328,
  "Milan": 1803.56921387,
  "Lazio": 1751.24194336,
  "Bologna": 1742.01660156,
  "Fiorentina": 1721.32861328,
  "Torino": 1668.24914551,
  "Como": 1668.07836914,
  "Genoa": 1635.38500977,
  "Cagliari": 1617.73327637,
  "Udinese": 1617.51428223,
  "Sassuolo": 1612.69177246,
  "Parma": 1592.37304688,
  "Lecce": 1580.21032715,
  "Verona": 1579.61462402,
  "Cremonese": 1566.36865234,
  "Venezia": 1560.44372559,
  "Empoli": 1537.12194824,
  "Pisa": 1525.69812012,
  "Monza": 1510.2043457,
  "Palermo": 1500.59802246,
  "Frosinone": 1493.41833496,
  "Spezia": 1472.06933594,
  "Modena": 1468.0255127,
  "Juve Stabia": 1456.39208984,
  "Catanzaro": 1451.87231445,
  "Suedtirol": 1445.97106934,
  "Cesena": 1441.46569824,
  "Carrarese": 1434.70825195,
  "Sampdoria": 1432.77746582,
  "Reggiana": 1421.04211426,
  "Bari": 1420.00073242,
  "Avellino": 1396.42724609,
  "Padova": 1375.77172852,
  "Mantova": 1375.76074219,
  "Pescara": 1367.79931641,
  "Entella": 1358.61791992
}