{
  "Barcelona": 1949.32958984,
  "Real Madrid": 1916.71838379,
  "Atlético": 1870.58642578,
  "Villarreal": 1773.26574707,
  "Betis": 1755.953125,
  "Athletic": 1710.68200684,
  "Celta": 1701.15612793,
  "Espanyol": 1678.35949707,
  "Osasuna": 1659.51086426,
  "Real Sociedad": 1642.84863281,
  "Valencia": 1637.16809082,
  "Rayo Vallecano": 1633.48010254,
  "Mallorca": 1624.3894043,
  "Sevilla": 1615.44055176,
  "Getafe": 1615.23803711,
  "Alaves": 1611.97131348,
  "Elche": 1608.39306641,
  "Girona": 1605.4387207,
  "Levante": 1589.49572754,
  "Las Palmas": 1576.43261719,
  "Racing": 1549.15112305,
  "Almeria": 1548.86743164,
  "Real Oviedo": 1546.65991211,
  "Leganes": 1528.7434082,
  "Cadiz": 1509.38415527,
  "Castellon": 1508.23352051,
  "Depor": 1487.60827637,
  "Eibar": 1482.00952148,
  "Cordoba": 1480.53833008,
  "Granada": 1480.09863281,
  "Malaga": 1478.01416016,
  "Burgos": 1473.01574707,
  "Ceuta": 1469.52502441,
  "Sporting": 1466.8527832,
  "Huesca": 1452.45788574,
  "Mirandes": 1451.79077148,
  "Valladolid": 1450.95593262,
  "Albacete": 1446.08996582,
  "Sociedad B": 1423.1385498,
  "FC Andorra": 1420.65368652,
  "Leonesa": 1417.66369629,
  "Zaragoza": 1392.95727539
}