{
  "Bayern Munich": 1991.65515137,
  "Borussia Dortmund": 1827.02392578,
  "Leverkusen": 1806.03369141,
  "Stuttgart": 1747.63671875,
  "RB Leipzig": 1747.03845215,
  "Hoffenheim": 1720.35974121,
  "Frankfurt": 1681.8067627,
  "Freiburg": 1680.20556641,
  "Mainz": 1659.03186035,
  "Werder": 1630.13232422,
  "Augsburg": 1621.91552734,
  "Gladbach": 1620.41662598,
  "Union Berlin": 1601.81555176,
  "Hamburg": 1593.2076416,
  "Wolfsburg": 1582.22497559,
  "St Pauli": 1564.66650391,
  "Koeln": 1560.63232422,
  "Paderborn": 1519.54309082,
  "Darmstadt": 1511.18566895,
  "Elversberg": 1510.47424316,
  "Heidenheim": 1502.03686523,
  "Hannover": 1498.51879883,
  "Bochum": 1498.09313965,
  "Schalke": 1488.28295898,
  "Hertha": 1481.4510498,
  "Lautern": 1449.13623047,
  "Duesseldorf": 1448.62109375,
  "Karlsruhe": 1444.48840332,
  "Holstein": 1444.38964844,
  "Nuernberg": 1419.73669434,
  "Magdeburg": 1392.88623047,
  "Fuerth": 1388.83227539,
  "Muenster": 1388.78686523,
  "Bielefeld": 1377.71789551,
  "Dresden": 1373.63378906,
  "Braunschweig": 1359.1496582
}