{
  "PSG": 1967.70605469,
  "Marseille": 1785.77575684,
  "Lille": 1759.65002441,
  "Lens": 1753.32189941,
  "Lyon": 1739.55053711,
  "Monaco": 1713.39013672,
  "Strasbourg": 1699.46716309,
  "Rennais": 1691.50683594,
  "Toulouse": 1667.37255859,
  "Brest": 1655.85595703,
  "Lorient": 1603.36096191,
  "Nice": 1600.87036133,
  "Angers": 1581.89294434,
  "Auxerre": 1580.04882812,
  "Reims": 1561.72497559,
  "Le Havre": 1556.41564941,
  "Nantes": 1543.14379883,
  "Metz": 1542.47705078,
  "Paris FC": 1538.7668457,
  "Saint-Etienne": 1516.69885254,
  "Troyes": 1492.54443359,
  "Dunkerque": 1470.45825195,
  "Montpellier": 1464.01025391,
  "Annecy": 1435.86804199,
  "Le Mans": 1430.18273926,
  "Red Star": 1427.60620117,
  "Guingamp": 1427.18518066,
  "Rodez": 1420.57873535,
  "Grenoble": 1409.09631348,
  "Pau": 1402.42700195,
  "Clermont": 1397.48547363,
  "Laval": 1390.6907959,
  "Amiens": 1374.76672363,
  "Bastia": 1369.17297363,
  "Boulogne": 1361.61938477,
  "Nancy": 1358.11230469
}