{
  "Barcelona": 1964.9855957,
  "Real Madrid": 1918.35046387,
  "Atlético": 1840.41442871,
  "Villarreal": 1754.27050781,
  "Betis": 1731.60314941,
  "Athletic": 1694.35351562,
  "Celta": 1688.42822266,
  "Real Sociedad": 1682.00415039,
  "Osasuna": 1677.96630859,
  "Getafe": 1673.28198242,
  "Rayo Vallecano": 1663.54211426,
  "Valencia": 1658.08996582,
  "Girona": 1652.02294922,
  "Mallorca": 1645.7277832,
  "Alaves": 1621.29516602,
  "Espanyol": 1617.46826172,
  "Levante": 1615.26745605,
  "Elche": 1613.49304199,
  "Sevilla": 1608.46984863,
  "Real Oviedo": 1588.67358398,
  "Las Palmas": 1560.20776367,
  "Racing": 1554.84936523,
  "Almeria": 1554.25305176,
  "Eibar": 1552.28466797,
  "Castellon": 1538.2277832,
  "Malaga": 1536.52697754,
  "Depor": 1529.32788086,
  "Burgos": 1525.28234863,
  "Leganes": 1507.39074707,
  "Granada": 1498.15588379,
  "Albacete": 1496.33337402,
  "FC Andorra": 1491.62524414,
  "Sporting": 1486.72265625,
  "Cordoba": 1469.25109863,
  "Ceuta": 1445.77380371,
  "Mirandes": 1437.99145508,
  "Sociedad B": 1435.23046875,
  "Valladolid": 1432.04382324,
  "Zaragoza": 1417.79174805,
  "Huesca": 1408.41101074,
  "Cadiz": 1403.07995605,
  "Leonesa": 1367.78149414
}