{
  "Real Madrid": 1953.70751953,
  "Barcelona": 1932.63842773,
  "Atletico": 1877.02258301,
  "Athletic": 1791.62231445,
  "Villarreal": 1758.45898438,
  "Betis": 1714.49841309,
  "Sociedad": 1702.64050293,
  "Sevilla": 1689.69885254,
  "Girona": 1688.63146973,
  "Celta": 1675.13195801,
  "Osasuna": 1671.55664062,
  "Getafe": 1668.84594727,
  "Mallorca": 1661.63659668,
  "Rayo Vallecano": 1659.60266113,
  "Valencia": 1648.22668457,
  "Alaves": 1628.39575195,
  "Espanyol": 1617.70397949,
  "Las Palmas": 1587.18017578,
  "Leganes": 1585.45117188,
  "Levante": 1581.71398926,
  "Elche": 1562.88244629,
  "Almeria": 1555.20959473,
  "Huesca": 1551.58984375,
  "Cadiz": 1550.83166504,
  "Oviedo": 1550.26647949,
  "Mirandes": 1549.63330078,
  "Santander": 1546.87573242,
  "Granada": 1537.61010742,
  "Valladolid": 1527.33068848,
  "Eibar": 1511.20117188,
  "Gijon": 1508.5,
  "Cordoba": 1485.52124023,
  "Depor": 1483.26806641,
  "Albacete": 1479.84155273,
  "Burgos": 1470.0078125,
  "Zaragoza": 1464.82043457,
  "Malaga": 1462.67651367,
  "Castellon": 1454.73999023,
  "Eldense": 1441.7722168,
  "Tenerife": 1421.40087891,
  "Ferrol": 1377.59960938,
  "Cartagena": 1350.47814941
}