{
  "Real Madrid": 1963.34606934,
  "Barcelona": 1949.38171387,
  "Atletico": 1870.17138672,
  "Athletic": 1817.08190918,
  "Villarreal": 1758.71130371,
  "Betis": 1740.21350098,
  "Sociedad": 1696.53918457,
  "Girona": 1690.5526123,
  "Sevilla": 1687.75097656,
  "Celta": 1685.95507812,
  "Getafe": 1683.82788086,
  "Mallorca": 1672.0267334,
  "Osasuna": 1666.44775391,
  "Rayo Vallecano": 1663.48291016,
  "Valencia": 1656.17114258,
  "Alaves": 1634.09143066,
  "Espanyol": 1617.16967773,
  "Levante": 1595.91357422,
  "Las Palmas": 1591.35131836,
  "Leganes": 1584.19372559,
  "Elche": 1569.39001465,
  "Almeria": 1567.40942383,
  "Cadiz": 1561.77856445,
  "Santander": 1555.46362305,
  "Oviedo": 1553.62207031,
  "Mirandes": 1553.41491699,
  "Huesca": 1547.25756836,
  "Granada": 1536.52124023,
  "Valladolid": 1526.37438965,
  "Gijon": 1514.71044922,
  "Eibar": 1514.25878906,
  "Albacete": 1493.24401855,
  "Depor": 1489.25256348,
  "Cordoba": 1489.18005371,
  "Burgos": 1481.8067627,
  "Zaragoza": 1462.48681641,
  "Malaga": 1459.15014648,
  "Castellon": 1458.62597656,
  "Eldense": 1447.85327148,
  "Tenerife": 1422.67883301,
  "Ferrol": 1384.41174316,
  "Cartagena": 1348.54443359
}