{
  "Arsenal": 2029.78820801,
  "Liverpool": 1985.56982422,
  "Manchester City": 1979.13427734,
  "Chelsea": 1912.46337891,
  "Newcastle": 1880.4642334,
  "Aston Villa": 1864.16333008,
  "Crystal Palace": 1845.27294922,
  "Brighton": 1842.79187012,
  "Bournemouth": 1840.34094238,
  "Manchester United": 1818.09265137,
  "Tottenham": 1813.79785156,
  "Brentford": 1810.48583984,
  "Everton": 1807.9317627,
  "Fulham": 1779.72106934,
  "Forest": 1761.06933594,
  "Burnley": 1726.13806152,
  "Leeds": 1726.04492188,
  "West Ham": 1717.08435059,
  "Wolverhampton": 1698.68273926,
  "Sunderland": 1618.60913086,
  "Coventry": 1617.88793945,
  "Leicester": 1609.35083008,
  "Middlesbrough": 1581.7779541,
  "Ipswich": 1574.33703613,
  "Sheffield United": 1556.9317627,
  "Bristol City": 1555.54785156,
  "Millwall": 1541.92810059,
  "Southampton": 1536.62561035,
  "West Brom": 1535.88220215,
  "Hull": 1515.3515625,
  "QPR": 1512.67614746,
  "Swansea": 1509.67687988,
  "Stoke": 1507.1652832,
  "Preston": 1492.71203613,
  "Portsmouth": 1486.2043457,
  "Watford": 1485.75061035,
  "Norwich": 1480.31066895,
  "Charlton": 1479.43774414,
  "Blackburn": 1471.74902344,
  "Derby": 1464.19787598,
  "Oxford": 1456.00756836,
  "Birmingham": 1446.68615723,
  "Wrexham": 1443.17553711,
  "Sheffield Weds": 1440.86755371
}