{
  "Liverpool": 2017.84655762,
  "Arsenal": 2009.9675293,
  "PSG": 1988.19909668,
  "Manchester City": 1947.75732422,
  "Barcelona": 1947.61682129,
  "Real Madrid": 1945.07556152,
  "Bayern Munich": 1942.77661133,
  "Inter": 1917.91271973,
  "Chelsea": 1907.91418457,
  "Newcastle": 1867.76550293,
  "Napoli": 1855.0333252,
  "Crystal Palace": 1849.08178711,
  "Aston Villa": 1848.12304688,
  "Leverkusen": 1843.1282959,
  "Atlético": 1833.91894531,
  "Borussia Dortmund": 1829.61193848,
  "Atalanta": 1827.44677734,
  "Bournemouth": 1827.43383789,
  "Juventus": 1822.43847656,
  "Brighton": 1818.88098145,
  "Roma": 1814.95568848,
  "Tottenham": 1814.65905762,
  "Everton": 1806.18676758,
  "Brentford": 1801.47009277,
  "Lille": 1801.1138916,
  "Manchester United": 1797.2409668,
  "Forest": 1792.38671875,
  "Benfica": 1790.33532715,
  "Sporting": 1790.29284668,
  "Fulham": 1785.94519043,
  "Milan": 1784.87438965,
  "Athletic": 1780.24450684,
  "Villarreal": 1777.44067383,
  "Monaco": 1768.89025879,
  "PSV": 1766.13793945,
  "Frankfurt": 1759.3684082,
  "Saint-Gilloise": 1757.42614746,
  "Lazio": 1751.51623535,
  "Lyon": 1749.14782715,
  "Marseille": 1748.00817871,
  "Brugge": 1744.1895752,
  "Bologna": 1744.0246582,
  "Fiorentina": 1743.66394043,
  "Feyenoord": 1730.30847168,
  "Betis": 1729.51611328,
  "West Ham": 1728.45532227,
  "RB Leipzig": 1727.71582031,
  "Leeds": 1726.18798828,
  "Porto": 1721.32446289,
  "Burnley": 1719.19775391,
  "Strasbourg": 1717.57995605,
  "Wolverhampton": 1714.41784668,
  "Galatasaray": 1714.37695312,
  "Stuttgart": 1707.19287109,
  "Osasuna": 1698.2220459,
  "Lens": 1695.46252441,
  "Mainz": 1693.08044434,
  "Werder": 1691.39367676,
  "Nice": 1690.95141602,
  "Torino": 1684.61572266,
  "Olympiacos": 1683.4888916,
  "Fenerbahce": 1677.34863281,
  "Slavia Prag": 1676.89685059,
  "Valencia": 1673.76806641,
  "Freiburg": 1668.69055176,
  "Celta": 1667.88195801,
  "Rennais": 1664.48779297,
  "Toulouse": 1664.41577148,
  "Rayo Vallecano": 1662.29382324,
  "Bodø/Glimt": 1662.23388672,
  "Espanyol": 1659.02807617,
  "Alaves": 1658.61157227,
  "Wolfsburg": 1657.16223145,
  "Genoa": 1656.16674805,
  "Como": 1656.12634277,
  "Celtic": 1655.41442871,
  "Copenhagen": 1653.38525391,
  "Ajax": 1651.92736816,
  "Real Sociedad": 1651.37646484,
  "Brest": 1647.67419434,
  "Getafe": 1645.10705566,
  "Braga": 1640.80664062,
  "Udinese": 1640.69226074,
  "Zenit": 1640.33081055,
  "Alkmaar": 1635.72058105,
  "FC Krasnodar": 1631.63244629,
  "Sevilla": 1630.99023438,
  "Hoffenheim": 1630.15698242,
  "Augsburg": 1627.73168945,
  "Genk": 1624.04211426,
  "Mallorca": 1624.03662109,
  "Midtjylland": 1618.32226562,
  "Gladbach": 1613.93676758,
  "Union Berlin": 1612.95483398,
  "Cagliari": 1612.81872559,
  "Auxerre": 1612.1282959,
  "CSKA Moskva": 1609.09484863,
  "St Pauli": 1607.20617676,
  "Girona": 1604.12194824,
  "Elche": 1603.19641113,
  "Sassuolo": 1595.11633301,
  "Parma": 1593.76989746,
  "Levante": 1591.37561035,
  "Crvena Zvezda": 1590.41052246,
  "Koeln": 1589.8026123,
  "Utrecht": 1589.51904297,
  "Verona": 1587.7713623,
  "Lorient": 1586.83862305,
  "Sunderland": 1585.72363281,
  "PAOK": 1583.59851074,
  "Nantes": 1582.98327637,
  "Real Oviedo": 1577.7923584,
  "AEK": 1577.33837891,
  "Lecce": 1575.86572266,
  "Anderlecht": 1573.78149414,
  "Viktoria Plzen": 1572.34997559,
  "Sparta Praha": 1569.93774414,
  "Cremonese": 1565.98339844,
  "Guimaraes": 1563.49438477,
  "Rangers": 1560.33288574,
  "Spartak Moskva": 1554.22668457,
  "Le Havre": 1554.05895996,
  "Metz": 1553.69421387,
  "Brondby": 1552.19799805,
  "Shakhtar": 1551.20666504,
  "Paris FC": 1550.2298584,
  "Qarabag": 1548.5480957,
  "Hamburg": 1548.2956543,
  "Mjaellby": 1546.73901367,
  "Angers": 1546.00415039,
  "Lok Moskva": 1545.93566895,
  "RB Salzburg": 1545.91516113,
  "Heidenheim": 1544.80004883,
  "Twente": 1544.25720215,
  "M Tel Aviv": 1541.35534668,
  "Antwerp": 1538.57763672,
  "Viking": 1535.15319824,
  "Brann": 1534.51428223,
  "Pafos": 1533.78527832,
  "Charleroi": 1531.95239258,
  "Pisa": 1529.45654297,
  "Dynamo Moskva": 1528.63293457,
  "Sturm Graz": 1528.47338867,
  "Panathinaikos": 1527.30151367,
  "Famalicao": 1525.80895996,
  "Rakow": 1523.06982422,
  "Malmoe": 1522.48156738,
  "Basel": 1519.16870117,
  "Nordsjaelland": 1514.34411621,
  "Hammarby": 1511.32617188,
  "Young Boys": 1510.45849609,
  "Nijmegen": 1509.62463379,
  "Dinamo Zagreb": 1509.16882324,
  "Sparta Rotterdam": 1507.52233887,
  "Ferencvaros": 1507.26171875,
  "Jablonec": 1506.97302246,
  "Jagiellonia": 1505.78918457,
  "Mechelen": 1503.70153809,
  "Beer-Sheva": 1503.24035645,
  "Legia": 1501.82287598,
  "Aarhus": 1501.11230469,
  "Lech": 1499.84606934,
  "Gent": 1497.11975098,
  "Djurgarden": 1495.5625,
  "Dynamo Kyiv": 1489.11010742,
  "Moreirense": 1485.9387207,
  "Go Ahead Eagles": 1485.64440918,
  "Westerlo": 1483.25732422,
  "Craiova": 1482.86096191,
  "Trabzonspor": 1477.04602051,
  "Rosenborg": 1476.984375,
  "Omonia": 1475.61669922,
  "Besiktas": 1475.41455078,
  "Razgrad": 1470.08447266,
  "Aris Limassol": 1470.07189941,
  "Gil Vicente": 1469.16687012,
  "Santa Clara": 1469.14929199,
  "Wolfsberg": 1468.41271973,
  "St Truiden": 1468.36694336,
  "Rapid Wien": 1468.06921387,
  "Elfsborg": 1465.3326416,
  "Cercle Brugge": 1464.79321289,
  "Zwolle": 1462.54748535,
  "Arouca": 1461.82800293,
  "Pogon": 1461.1472168,
  "Randers": 1460.02026367,
  "Larnaca": 1459.74169922,
  "Casa Pia": 1459.5793457,
  "Steaua": 1458.75219727,
  "Estoril": 1457.07092285,
  "AIK": 1455.90673828,
  "Rubin Kazan": 1453.67565918,
  "Bueyueksehir": 1453.24206543,
  "Celje": 1448.68579102,
  "Gornik": 1448.42346191,
  "Viborg": 1447.72460938,
  "Tromso": 1447.61669922,
  "Cracovia": 1446.20654297,
  "Rio Ave": 1444.50756836,
  "Silkeborg": 1443.15209961,
  "Maccabi Haifa": 1441.19274902,
  "Molde": 1441.03979492,
  "Austria Wien": 1438.66088867,
  "Banik Ostrava": 1438.63745117,
  "Aris": 1437.12878418,
  "Hearts": 1435.42785645,
  "StGallen": 1434.0657959,
  "Baltika": 1433.69958496,
  "Groningen": 1432.64099121,
  "Standard": 1431.08874512,
  "Rostov": 1428.76647949,
  "Leuven": 1426.57263184,
  "Sittard": 1425.89477539,
  "Samsunspor": 1425.33544922,
  "Korona": 1424.98620605,
  "Alanyaspor": 1423.83422852,
  "Servette": 1422.77270508,
  "Heerenveen": 1420.58898926,
  "Goeteborg": 1419.21606445,
  "Hibernian": 1417.06970215,
  "Levski": 1414.66088867,
  "Goeztepe": 1414.63146973,
  "Piast Gliwice": 1411.0513916,
  "Hajduk": 1409.68713379,
  "GAIS": 1406.91101074,
  "Slovan Liberec": 1406.69677734,
  "Kasimpasa": 1403.98779297,
  "Lausanne": 1403.51696777,
  "Konyaspor": 1403.17163086,
  "Fredrikstad": 1402.74597168,
  "CFR Cluj": 1401.85424805,
  "Rapid Bucuresti": 1401.53356934,
  "Hradec Kralove": 1401.03271484,
  "Nacional": 1400.49511719,
  "Haecken": 1399.60949707,
  "Kryliya Sovetov": 1398.45556641,
  "Rijeka": 1395.64831543,
  "Partizan": 1395.47436523,
  "SonderjyskE": 1392.8515625,
  "Puskas Akademia": 1391.07287598,
  "KFUM Oslo": 1391.04968262,
  "IK Sirius": 1389.90917969,
  "LASK": 1387.15332031,
  "Zuerich": 1385.95129395,
  "Luzern": 1385.70385742,
  "Terek Grozny": 1385.68811035,
  "Kayseri": 1384.05419922,
  "Sarpsborg": 1383.53747559,
  "Slovan Bratislava": 1382.40649414,
  "Paksi": 1381.00280762,
  "Dender": 1379.14697266,
  "Hartberg": 1379.08508301,
  "Sandefjord": 1378.31994629,
  "Gaziantep FK": 1374.94616699,
  "Rizespor": 1374.9230957,
  "Radomiak": 1374.88537598,
  "St Mirren": 1373.77270508,
  "Alverca": 1373.13977051,
  "Plock": 1369.69799805,
  "Heracles": 1369.2722168,
  "Lubin": 1368.90075684,
  "Katowice": 1368.70056152,
  "Sigma Olomouc": 1368.12524414,
  "Fredericia": 1368.0793457,
  "Antalyaspor": 1366.32189941,
  "Estrela Amadora": 1366.11584473,
  "Gyoer": 1362.58850098,
  "Widzew": 1362.38684082,
  "Motor Lublin": 1361.07324219,
  "Lugano": 1360.27185059,
  "Tondela": 1360.24597168,
  "Universitatea Cluj": 1357.18908691,
  "Eyupspor": 1356.78442383,