{
  "Barcelona": 1943.66833496,
  "Real Madrid": 1924.75317383,
  "Atlético": 1872.75256348,
  "Betis": 1764.171875,
  "Villarreal": 1756.1763916,
  "Celta": 1719.44677734,
  "Athletic": 1716.72705078,
  "Real Sociedad": 1667.71984863,
  "Espanyol": 1663.76965332,
  "Osasuna": 1658.11132812,
  "Valencia": 1645.93029785,
  "Rayo Vallecano": 1633.40039062,
  "Girona": 1631.4954834,
  "Mallorca": 1629.2800293,
  "Sevilla": 1612.12487793,
  "Elche": 1611.26013184,
  "Alaves": 1607.69116211,
  "Getafe": 1599.42175293,
  "Levante": 1590.78417969,
  "Las Palmas": 1561.54333496,
  "Racing": 1551.50671387,
  "Real Oviedo": 1548.57678223,
  "Almeria": 1539.03393555,
  "Leganes": 1528.88574219,
  "Castellon": 1521.71960449,
  "Cadiz": 1508.86401367,
  "Depor": 1504.6138916,
  "Malaga": 1496.23571777,
  "Burgos": 1488.16992188,
  "Cordoba": 1482.06359863,
  "Granada": 1479.69250488,
  "Eibar": 1478.95788574,
  "Sporting": 1475.33154297,
  "Valladolid": 1462.0456543,
  "Albacete": 1457.64733887,
  "Mirandes": 1455.14819336,
  "Ceuta": 1447.9453125,
  "Huesca": 1439.79846191,
  "Sociedad B": 1425.53125,
  "FC Andorra": 1422.84594727,
  "Leonesa": 1407.87670898,
  "Zaragoza": 1406.9543457
}