{
  "Barcelona": 1986.75976562,
  "Real Madrid": 1938.08166504,
  "Atlético": 1861.1751709,
  "Villarreal": 1758.46252441,
  "Betis": 1749.67321777,
  "Celta": 1747.92126465,
  "Real Sociedad": 1707.28955078,
  "Athletic": 1707.21472168,
  "Osasuna": 1694.7989502,
  "Getafe": 1680.64172363,
  "Valencia": 1674.44726562,
  "Rayo Vallecano": 1671.98999023,
  "Girona": 1663.05493164,
  "Mallorca": 1645.28430176,
  "Espanyol": 1634.94030762,
  "Alaves": 1628.80810547,
  "Sevilla": 1614.75976562,
  "Levante": 1608.3494873,
  "Elche": 1603.04187012,
  "Las Palmas": 1572.65332031,
  "Real Oviedo": 1572.6340332,
  "Almeria": 1571.89257812,
  "Eibar": 1560.26672363,
  "Malaga": 1542.21704102,
  "Racing": 1540.75219727,
  "Castellon": 1539.75219727,
  "Burgos": 1539.09936523,
  "Depor": 1534.50561523,
  "Leganes": 1519.38537598,
  "Granada": 1516.73242188,
  "Albacete": 1500.76367188,
  "Sporting": 1494.28649902,
  "FC Andorra": 1473.06799316,
  "Cordoba": 1466.3626709,
  "Ceuta": 1456.78112793,
  "Mirandes": 1453.93676758,
  "Sociedad B": 1453.46984863,
  "Valladolid": 1446.48217773,
  "Zaragoza": 1434.92504883,
  "Cadiz": 1429.87536621,
  "Huesca": 1421.29992676,
  "Leonesa": 1404.74572754
}