{
  "PSG": 1940.48425293,
  "Lens": 1764.65783691,
  "Lyon": 1755.14648438,
  "Marseille": 1746.63806152,
  "Monaco": 1727.10388184,
  "Strasbourg": 1713.67089844,
  "Lille": 1711.9666748,
  "Rennais": 1709.15002441,
  "Brest": 1676.26171875,
  "Toulouse": 1633.12988281,
  "Lorient": 1631.43884277,
  "Nice": 1571.17419434,
  "Auxerre": 1568.65234375,
  "Angers": 1566.2331543,
  "Le Havre": 1561.89782715,
  "Paris FC": 1557.29394531,
  "Reims": 1544.61328125,
  "Saint-Etienne": 1529.23144531,
  "Nantes": 1521.40551758,
  "Metz": 1505.3638916,
  "Troyes": 1484.11938477,
  "Montpellier": 1472.29638672,
  "Dunkerque": 1462.97351074,
  "Le Mans": 1458.72729492,
  "Rodez": 1453.86108398,
  "Annecy": 1449.43103027,
  "Guingamp": 1439.84020996,
  "Red Star": 1405.16394043,
  "Pau": 1394.31079102,
  "Grenoble": 1386.36120605,
  "Boulogne": 1382.70678711,
  "Clermont": 1380.21350098,
  "Bastia": 1363.83374023,
  "Laval": 1347.45812988,
  "Nancy": 1326.95996094,
  "Amiens": 1325.85925293
}