{
  "Arsenal": 2057.55517578,
  "Bayern Munich": 1997.80163574,
  "PSG": 1958.77197266,
  "Manchester City": 1949.50292969,
  "Liverpool": 1934.10339355,
  "Barcelona": 1932.75891113,
  "Real Madrid": 1919.63464355,
  "Inter": 1915.43725586,
  "Aston Villa": 1911.56616211,
  "Chelsea": 1890.92541504,
  "Newcastle": 1872.67578125,
  "Atlético": 1869.59008789,
  "Borussia Dortmund": 1847.22399902,
  "Manchester United": 1839.75012207,
  "Brighton": 1836.71728516,
  "Sporting": 1835.80249023,
  "Brentford": 1834.30871582,
  "Milan": 1823.95593262,
  "Napoli": 1816.90966797,
  "PSV": 1813.87426758,
  "Benfica": 1813.75512695,
  "Roma": 1812.4855957,
  "Everton": 1809.93310547,
  "Atalanta": 1805.74206543,
  "Leverkusen": 1805.53625488,
  "Tottenham": 1803.18139648,
  "Bournemouth": 1802.46923828,
  "Juventus": 1802.25537109,
  "Fulham": 1802.0715332,
  "Crystal Palace": 1790.37756348,
  "Porto": 1784.12365723,
  "Forest": 1773.2947998,
  "Marseille": 1768.62316895,
  "Lens": 1764.60168457,
  "Leeds": 1759.66320801,
  "Betis": 1759.0534668,
  "Stuttgart": 1757.9342041,
  "RB Leipzig": 1754.50695801,
  "Lyon": 1752.05517578,
  "Villarreal": 1751.05786133,
  "Lille": 1735.58605957,
  "Como": 1726.60925293,
  "Bologna": 1724.1784668,
  "Lazio": 1718.19128418,
  "Frankfurt": 1715.6776123,
  "Celta": 1714.32824707,
  "West Ham": 1712.35083008,
  "Galatasaray": 1710.68530273,
  "Freiburg": 1708.3807373,
  "Fenerbahce": 1706.02282715,
  "Hoffenheim": 1705.08349609,
  "Brugge": 1704.33642578,
  "Saint-Gilloise": 1703.11425781,
  "Olympiacos": 1699.42480469,
  "Athletic": 1698.4675293,
  "Strasbourg": 1697.93151855,
  "Rennais": 1697.92700195,
  "Burnley": 1695.41577148,
  "Sunderland": 1690.60974121,
  "Slavia Prag": 1683.95495605,
  "Midtjylland": 1680.43261719,
  "Braga": 1679.08544922,
  "Monaco": 1676.25695801,
  "Bodø/Glimt": 1675.97155762,
  "Wolverhampton": 1671.60424805,
  "Fiorentina": 1664.59338379,
  "Real Sociedad": 1662.60131836,
  "Zenit": 1662.57800293,
  "Toulouse": 1661.23010254,
  "Espanyol": 1658.65112305,
  "Brest": 1653.90332031,
  "Osasuna": 1652.99279785,
  "Werder": 1649.50170898,
  "Union Berlin": 1645.37939453,
  "Mainz": 1641.67980957,
  "Valencia": 1640.81176758,
  "FC Krasnodar": 1639.16955566,
  "Torino": 1638.22009277,
  "Gladbach": 1635.91711426,
  "Wolfsburg": 1633.71484375,
  "Genoa": 1630.05981445,
  "Rayo Vallecano": 1628.28186035,
  "Girona": 1626.37695312,
  "Mallorca": 1624.16149902,
  "PAOK": 1618.23913574,
  "AEK": 1616.96801758,
  "Ajax": 1615.97717285,
  "Lorient": 1612.35351562,
  "Udinese": 1612.15600586,
  "Feyenoord": 1609.82702637,
  "Sassuolo": 1608.40722656,
  "Sevilla": 1607.00634766,
  "Elche": 1606.14172363,
  "Parma": 1603.66625977,
  "Alaves": 1602.57263184,
  "Cagliari": 1602.23461914,
  "Copenhagen": 1601.63195801,
  "Augsburg": 1600.63000488,
  "CSKA Moskva": 1595.08752441,
  "Getafe": 1594.30322266,
  "Viking": 1587.66101074,
  "Nice": 1586.95471191,
  "Levante": 1585.66564941,
  "Koeln": 1584.60742188,
  "Lok Moskva": 1576.38354492,
  "Sparta Praha": 1573.60021973,
  "Hamburg": 1572.89892578,
  "Cremonese": 1571.50769043,
  "Aarhus": 1571.14501953,
  "Viktoria Plzen": 1566.25012207,
  "Auxerre": 1566.23730469,
  "Genk": 1565.34729004,
  "Le Havre": 1564.7590332,
  "Crvena Zvezda": 1564.32727051,
  "Angers": 1562.01318359,
  "Verona": 1560.36975098,
  "Guimaraes": 1557.9197998,
  "Alkmaar": 1553.29272461,
  "Brondby": 1553.11865234,
  "St Pauli": 1553.09326172,
  "Lecce": 1552.27246094,
  "Anderlecht": 1551.67138672,
  "Pafos": 1550.84570312,
  "Mjaellby": 1550.62683105,
  "Twente": 1550.53894043,
  "Spartak Moskva": 1550.35656738,
  "Nantes": 1549.80944824,
  "Rakow": 1549.48986816,
  "Celtic": 1549.47021484,
  "Qarabag": 1545.95727539,
  "Shakhtar": 1544.38671875,
  "Famalicao": 1544.1574707,
  "Paris FC": 1543.92028809,
  "Heidenheim": 1543.52783203,
  "Real Oviedo": 1543.45825195,
  "Metz": 1538.15356445,
  "Panathinaikos": 1535.22814941,
  "Rangers": 1533.02233887,
  "Ferencvaros": 1532.36474609,
  "Pisa": 1532.22766113,
  "Brann": 1531.60449219,
  "Nijmegen": 1526.29516602,
  "Dinamo Zagreb": 1523.24743652,
  "St Truiden": 1522.53833008,
  "Antwerp": 1521.05456543,
  "Trabzonspor": 1520.87939453,
  "Gil Vicente": 1514.14196777,
  "Utrecht": 1514.03100586,
  "Hammarby": 1512.31005859,
  "Estoril": 1509.69470215,
  "Basel": 1508.37255859,
  "Jagiellonia": 1507.79370117,
  "Besiktas": 1506.8659668,
  "Lech": 1506.54089355,
  "Nordsjaelland": 1506.02661133,
  "Dynamo Moskva": 1504.17382812,
  "Charleroi": 1502.98876953,
  "Larnaca": 1500.74157715,
  "RB Salzburg": 1500.28076172,
  "Moreirense": 1498.20092773,
  "Jablonec": 1493.39147949,
  "Mechelen": 1492.68212891,
  "Gent": 1491.49853516,
  "Djurgarden": 1487.02807617,
  "Omonia": 1485.03100586,
  "Bueyueksehir": 1484.13830566,
  "Viborg": 1483.51660156,
  "Aris Limassol": 1482.75549316,
  "Baltika": 1477.88574219,
  "Goeztepe": 1469.9453125,
  "Rio Ave": 1467.87207031,
  "SonderjyskE": 1467.80566406,
  "Tromso": 1467.57958984,
  "Beer-Sheva": 1465.0880127,
  "Craiova": 1464.44250488,
  "Santa Clara": 1462.30957031,
  "Randers": 1461.62731934,
  "Hearts": 1461.48144531,
  "Sparta Rotterdam": 1460.63806152,
  "Slovan Liberec": 1460.30212402,
  "StGallen": 1459.32373047,
  "Young Boys": 1457.80175781,
  "Steaua": 1457.60437012,
  "Go Ahead Eagles": 1454.96862793,
  "Westerlo": 1453.76940918,
  "Razgrad": 1452.71508789,
  "Molde": 1451.50634766,
  "Lausanne": 1451.14489746,
  "Sturm Graz": 1449.43029785,
  "Lugano": 1446.04467773,
  "Cercle Brugge": 1445.98962402,
  "Malmoe": 1444.98327637,
  "Heerenveen": 1444.46899414,
  "Silkeborg": 1443.40258789,
  "Rosenborg": 1443.3840332,
  "Samsunspor": 1442.77490234,
  "Groningen": 1441.35913086,
  "Pogon": 1440.42907715,
  "Arouca": 1440.22949219,
  "Cracovia": 1438.89404297,
  "Celje": 1438.73840332,
  "Gornik": 1438.04870605,
  "Rostov": 1435.17077637,
  "Standard": 1433.43078613,
  "Levadeiakos": 1431.07727051,
  "Rubin Kazan": 1430.16821289,
  "Zwolle": 1429.85595703,
  "M Tel Aviv": 1429.09985352,
  "Casa Pia": 1427.50183105,
  "Piast Gliwice": 1426.75805664,
  "Aris": 1425.72302246,
  "Hradec Kralove": 1425.32458496,
  "Legia": 1424.8482666,
  "Maccabi Haifa": 1424.28625488,
  "LASK": 1422.95361328,
  "Alverca": 1422.02075195,
  "Sandefjord": 1421.46777344,
  "Radomiak": 1420.61621094,
  "Dynamo Kyiv": 1418.65649414,
  "Nacional": 1418.41162109,
  "Gyoer": 1417.51379395,
  "Fredrikstad": 1417.36730957,
  "Levski": 1417.18493652,
  "Alanyaspor": 1416.63842773,
  "Hajduk": 1416.04467773,
  "Hibernian": 1413.04223633,
  "Lubin": 1412.80822754,
  "Odense": 1412.73059082,
  "GAIS": 1412.19641113,
  "Austria Wien": 1411.39257812,
  "Korona": 1410.82287598,
  "Wolfsberg": 1410.58874512,
  "Leuven": 1410.02282715,
  "Estrela Amadora": 1409.43505859,
  "Thun": 1407.25769043,
  "Sittard": 1406.98815918,
  "Servette": 1405.01599121,
  "Paksi": 1404.53601074,
  "Goeteborg": 1403.22033691,
  "Rijeka": 1402.22583008,
  "Sarpsborg": 1398.38598633,
  "AIK": 1397.91638184,
  "Plock": 1397.70581055,
  "Rapid Bucuresti": 1396.18481445,
  "Gaziantep FK": 1394.70678711,
  "Zulte Waregem": 1393.95861816,
  "IK Sirius": 1392.99865723,
  "Sion": 1392.43200684,
  "Puskas Akademia": 1391.77893066,
  "Banik Ostrava": 1391.3581543,
  "CFR Cluj": 1389.89306641,
  "Katowice": 1389.47314453,
  "Terek Grozny": 1387.9239502,
  "Karvina": 1387.6574707,
  "Beitar": 1387.32409668,
  "Lechia": 1383.5880127,
  "Kasimpasa": 1383.19384766,
  "Elfsborg": 1380.32373047,
  "Dender": 1380.1081543,
  "Rizespor": 1379.0802002,
  "Ham-Kam": 1378.75537109,
  "Kryliya Sovetov": 1378.48657227,
  "Partizan": 1376.95532227,
  "Hartberg": 1375.34484863,
  "Luzern": 1375.22900391,
  "Akron Togliatti": 1374.86291504,
  "Zuerich": 1374.02587891,
  "Sigma Olomouc": 1373.72460938,
  "Haecken": 1372.67370605,
  "Tondela": 1372.15844727,
  "Dinamo Bucuresti": 1370.98461914,
  "Valerenga": 1369.59057617,
  "Motherwell": 1369.4675293,
  "RAAL": 1369.23205566,