{
  "Real Madrid": 1958.6652832,
  "Barcelona": 1937.60388184,
  "Atletico": 1881.94909668,
  "Athletic": 1810.20092773,
  "Villarreal": 1763.39172363,
  "Betis": 1734.01916504,
  "Sociedad": 1695.48620605,
  "Sevilla": 1694.63183594,
  "Girona": 1693.56396484,
  "Celta": 1680.06530762,
  "Osasuna": 1676.48950195,
  "Getafe": 1673.78613281,
  "Mallorca": 1666.56970215,
  "Rayo Vallecano": 1664.5357666,
  "Valencia": 1653.15966797,
  "Alaves": 1633.3293457,
  "Espanyol": 1622.62646484,
  "Las Palmas": 1592.11328125,
  "Leganes": 1590.38781738,
  "Levante": 1586.64916992,
  "Elche": 1567.81652832,
  "Almeria": 1560.14343262,
  "Huesca": 1556.52185059,
  "Cadiz": 1555.75976562,
  "Oviedo": 1555.1953125,
  "Mirandes": 1554.56665039,
  "Santander": 1551.80615234,
  "Granada": 1542.54003906,
  "Valladolid": 1532.26416016,
  "Eibar": 1516.13671875,
  "Gijon": 1513.43383789,
  "Cordoba": 1490.4564209,
  "Depor": 1488.20397949,
  "Albacete": 1484.78222656,
  "Burgos": 1474.93945312,
  "Zaragoza": 1469.75268555,
  "Malaga": 1467.61181641,
  "Castellon": 1459.67431641,
  "Eldense": 1446.70141602,
  "Tenerife": 1426.33630371,
  "Ferrol": 1382.53369141,
  "Cartagena": 1355.41162109
}