{
  "Bayern Munich": 2000.03686523,
  "Borussia Dortmund": 1869.14465332,
  "Leverkusen": 1846.5480957,
  "RB Leipzig": 1787.08728027,
  "Stuttgart": 1730.12023926,
  "Frankfurt": 1726.84423828,
  "Freiburg": 1711.24682617,
  "Hoffenheim": 1680.78747559,
  "Werder": 1676.98864746,
  "Gladbach": 1661.1484375,
  "Mainz": 1647.56103516,
  "Wolfsburg": 1637.79602051,
  "Union Berlin": 1626.96850586,
  "Augsburg": 1624.29711914,
  "Koeln": 1596.63415527,
  "Hamburg": 1589.44714355,
  "Heidenheim": 1562.4765625,
  "St Pauli": 1557.70471191,
  "Elversberg": 1548.38183594,
  "Paderborn": 1521.07910156,
  "Hannover": 1518.73803711,
  "Bochum": 1517.87634277,
  "Darmstadt": 1511.30102539,
  "Schalke": 1507.57458496,
  "Holstein": 1500.57568359,
  "Hertha": 1493.4498291,
  "Lautern": 1491.64611816,
  "Karlsruhe": 1470.67382812,
  "Duesseldorf": 1445.66564941,
  "Nuernberg": 1436.03381348,
  "Magdeburg": 1434.81872559,
  "Muenster": 1424.83203125,
  "Bielefeld": 1390.6027832,
  "Fuerth": 1384.06518555,
  "Braunschweig": 1373.89318848,
  "Dresden": 1358.8503418
}