{
  "Arsenal": 2042.26843262,
  "Manchester City": 1983.80932617,
  "Liverpool": 1933.28100586,
  "Aston Villa": 1912.1661377,
  "Chelsea": 1895.74682617,
  "Newcastle": 1880.37756348,
  "Crystal Palace": 1855.57446289,
  "Brighton": 1847.01574707,
  "Manchester United": 1835.53417969,
  "Tottenham": 1826.74462891,
  "Everton": 1817.23999023,
  "Brentford": 1812.33117676,
  "Bournemouth": 1806.94763184,
  "Fulham": 1777.05554199,
  "Forest": 1776.15942383,
  "West Ham": 1740.51953125,
  "Leeds": 1731.86047363,
  "Burnley": 1702.69274902,
  "Sunderland": 1658.86767578,
  "Wolverhampton": 1653.78991699,
  "Coventry": 1631.22912598,
  "Ipswich": 1614.40942383,
  "Middlesbrough": 1582.17602539,
  "Leicester": 1580.56640625,
  "Southampton": 1566.40002441,
  "Sheffield United": 1563.828125,
  "Millwall": 1540.2421875,
  "Bristol City": 1530.45800781,
  "Preston": 1522.74487305,
  "Stoke": 1515.14562988,
  "Hull": 1511.50744629,
  "QPR": 1510.0982666,
  "West Brom": 1507.21618652,
  "Watford": 1503.77062988,
  "Blackburn": 1500.26245117,
  "Derby": 1490.79309082,
  "Swansea": 1488.36816406,
  "Birmingham": 1480.17749023,
  "Wrexham": 1479.0625,
  "Norwich": 1456.27575684,
  "Oxford": 1456.17504883,
  "Charlton": 1447.23388672,
  "Portsmouth": 1446.09033203,
  "Sheffield Weds": 1410.99047852
}