{
  "Liverpool": 2017.04992676,
  "Arsenal": 2009.17077637,
  "Manchester City": 1952.45556641,
  "Chelsea": 1907.11743164,
  "Newcastle": 1858.89208984,
  "Crystal Palace": 1848.28515625,
  "Aston Villa": 1847.32641602,
  "Bournemouth": 1826.63720703,
  "Brighton": 1818.08422852,
  "Tottenham": 1813.86230469,
  "Everton": 1805.39013672,
  "Brentford": 1800.67346191,
  "Manchester United": 1796.44421387,
  "Forest": 1791.59008789,
  "Fulham": 1785.14855957,
  "West Ham": 1727.65869141,
  "Leeds": 1725.39135742,
  "Burnley": 1718.40112305,
  "Wolverhampton": 1713.62121582,
  "Leicester": 1619.05236816,
  "Ipswich": 1588.78295898,
  "Sunderland": 1584.92700195,
  "Middlesbrough": 1569.72009277,
  "Coventry": 1562.85595703,
  "Bristol City": 1560.09924316,
  "Sheffield United": 1559.75012207,
  "Southampton": 1548.18078613,
  "West Brom": 1545.31201172,
  "Swansea": 1523.74035645,
  "Norwich": 1516.52038574,
  "Millwall": 1512.50512695,
  "Stoke": 1511.54614258,
  "Blackburn": 1508.50134277,
  "Portsmouth": 1493.95446777,
  "QPR": 1491.85681152,
  "Preston": 1486.95825195,
  "Hull": 1480.77600098,
  "Watford": 1467.7722168,
  "Derby": 1467.28479004,
  "Oxford": 1446.33813477,
  "Sheffield Weds": 1446.25488281,
  "Birmingham": 1436.12988281,
  "Charlton": 1424.77197266,
  "Wrexham": 1420.48535156
}