{
  "Inter": 1892.42724609,
  "Juventus": 1789.74865723,
  "Napoli": 1783.96435547,
  "Roma": 1776.97790527,
  "Atalanta": 1767.05969238,
  "Milan": 1766.80297852,
  "Como": 1745.60241699,
  "Lazio": 1716.85656738,
  "Bologna": 1673.31420898,
  "Fiorentina": 1652.45849609,
  "Udinese": 1652.02856445,
  "Sassuolo": 1649.1673584,
  "Genoa": 1631.14331055,
  "Torino": 1622.01342773,
  "Parma": 1600.62341309,
  "Venezia": 1591.82458496,
  "Cagliari": 1583.46813965,
  "Frosinone": 1557.19641113,
  "Lecce": 1551.2722168,
  "Monza": 1548.88500977,
  "Palermo": 1521.05993652,
  "Cremonese": 1515.84020996,
  "Verona": 1501.93737793,
  "Pisa": 1472.42614746,
  "Catanzaro": 1470.98950195,
  "Modena": 1437.3996582,
  "Juve Stabia": 1425.34448242,
  "Empoli": 1417.93786621,
  "Mantova": 1407.4942627,
  "Sampdoria": 1399.47351074,
  "Carrarese": 1393.78613281,
  "Spezia": 1384.1036377,
  "Cesena": 1375.50952148,
  "Avellino": 1373.21899414,
  "Suedtirol": 1372.35400391,
  "Padova": 1355.43701172,
  "Bari": 1353.79467773,
  "Pescara": 1352.59155273,
  "Entella": 1350.19641113,
  "Reggiana": 1325.35375977
}