{
  "Bayern Munich": 1985.93347168,
  "Borussia Dortmund": 1825.3236084,
  "Leverkusen": 1809.89807129,
  "Stuttgart": 1757.79858398,
  "RB Leipzig": 1744.53991699,
  "Hoffenheim": 1716.01391602,
  "Frankfurt": 1685.17285156,
  "Freiburg": 1683.27563477,
  "Mainz": 1658.9876709,
  "Augsburg": 1627.55419922,
  "Union Berlin": 1619.79577637,
  "Werder": 1615.29199219,
  "Gladbach": 1615.14135742,
  "Wolfsburg": 1593.13012695,
  "Hamburg": 1585.44396973,
  "St Pauli": 1572.97949219,
  "Koeln": 1565.47253418,
  "Paderborn": 1526.74926758,
  "Elversberg": 1523.38989258,
  "Hannover": 1512.98205566,
  "Heidenheim": 1509.52258301,
  "Darmstadt": 1507.3190918,
  "Bochum": 1493.82775879,
  "Schalke": 1485.46691895,
  "Hertha": 1475.76269531,
  "Lautern": 1456.54174805,
  "Holstein": 1453.55957031,
  "Karlsruhe": 1449.55883789,
  "Duesseldorf": 1441.18798828,
  "Nuernberg": 1430.30981445,
  "Muenster": 1397.61535645,
  "Magdeburg": 1396.09509277,
  "Bielefeld": 1383.6739502,
  "Dresden": 1371.70336914,
  "Fuerth": 1362.36132812,
  "Braunschweig": 1355.08361816
}