{
  "Arsenal": 2061.94604492,
  "Manchester City": 1987.3067627,
  "Liverpool": 1961.0402832,
  "Aston Villa": 1932.08361816,
  "Chelsea": 1922.14904785,
  "Manchester United": 1889.09558105,
  "Newcastle": 1875.23535156,
  "Brentford": 1847.53979492,
  "Bournemouth": 1846.13806152,
  "Brighton": 1842.17346191,
  "Everton": 1818.14013672,
  "Fulham": 1814.70397949,
  "Tottenham": 1809.08557129,
  "Crystal Palace": 1801.03063965,
  "Leeds": 1793.734375,
  "Forest": 1789.04736328,
  "West Ham": 1751.06298828,
  "Burnley": 1707.32629395,
  "Sunderland": 1696.25195312,
  "Wolverhampton": 1680.11889648,
  "Coventry": 1627.5982666,
  "Ipswich": 1626.82348633,
  "Middlesbrough": 1605.24084473,
  "Sheffield United": 1584.29138184,
  "Southampton": 1568.6114502,
  "Millwall": 1563.12060547,
  "Hull": 1553.63232422,
  "Derby": 1539.70947266,
  "Wrexham": 1537.17810059,
  "Watford": 1532.84912109,
  "Swansea": 1529.6583252,
  "Leicester": 1529.21704102,
  "Norwich": 1528.7220459,
  "Bristol City": 1527.01635742,
  "QPR": 1523.87426758,
  "Birmingham": 1523.75744629,
  "Preston": 1519.86181641,
  "Stoke": 1509.60766602,
  "Portsmouth": 1507.24938965,
  "Blackburn": 1498.96459961,
  "Charlton": 1472.03686523,
  "West Brom": 1467.95397949,
  "Oxford": 1447.49719238,
  "Sheffield Weds": 1353.54467773
}