{
  "PSG": 1955.30297852,
  "Lens": 1761.13269043,
  "Marseille": 1754.80944824,
  "Lyon": 1748.58618164,
  "Lille": 1732.11706543,
  "Strasbourg": 1694.46252441,
  "Rennais": 1694.45800781,
  "Monaco": 1672.78796387,
  "Toulouse": 1657.76098633,
  "Brest": 1650.43432617,
  "Lorient": 1608.88452148,
  "Nice": 1583.48571777,
  "Auxerre": 1562.76831055,
  "Le Havre": 1561.29003906,
  "Angers": 1558.54418945,
  "Reims": 1549.31933594,
  "Nantes": 1546.3404541,
  "Paris FC": 1540.45129395,
  "Metz": 1534.68457031,
  "Saint-Etienne": 1512.2668457,
  "Troyes": 1498.53198242,
  "Dunkerque": 1482.53601074,
  "Guingamp": 1441.36669922,
  "Montpellier": 1433.81921387,
  "Annecy": 1431.54675293,
  "Red Star": 1430.22314453,
  "Le Mans": 1424.60925293,
  "Rodez": 1412.64257812,
  "Clermont": 1396.98327637,
  "Pau": 1387.08007812,
  "Bastia": 1383.06188965,
  "Grenoble": 1377.87817383,
  "Laval": 1357.85925293,
  "Boulogne": 1354.29711914,
  "Amiens": 1349.83935547,
  "Nancy": 1347.12658691
}