{
  "Inter": 1917.06872559,
  "Napoli": 1831.56359863,
  "Milan": 1827.50158691,
  "Roma": 1808.2635498,
  "Juventus": 1795.42993164,
  "Atalanta": 1794.18225098,
  "Bologna": 1765.92675781,
  "Lazio": 1754.5847168,
  "Como": 1708.77062988,
  "Fiorentina": 1667.3572998,
  "Torino": 1653.16320801,
  "Genoa": 1636.17175293,
  "Sassuolo": 1632.05712891,
  "Udinese": 1617.85571289,
  "Cagliari": 1607.00280762,
  "Cremonese": 1598.15222168,
  "Parma": 1593.94689941,
  "Lecce": 1575.45178223,
  "Verona": 1574.93688965,
  "Venezia": 1561.578125,
  "Monza": 1549.35205078,
  "Pisa": 1542.18469238,
  "Frosinone": 1523.59143066,
  "Empoli": 1521.25012207,
  "Palermo": 1502.28344727,
  "Catanzaro": 1471.62805176,
  "Cesena": 1467.53137207,
  "Modena": 1462.89550781,
  "Spezia": 1461.12939453,
  "Juve Stabia": 1439.58068848,
  "Suedtirol": 1423.05969238,
  "Reggiana": 1422.97619629,
  "Sampdoria": 1415.99951172,
  "Bari": 1407.63098145,
  "Carrarese": 1405.328125,
  "Padova": 1385.03564453,
  "Mantova": 1378.73852539,
  "Avellino": 1378.41027832,
  "Entella": 1363.32397461,
  "Pescara": 1349.51318359
}