{
  "Inter": 1885.1932373,
  "Milan": 1815.24438477,
  "Napoli": 1798.32434082,
  "Atalanta": 1791.83557129,
  "Juventus": 1780.26794434,
  "Roma": 1767.47558594,
  "Como": 1759.43115234,
  "Lazio": 1716.50195312,
  "Bologna": 1698.1517334,
  "Fiorentina": 1664.45361328,
  "Genoa": 1632.83996582,
  "Udinese": 1629.91101074,
  "Sassuolo": 1628.82434082,
  "Torino": 1621.71228027,
  "Venezia": 1590.20703125,
  "Parma": 1583.33361816,
  "Cagliari": 1573.74401855,
  "Lecce": 1558.04858398,
  "Monza": 1546.93518066,
  "Frosinone": 1540.8927002,
  "Cremonese": 1539.58227539,
  "Verona": 1511.71923828,
  "Palermo": 1511.5657959,
  "Pisa": 1504.93847656,
  "Catanzaro": 1478.43334961,
  "Modena": 1459.59558105,
  "Empoli": 1441.92041016,
  "Juve Stabia": 1434.08496094,
  "Suedtirol": 1418.6204834,
  "Carrarese": 1413.95898438,
  "Spezia": 1395.6048584,
  "Cesena": 1393.7590332,
  "Sampdoria": 1390.0982666,
  "Mantova": 1380.12390137,
  "Avellino": 1363.26318359,
  "Pescara": 1357.51525879,
  "Entella": 1356.45324707,
  "Bari": 1355.19189453,
  "Padova": 1348.77648926,
  "Reggiana": 1336.47949219
}