{
  "Arsenal": 2042.8425293,
  "Manchester City": 1987.46496582,
  "Liverpool": 1954.47412109,
  "Chelsea": 1913.96398926,
  "Aston Villa": 1891.41223145,
  "Newcastle": 1876.84655762,
  "Crystal Palace": 1864.10668945,
  "Brighton": 1852.8807373,
  "Manchester United": 1834.22058105,
  "Bournemouth": 1830.38427734,
  "Tottenham": 1825.84375,
  "Brentford": 1823.19995117,
  "Everton": 1803.58276367,
  "Forest": 1788.71972656,
  "Fulham": 1782.82067871,
  "West Ham": 1742.15234375,
  "Burnley": 1721.81848145,
  "Leeds": 1716.12487793,
  "Wolverhampton": 1675.39855957,
  "Sunderland": 1646.31286621,
  "Coventry": 1635.76269531,
  "Ipswich": 1601.51501465,
  "Leicester": 1597.86669922,
  "Middlesbrough": 1570.59594727,
  "Southampton": 1550.83105469,
  "Bristol City": 1548.58312988,
  "Sheffield United": 1539.72424316,
  "Stoke": 1537.50341797,
  "West Brom": 1523.90979004,
  "Millwall": 1521.95336914,
  "Hull": 1519.76513672,
  "Preston": 1518.97851562,
  "Watford": 1514.5760498,
  "Blackburn": 1514.06640625,
  "Derby": 1501.4564209,
  "QPR": 1498.38049316,
  "Swansea": 1491.66040039,
  "Birmingham": 1487.82995605,
  "Wrexham": 1478.15270996,
  "Portsmouth": 1472.24267578,
  "Charlton": 1470.26000977,
  "Oxford": 1454.25805664,
  "Norwich": 1450.91870117,
  "Sheffield Weds": 1421.66992188
}