{
  "PSG": 1957.47351074,
  "Marseille": 1765.11669922,
  "Lyon": 1759.47875977,
  "Lens": 1751.92871094,
  "Strasbourg": 1712.69384766,
  "Lille": 1708.90625,
  "Rennais": 1678.90087891,
  "Monaco": 1671.62487793,
  "Toulouse": 1671.26867676,
  "Brest": 1638.0300293,
  "Lorient": 1625.5447998,
  "Nice": 1602.90283203,
  "Le Havre": 1563.55639648,
  "Auxerre": 1561.7010498,
  "Angers": 1560.06213379,
  "Reims": 1555.70043945,
  "Paris FC": 1540.03674316,
  "Nantes": 1532.38598633,
  "Metz": 1528.27661133,
  "Saint-Etienne": 1506.98913574,
  "Troyes": 1490.87719727,
  "Dunkerque": 1474.6953125,
  "Guingamp": 1450.12487793,
  "Montpellier": 1445.99108887,
  "Annecy": 1438.08068848,
  "Le Mans": 1433.55310059,
  "Red Star": 1427.26757812,
  "Rodez": 1423.98461914,
  "Clermont": 1391.5526123,
  "Pau": 1385.86291504,
  "Grenoble": 1380.19873047,
  "Bastia": 1371.99328613,
  "Laval": 1359.69592285,
  "Boulogne": 1358.35595703,
  "Amiens": 1349.1060791,
  "Nancy": 1336.88793945
}