{
  "Bayern Munich": 1965.77636719,
  "Borussia Dortmund": 1843.47070312,
  "Leverkusen": 1824.43115234,
  "RB Leipzig": 1744.58825684,
  "Frankfurt": 1736.78771973,
  "Stuttgart": 1720.42602539,
  "Freiburg": 1685.62402344,
  "Mainz": 1673.17089844,
  "Werder": 1671.25744629,
  "Hoffenheim": 1630.20849609,
  "Union Berlin": 1626.16247559,
  "Wolfsburg": 1620.9206543,
  "Augsburg": 1615.19958496,
  "Gladbach": 1601.3659668,
  "Koeln": 1586.0065918,
  "St Pauli": 1574.77001953,
  "Hamburg": 1573.70458984,
  "Elversberg": 1548.18676758,
  "Heidenheim": 1543.67602539,
  "Paderborn": 1525.85107422,
  "Holstein": 1518.69274902,
  "Bochum": 1485.61035156,
  "Karlsruhe": 1485.50109863,
  "Lautern": 1484.55358887,
  "Darmstadt": 1484.41577148,
  "Hannover": 1476.98706055,
  "Schalke": 1465.12963867,
  "Hertha": 1460.24035645,
  "Duesseldorf": 1459.97375488,
  "Nuernberg": 1415.29504395,
  "Muenster": 1407.74377441,
  "Magdeburg": 1398.5098877,
  "Fuerth": 1390.47058105,
  "Braunschweig": 1369.75512695,
  "Bielefeld": 1357.3425293,
  "Dresden": 1344.44384766
}