{
  "Arsenal": 2035.26135254,
  "Manchester City": 1958.28796387,
  "Liverpool": 1924.99902344,
  "Chelsea": 1914.14147949,
  "Aston Villa": 1882.00708008,
  "Newcastle": 1869.6505127,
  "Brighton": 1851.00695801,
  "Crystal Palace": 1831.68823242,
  "Manchester United": 1821.47399902,
  "Brentford": 1816.65979004,
  "Bournemouth": 1806.24047852,
  "Tottenham": 1798.71008301,
  "Everton": 1787.19128418,
  "Fulham": 1780.63366699,
  "Forest": 1767.17272949,
  "West Ham": 1722.95092773,
  "Burnley": 1702.98132324,
  "Leeds": 1701.42956543,
  "Wolverhampton": 1660.25646973,
  "Sunderland": 1645.07861328,
  "Coventry": 1637.77441406,
  "Ipswich": 1588.18444824,
  "Leicester": 1560.89758301,
  "Middlesbrough": 1552.80517578,
  "Sheffield United": 1546.50708008,
  "Southampton": 1544.1829834,
  "Bristol City": 1531.07946777,
  "Stoke": 1523.41711426,
  "Millwall": 1521.49682617,
  "West Brom": 1514.67504883,
  "Preston": 1514.38171387,
  "Hull": 1507.52587891,
  "Watford": 1500.55041504,
  "Blackburn": 1492.76940918,
  "Derby": 1492.37573242,
  "QPR": 1483.79699707,
  "Birmingham": 1477.57946777,
  "Wrexham": 1476.6295166,
  "Swansea": 1463.88977051,
  "Oxford": 1453.66967773,
  "Norwich": 1448.46289062,
  "Charlton": 1444.40393066,
  "Portsmouth": 1443.06799316,
  "Sheffield Weds": 1397.79919434
}