{
  "Inter": 1929.80664062,
  "Milan": 1833.31420898,
  "Juventus": 1826.46862793,
  "Roma": 1798.59240723,
  "Napoli": 1797.54016113,
  "Atalanta": 1787.71850586,
  "Como": 1736.55419922,
  "Lazio": 1717.43310547,
  "Bologna": 1700.99401855,
  "Fiorentina": 1647.40991211,
  "Udinese": 1632.56469727,
  "Genoa": 1631.53295898,
  "Torino": 1628.74902344,
  "Sassuolo": 1621.72827148,
  "Cagliari": 1621.46911621,
  "Venezia": 1593.19042969,
  "Parma": 1588.03430176,
  "Cremonese": 1560.19360352,
  "Lecce": 1547.76171875,
  "Monza": 1540.6373291,
  "Verona": 1535.7421875,
  "Frosinone": 1533.20080566,
  "Pisa": 1517.78308105,
  "Palermo": 1511.87097168,
  "Empoli": 1480.68994141,
  "Juve Stabia": 1457.23828125,
  "Catanzaro": 1456.92504883,
  "Modena": 1450.84277344,
  "Suedtirol": 1442.47497559,
  "Cesena": 1426.5892334,
  "Carrarese": 1422.41711426,
  "Spezia": 1421.72900391,
  "Sampdoria": 1408.84851074,
  "Bari": 1375.33972168,
  "Avellino": 1374.6661377,
  "Reggiana": 1370.65112305,
  "Padova": 1366.88269043,
  "Mantova": 1366.02197266,
  "Entella": 1356.64477539,
  "Pescara": 1327.97106934
}