{
  "Inter": 1890.04699707,
  "Juventus": 1797.48535156,
  "Napoli": 1783.48364258,
  "Milan": 1781.4708252,
  "Atalanta": 1772.26062012,
  "Roma": 1768.58447266,
  "Como": 1746.07458496,
  "Lazio": 1712.04919434,
  "Bologna": 1677.44104004,
  "Fiorentina": 1660.85192871,
  "Udinese": 1642.95617676,
  "Sassuolo": 1634.49951172,
  "Torino": 1631.08581543,
  "Genoa": 1625.94750977,
  "Parma": 1603.00366211,
  "Venezia": 1596.25561523,
  "Cagliari": 1579.34460449,
  "Monza": 1559.89929199,
  "Frosinone": 1550.93371582,
  "Lecce": 1543.39355469,
  "Cremonese": 1520.64746094,
  "Palermo": 1515.25585938,
  "Verona": 1494.20056152,
  "Pisa": 1480.30480957,
  "Catanzaro": 1476.79321289,
  "Modena": 1433.01062012,
  "Juve Stabia": 1431.60498047,
  "Empoli": 1411.93212891,
  "Mantova": 1396.47021484,
  "Carrarese": 1395.87634277,
  "Sampdoria": 1392.99829102,
  "Spezia": 1379.67297363,
  "Avellino": 1379.22363281,
  "Suedtirol": 1378.83874512,
  "Cesena": 1373.42138672,
  "Entella": 1360.48461914,
  "Pescara": 1359.62365723,
  "Padova": 1348.40820312,
  "Bari": 1343.50402832,
  "Reggiana": 1329.74279785
}