{
  "Bayern Munich": 1944.93310547,
  "Leverkusen": 1842.39660645,
  "Borussia Dortmund": 1831.76855469,
  "Frankfurt": 1771.01550293,
  "RB Leipzig": 1729.87231445,
  "Stuttgart": 1709.34936523,
  "Mainz": 1695.23693848,
  "Werder": 1693.5501709,
  "Freiburg": 1670.8470459,
  "Wolfsburg": 1659.31872559,
  "Hoffenheim": 1632.31347656,
  "Augsburg": 1629.88818359,
  "Gladbach": 1616.09326172,
  "Union Berlin": 1615.11132812,
  "St Pauli": 1609.3626709,
  "Koeln": 1591.95910645,
  "Hamburg": 1550.45214844,
  "Heidenheim": 1546.95654297,
  "Holstein": 1523.33374023,
  "Elversberg": 1514.93591309,
  "Bochum": 1510.12133789,
  "Karlsruhe": 1509.6796875,
  "Paderborn": 1502.25170898,
  "Hannover": 1497.92895508,
  "Duesseldorf": 1493.81958008,
  "Lautern": 1471.17797852,
  "Darmstadt": 1469.0357666,
  "Hertha": 1463.19934082,
  "Magdeburg": 1428.69335938,
  "Schalke": 1427.28259277,
  "Muenster": 1422.86206055,
  "Nuernberg": 1411.06884766,
  "Fuerth": 1397.56518555,
  "Bielefeld": 1391.37109375,
  "Braunschweig": 1386.72497559,
  "Dresden": 1345.32299805
}