{
  "PSG": 1995.52331543,
  "Lille": 1788.70544434,
  "Marseille": 1773.83532715,
  "Lyon": 1758.71350098,
  "Monaco": 1747.3729248,
  "Lens": 1731.96228027,
  "Strasbourg": 1719.12585449,
  "Nice": 1677.05725098,
  "Toulouse": 1668.95959473,
  "Brest": 1662.82763672,
  "Rennais": 1651.00085449,
  "Auxerre": 1604.18798828,
  "Nantes": 1594.57104492,
  "Lorient": 1581.74230957,
  "Le Havre": 1563.92956543,
  "Reims": 1552.53405762,
  "Paris FC": 1549.91687012,
  "Angers": 1544.98999023,
  "Metz": 1529.8137207,
  "Saint-Etienne": 1525.59191895,
  "Troyes": 1492.94250488,
  "Montpellier": 1477.38024902,
  "Annecy": 1447.55712891,
  "Guingamp": 1446.22180176,
  "Dunkerque": 1442.0982666,
  "Red Star": 1436.55065918,
  "Pau": 1426.27954102,
  "Rodez": 1425.22631836,
  "Clermont": 1414.79443359,
  "Amiens": 1407.49060059,
  "Grenoble": 1407.31359863,
  "Le Mans": 1406.06494141,
  "Laval": 1403.5369873,
  "Bastia": 1401.78051758,
  "Nancy": 1374.91577148,
  "Boulogne": 1362.56604004
}