{
  "PSG": 1972.57678223,
  "Marseille": 1773.10681152,
  "Lens": 1769.08459473,
  "Lyon": 1752.10424805,
  "Lille": 1740.07006836,
  "Rennais": 1707.56188965,
  "Strasbourg": 1699.10693359,
  "Monaco": 1684.7578125,
  "Toulouse": 1665.71362305,
  "Brest": 1662.82141113,
  "Lorient": 1616.83703613,
  "Nice": 1591.43823242,
  "Auxerre": 1570.72155762,
  "Angers": 1566.4967041,
  "Nantes": 1564.40380859,
  "Le Havre": 1564.09130859,
  "Reims": 1557.27185059,
  "Metz": 1545.94519043,
  "Paris FC": 1538.29296875,
  "Saint-Etienne": 1520.21923828,
  "Troyes": 1506.48449707,
  "Dunkerque": 1490.48876953,
  "Montpellier": 1441.77172852,
  "Annecy": 1439.49926758,
  "Red Star": 1438.18701172,
  "Guingamp": 1436.14892578,
  "Le Mans": 1432.56176758,
  "Rodez": 1420.59509277,
  "Clermont": 1404.93603516,
  "Pau": 1395.0324707,
  "Bastia": 1391.01281738,
  "Grenoble": 1385.81933594,
  "Nancy": 1368.24951172,
  "Laval": 1365.81347656,
  "Boulogne": 1362.24963379,
  "Amiens": 1357.79187012
}