{
  "Bayern Munich": 1996.3293457,
  "Borussia Dortmund": 1836.36401367,
  "Leverkusen": 1803.96850586,
  "Stuttgart": 1760.80004883,
  "RB Leipzig": 1757.38110352,
  "Hoffenheim": 1705.52905273,
  "Freiburg": 1694.99365234,
  "Mainz": 1684.78137207,
  "Frankfurt": 1681.35449219,
  "Werder": 1629.9954834,
  "Gladbach": 1623.78234863,
  "Union Berlin": 1614.81164551,
  "Augsburg": 1611.36523438,
  "Hamburg": 1592.36669922,
  "Wolfsburg": 1582.13208008,
  "Koeln": 1566.64221191,
  "St Pauli": 1561.84057617,
  "Paderborn": 1524.29577637,
  "Elversberg": 1519.4395752,
  "Darmstadt": 1512.5994873,
  "Heidenheim": 1508.91223145,
  "Hannover": 1507.00769043,
  "Hertha": 1498.57373047,
  "Schalke": 1492.86364746,
  "Bochum": 1491.5369873,
  "Lautern": 1451.04052734,
  "Holstein": 1449.25842285,
  "Nuernberg": 1445.79528809,
  "Karlsruhe": 1444.71118164,
  "Duesseldorf": 1428.56896973,
  "Magdeburg": 1396.43212891,
  "Dresden": 1391.14453125,
  "Fuerth": 1384.51489258,
  "Bielefeld": 1378.47583008,
  "Muenster": 1374.52978516,
  "Braunschweig": 1367.96594238
}