{
  "Bayern Munich": 2000.33520508,
  "Borussia Dortmund": 1857.87939453,
  "Leverkusen": 1847.31274414,
  "RB Leipzig": 1781.31726074,
  "Frankfurt": 1756.55969238,
  "Stuttgart": 1733.25061035,
  "Freiburg": 1712.07617188,
  "Werder": 1692.56494141,
  "Mainz": 1688.15905762,
  "Hoffenheim": 1660.49926758,
  "Union Berlin": 1635.52111816,
  "Wolfsburg": 1634.3638916,
  "Gladbach": 1629.29907227,
  "Augsburg": 1613.33435059,
  "Koeln": 1610.19445801,
  "Hamburg": 1569.11193848,
  "St Pauli": 1568.08276367,
  "Heidenheim": 1555.59924316,
  "Paderborn": 1548.37365723,
  "Elversberg": 1543.46435547,
  "Holstein": 1521.29650879,
  "Karlsruhe": 1517.14477539,
  "Bochum": 1509.35168457,
  "Hannover": 1503.89819336,
  "Lautern": 1496.41809082,
  "Hertha": 1488.05151367,
  "Darmstadt": 1487.53930664,
  "Schalke": 1480.89599609,
  "Duesseldorf": 1467.25195312,
  "Nuernberg": 1438.37670898,
  "Muenster": 1421.83959961,
  "Magdeburg": 1416.28100586,
  "Bielefeld": 1392.7244873,
  "Fuerth": 1390.84460449,
  "Braunschweig": 1368.14794922,
  "Dresden": 1348.75671387
}