{
  "Inter": 1885.19238281,
  "Milan": 1815.24365234,
  "Napoli": 1798.32348633,
  "Atalanta": 1791.8347168,
  "Juventus": 1780.26696777,
  "Roma": 1767.47277832,
  "Como": 1759.43005371,
  "Lazio": 1716.48974609,
  "Bologna": 1698.16491699,
  "Fiorentina": 1664.45080566,
  "Genoa": 1632.8392334,
  "Udinese": 1629.91040039,
  "Sassuolo": 1628.82287598,
  "Torino": 1621.71154785,
  "Venezia": 1590.20629883,
  "Parma": 1583.33337402,
  "Cagliari": 1573.74328613,
  "Lecce": 1558.04772949,
  "Monza": 1546.93554688,
  "Frosinone": 1540.89367676,
  "Cremonese": 1539.58105469,
  "Verona": 1511.71850586,
  "Palermo": 1511.56384277,
  "Pisa": 1504.93835449,
  "Catanzaro": 1478.44470215,
  "Modena": 1459.59472656,
  "Empoli": 1441.9185791,
  "Juve Stabia": 1434.08532715,
  "Suedtirol": 1418.61682129,
  "Carrarese": 1413.95666504,
  "Spezia": 1395.60302734,
  "Cesena": 1393.75292969,
  "Sampdoria": 1390.09899902,
  "Mantova": 1380.11669922,
  "Avellino": 1363.26062012,
  "Pescara": 1357.51794434,
  "Entella": 1356.45605469,
  "Bari": 1355.19848633,
  "Padova": 1348.77575684,
  "Reggiana": 1336.46887207
}