{
  "PSG": 1967.87866211,
  "Lens": 1767.04333496,
  "Lille": 1743.70898438,
  "Lyon": 1731.61779785,
  "Monaco": 1717.51818848,
  "Marseille": 1716.74279785,
  "Rennais": 1716.11865234,
  "Strasbourg": 1710.80444336,
  "Toulouse": 1652.31567383,
  "Lorient": 1639.05749512,
  "Paris FC": 1629.32714844,
  "Auxerre": 1624.1114502,
  "Brest": 1620.84448242,
  "Nice": 1582.37231445,
  "Le Havre": 1580.06848145,
  "Angers": 1547.54577637,
  "Nantes": 1544.42956543,
  "Reims": 1541.97424316,
  "Troyes": 1521.14294434,
  "Saint-Etienne": 1507.8404541,
  "Rodez": 1494.4453125,
  "Le Mans": 1492.42102051,
  "Metz": 1489.80969238,
  "Montpellier": 1477.11657715,
  "Annecy": 1465.85766602,
  "Red Star": 1441.04553223,
  "Dunkerque": 1423.47253418,
  "Grenoble": 1405.7088623,
  "Guingamp": 1394.87780762,
  "Clermont": 1390.66442871,
  "Laval": 1384.28735352,
  "Bastia": 1382.39282227,
  "Pau": 1374.34643555,
  "Nancy": 1359.40527344,
  "Boulogne": 1357.81335449,
  "Amiens": 1295.50183105
}