{
  "Inter": 1916.19213867,
  "Napoli": 1847.81799316,
  "Atalanta": 1825.72619629,
  "Juventus": 1820.71777344,
  "Roma": 1813.23510742,
  "Milan": 1783.15368652,
  "Lazio": 1749.7956543,
  "Bologna": 1742.30395508,
  "Fiorentina": 1741.94335938,
  "Torino": 1682.8951416,
  "Genoa": 1654.44616699,
  "Como": 1654.40563965,
  "Udinese": 1638.97167969,
  "Cagliari": 1611.09814453,
  "Sassuolo": 1593.39562988,
  "Parma": 1592.04919434,
  "Verona": 1586.05078125,
  "Lecce": 1574.1451416,
  "Cremonese": 1564.26281738,
  "Empoli": 1560.32250977,
  "Venezia": 1553.59155273,
  "Pisa": 1527.73583984,
  "Monza": 1509.27294922,
  "Spezia": 1504.82336426,
  "Frosinone": 1482.93994141,
  "Palermo": 1482.39135742,
  "Catanzaro": 1457.74462891,
  "Juve Stabia": 1449.17346191,
  "Cesena": 1448.26159668,
  "Modena": 1443.82531738,
  "Suedtirol": 1442.00866699,
  "Sampdoria": 1426.10070801,
  "Carrarese": 1425.53955078,
  "Bari": 1422.06933594,
  "Reggiana": 1418.40466309,
  "Mantova": 1403.36804199,
  "Entella": 1381.51013184,
  "Avellino": 1376.87573242,
  "Padova": 1361.80432129,
  "Pescara": 1357.13269043
}