{
  "PSG": 1974.93774414,
  "Manchester City": 1959.94421387,
  "Real Madrid": 1936.12731934,
  "Inter": 1933.2421875,
  "Bayern Munich": 1918.9979248,
  "Chelsea": 1902.80126953,
  "Atlético": 1855.34973145,
  "Borussia Dortmund": 1818.3503418,
  "Juventus": 1805.84667969,
  "Benfica": 1791.48046875,
  "Flamengo": 1758.7387934226288,
  "Palmeiras": 1756.5908471102048,
  "Botafogo": 1730.933929271525,
  "Fluminense": 1716.6169645095401,
  "River Plate": 1697.7489167535996,
  "Porto": 1678.19543457,
  "Boca Juniors": 1670.978546455238,
  "Monterrey": 1619.791480442645,
  "Pachuca": 1586.0431752985523,
  "Los Ángeles FC": 1581.0728036598764,
  "Seattle": 1571.396562806987,
  "Inter Miami": 1563.2286673790877,
  "Al-Hilal": 1559.1918955618473,
  "RB Salzburg": 1558.85534668,
  "Urawa Reds": 1548.5540383320317,
  "Ahly SC": 1540.5581732116625,
  "Sundowns": 1497.6864373938677,
  "Al-Ain": 1473.4295097943095,
  "Ulsan HD": 1471.2421841090252,
  "Esperance": 1448.0341632476905,
  "Wydad AC": 1436.5280611333687,
  "Auckland City": 1125.8148091828355
}