{
  "Bayern Munich": 1950.95214844,
  "Leverkusen": 1838.50244141,
  "Borussia Dortmund": 1837.44067383,
  "Frankfurt": 1760.72900391,
  "RB Leipzig": 1737.94995117,
  "Stuttgart": 1723.21557617,
  "Mainz": 1710.04772949,
  "Freiburg": 1691.7713623,
  "Werder": 1679.86535645,
  "Wolfsburg": 1658.34313965,
  "Hoffenheim": 1630.99108887,
  "Union Berlin": 1630.09436035,
  "Gladbach": 1624.68395996,
  "Augsburg": 1619.77392578,
  "St Pauli": 1604.84765625,
  "Koeln": 1588.57788086,
  "Hamburg": 1559.8717041,
  "Heidenheim": 1542.23364258,
  "Holstein": 1537.47729492,
  "Elversberg": 1526.90869141,
  "Paderborn": 1515.49975586,
  "Bochum": 1502.8515625,
  "Karlsruhe": 1500.23278809,
  "Hannover": 1496.83703613,
  "Darmstadt": 1487.33117676,
  "Lautern": 1483.97021484,
  "Duesseldorf": 1480.2208252,
  "Hertha": 1454.64770508,
  "Schalke": 1441.94238281,
  "Nuernberg": 1423.03503418,
  "Magdeburg": 1418.73010254,
  "Muenster": 1414.76647949,
  "Fuerth": 1412.07751465,
  "Bielefeld": 1381.55541992,
  "Braunschweig": 1379.44873047,
  "Dresden": 1351.1114502
}