{
  "Barcelona": 1945.43066406,
  "Real Madrid": 1936.12731934,
  "Atlético": 1855.34973145,
  "Athletic": 1789.30944824,
  "Villarreal": 1785.54638672,
  "Betis": 1742.14355469,
  "Osasuna": 1697.22412109,
  "Celta": 1689.27087402,
  "Valencia": 1679.41589355,
  "Real Sociedad": 1667.32043457,
  "Rayo Vallecano": 1658.47619629,
  "Alaves": 1644.1192627,
  "Mallorca": 1641.24841309,
  "Sevilla": 1637.12219238,
  "Girona": 1637.03515625,
  "Espanyol": 1634.66186523,
  "Getafe": 1625.76000977,
  "Levante": 1610.27526855,
  "Leganes": 1599.02905273,
  "Real Oviedo": 1587.671875,
  "Elche": 1584.90905762,
  "Las Palmas": 1563.50219727,
  "Mirandes": 1560.61938477,
  "Almeria": 1543.83959961,
  "Granada": 1530.59716797,
  "Eibar": 1525.10388184,
  "Santander": 1522.47363281,
  "Cadiz": 1520.49841309,
  "Huesca": 1501.46789551,
  "Albacete": 1496.5090332,
  "Gijon": 1487.59106445,
  "Burgos": 1473.21594238,
  "Valladolid": 1467.32788086,
  "Cordoba": 1467.14440918,
  "Castellon": 1461.7409668,
  "Depor": 1458.74169922,
  "Zaragoza": 1450.09289551,
  "Malaga": 1448.69726562,
  "Leonesa": 1425.54956055,
  "Sociedad B": 1425.54956055,
  "Andorra CF": 1425.54956055,
  "Ceuta": 1425.54956055
}