{
  "Inter": 1917.62231445,
  "Napoli": 1849.34667969,
  "Atalanta": 1835.30725098,
  "Roma": 1820.70043945,
  "Juventus": 1815.6796875,
  "Milan": 1792.68188477,
  "Bologna": 1747.33300781,
  "Lazio": 1742.33032227,
  "Fiorentina": 1730.6776123,
  "Torino": 1673.31408691,
  "Como": 1665.67138672,
  "Genoa": 1649.41711426,
  "Udinese": 1629.44348145,
  "Cagliari": 1619.52807617,
  "Parma": 1592.38806152,
  "Sassuolo": 1591.96557617,
  "Verona": 1591.08886719,
  "Lecce": 1565.71520996,
  "Cremonese": 1563.9239502,
  "Venezia": 1541.79907227,
  "Empoli": 1535.65283203,
  "Pisa": 1526.20715332,
  "Monza": 1514.36767578,
  "Palermo": 1490.25744629,
  "Spezia": 1489.44360352,
  "Frosinone": 1480.59008789,
  "Juve Stabia": 1464.55322266,
  "Cesena": 1460.05419922,
  "Catanzaro": 1457.82250977,
  "Modena": 1455.34338379,
  "Suedtirol": 1444.35852051,
  "Sampdoria": 1421.00610352,
  "Reggiana": 1418.32678223,
  "Carrarese": 1415.03186035,
  "Bari": 1414.20324707,
  "Mantova": 1391.85009766,
  "Avellino": 1387.38354492,
  "Pescara": 1381.80236816,
  "Entella": 1373.91345215,
  "Padova": 1369.40100098
}