{
  "Barcelona": 1955.33886719,
  "Real Madrid": 1940.88183594,
  "Atletico": 1871.39355469,
  "Athletic": 1816.72094727,
  "Villarreal": 1774.8770752,
  "Betis": 1744.04272461,
  "Sociedad": 1693.06689453,
  "Valencia": 1684.99316406,
  "Celta": 1675.10095215,
  "Osasuna": 1674.96960449,
  "Mallorca": 1671.19616699,
  "Sevilla": 1670.54052734,
  "Getafe": 1669.61962891,
  "Girona": 1669.04040527,
  "Espanyol": 1659.86364746,
  "Rayo Vallecano": 1648.58752441,
  "Alaves": 1629.17797852,
  "Las Palmas": 1602.72717285,
  "Levante": 1598.06872559,
  "Elche": 1593.11669922,
  "Leganes": 1581.53491211,
  "Oviedo": 1556.92211914,
  "Granada": 1555.60595703,
  "Almeria": 1554.75134277,
  "Santander": 1542.54345703,
  "Huesca": 1541.62585449,
  "Mirandes": 1539.6842041,
  "Cadiz": 1531.67114258,
  "Eibar": 1522.9041748,
  "Valladolid": 1509.62976074,
  "Albacete": 1503.20458984,
  "Burgos": 1502.61523438,
  "Depor": 1501.42883301,
  "Cordoba": 1492.6114502,
  "Gijon": 1486.58056641,
  "Zaragoza": 1463.77209473,
  "Castellon": 1457.68798828,
  "Tenerife": 1456.98974609,
  "Malaga": 1446.91027832,
  "Eldense": 1440.22143555,
  "Ferrol": 1362.83081055,
  "Cartagena": 1344.28613281
}