{
  "Arsenal": 2053.04199219,
  "Manchester City": 1967.23547363,
  "Liverpool": 1925.0925293,
  "Manchester United": 1896.59924316,
  "Aston Villa": 1874.75610352,
  "Bournemouth": 1858.42456055,
  "Brighton": 1854.48791504,
  "Forest": 1841.94018555,
  "Brentford": 1838.2644043,
  "Newcastle": 1837.14758301,
  "Chelsea": 1827.88745117,
  "Everton": 1824.4173584,
  "Fulham": 1807.66467285,
  "Crystal Palace": 1799.09899902,
  "Leeds": 1799.09423828,
  "Tottenham": 1770.90722656,
  "West Ham": 1759.84863281,
  "Sunderland": 1700.22119141,
  "Wolverhampton": 1677.89746094,
  "Burnley": 1659.06384277,
  "Coventry": 1657.41906738,
  "Ipswich": 1635.93945312,
  "Southampton": 1632.28771973,
  "Millwall": 1600.35961914,
  "Middlesbrough": 1584.88635254,
  "Norwich": 1556.30224609,
  "Sheffield United": 1542.52172852,
  "Derby": 1535.15454102,
  "Swansea": 1532.22668457,
  "Hull": 1528.82165527,
  "Wrexham": 1523.40039062,
  "Bristol City": 1503.62353516,
  "Birmingham": 1503.00720215,
  "West Brom": 1500.64697266,
  "Leicester": 1499.39941406,
  "Portsmouth": 1495.2565918,
  "Blackburn": 1489.22021484,
  "QPR": 1476.45117188,
  "Preston": 1474.8059082,
  "Oxford": 1458.46496582,
  "Watford": 1454.10314941,
  "Charlton": 1448.92651367,
  "Stoke": 1448.67285156,
  "Sheffield Weds": 1338.11279297
}