{
  "PSG": 1978.06567383,
  "Marseille": 1788.35998535,
  "Lille": 1774.82373047,
  "Lens": 1755.90380859,
  "Lyon": 1742.74975586,
  "Monaco": 1725.88330078,
  "Strasbourg": 1709.30224609,
  "Rennais": 1690.53710938,
  "Brest": 1671.90283203,
  "Toulouse": 1662.98608398,
  "Nice": 1622.31274414,
  "Lorient": 1606.53942871,
  "Auxerre": 1592.90966797,
  "Angers": 1578.49487305,
  "Reims": 1571.54101562,
  "Le Havre": 1566.88256836,
  "Nantes": 1561.61889648,
  "Paris FC": 1558.23034668,
  "Metz": 1551.39624023,
  "Saint-Etienne": 1529.77514648,
  "Troyes": 1493.57458496,
  "Montpellier": 1471.45043945,
  "Dunkerque": 1470.05151367,
  "Annecy": 1453.75500488,
  "Guingamp": 1441.72668457,
  "Red Star": 1432.86730957,
  "Le Mans": 1427.37280273,
  "Rodez": 1421.11450195,
  "Pau": 1420.80480957,
  "Grenoble": 1416.7331543,
  "Clermont": 1413.15356445,
  "Laval": 1406.17492676,
  "Boulogne": 1375.66625977,
  "Amiens": 1371.46594238,
  "Bastia": 1371.17370605,
  "Nancy": 1357.52087402
}