{
  "Inter": 1928.0982666,
  "Napoli": 1832.78088379,
  "Atalanta": 1811.4609375,
  "Roma": 1804.70239258,
  "Milan": 1796.5682373,
  "Juventus": 1787.81616211,
  "Lazio": 1751.54370117,
  "Bologna": 1744.36010742,
  "Fiorentina": 1710.69641113,
  "Torino": 1682.58093262,
  "Como": 1682.03137207,
  "Udinese": 1612.22766113,
  "Sassuolo": 1611.18237305,
  "Genoa": 1605.08349609,
  "Cagliari": 1593.94946289,
  "Parma": 1586.9251709,
  "Cremonese": 1581.03955078,
  "Verona": 1565.96411133,
  "Lecce": 1563.89782715,
  "Venezia": 1544.24914551,
  "Pisa": 1531.70361328,
  "Empoli": 1521.24182129,
  "Monza": 1519.43115234,
  "Palermo": 1483.45446777,
  "Frosinone": 1477.52526855,
  "Modena": 1472.48486328,
  "Spezia": 1470.17614746,
  "Juve Stabia": 1456.82580566,
  "Cesena": 1453.88098145,
  "Catanzaro": 1442.7487793,
  "Carrarese": 1437.78063965,
  "Suedtirol": 1429.70910645,
  "Reggiana": 1417.51855469,
  "Sampdoria": 1414.13061523,
  "Bari": 1409.69042969,
  "Padova": 1381.33215332,
  "Avellino": 1367.51940918,
  "Mantova": 1363.92749023,
  "Entella": 1363.5958252,
  "Pescara": 1363.30090332
}