{
  "Real Madrid": 1946.42456055,
  "Barcelona": 1933.01391602,
  "Atlético": 1872.92456055,
  "Villarreal": 1792.23449707,
  "Betis": 1761.86950684,
  "Athletic": 1731.51806641,
  "Celta": 1694.88916016,
  "Rayo Vallecano": 1676.07653809,
  "Osasuna": 1667.5090332,
  "Real Sociedad": 1659.99377441,
  "Valencia": 1657.36999512,
  "Sevilla": 1651.71691895,
  "Espanyol": 1649.84179688,
  "Alaves": 1643.42590332,
  "Getafe": 1642.52526855,
  "Mallorca": 1639.3984375,
  "Elche": 1607.85546875,
  "Levante": 1601.07055664,
  "Girona": 1598.30041504,
  "Las Palmas": 1577.66064453,
  "Real Oviedo": 1560.58972168,
  "Leganes": 1560.46496582,
  "Almeria": 1557.1439209,
  "Racing": 1534.98498535,
  "Cadiz": 1522.27709961,
  "Depor": 1515.03735352,
  "Eibar": 1506.18310547,
  "Burgos": 1503.45703125,
  "Granada": 1500.19030762,
  "Mirandes": 1498.00500488,
  "Cordoba": 1488.9206543,
  "Valladolid": 1482.99572754,
  "Albacete": 1480.41345215,
  "Sporting": 1477.91601562,
  "Huesca": 1473.43676758,
  "Castellon": 1467.35888672,
  "Malaga": 1450.55615234,
  "Ceuta": 1449.8848877,
  "Sociedad B": 1436.32519531,
  "FC Andorra": 1434.0045166,
  "Leonesa": 1429.21923828,
  "Zaragoza": 1376.75354004
}