{
  "Inter": 1916.79846191,
  "Napoli": 1823.52990723,
  "Roma": 1817.3605957,
  "Milan": 1813.5838623,
  "Atalanta": 1795.22790527,
  "Juventus": 1792.95495605,
  "Bologna": 1772.62158203,
  "Lazio": 1758.49755859,
  "Como": 1703.96008301,
  "Fiorentina": 1680.20776367,
  "Torino": 1664.87756348,
  "Sassuolo": 1624.40405273,
  "Genoa": 1618.04943848,
  "Udinese": 1611.73681641,
  "Parma": 1594.89355469,
  "Cagliari": 1594.27270508,
  "Lecce": 1572.63623047,
  "Cremonese": 1565.51184082,
  "Verona": 1558.84387207,
  "Venezia": 1556.71972656,
  "Monza": 1552.89611816,
  "Pisa": 1550.26586914,
  "Empoli": 1523.55187988,
  "Frosinone": 1504.37023926,
  "Modena": 1476.88293457,
  "Palermo": 1471.1776123,
  "Cesena": 1457.98193359,
  "Catanzaro": 1454.07849121,
  "Juve Stabia": 1446.49328613,
  "Spezia": 1444.69396973,
  "Suedtirol": 1426.04309082,
  "Carrarese": 1422.11218262,
  "Reggiana": 1418.22058105,
  "Bari": 1415.10375977,
  "Sampdoria": 1412.14257812,
  "Mantova": 1390.02868652,
  "Entella": 1372.42077637,
  "Padova": 1372.27783203,
  "Avellino": 1360.57653809,
  "Pescara": 1351.99621582
}