{
  "Barcelona": 1953.77832031,
  "Real Madrid": 1937.88378906,
  "Atletico": 1858.32653809,
  "Athletic": 1798.61242676,
  "Betis": 1759.55761719,
  "Villarreal": 1755.64782715,
  "Celta": 1684.69958496,
  "Sociedad": 1684.27087402,
  "Osasuna": 1682.43566895,
  "Valencia": 1679.24731445,
  "Mallorca": 1661.29199219,
  "Espanyol": 1660.4074707,
  "Sevilla": 1657.16113281,
  "Getafe": 1655.16247559,
  "Girona": 1653.71887207,
  "Rayo Vallecano": 1639.34692383,
  "Alaves": 1636.23583984,
  "Las Palmas": 1608.95556641,
  "Levante": 1592.32177734,
  "Elche": 1585.72497559,
  "Leganes": 1581.71704102,
  "Oviedo": 1560.37634277,
  "Santander": 1557.07092285,
  "Granada": 1554.83874512,
  "Almeria": 1537.92041016,
  "Cadiz": 1534.06591797,
  "Mirandes": 1530.04711914,
  "Huesca": 1523.50158691,
  "Eibar": 1515.0546875,
  "Albacete": 1507.31494141,
  "Valladolid": 1496.03515625,
  "Burgos": 1491.51147461,
  "Depor": 1489.1340332,
  "Cordoba": 1488.47888184,
  "Gijon": 1487.94714355,
  "Castellon": 1461.94360352,
  "Tenerife": 1455.58203125,
  "Zaragoza": 1453.44262695,
  "Malaga": 1453.40380859,
  "Eldense": 1427.29467773,
  "Ferrol": 1364.31237793,
  "Cartagena": 1331.36584473
}