{
  "Inter": 1928.09228516,
  "Napoli": 1832.78088379,
  "Atalanta": 1811.4609375,
  "Roma": 1804.69873047,
  "Milan": 1796.5682373,
  "Juventus": 1787.8104248,
  "Lazio": 1751.53845215,
  "Bologna": 1744.35351562,
  "Fiorentina": 1710.70251465,
  "Torino": 1682.58752441,
  "Como": 1682.01696777,
  "Udinese": 1612.23339844,
  "Sassuolo": 1611.17578125,
  "Genoa": 1605.07788086,
  "Cagliari": 1593.95593262,
  "Parma": 1586.92883301,
  "Cremonese": 1581.04516602,
  "Verona": 1565.97851562,
  "Lecce": 1563.89782715,
  "Venezia": 1551.56225586,
  "Monza": 1534.06958008,
  "Pisa": 1531.70874023,
  "Empoli": 1517.09899902,
  "Frosinone": 1486.0111084,
  "Palermo": 1468.81616211,
  "Spezia": 1466.48120117,
  "Modena": 1464.11462402,
  "Cesena": 1460.40783691,
  "Juve Stabia": 1456.82580566,
  "Catanzaro": 1452.85693359,
  "Carrarese": 1431.25378418,
  "Reggiana": 1425.88879395,
  "Suedtirol": 1422.39599609,
  "Sampdoria": 1418.27355957,
  "Bari": 1409.69042969,
  "Padova": 1385.02697754,
  "Avellino": 1368.71704102,
  "Pescara": 1362.10314941,
  "Entella": 1355.10986328,
  "Mantova": 1353.81933594
}