{
  "PSG": 1984.26074219,
  "Lille": 1797.17565918,
  "Monaco": 1753.91650391,
  "Lyon": 1745.20947266,
  "Marseille": 1744.06982422,
  "Strasbourg": 1713.64172363,
  "Lens": 1691.52416992,
  "Nice": 1687.01306152,
  "Rennais": 1660.54956055,
  "Toulouse": 1660.47753906,
  "Brest": 1643.73583984,
  "Auxerre": 1608.19006348,
  "Lorient": 1582.90026855,
  "Nantes": 1579.04504395,
  "Reims": 1568.29748535,
  "Le Havre": 1550.12060547,
  "Metz": 1549.75598145,
  "Paris FC": 1546.29162598,
  "Angers": 1542.0657959,
  "Saint-Etienne": 1541.11462402,
  "Montpellier": 1468.02355957,
  "Guingamp": 1450.06689453,
  "Troyes": 1449.54199219,
  "Laval": 1439.9979248,
  "Rodez": 1435.01025391,
  "Dunkerque": 1424.50854492,
  "Annecy": 1421.3013916,
  "Bastia": 1418.0892334,
  "Clermont": 1416.27929688,
  "Red Star": 1412.1307373,
  "Grenoble": 1411.86938477,
  "Pau": 1396.99255371,
  "Amiens": 1396.32104492,
  "Nancy": 1387.08154297,
  "Le Mans": 1367.16381836,
  "Boulogne": 1356.57397461
}