{
  "Bayern Munich": 1994.41052246,
  "Borussia Dortmund": 1834.2611084,
  "Leverkusen": 1810.24731445,
  "Stuttgart": 1750.3951416,
  "RB Leipzig": 1743.90649414,
  "Hoffenheim": 1719.00378418,
  "Freiburg": 1688.62194824,
  "Frankfurt": 1688.30212402,
  "Mainz": 1677.8338623,
  "Gladbach": 1623.96264648,
  "Augsburg": 1621.77026367,
  "Werder": 1621.45495605,
  "Union Berlin": 1616.73059082,
  "Hamburg": 1594.46972656,
  "Wolfsburg": 1590.67272949,
  "St Pauli": 1568.21228027,
  "Koeln": 1566.46203613,
  "Paderborn": 1520.4576416,
  "Darmstadt": 1514.73168945,
  "Elversberg": 1514.02038574,
  "Hannover": 1503.16235352,
  "Heidenheim": 1502.63342285,
  "Bochum": 1502.54492188,
  "Schalke": 1490.73132324,
  "Hertha": 1484.09130859,
  "Lautern": 1463.8684082,
  "Duesseldorf": 1443.0513916,
  "Holstein": 1438.25061035,
  "Karlsruhe": 1436.84802246,
  "Nuernberg": 1432.96740723,
  "Magdeburg": 1396.43212891,
  "Dresden": 1394.98266602,
  "Fuerth": 1392.37817383,
  "Bielefeld": 1383.8951416,
  "Muenster": 1374.52990723,
  "Braunschweig": 1371.8112793
}