{
  "Arsenal": 2060.09692383,
  "Manchester City": 1979.5435791,
  "Liverpool": 1952.64709473,
  "Aston Villa": 1933.72741699,
  "Chelsea": 1925.30358887,
  "Manchester United": 1878.12097168,
  "Newcastle": 1874.52978516,
  "Brentford": 1857.94616699,
  "Bournemouth": 1844.31835938,
  "Brighton": 1825.00793457,
  "Everton": 1822.35644531,
  "Tottenham": 1811.74987793,
  "Fulham": 1802.05883789,
  "Crystal Palace": 1793.43359375,
  "Leeds": 1785.33105469,
  "Forest": 1780.41491699,
  "West Ham": 1746.12329102,
  "Sunderland": 1702.13769531,
  "Burnley": 1697.41235352,
  "Wolverhampton": 1673.60400391,
  "Ipswich": 1637.51135254,
  "Middlesbrough": 1617.52734375,
  "Coventry": 1606.24060059,
  "Millwall": 1572.04699707,
  "Sheffield United": 1571.56140137,
  "Southampton": 1569.25585938,
  "Hull": 1565.57836914,
  "Derby": 1537.79919434,
  "Norwich": 1534.98779297,
  "Bristol City": 1532.59985352,
  "Swansea": 1528.4967041,
  "Preston": 1526.05847168,
  "Leicester": 1525.10778809,
  "QPR": 1520.27478027,
  "Wrexham": 1518.07629395,
  "Watford": 1516.95397949,
  "Birmingham": 1510.73339844,
  "Stoke": 1506.9576416,
  "Portsmouth": 1481.09558105,
  "Charlton": 1477.90686035,
  "Blackburn": 1472.42114258,
  "West Brom": 1472.33251953,
  "Oxford": 1438.67114258,
  "Sheffield Weds": 1356.70935059
}