{
  "Inter": 1893.08703613,
  "Milan": 1821.59802246,
  "Napoli": 1790.74890137,
  "Atalanta": 1787.89746094,
  "Roma": 1787.13012695,
  "Juventus": 1779.48901367,
  "Como": 1745.4510498,
  "Lazio": 1691.56896973,
  "Bologna": 1687.71960449,
  "Fiorentina": 1641.15087891,
  "Genoa": 1637.24621582,
  "Sassuolo": 1630.10766602,
  "Torino": 1623.69238281,
  "Udinese": 1619.80639648,
  "Parma": 1598.38562012,
  "Cagliari": 1590.02026367,
  "Venezia": 1589.90234375,
  "Lecce": 1562.34765625,
  "Monza": 1539.30310059,
  "Cremonese": 1533.61523438,
  "Frosinone": 1529.74865723,
  "Verona": 1521.43029785,
  "Palermo": 1519.91943359,
  "Pisa": 1495.62182617,
  "Catanzaro": 1482.24609375,
  "Modena": 1453.34533691,
  "Suedtirol": 1439.67687988,
  "Empoli": 1436.28344727,
  "Juve Stabia": 1422.65148926,
  "Spezia": 1404.15539551,
  "Cesena": 1389.5111084,
  "Sampdoria": 1388.40136719,
  "Carrarese": 1385.55627441,
  "Mantova": 1368.32226562,
  "Padova": 1365.27478027,
  "Entella": 1365.01879883,
  "Bari": 1360.79516602,
  "Reggiana": 1355.23266602,
  "Avellino": 1350.18591309,
  "Pescara": 1347.95751953
}