{
  "PSG": 1958.77197266,
  "Marseille": 1768.62316895,
  "Lens": 1764.60168457,
  "Lyon": 1752.05517578,
  "Lille": 1735.58605957,
  "Strasbourg": 1697.93151855,
  "Rennais": 1697.92700195,
  "Monaco": 1676.25695801,
  "Toulouse": 1661.23010254,
  "Brest": 1653.90332031,
  "Lorient": 1612.35351562,
  "Nice": 1586.95471191,
  "Auxerre": 1566.23730469,
  "Le Havre": 1564.7590332,
  "Angers": 1562.01318359,
  "Reims": 1552.78833008,
  "Nantes": 1549.80944824,
  "Paris FC": 1543.92028809,
  "Metz": 1538.15356445,
  "Saint-Etienne": 1515.73596191,
  "Troyes": 1502.00097656,
  "Dunkerque": 1486.00500488,
  "Guingamp": 1444.83569336,
  "Montpellier": 1437.28820801,
  "Annecy": 1435.01574707,
  "Red Star": 1433.69213867,
  "Le Mans": 1428.07824707,
  "Rodez": 1416.11157227,
  "Clermont": 1400.45227051,
  "Pau": 1390.54919434,
  "Bastia": 1386.53088379,
  "Grenoble": 1381.34716797,
  "Laval": 1361.32836914,
  "Boulogne": 1357.76611328,
  "Amiens": 1353.30834961,
  "Nancy": 1350.59570312
}