{
  "Real Madrid": 1964.24230957,
  "Barcelona": 1954.88391113,
  "Atletico": 1865.31323242,
  "Athletic": 1811.43847656,
  "Villarreal": 1766.67907715,
  "Betis": 1745.36950684,
  "Sociedad": 1699.47338867,
  "Girona": 1687.66491699,
  "Celta": 1685.95507812,
  "Sevilla": 1682.5949707,
  "Rayo Vallecano": 1676.58312988,
  "Getafe": 1675.86010742,
  "Osasuna": 1669.47692871,
  "Mallorca": 1665.2286377,
  "Valencia": 1662.96936035,
  "Espanyol": 1622.0279541,
  "Alaves": 1620.99121094,
  "Levante": 1591.96801758,
  "Las Palmas": 1591.35131836,
  "Leganes": 1583.29748535,
  "Elche": 1582.43200684,
  "Almeria": 1562.48486328,
  "Santander": 1555.05517578,
  "Mirandes": 1552.18798828,
  "Cadiz": 1551.70678711,
  "Oviedo": 1551.36437988,
  "Huesca": 1545.44812012,
  "Granada": 1533.99267578,
  "Valladolid": 1523.44042969,
  "Eibar": 1521.62768555,
  "Albacete": 1515.84423828,
  "Burgos": 1494.58129883,
  "Gijon": 1494.1973877,
  "Depor": 1491.00646973,
  "Cordoba": 1482.66308594,
  "Malaga": 1461.26245117,
  "Zaragoza": 1455.29663086,
  "Castellon": 1454.27612305,
  "Tenerife": 1442.0291748,
  "Eldense": 1442.01623535,
  "Ferrol": 1370.68164062,
  "Cartagena": 1354.8527832
}