{
  "Inter": 1920.2833252,
  "Napoli": 1817.4083252,
  "Roma": 1810.77368164,
  "Milan": 1809.94104004,
  "Juventus": 1782.53564453,
  "Atalanta": 1773.98828125,
  "Bologna": 1766.14941406,
  "Lazio": 1754.8223877,
  "Fiorentina": 1689.99963379,
  "Como": 1681.48242188,
  "Torino": 1680.03710938,
  "Sassuolo": 1624.23901367,
  "Genoa": 1614.39038086,
  "Udinese": 1608.07775879,
  "Parma": 1591.25109863,
  "Cagliari": 1590.61364746,
  "Lecce": 1568.99353027,
  "Cremonese": 1561.83557129,
  "Verona": 1555.16821289,
  "Venezia": 1553.06152344,
  "Monza": 1549.2142334,
  "Pisa": 1543.11291504,
  "Empoli": 1510.17565918,
  "Frosinone": 1500.71228027,
  "Modena": 1473.20471191,
  "Palermo": 1467.51855469,
  "Cesena": 1454.3458252,
  "Juve Stabia": 1451.17248535,
  "Catanzaro": 1450.41931152,
  "Spezia": 1441.05041504,
  "Suedtirol": 1422.40332031,
  "Carrarese": 1418.453125,
  "Reggiana": 1414.56152344,
  "Bari": 1411.44348145,
  "Sampdoria": 1400.1451416,
  "Mantova": 1386.35437012,
  "Entella": 1368.76171875,
  "Padova": 1368.61804199,
  "Avellino": 1366.63476562,
  "Pescara": 1348.33728027
}