{
  "Real Madrid": 1934.4354248,
  "Barcelona": 1917.32617188,
  "Atlético": 1874.71496582,
  "Villarreal": 1776.90002441,
  "Betis": 1748.6595459,
  "Athletic": 1718.51599121,
  "Celta": 1681.13708496,
  "Real Sociedad": 1664.76525879,
  "Valencia": 1652.76184082,
  "Rayo Vallecano": 1651.25354004,
  "Espanyol": 1646.71240234,
  "Osasuna": 1643.5526123,
  "Sevilla": 1635.65380859,
  "Getafe": 1628.71630859,
  "Mallorca": 1626.69226074,
  "Alaves": 1625.15014648,
  "Elche": 1604.79821777,
  "Girona": 1594.5098877,
  "Levante": 1586.48718262,
  "Las Palmas": 1579.62609863,
  "Almeria": 1563.99645996,
  "Real Oviedo": 1552.37402344,
  "Leganes": 1540.98840332,
  "Racing": 1535.63818359,
  "Depor": 1522.7935791,
  "Burgos": 1494.40258789,
  "Cadiz": 1491.43237305,
  "Granada": 1490.79577637,
  "Eibar": 1484.78515625,
  "Castellon": 1475.65551758,
  "Albacete": 1471.9642334,
  "Cordoba": 1469.1184082,
  "Mirandes": 1467.20239258,
  "Huesca": 1461.70715332,
  "Valladolid": 1458.34997559,
  "Sporting": 1457.44494629,
  "Malaga": 1441.52514648,
  "Ceuta": 1438.73400879,
  "Leonesa": 1438.39257812,
  "Sociedad B": 1428.76843262,
  "FC Andorra": 1409.81298828,
  "Zaragoza": 1388.97412109
}