{
  "Inter": 1913.3927002,
  "Napoli": 1838.24121094,
  "Milan": 1823.82556152,
  "Roma": 1794.96337891,
  "Atalanta": 1790.50622559,
  "Juventus": 1789.09558105,
  "Bologna": 1753.51928711,
  "Lazio": 1750.90869141,
  "Como": 1705.09460449,
  "Fiorentina": 1662.01293945,
  "Torino": 1649.48706055,
  "Genoa": 1632.49584961,
  "Sassuolo": 1628.38122559,
  "Udinese": 1614.17980957,
  "Cagliari": 1603.3269043,
  "Cremonese": 1594.47631836,
  "Parma": 1590.27087402,
  "Lecce": 1571.77575684,
  "Verona": 1571.26086426,
  "Venezia": 1557.90209961,
  "Monza": 1545.67602539,
  "Pisa": 1538.50866699,
  "Frosinone": 1519.91540527,
  "Empoli": 1517.57409668,
  "Palermo": 1498.60742188,
  "Catanzaro": 1467.95202637,
  "Cesena": 1463.85546875,
  "Modena": 1459.21948242,
  "Spezia": 1457.45349121,
  "Juve Stabia": 1435.90466309,
  "Suedtirol": 1419.38366699,
  "Reggiana": 1419.3001709,
  "Sampdoria": 1412.32348633,
  "Bari": 1403.95495605,
  "Carrarese": 1401.65222168,
  "Padova": 1381.35961914,
  "Mantova": 1375.06237793,
  "Avellino": 1374.734375,
  "Entella": 1359.64794922,
  "Pescara": 1345.8371582
}