{
  "Arsenal": 2062.18554688,
  "Manchester City": 1987.54614258,
  "Bayern Munich": 1986.68920898,
  "Liverpool": 1961.27978516,
  "PSG": 1937.54064941,
  "Barcelona": 1933.4519043,
  "Aston Villa": 1932.32312012,
  "Chelsea": 1922.3885498,
  "Real Madrid": 1916.06005859,
  "Inter": 1895.99804688,
  "Manchester United": 1889.33508301,
  "Newcastle": 1876.30761719,
  "Borussia Dortmund": 1855.55212402,
  "Sporting": 1852.43884277,
  "Brentford": 1847.77929688,
  "Bournemouth": 1846.37744141,
  "Brighton": 1842.41296387,
  "Atlético": 1831.84130859,
  "Everton": 1818.37963867,
  "Leverkusen": 1817.2713623,
  "Fulham": 1814.94348145,
  "Benfica": 1811.93017578,
  "Tottenham": 1809.32507324,
  "Milan": 1804.36779785,
  "Crystal Palace": 1801.2701416,
  "Roma": 1795.30419922,
  "Leeds": 1793.97375488,
  "Forest": 1789.28686523,
  "Atalanta": 1788.48852539,
  "Napoli": 1780.90771484,
  "Porto": 1778.47888184,
  "Juventus": 1773.48522949,
  "PSV": 1770.04663086,
  "Stuttgart": 1757.64440918,
  "Lyon": 1757.16149902,
  "Betis": 1755.58679199,
  "Lens": 1751.4786377,
  "West Ham": 1751.30249023,
  "RB Leipzig": 1745.02734375,
  "Villarreal": 1742.26635742,
  "Bodø/Glimt": 1739.76672363,
  "Hoffenheim": 1735.27770996,
  "Como": 1731.63293457,
  "Saint-Gilloise": 1720.53039551,
  "Marseille": 1719.75256348,
  "Brugge": 1718.63208008,
  "Galatasaray": 1714.1340332,
  "Athletic": 1707.6887207,
  "Burnley": 1707.5657959,
  "Celta": 1706.95056152,
  "Strasbourg": 1705.34814453,
  "Freiburg": 1699.43920898,
  "Midtjylland": 1699.10205078,
  "Sunderland": 1696.49145508,
  "Lazio": 1695.95092773,
  "Bologna": 1692.39001465,
  "Monaco": 1691.99243164,
  "Lille": 1690.49157715,
  "Braga": 1690.21740723,
  "Osasuna": 1687.8338623,
  "Olympiacos": 1687.41809082,
  "Rennais": 1681.50524902,
  "Fenerbahce": 1681.24206543,
  "Frankfurt": 1681.01159668,
  "Wolverhampton": 1680.35839844,
  "Real Sociedad": 1672.73864746,
  "Zenit": 1662.57800293,
  "Slavia Prag": 1661.36401367,
  "Mainz": 1659.60437012,
  "Fiorentina": 1655.15783691,
  "Brest": 1655.03820801,
  "Valencia": 1645.55480957,
  "FC Krasnodar": 1639.16955566,
  "Rayo Vallecano": 1639.16748047,
  "Toulouse": 1636.03393555,
  "AEK": 1633.71948242,
  "Union Berlin": 1633.05957031,
  "Girona": 1630.57287598,
  "Espanyol": 1628.2244873,
  "Augsburg": 1625.38183594,
  "Genoa": 1624.94958496,
  "Lorient": 1621.28979492,
  "Sassuolo": 1620.4810791,
  "Mallorca": 1615.27111816,
  "Werder": 1614.95568848,
  "Gladbach": 1613.88037109,
  "PAOK": 1612.30639648,
  "Getafe": 1611.44897461,
  "Sevilla": 1611.38354492,
  "Alaves": 1607.66870117,
  "Parma": 1606.61572266,
  "Wolfsburg": 1605.7779541,
  "Feyenoord": 1605.68884277,
  "Crvena Zvezda": 1604.10522461,
  "Viking": 1603.64978027,
  "Hamburg": 1600.97180176,
  "Torino": 1597.33154297,
  "Udinese": 1595.70910645,
  "CSKA Moskva": 1595.08752441,
  "Genk": 1592.64428711,
  "Viktoria Plzen": 1591.6072998,
  "Ajax": 1591.55810547,
  "Cagliari": 1590.34423828,
  "Sparta Praha": 1587.03051758,
  "Elche": 1585.08886719,
  "Nice": 1582.20837402,
  "Copenhagen": 1580.70654297,
  "Koeln": 1579.64746094,
  "Aarhus": 1579.13916016,
  "Lok Moskva": 1576.38354492,
  "Levante": 1571.3326416,
  "Pafos": 1567.75341797,
  "St Pauli": 1565.71838379,
  "Le Havre": 1560.48608398,
  "Lecce": 1556.68652344,
  "Auxerre": 1556.36560059,
  "Panathinaikos": 1554.74414062,
  "Qarabag FK": 1554.37609863,
  "St Truiden": 1554.34509277,
  "Angers": 1553.22973633,
  "Celtic": 1551.57849121,
  "Spartak Moskva": 1550.35656738,
  "Real Oviedo": 1548.72827148,
  "Shakhtar": 1547.77954102,
  "Mjaellby": 1546.16772461,
  "Guimaraes": 1546.15893555,
  "Famalicao": 1543.16589355,
  "Dinamo Zagreb": 1541.72583008,
  "Cremonese": 1541.23596191,
  "Gil Vicente": 1540.30249023,
  "Rangers": 1538.57897949,
  "Brondby": 1538.19958496,
  "Anderlecht": 1537.8659668,
  "Brann": 1537.34216309,
  "Twente": 1534.51611328,
  "Rakow": 1533.60742188,
  "Trabzonspor": 1533.48657227,
  "Paris FC": 1533.46057129,
  "Alkmaar": 1532.10986328,
  "Nantes": 1523.74047852,
  "Besiktas": 1523.15307617,
  "Nijmegen": 1522.71826172,
  "Heidenheim": 1521.86157227,
  "Estoril": 1519.19006348,
  "Nordsjaelland": 1517.81323242,
  "Mechelen": 1513.4888916,
  "Charleroi": 1512.48498535,
  "Lech": 1509.07727051,
  "Jagiellonia": 1508.38024902,
  "Hammarby": 1507.85095215,
  "Verona": 1507.15002441,
  "RB Salzburg": 1506.01135254,
  "Antwerp": 1505.24060059,
  "Metz": 1504.89233398,
  "Dynamo Moskva": 1504.17382812,
  "Larnaca": 1502.88977051,
  "Ferencvaros": 1500.89807129,
  "Pisa": 1500.20898438,
  "Gent": 1499.34570312,
  "Jablonec": 1498.90600586,
  "Moreirense": 1496.97790527,
  "Bueyueksehir": 1493.98547363,
  "Viborg": 1491.28747559,
  "Aris Limassol": 1484.90368652,
  "Utrecht": 1484.48828125,
  "Tromso": 1483.5682373,
  "Westerlo": 1483.1529541,
  "Djurgarden": 1482.56896973,
  "Baltika": 1477.88574219,
  "Omonia": 1477.53527832,
  "SonderjyskE": 1471.73217773,
  "Arouca": 1470.4720459,
  "Standard": 1469.40026855,
  "Beer-Sheva": 1468.04675293,
  "Molde": 1467.49499512,
  "Craiova": 1466.27575684,
  "Cercle Brugge": 1465.84753418,
  "Hearts": 1464.7722168,
  "Thun": 1464.03186035,
  "Goeztepe": 1460.5168457,
  "Randers": 1459.7635498,
  "Rosenborg": 1459.37268066,
  "Slovan Liberec": 1458.63537598,
  "Razgrad": 1458.38964844,
  "Sparta Rotterdam": 1457.68615723,
  "Basel": 1454.51794434,
  "Sturm Graz": 1452.91064453,
  "StGallen": 1449.53869629,
  "Leuven": 1448.25512695,
  "Lugano": 1444.93334961,
  "Cracovia": 1444.65625,
  "Casa Pia": 1443.23449707,
  "Heerenveen": 1440.62158203,
  "Steaua": 1440.14355469,
  "Pogon": 1439.84924316,
  "Santa Clara": 1439.36523438,
  "Sandefjord": 1437.4564209,
  "Levski": 1435.56542969,
  "Rostov": 1435.17077637,
  "Gyoer": 1434.53369141,
  "Celje": 1434.37536621,
  "Fredrikstad": 1433.35595703,
  "Levadeiakos": 1431.26025391,
  "CFR Cluj": 1431.22729492,
  "Malmoe": 1430.48388672,
  "Rubin Kazan": 1430.16821289,
  "Aris": 1429.74194336,
  "Austria Wien": 1428.31005859,
  "Young Boys": 1428.16113281,
  "Go Ahead Eagles": 1426.44189453,
  "Rio Ave": 1425.47924805,
  "Silkeborg": 1423.50500488,
  "Gornik": 1423.17907715,
  "Nacional": 1422.80957031,
  "Dynamo Kyiv": 1422.36474609,
  "Lubin": 1422.13928223,
  "Samsunspor": 1421.03662109,
  "Legia": 1420.42333984,
  "Hajduk": 1419.42834473,
  "Hibernian": 1418.10351562,
  "Alverca": 1417.46948242,
  "M Tel Aviv": 1417.34472656,
  "Korona": 1415.56982422,
  "LASK": 1414.66943359,
  "Radomiak": 1414.47485352,
  "Sarpsborg": 1414.37463379,
  "Piast Gliwice": 1413.03857422,
  "Hradec Kralove": 1410.69592285,
  "Motherwell": 1409.66271973,
  "Odense": 1408.60852051,
  "Rijeka": 1408.38183594,
  "Lausanne": 1407.86791992,
  "GAIS": 1407.73730469,
  "Luzern": 1404.39550781,
  "Alanyaspor": 1403.0177002,
  "Zwolle": 1403.01623535,
  "Servette": 1401.84814453,
  "Sion": 1401.72839355,
  "Estrela Amadora": 1401.46325684,
  "Goeteborg": 1398.76123047,
  "Katowice": 1397.74182129,
  "Tondela": 1397.06066895,
  "Sittard": 1396.77966309,
  "Maccabi Haifa": 1396.15612793,
  "Groningen": 1395.34228516,
  "Lechia": 1394.95019531,
  "Ham-Kam": 1394.74401855,
  "AIK": 1393.45727539,
  "Universitatea Cluj": 1392.08117676,
  "Zulte Waregem": 1390.95532227,
  "Rizespor": 1388.9822998,
  "IK Sirius": 1388.53955078,
  "Terek Grozny": 1387.9239502,
  "Banik Ostrava": 1387.53613281,
  "Rapid Bucuresti": 1386.82189941,
  "Wolfsberg": 1386.53796387,
  "Valerenga": 1385.5793457,
  "Beitar": 1384.28881836,
  "KFUM Oslo": 1383.11376953,
  "Hartberg": 1381.4375,
  "CSKA Sofia": 1380.2578125,
  "Partizan": 1379.75537109,
  "Konyaspor": 1379.27832031,
  "Plock": 1378.89282227,
  "Kryliya Sovetov": 1378.48657227,
  "Puskas Akademia": 1378.30944824,
  "Kasimpasa": 1377.58422852,
  "Dinamo Bucuresti": 1376.66040039,
  "Sigma Olomouc": 1376.33178711,
  "Elfsborg": 1375.86462402,
  "Akron Togliatti": 1374.86291504,
  "Kocaelispor": 1374.49743652,
  "Paksi": 1374.05322266,