{
  "PSG": 1967.87890625,
  "Lens": 1767.04345703,
  "Lille": 1743.70898438,
  "Lyon": 1731.61791992,
  "Monaco": 1717.51831055,
  "Marseille": 1716.74279785,
  "Rennais": 1716.11877441,
  "Strasbourg": 1710.80456543,
  "Toulouse": 1652.31567383,
  "Lorient": 1639.05749512,
  "Paris FC": 1629.32714844,
  "Auxerre": 1624.11157227,
  "Brest": 1620.84460449,
  "Nice": 1582.37243652,
  "Le Havre": 1580.06860352,
  "Angers": 1547.54589844,
  "Nantes": 1544.4296875,
  "Reims": 1541.97424316,
  "Troyes": 1521.14306641,
  "Saint-Etienne": 1507.8404541,
  "Rodez": 1494.4453125,
  "Le Mans": 1492.42102051,
  "Metz": 1489.80981445,
  "Montpellier": 1477.11669922,
  "Annecy": 1465.85766602,
  "Red Star": 1441.0456543,
  "Dunkerque": 1423.47265625,
  "Grenoble": 1405.7088623,
  "Guingamp": 1394.87780762,
  "Clermont": 1390.66442871,
  "Laval": 1384.28735352,
  "Bastia": 1382.39294434,
  "Pau": 1374.34655762,
  "Nancy": 1359.40527344,
  "Boulogne": 1357.81335449,
  "Amiens": 1295.50183105
}