{
  "Real Madrid": 1954.36999512,
  "Barcelona": 1910.77062988,
  "Atletico": 1869.74377441,
  "Athletic": 1796.98779297,
  "Villarreal": 1757.56835938,
  "Sociedad": 1703.95935059,
  "Girona": 1689.69995117,
  "Betis": 1689.04016113,
  "Osasuna": 1677.2734375,
  "Sevilla": 1676.12182617,
  "Getafe": 1671.21606445,
  "Rayo Vallecano": 1667.92749023,
  "Celta": 1657.6809082,
  "Mallorca": 1653.12561035,
  "Valencia": 1645.25036621,
  "Alaves": 1621.89123535,
  "Espanyol": 1603.43823242,
  "Las Palmas": 1590.78686523,
  "Leganes": 1583.94360352,
  "Almeria": 1565.4564209,
  "Levante": 1561.90405273,
  "Huesca": 1559.42907715,
  "Elche": 1558.77319336,
  "Oviedo": 1557.94152832,
  "Cadiz": 1554.95703125,
  "Granada": 1551.6953125,
  "Mirandes": 1539.80419922,
  "Valladolid": 1532.05859375,
  "Santander": 1531.2479248,
  "Gijon": 1504.77478027,
  "Eibar": 1491.36254883,
  "Albacete": 1479.29223633,
  "Zaragoza": 1474.06994629,
  "Depor": 1468.41186523,
  "Burgos": 1465.1697998,
  "Malaga": 1460.96374512,
  "Cordoba": 1451.88256836,
  "Castellon": 1445.69091797,
  "Eldense": 1416.9309082,
  "Tenerife": 1413.15075684,
  "Ferrol": 1400.72851562,
  "Cartagena": 1362.19604492
}