{
  "Arsenal": 2052.35058594,
  "Bayern Munich": 1993.19519043,
  "Manchester City": 1982.90136719,
  "PSG": 1968.61633301,
  "Barcelona": 1949.32958984,
  "Liverpool": 1940.71777344,
  "Inter": 1930.51281738,
  "Aston Villa": 1923.92321777,
  "Real Madrid": 1916.71838379,
  "Chelsea": 1882.60693359,
  "Newcastle": 1876.20507812,
  "Atlético": 1870.58642578,
  "Borussia Dortmund": 1861.64123535,
  "Leverkusen": 1856.76281738,
  "Brentford": 1841.53430176,
  "Brighton": 1838.91809082,
  "Napoli": 1824.85437012,
  "Manchester United": 1824.42858887,
  "Sporting": 1821.43566895,
  "Milan": 1819.93688965,
  "Juventus": 1813.92858887,
  "Atalanta": 1810.99450684,
  "Fulham": 1809.49279785,
  "Benfica": 1807.31542969,
  "PSV": 1806.55822754,
  "Roma": 1804.98413086,
  "Tottenham": 1803.93261719,
  "Crystal Palace": 1799.60217285,
  "Bournemouth": 1799.17553711,
  "Everton": 1796.4831543,
  "Porto": 1776.61352539,
  "Villarreal": 1773.26574707,
  "Forest": 1767.03259277,
  "Lens": 1766.29040527,
  "Marseille": 1764.95349121,
  "RB Leipzig": 1760.5579834,
  "Betis": 1755.95300293,
  "Lyon": 1752.10424805,
  "Leeds": 1751.14916992,
  "Lille": 1744.03051758,
  "Stuttgart": 1743.76623535,
  "Lazio": 1734.27722168,
  "Bologna": 1733.75817871,
  "Frankfurt": 1727.28552246,
  "Como": 1724.54321289,
  "Freiburg": 1722.75695801,
  "Galatasaray": 1718.75927734,
  "Brugge": 1716.35644531,
  "Athletic": 1710.68200684,
  "Rennais": 1707.56188965,
  "Fenerbahce": 1702.97949219,
  "Monaco": 1701.26806641,
  "Celta": 1701.15612793,
  "West Ham": 1699.84399414,
  "Saint-Gilloise": 1699.25744629,
  "Strasbourg": 1699.10693359,
  "Hoffenheim": 1690.6229248,
  "Burnley": 1687.70825195,
  "Slavia Prag": 1683.95495605,
  "Sunderland": 1680.29211426,
  "Midtjylland": 1678.73022461,
  "Espanyol": 1678.35949707,
  "Olympiacos": 1677.50927734,
  "Braga": 1672.9810791,
  "Wolverhampton": 1666.98193359,
  "Brest": 1662.82141113,
  "Zenit": 1662.57800293,
  "Werder": 1661.1607666,
  "Osasuna": 1659.51086426,
  "Torino": 1655.06896973,
  "Toulouse": 1654.83496094,
  "Fiorentina": 1654.28503418,
  "Mainz": 1652.64819336,
  "Union Berlin": 1649.57556152,
  "Bodø/Glimt": 1648.58691406,
  "Gladbach": 1643.26513672,
  "Wolfsburg": 1642.90844727,
  "Real Sociedad": 1642.84863281,
  "FC Krasnodar": 1639.16955566,
  "Valencia": 1637.16809082,
  "Rayo Vallecano": 1633.48010254,
  "Mallorca": 1624.3894043,
  "Udinese": 1622.71765137,
  "Genoa": 1622.53625488,
  "Feyenoord": 1621.54003906,
  "Sassuolo": 1619.8326416,
  "Augsburg": 1619.00939941,
  "Sevilla": 1615.44042969,
  "Getafe": 1615.23791504,
  "Alaves": 1611.97131348,
  "Elche": 1608.39306641,
  "PAOK": 1605.49926758,
  "Girona": 1605.4387207,
  "Cagliari": 1605.10803223,
  "AEK": 1604.1920166,
  "Nice": 1602.31689453,
  "Lorient": 1600.32678223,
  "Ajax": 1599.69555664,
  "Copenhagen": 1596.06958008,
  "CSKA Moskva": 1595.08752441,
  "Parma": 1593.10217285,
  "Levante": 1589.49572754,
  "Koeln": 1584.80480957,
  "Hamburg": 1583.5847168,
  "Cremonese": 1582.83032227,
  "Viking": 1579.44628906,
  "Lok Moskva": 1576.38354492,
  "Genk": 1575.73095703,
  "Angers": 1574.65002441,
  "Sparta Praha": 1573.60021973,
  "Auxerre": 1573.51574707,
  "Verona": 1573.41052246,
  "Aarhus": 1569.44274902,
  "Lecce": 1568.56738281,
  "St Pauli": 1567.62573242,
  "Viktoria Plzen": 1566.25012207,
  "Nantes": 1564.40380859,
  "Crvena Zvezda": 1564.32727051,
  "Le Havre": 1564.09130859,
  "Anderlecht": 1563.14587402,
  "Alkmaar": 1560.86547852,
  "Guimaraes": 1558.51293945,
  "Heidenheim": 1552.06176758,
  "Brondby": 1551.41638184,
  "Pafos": 1550.84570312,
  "Mjaellby": 1550.62683105,
  "Spartak Moskva": 1550.35656738,
  "Rakow": 1549.48986816,
  "Real Oviedo": 1546.65991211,
  "Qarabag": 1545.95727539,
  "Metz": 1545.94519043,
  "Shakhtar": 1544.38671875,
  "Twente": 1544.05664062,
  "Celtic": 1542.48974609,
  "Panathinaikos": 1538.57897949,
  "Paris FC": 1538.29296875,
  "Famalicao": 1533.05029297,
  "Ferencvaros": 1532.36474609,
  "Antwerp": 1530.76013184,
  "Rangers": 1527.42199707,
  "Pisa": 1526.76428223,
  "Brann": 1523.38964844,
  "Dinamo Zagreb": 1523.24743652,
  "Utrecht": 1520.79321289,
  "St Truiden": 1516.98608398,
  "Nijmegen": 1516.74389648,
  "Trabzonspor": 1515.1451416,
  "Basel": 1513.16247559,
  "Hammarby": 1512.31005859,
  "Jagiellonia": 1507.79370117,
  "Lech": 1506.54089355,
  "Gil Vicente": 1505.74255371,
  "Nordsjaelland": 1504.32421875,
  "Dynamo Moskva": 1504.17382812,
  "Besiktas": 1503.39880371,
  "Larnaca": 1500.74157715,
  "RB Salzburg": 1500.28076172,
  "Moreirense": 1499.97521973,
  "Mechelen": 1494.0604248,
  "Charleroi": 1493.83447266,
  "Jablonec": 1493.39147949,
  "Estoril": 1489.82861328,
  "Djurgarden": 1487.02807617,
  "Omonia": 1485.03100586,
  "Aris Limassol": 1482.75549316,
  "Viborg": 1481.81420898,
  "Bueyueksehir": 1481.52307129,
  "Beer-Sheva": 1480.83972168,
  "Baltika": 1477.88574219,
  "Gent": 1477.54553223,
  "Young Boys": 1472.86413574,
  "Rio Ave": 1467.39477539,
  "Westerlo": 1467.3079834,
  "Santa Clara": 1466.57519531,
  "SonderjyskE": 1466.10327148,
  "Goeztepe": 1463.14086914,
  "Slovan Liberec": 1460.30212402,
  "Randers": 1459.92492676,
  "Tromso": 1459.36474609,
  "StGallen": 1459.32373047,
  "Steaua": 1457.60437012,
  "Craiova": 1454.92480469,
  "Razgrad": 1452.71508789,
  "Hearts": 1452.57958984,
  "Heerenveen": 1451.96520996,
  "Sturm Graz": 1449.43029785,
  "Go Ahead Eagles": 1447.62780762,
  "Malmoe": 1444.98327637,
  "Samsunspor": 1443.88000488,
  "Molde": 1443.29150391,
  "Silkeborg": 1441.70019531,
  "Pogon": 1440.42907715,
  "Standard": 1440.10644531,
  "M Tel Aviv": 1440.04211426,
  "Cracovia": 1438.89404297,
  "Celje": 1438.73840332,
  "Gornik": 1438.04870605,
  "Sparta Rotterdam": 1435.85717773,
  "Rostov": 1435.17077637,
  "Rosenborg": 1435.16918945,
  "Lugano": 1431.5871582,
  "Arouca": 1430.8001709,
  "Rubin Kazan": 1430.16821289,
  "Cercle Brugge": 1429.97241211,
  "Aris": 1429.04821777,
  "Lausanne": 1426.81164551,
  "Piast Gliwice": 1426.75805664,
  "Groningen": 1426.06518555,
  "Casa Pia": 1425.62988281,
  "Hradec Kralove": 1425.32458496,
  "Legia": 1424.8482666,
  "LASK": 1422.95361328,
  "Estrela Amadora": 1422.3840332,
  "Radomiak": 1420.61621094,
  "Nacional": 1419.81848145,
  "Alanyaspor": 1419.68188477,
  "Dynamo Kyiv": 1418.65649414,
  "Gyoer": 1417.51379395,
  "Levski": 1417.18493652,
  "Servette": 1416.87158203,
  "Hibernian": 1416.12878418,
  "Hajduk": 1416.04467773,
  "Sandefjord": 1413.25292969,
  "Leuven": 1413.09655762,
  "Lubin": 1412.80822754,
  "GAIS": 1412.19641113,
  "Austria Wien": 1411.39257812,
  "Odense": 1411.02819824,
  "Korona": 1410.82287598,
  "Wolfsberg": 1410.58874512,
  "Levadeiakos": 1409.29187012,
  "Alverca": 1409.24890137,
  "Fredrikstad": 1409.15246582,
  "Maccabi Haifa": 1407.00830078,
  "Zwolle": 1405.46081543,
  "Paksi": 1404.53601074,
  "Goeteborg": 1403.22033691,
  "Rijeka": 1402.22583008,
  "Sittard": 1400.65197754,
  "AIK": 1397.91638184,
  "Plock": 1397.70581055,
  "Thun": 1395.64331055,
  "Rapid Bucuresti": 1393.87084961,
  "IK Sirius": 1392.99865723,
  "Puskas Akademia": 1391.77893066,
  "Banik Ostrava": 1391.3581543,
  "Sarpsborg": 1390.17114258,
  "Luzern": 1389.68664551,
  "Katowice": 1389.47314453,
  "Terek Grozny": 1387.9239502,
  "Karvina": 1387.6574707,
  "Gaziantep FK": 1386.63293457,
  "Kasimpasa": 1386.41772461,
  "Rizespor": 1385.88464355,
  "CFR Cluj": 1383.78393555,
  "Lechia": 1383.5880127,
  "Sion": 1381.40686035,
  "Zulte Waregem": 1381.09643555,
  "Elfsborg": 1380.32373047,
  "Kryliya Sovetov": 1378.48657227,
  "Beitar": 1378.32165527,
  "Partizan": 1376.95532227,
  "Tondela": 1375.42626953,
  "Hartberg": 1375.34484863,
  "Akron Togliatti": 1374.86291504,
  "Sigma Olomouc": 1373.72460938,
  "Haecken": 1372.67370605,
  "Zuerich": 1371.44104004,
  "Ham-Kam": 1370.54052734,
  "Kocaelispor": 1368.64111328,
  "Motor Lublin": 1368.35766602,
  "Dender": 1367.92407227,
  "Slovan Bratislava": 1366.51843262,