{
  "Barcelona": 1949.87341309,
  "Real Madrid": 1934.23132324,
  "Atlético": 1854.6574707,
  "Villarreal": 1789.43371582,
  "Athletic": 1746.15893555,
  "Betis": 1740.13598633,
  "Osasuna": 1679.94055176,
  "Valencia": 1672.8840332,
  "Celta": 1655.02233887,
  "Espanyol": 1653.55578613,
  "Real Sociedad": 1647.51281738,
  "Rayo Vallecano": 1644.74633789,
  "Sevilla": 1644.1138916,
  "Alaves": 1639.98461914,
  "Getafe": 1635.95031738,
  "Mallorca": 1626.87475586,
  "Elche": 1618.70019531,
  "Levante": 1607.98083496,
  "Girona": 1587.68676758,
  "Real Oviedo": 1579.89221191,
  "Leganes": 1566.73791504,
  "Las Palmas": 1553.26696777,
  "Cadiz": 1538.84875488,
  "Almeria": 1535.39038086,
  "Eibar": 1524.36193848,
  "Mirandes": 1522.31433105,
  "Depor": 1518.24609375,
  "Racing": 1516.99951172,
  "Granada": 1491.86010742,
  "Huesca": 1487.11474609,
  "Burgos": 1486.5958252,
  "Albacete": 1485.4888916,
  "Sporting": 1466.87023926,
  "Valladolid": 1466.69616699,
  "FC Andorra": 1461.71569824,
  "Castellon": 1455.28356934,
  "Cordoba": 1446.22521973,
  "Malaga": 1441.52197266,
  "Zaragoza": 1429.80664062,
  "Ceuta": 1420.38439941,
  "Leonesa": 1418.2635498,
  "Sociedad B": 1414.30541992
}