{
  "PSG": 1969.42932129,
  "Marseille": 1781.33349609,
  "Lille": 1762.80078125,
  "Lyon": 1748.14624023,
  "Lens": 1745.90527344,
  "Monaco": 1723.13171387,
  "Strasbourg": 1712.50268555,
  "Rennais": 1689.1607666,
  "Brest": 1658.80944824,
  "Toulouse": 1649.7713623,
  "Nice": 1628.62060547,
  "Lorient": 1591.14892578,
  "Auxerre": 1579.37902832,
  "Le Havre": 1563.86669922,
  "Angers": 1562.15808105,
  "Nantes": 1561.60070801,
  "Reims": 1559.77368164,
  "Metz": 1554.91479492,
  "Paris FC": 1551.23376465,
  "Saint-Etienne": 1533.2322998,
  "Troyes": 1492.32873535,
  "Montpellier": 1477.76477051,
  "Dunkerque": 1456.58105469,
  "Guingamp": 1454.11352539,
  "Annecy": 1431.35498047,
  "Red Star": 1427.8605957,
  "Le Mans": 1416.79077148,
  "Rodez": 1412.34716797,
  "Clermont": 1410.94995117,
  "Laval": 1407.92407227,
  "Grenoble": 1406.22167969,
  "Pau": 1404.48217773,
  "Amiens": 1372.0345459,
  "Boulogne": 1367.85644531,
  "Bastia": 1366.16711426,
  "Nancy": 1358.01904297
}