{
  "Barcelona": 1949.32971191,
  "Real Madrid": 1916.71826172,
  "Atlético": 1870.58642578,
  "Villarreal": 1777.80822754,
  "Betis": 1751.81640625,
  "Athletic": 1710.68188477,
  "Celta": 1701.15612793,
  "Espanyol": 1677.43811035,
  "Real Sociedad": 1651.88317871,
  "Osasuna": 1651.50720215,
  "Rayo Vallecano": 1640.06970215,
  "Valencia": 1634.76416016,
  "Mallorca": 1617.79968262,
  "Sevilla": 1615.44055176,
  "Girona": 1613.44250488,
  "Elche": 1610.79699707,
  "Alaves": 1607.42871094,
  "Getafe": 1606.20336914,
  "Levante": 1590.41723633,
  "Las Palmas": 1572.47998047,
  "Real Oviedo": 1550.79650879,
  "Almeria": 1547.70239258,
  "Leganes": 1537.16540527,
  "Racing": 1536.18566895,
  "Cadiz": 1515.07678223,
  "Castellon": 1509.05554199,
  "Depor": 1491.56091309,
  "Malaga": 1484.46655273,
  "Cordoba": 1480.53833008,
  "Burgos": 1480.03588867,
  "Granada": 1479.27661133,
  "Eibar": 1474.98925781,
  "Ceuta": 1463.07263184,
  "Sporting": 1461.16003418,
  "Mirandes": 1452.95593262,
  "Huesca": 1452.45776367,
  "Albacete": 1447.05004883,
  "Valladolid": 1442.53393555,
  "Sociedad B": 1422.1784668,
  "FC Andorra": 1420.65368652,
  "Leonesa": 1417.66369629,
  "Zaragoza": 1405.92272949
}