{
  "PSG": 1991.61621094,
  "Lille": 1784.12316895,
  "Marseille": 1782.14758301,
  "Lyon": 1752.78540039,
  "Monaco": 1742.26220703,
  "Strasbourg": 1725.05383301,
  "Lens": 1723.65002441,
  "Toulouse": 1674.07019043,
  "Nice": 1667.94177246,
  "Brest": 1666.73461914,
  "Rennais": 1660.11633301,
  "Auxerre": 1615.23950195,
  "Lorient": 1593.48168945,
  "Nantes": 1585.82580566,
  "Paris FC": 1558.66210938,
  "Reims": 1555.79260254,
  "Le Havre": 1552.87805176,
  "Saint-Etienne": 1544.77282715,
  "Metz": 1534.39599609,
  "Angers": 1533.25061035,
  "Troyes": 1489.6842041,
  "Montpellier": 1469.14160156,
  "Guingamp": 1457.01989746,
  "Pau": 1442.99829102,
  "Rodez": 1432.86865234,
  "Red Star": 1430.15661621,
  "Annecy": 1428.3762207,
  "Dunkerque": 1425.37963867,
  "Grenoble": 1413.70751953,
  "Clermont": 1403.99597168,
  "Laval": 1403.53686523,
  "Bastia": 1401.78051758,
  "Le Mans": 1400.05993652,
  "Amiens": 1399.84851074,
  "Nancy": 1383.15429688,
  "Boulogne": 1368.57104492
}