{
  "Arsenal": 2046.9029541,
  "Manchester City": 1969.01245117,
  "Liverpool": 1931.96069336,
  "Aston Villa": 1889.53625488,
  "Manchester United": 1881.35864258,
  "Brighton": 1864.64599609,
  "Bournemouth": 1846.52856445,
  "Chelsea": 1839.94750977,
  "Brentford": 1833.06677246,
  "Newcastle": 1824.47277832,
  "Forest": 1823.52539062,
  "Everton": 1820.1171875,
  "Fulham": 1810.62585449,
  "Crystal Palace": 1804.60705566,
  "Leeds": 1791.93457031,
  "West Ham": 1768.3918457,
  "Tottenham": 1757.45178223,
  "Sunderland": 1698.52502441,
  "Wolverhampton": 1677.07666016,
  "Burnley": 1663.70690918,
  "Coventry": 1647.35205078,
  "Ipswich": 1627.23986816,
  "Southampton": 1624.40820312,
  "Millwall": 1593.14343262,
  "Middlesbrough": 1584.38757324,
  "Norwich": 1563.25646973,
  "Derby": 1543.19116211,
  "Sheffield United": 1531.97363281,
  "Swansea": 1523.10229492,
  "Wrexham": 1521.38244629,
  "Hull": 1519.34899902,
  "West Brom": 1511.42858887,
  "Birmingham": 1500.86743164,
  "Blackburn": 1497.28112793,
  "Portsmouth": 1494.86865234,
  "Bristol City": 1493.53063965,
  "Leicester": 1488.82165527,
  "QPR": 1481.67675781,
  "Preston": 1481.12255859,
  "Oxford": 1463.16455078,
  "Watford": 1461.65344238,
  "Stoke": 1456.25854492,
  "Charlton": 1455.53601074,
  "Sheffield Weds": 1324.81445312
}