{
  "Arsenal": 2066.52319336,
  "Manchester City": 1943.74267578,
  "Liverpool": 1922.09924316,
  "Aston Villa": 1892.05114746,
  "Manchester United": 1883.32580566,
  "Chelsea": 1871.77246094,
  "Brighton": 1846.35705566,
  "Newcastle": 1843.05126953,
  "Brentford": 1835.06787109,
  "Everton": 1833.92382812,
  "Bournemouth": 1824.93664551,
  "Fulham": 1803.94128418,
  "Crystal Palace": 1803.21606445,
  "Forest": 1789.80664062,
  "Leeds": 1767.66369629,
  "Tottenham": 1755.78405762,
  "West Ham": 1743.2644043,
  "Sunderland": 1706.93884277,
  "Wolverhampton": 1704.16503906,
  "Burnley": 1679.38964844,
  "Coventry": 1643.44274902,
  "Ipswich": 1633.16638184,
  "Southampton": 1608.87548828,
  "Middlesbrough": 1581.03613281,
  "Millwall": 1579.40515137,
  "Norwich": 1556.1439209,
  "Derby": 1540.98742676,
  "Sheffield United": 1539.67675781,
  "Hull": 1537.16467285,
  "Wrexham": 1521.77160645,
  "Swansea": 1508.51416016,
  "Bristol City": 1505.62512207,
  "QPR": 1505.58398438,
  "Watford": 1504.58300781,
  "Leicester": 1501.609375,
  "Stoke": 1486.65637207,
  "Blackburn": 1483.2277832,
  "West Brom": 1480.97900391,
  "Preston": 1480.59655762,
  "Birmingham": 1470.97045898,
  "Charlton": 1460.84155273,
  "Oxford": 1455.41491699,
  "Portsmouth": 1453.20202637,
  "Sheffield Weds": 1323.58483887
}