{
  "Real Madrid": 1946.42004395,
  "Barcelona": 1933.00744629,
  "Atlético": 1872.92443848,
  "Villarreal": 1792.23461914,
  "Betis": 1761.86303711,
  "Athletic": 1731.5213623,
  "Celta": 1694.89575195,
  "Rayo Vallecano": 1676.08117676,
  "Osasuna": 1667.5090332,
  "Real Sociedad": 1659.99365234,
  "Valencia": 1657.37634277,
  "Sevilla": 1651.71691895,
  "Espanyol": 1649.84179688,
  "Alaves": 1643.42382812,
  "Getafe": 1642.52050781,
  "Mallorca": 1639.40344238,
  "Elche": 1607.85546875,
  "Levante": 1601.07067871,
  "Girona": 1598.30236816,
  "Las Palmas": 1577.66833496,
  "Real Oviedo": 1560.58654785,
  "Leganes": 1560.46484375,
  "Almeria": 1557.14379883,
  "Racing": 1534.97717285,
  "Cadiz": 1522.28283691,
  "Depor": 1515.03747559,
  "Eibar": 1506.18310547,
  "Burgos": 1503.46276855,
  "Granada": 1500.19555664,
  "Mirandes": 1498.00500488,
  "Cordoba": 1488.92053223,
  "Valladolid": 1482.98999023,
  "Albacete": 1480.41345215,
  "Sporting": 1477.91589355,
  "Huesca": 1470.43615723,
  "Castellon": 1467.35339355,
  "Malaga": 1450.55627441,
  "Ceuta": 1449.8848877,
  "FC Andorra": 1437.00512695,
  "Sociedad B": 1436.32531738,
  "Leonesa": 1429.21936035,
  "Zaragoza": 1376.74829102
}