{
  "Real Madrid": 1927.87426758,
  "Barcelona": 1919.41015625,
  "Atlético": 1876.5098877,
  "Villarreal": 1783.72155762,
  "Betis": 1758.32678223,
  "Athletic": 1727.65136719,
  "Celta": 1670.38928223,
  "Real Sociedad": 1657.94384766,
  "Espanyol": 1657.46032715,
  "Valencia": 1652.76171875,
  "Rayo Vallecano": 1651.25366211,
  "Osasuna": 1645.03723145,
  "Getafe": 1634.67883301,
  "Sevilla": 1625.9864502,
  "Mallorca": 1625.2076416,
  "Alaves": 1623.06604004,
  "Girona": 1601.07104492,
  "Elche": 1598.83569336,
  "Levante": 1577.35192871,
  "Las Palmas": 1570.53796387,
  "Almeria": 1559.43432617,
  "Real Oviedo": 1550.57897949,
  "Racing": 1545.94018555,
  "Depor": 1534.76342773,
  "Leganes": 1530.60900879,
  "Cadiz": 1500.68908691,
  "Granada": 1499.29296875,
  "Burgos": 1486.53161621,
  "Castellon": 1484.74365234,
  "Eibar": 1474.48303223,
  "Mirandes": 1472.59570312,
  "Huesca": 1466.26916504,
  "Albacete": 1459.99438477,
  "Cordoba": 1459.86169434,
  "Sporting": 1457.44506836,
  "Valladolid": 1455.93347168,
  "Ceuta": 1446.60498047,
  "Malaga": 1443.94152832,
  "Leonesa": 1429.89538574,
  "Sociedad B": 1423.37524414,
  "FC Andorra": 1409.81274414,
  "Zaragoza": 1399.35339355
}