{
  "Barcelona": 1951.6817627,
  "Real Madrid": 1946.97851562,
  "Atlético": 1840.4453125,
  "Athletic": 1791.59594727,
  "Villarreal": 1786.67089844,
  "Betis": 1733.58105469,
  "Osasuna": 1702.28710938,
  "Valencia": 1677.83300781,
  "Celta": 1671.94689941,
  "Rayo Vallecano": 1666.35876465,
  "Espanyol": 1663.09301758,
  "Alaves": 1662.67663574,
  "Real Sociedad": 1655.44152832,
  "Getafe": 1649.17199707,
  "Sevilla": 1635.05517578,
  "Mallorca": 1628.1015625,
  "Girona": 1608.18688965,
  "Elche": 1607.26135254,
  "Leganes": 1597.11975098,
  "Levante": 1595.44067383,
  "Real Oviedo": 1581.85742188,
  "Las Palmas": 1559.35559082,
  "Cadiz": 1542.50195312,
  "Mirandes": 1541.80761719,
  "Racing": 1535.29785156,
  "Eibar": 1528.796875,
  "Almeria": 1525.60571289,
  "Huesca": 1516.7722168,
  "Depor": 1509.2376709,
  "Valladolid": 1494.22045898,
  "Burgos": 1489.28076172,
  "Sporting": 1488.09973145,
  "Granada": 1485.89245605,
  "Albacete": 1472.55114746,
  "Malaga": 1461.30847168,
  "FC Andorra": 1456.07312012,
  "Cordoba": 1450.99072266,
  "Castellon": 1435.1965332,
  "Zaragoza": 1430.109375,
  "Leonesa": 1426.37634277,
  "Sociedad B": 1425.7746582,
  "Ceuta": 1414.87890625
}