{
  "PSG": 1974.93774414,
  "Manchester City": 1959.94421387,
  "Real Madrid": 1936.12731934,
  "Inter": 1933.2421875,
  "Bayern Munich": 1918.9979248,
  "Chelsea": 1902.80126953,
  "Atlético": 1855.34973145,
  "Borussia Dortmund": 1818.3503418,
  "Juventus": 1805.84667969,
  "Benfica": 1791.48046875,
  "Palmeiras": 1751.581444994537,
  "Flamengo": 1744.073938155767,
  "Botafogo": 1720.3075518812761,
  "Fluminense": 1710.5532143239498,
  "River Plate": 1695.4422859955343,
  "Porto": 1678.19543457,
  "Boca Juniors": 1670.053708508196,
  "Monterrey": 1614.1835906916044,
  "Pachuca": 1593.2099381593578,
  "Los Ángeles FC": 1587.1343178330462,
  "Seattle": 1576.2346401379555,
  "RB Salzburg": 1558.85534668,
  "Inter Miami": 1556.68612757772,
  "Al-Hilal": 1555.0983728069784,
  "Urawa Reds": 1553.943798618741,
  "Ahly SC": 1544.785972432281,
  "Sundowns": 1495.911950477755,
  "Ulsan HD": 1479.3307549380243,
  "Al-Ain": 1477.4355782860143,
  "Esperance": 1449.0355750524084,
  "Wydad AC": 1441.979649042451,
  "Auckland City": 1129.8374702878773
}