{
  "Bayern Munich": 1987.62670898,
  "Borussia Dortmund": 1828.59387207,
  "Leverkusen": 1807.72875977,
  "Stuttgart": 1756.40393066,
  "RB Leipzig": 1748.60827637,
  "Hoffenheim": 1721.92895508,
  "Freiburg": 1685.44494629,
  "Frankfurt": 1683.37731934,
  "Mainz": 1660.38232422,
  "Werder": 1631.70605469,
  "Augsburg": 1623.48571777,
  "Gladbach": 1613.44812012,
  "Union Berlin": 1603.38171387,
  "Hamburg": 1594.77880859,
  "Wolfsburg": 1583.79516602,
  "St Pauli": 1574.77502441,
  "Koeln": 1562.20227051,
  "Elversberg": 1527.19213867,
  "Paderborn": 1521.11315918,
  "Darmstadt": 1514.92150879,
  "Heidenheim": 1503.60766602,
  "Hannover": 1500.08874512,
  "Bochum": 1499.66149902,
  "Schalke": 1489.85339355,
  "Hertha": 1475.76269531,
  "Lautern": 1450.70788574,
  "Duesseldorf": 1450.19116211,
  "Karlsruhe": 1446.05847168,
  "Holstein": 1445.95715332,
  "Nuernberg": 1421.30664062,
  "Muenster": 1397.61535645,
  "Magdeburg": 1392.29284668,
  "Bielefeld": 1379.28747559,
  "Fuerth": 1375.2545166,
  "Dresden": 1375.20373535,
  "Braunschweig": 1360.71972656
}