{
  "PSG": 1990.53796387,
  "Lille": 1779.76464844,
  "Marseille": 1779.02954102,
  "Lyon": 1771.27819824,
  "Monaco": 1753.66003418,
  "Strasbourg": 1717.92443848,
  "Lens": 1715.45996094,
  "Brest": 1673.58056641,
  "Nice": 1669.71191406,
  "Rennais": 1666.90710449,
  "Toulouse": 1656.38867188,
  "Auxerre": 1621.93261719,
  "Lorient": 1606.38952637,
  "Nantes": 1590.75085449,
  "Reims": 1579.87072754,
  "Le Havre": 1558.27148438,
  "Paris FC": 1553.17211914,
  "Metz": 1551.34399414,
  "Saint-Etienne": 1549.90344238,
  "Angers": 1537.75,
  "Troyes": 1488.35131836,
  "Montpellier": 1473.23156738,
  "Guingamp": 1464.01367188,
  "Pau": 1435.68615723,
  "Dunkerque": 1435.54296875,
  "Rodez": 1431.69824219,
  "Red Star": 1424.67993164,
  "Clermont": 1424.6439209,
  "Annecy": 1423.29321289,
  "Laval": 1413.26538086,
  "Bastia": 1409.9777832,
  "Amiens": 1403.57470703,
  "Grenoble": 1397.17456055,
  "Nancy": 1391.421875,
  "Le Mans": 1387.97131348,
  "Boulogne": 1359.02368164
}