{
  "Barcelona": 1935.04101562,
  "Real Madrid": 1919.40649414,
  "Atlético": 1833.43041992,
  "Betis": 1757.17590332,
  "Villarreal": 1743.85559082,
  "Celta": 1712.13220215,
  "Athletic": 1709.27783203,
  "Osasuna": 1689.42297363,
  "Real Sociedad": 1674.32775879,
  "Valencia": 1647.1439209,
  "Rayo Vallecano": 1640.75671387,
  "Girona": 1632.16210938,
  "Espanyol": 1629.81359863,
  "Mallorca": 1616.86022949,
  "Getafe": 1613.03808594,
  "Sevilla": 1612.97265625,
  "Alaves": 1609.2578125,
  "Elche": 1586.67797852,
  "Levante": 1572.92175293,
  "Real Oviedo": 1550.31738281,
  "Almeria": 1549.9050293,
  "Racing": 1547.51635742,
  "Castellon": 1546.2767334,
  "Las Palmas": 1536.62451172,
  "Leganes": 1515.12792969,
  "Depor": 1502.93249512,
  "Malaga": 1495.96875,
  "Cordoba": 1491.3223877,
  "Granada": 1489.78588867,
  "Eibar": 1489.64489746,
  "Sporting": 1477.69555664,
  "Burgos": 1477.01806641,
  "Cadiz": 1463.26696777,
  "Albacete": 1456.92321777,
  "Ceuta": 1451.03601074,
  "Sociedad B": 1450.43432617,
  "Mirandes": 1445.50683594,
  "Huesca": 1437.96044922,
  "Valladolid": 1418.37963867,
  "FC Andorra": 1412.29846191,
  "Zaragoza": 1392.55273438,
  "Leonesa": 1389.37695312
}