{
  "Bayern Munich": 1963.29064941,
  "Borussia Dortmund": 1844.97290039,
  "Leverkusen": 1825.93334961,
  "Frankfurt": 1746.9564209,
  "RB Leipzig": 1746.09033203,
  "Stuttgart": 1721.92822266,
  "Freiburg": 1687.12609863,
  "Mainz": 1674.6730957,
  "Werder": 1672.75964355,
  "Hoffenheim": 1631.71069336,
  "Union Berlin": 1627.66467285,
  "Wolfsburg": 1622.42285156,
  "Augsburg": 1616.70178223,
  "Gladbach": 1602.86816406,
  "Koeln": 1587.50866699,
  "St Pauli": 1576.2722168,
  "Hamburg": 1575.20678711,
  "Elversberg": 1549.68896484,
  "Heidenheim": 1545.17810059,
  "Paderborn": 1527.35327148,
  "Holstein": 1520.19494629,
  "Bochum": 1487.11254883,
  "Karlsruhe": 1487.0032959,
  "Lautern": 1486.05578613,
  "Darmstadt": 1485.91796875,
  "Hannover": 1478.48925781,
  "Schalke": 1466.63183594,
  "Hertha": 1461.74243164,
  "Duesseldorf": 1461.47595215,
  "Nuernberg": 1416.79724121,
  "Muenster": 1409.24597168,
  "Magdeburg": 1400.01208496,
  "Fuerth": 1391.97265625,
  "Braunschweig": 1371.25732422,
  "Bielefeld": 1358.84460449,
  "Dresden": 1345.94592285
}