{
  "Barcelona": 1946.6295166,
  "Real Madrid": 1929.76428223,
  "Atletico": 1856.0904541,
  "Athletic": 1786.69470215,
  "Betis": 1765.5447998,
  "Villarreal": 1765.04553223,
  "Valencia": 1693.02258301,
  "Celta": 1684.51037598,
  "Osasuna": 1676.50439453,
  "Sociedad": 1675.7734375,
  "Mallorca": 1653.79956055,
  "Rayo Vallecano": 1651.10888672,
  "Girona": 1649.45898438,
  "Sevilla": 1643.73034668,
  "Espanyol": 1640.96875,
  "Getafe": 1634.54248047,
  "Alaves": 1633.13916016,
  "Levante": 1597.31506348,
  "Leganes": 1589.81054688,
  "Las Palmas": 1588.16479492,
  "Elche": 1575.08251953,
  "Oviedo": 1566.66467285,
  "Mirandes": 1540.20861816,
  "Santander": 1539.72216797,
  "Almeria": 1535.74560547,
  "Granada": 1526.18640137,
  "Cadiz": 1526.17431641,
  "Eibar": 1517.17773438,
  "Huesca": 1503.66821289,
  "Albacete": 1496.54248047,
  "Depor": 1491.92102051,
  "Cordoba": 1488.48876953,
  "Valladolid": 1487.77282715,
  "Burgos": 1486.82250977,
  "Gijon": 1483.8770752,
  "Zaragoza": 1460.76489258,
  "Castellon": 1460.36645508,
  "Tenerife": 1452.24438477,
  "Malaga": 1450.99841309,
  "Eldense": 1422.20703125,
  "Ferrol": 1357.44726562,
  "Cartagena": 1335.71496582
}