{
  "Arsenal": 2052.12182617,
  "Bayern Munich": 2016.63781738,
  "Barcelona": 1972.03076172,
  "PSG": 1959.97668457,
  "Manchester City": 1955.78710938,
  "Real Madrid": 1930.23718262,
  "Liverpool": 1928.14770508,
  "Inter": 1894.90649414,
  "Aston Villa": 1890.09118652,
  "Manchester United": 1883.32580566,
  "Sporting": 1867.64794922,
  "Atlético": 1864.42785645,
  "Chelsea": 1859.72802734,
  "Brighton": 1853.21557617,
  "Borussia Dortmund": 1844.94543457,
  "Bournemouth": 1839.3380127,
  "Everton": 1834.99829102,
  "Newcastle": 1834.81054688,
  "Brentford": 1833.99328613,
  "Leverkusen": 1827.10864258,
  "Benfica": 1817.04602051,
  "Crystal Palace": 1811.45690918,
  "Porto": 1808.97485352,
  "Fulham": 1797.89294434,
  "Napoli": 1797.83422852,
  "Forest": 1791.76672363,
  "Juventus": 1791.66296387,
  "Atalanta": 1785.54418945,
  "Milan": 1781.1784668,
  "RB Leipzig": 1775.65490723,
  "Leeds": 1767.66369629,
  "Villarreal": 1766.88598633,
  "Stuttgart": 1766.18078613,
  "Roma": 1760.30688477,
  "West Ham": 1755.5793457,
  "Betis": 1752.18200684,
  "PSV": 1751.23132324,
  "Lille": 1750.01171875,
  "Como": 1747.95703125,
  "Tottenham": 1747.24145508,
  "Lens": 1742.29626465,
  "Saint-Gilloise": 1731.5970459,
  "Brugge": 1729.94702148,
  "Bodø/Glimt": 1729.52062988,
  "Marseille": 1729.38061523,
  "Monaco": 1726.86755371,
  "Freiburg": 1724.22180176,
  "Lyon": 1722.71508789,
  "Sunderland": 1715.48156738,
  "Celta": 1710.25134277,
  "Galatasaray": 1709.40966797,
  "Lazio": 1708.36206055,
  "Braga": 1707.36865234,
  "Strasbourg": 1705.79760742,
  "Hoffenheim": 1703.65063477,
  "Real Sociedad": 1703.03491211,
  "Mainz": 1702.83312988,
  "Rennais": 1701.21582031,
  "Bologna": 1700.69592285,
  "Athletic": 1698.26672363,
  "Osasuna": 1694.03161621,
  "Frankfurt": 1692.27526855,
  "Wolverhampton": 1691.85021973,
  "Getafe": 1680.46008301,
  "Midtjylland": 1675.82055664,
  "Burnley": 1672.53125,
  "Girona": 1670.47924805,
  "Rayo Vallecano": 1670.03369141,
  "Slavia Prag": 1669.6661377,
  "Fenerbahce": 1668.17712402,
  "Valencia": 1666.11853027,
  "Olympiacos": 1663.6418457,
  "Fiorentina": 1659.83666992,
  "Mallorca": 1657.67944336,
  "Zenit": 1657.19775391,
  "Udinese": 1652.25708008,
  "Brest": 1639.72937012,
  "Espanyol": 1632.82189941,
  "Alaves": 1632.68444824,
  "FC Krasnodar": 1632.22900391,
  "Genoa": 1631.36535645,
  "Torino": 1628.68908691,
  "Sevilla": 1627.39868164,
  "Toulouse": 1625.85498047,
  "Gladbach": 1624.64196777,
  "Sassuolo": 1624.00231934,
  "AEK": 1623.59350586,
  "Augsburg": 1622.04638672,
  "Werder": 1621.17370605,
  "Lorient": 1620.95727539,
  "Elche": 1610.92504883,
  "Levante": 1608.09228516,
  "Union Berlin": 1607.54675293,
  "PAOK": 1600.47277832,
  "Viking": 1598.37988281,
  "Real Oviedo": 1596.04211426,
  "Hamburg": 1593.70678711,
  "Feyenoord": 1592.03149414,
  "Koeln": 1591.51367188,
  "Parma": 1589.26318359,
  "Paris FC": 1588.12561035,
  "Aarhus": 1587.3815918,
  "Crvena Zvezda": 1586.5411377,
  "Ajax": 1585.13244629,
  "Genk": 1584.94714355,
  "Shakhtar": 1584.92089844,
  "Wolfsburg": 1580.28723145,
  "Auxerre": 1578.19921875,
  "Dinamo Zagreb": 1573.92907715,
  "Cagliari": 1570.9140625,
  "St Pauli": 1570.81530762,
  "Famalicao": 1569.43847656,
  "Nice": 1569.15710449,
  "Twente": 1569.05126953,
  "Panathinaikos": 1563.76916504,
  "Viktoria Plzen": 1562.37145996,
  "Pafos": 1561.03283691,
  "Trabzonspor": 1560.3704834,
  "Copenhagen": 1557.01660156,
  "Le Havre": 1555.90551758,
  "Sparta Praha": 1555.55639648,
  "Lok Moskva": 1555.28356934,
  "CSKA Moskva": 1554.62353516,
  "Qarabag FK": 1554.37609863,
  "Rangers": 1552.81884766,
  "Alkmaar": 1551.38793945,
  "Spartak Moskva": 1550.99316406,
  "Celtic": 1547.65600586,
  "Angers": 1543.3729248,
  "Lecce": 1542.85510254,
  "Nijmegen": 1541.38391113,
  "Nordsjaelland": 1540.51135254,
  "Dynamo Moskva": 1538.52539062,
  "Heidenheim": 1535.31213379,
  "Besiktas": 1535.22436523,
  "Anderlecht": 1534.46118164,
  "Gil Vicente": 1533.51208496,
  "Guimaraes": 1531.98803711,
  "Mjaellby": 1531.88842773,
  "Brondby": 1530.17321777,
  "St Truiden": 1527.16125488,
  "Utrecht": 1526.66711426,
  "Cremonese": 1524.890625,
  "Hammarby": 1522.13049316,
  "Brann": 1521.97753906,
  "Ferencvaros": 1517.8770752,
  "Nantes": 1516.76574707,
  "Lech": 1507.81494141,
  "Westerlo": 1507.37988281,
  "Viborg": 1507.05078125,
  "Tromso": 1506.88110352,
  "Estoril": 1504.9855957,
  "Mechelen": 1504.02905273,
  "Gent": 1501.43505859,
  "Rakow": 1500.26757812,
  "Bueyueksehir": 1499.14990234,
  "Verona": 1498.87353516,
  "Metz": 1497.02624512,
  "Larnaca": 1494.35534668,
  "Pisa": 1491.93896484,
  "Djurgarden": 1489.67224121,
  "Moreirense": 1487.36474609,
  "RB Salzburg": 1485.87390137,
  "Baltika": 1484.52722168,
  "Arouca": 1483.56628418,
  "Antwerp": 1481.38757324,
  "Sturm Graz": 1481.16467285,
  "SonderjyskE": 1478.38330078,
  "Aris Limassol": 1478.18310547,
  "Charleroi": 1474.46313477,
  "Standard": 1474.21459961,
  "Heerenveen": 1470.5065918,
  "Craiova": 1468.96179199,
  "Jagiellonia": 1466.01123047,
  "Thun": 1464.59472656,
  "Rio Ave": 1464.47167969,
  "Randers": 1463.93115234,
  "Beer-Sheva": 1461.97460938,
  "StGallen": 1461.39147949,
  "Basel": 1460.3079834,
  "Santa Clara": 1459.84094238,
  "Hearts": 1458.99316406,
  "Cercle Brugge": 1457.72399902,
  "Omonia": 1456.90466309,
  "Razgrad": 1456.18774414,
  "Jablonec": 1453.42504883,
  "Molde": 1452.12695312,
  "Rubin Kazan": 1449.72570801,
  "Go Ahead Eagles": 1449.34472656,
  "Goeztepe": 1448.67370605,
  "Sparta Rotterdam": 1448.23498535,
  "Alverca": 1447.87756348,
  "Leuven": 1443.76147461,
  "Young Boys": 1442.58898926,
  "Groningen": 1441.89111328,
  "Legia": 1441.56274414,
  "Dynamo Kyiv": 1440.63110352,
  "Celje": 1438.01208496,
  "Hajduk": 1437.8939209,
  "Slovan Liberec": 1437.30383301,
  "Casa Pia": 1435.17053223,
  "Gyoer": 1434.87597656,
  "CFR Cluj": 1434.60058594,
  "Universitatea Cluj": 1434.51635742,
  "Gornik": 1433.55895996,
  "Lugano": 1433.07189941,
  "Fredrikstad": 1432.41552734,
  "Levski": 1430.70959473,
  "Nacional": 1428.00439453,
  "Malmoe": 1426.48278809,
  "M Tel Aviv": 1424.82678223,
  "Rostov": 1424.74609375,
  "LASK": 1424.33068848,
  "Rosenborg": 1423.62927246,
  "Odense": 1421.31640625,
  "Silkeborg": 1421.25219727,
  "Sandefjord": 1419.82910156,
  "Steaua": 1419.08117676,
  "Sarpsborg": 1418.76696777,
  "Alanyaspor": 1418.26196289,
  "Pogon": 1417.86901855,
  "Piast Gliwice": 1416.07470703,
  "Hradec Kralove": 1415.91320801,
  "Katowice": 1415.18688965,
  "Austria Wien": 1415.02905273,
  "Lechia": 1413.16589355,
  "Servette": 1410.98413086,
  "Estrela Amadora": 1410.93591309,
  "Rizespor": 1410.49584961,
  "Lubin": 1410.31665039,
  "Samsunspor": 1409.38745117,
  "Sion": 1408.72570801,
  "Rijeka": 1407.01257324,
  "Terek Grozny": 1406.51831055,
  "Cracovia": 1406.24865723,
  "Levadeiakos": 1405.63964844,
  "Zwolle": 1402.82299805,
  "GAIS": 1400.63415527,
  "Hibernian": 1400.40454102,
  "Valerenga": 1399.4675293,
  "Konyaspor": 1398.5098877,
  "AIK": 1398.11816406,
  "Korona": 1398.10546875,
  "IK Sirius": 1398.06188965,
  "Aris": 1397.16955566,
  "Motor Lublin": 1394.3560791,
  "Radomiak": 1393.06237793,
  "Sittard": 1391.87670898,
  "Luzern": 1389.74816895,
  "Zulte Waregem": 1389.60522461,
  "Goeteborg": 1387.78723145,
  "Beitar": 1387.76171875,
  "Ham-Kam": 1387.66638184,
  "Elfsborg": 1386.83874512,
  "Polissya Zhytomyr": 1386.08239746,
  "Rapid Bucuresti": 1383.67993164,
  "Tondela": 1383.32714844,
  "Gaziantep FK": 1383.05224609,
  "Maccabi Haifa": 1381.90673828,
  "Rapid Wien": 1381.58996582,
  "Kasimpasa": 1379.85742188,
  "Paksi": 1379.52197266,
  "Motherwell": 1379.07324219,
  "Sigma Olomouc": 1376.88085938,
  "RAAL": 1376.27575684,
  "Lausanne": 1375.88623047,
  "Banik Ostrava": 1375.13269043,
  "Fredericia": 1373.53356934,
  "Hartberg": 1369.33312988,
  "KFUM Oslo": 1368.33569336,
  "Zalaegerszegi": 1367.81481934,
  "Widzew": 1367.45483398,
  "Mlada Boleslav": 1367.02001953,