{
  "Arsenal": 2069.87329102,
  "Bayern Munich": 1987.62670898,
  "Manchester City": 1985.62548828,
  "Liverpool": 1952.19897461,
  "Barcelona": 1943.10693359,
  "Chelsea": 1933.90881348,
  "PSG": 1924.27392578,
  "Real Madrid": 1908.23205566,
  "Aston Villa": 1897.86743164,
  "Inter": 1894.18688965,
  "Manchester United": 1886.62658691,
  "Newcastle": 1873.08642578,
  "Brentford": 1853.97180176,
  "Sporting": 1850.86218262,
  "Brighton": 1844.33129883,
  "Bournemouth": 1840.55187988,
  "Atlético": 1839.96008301,
  "Everton": 1835.11535645,
  "Borussia Dortmund": 1828.59387207,
  "Milan": 1822.70483398,
  "Fulham": 1810.83312988,
  "Benfica": 1810.40600586,
  "Crystal Palace": 1809.79040527,
  "Leverkusen": 1807.72875977,
  "Atalanta": 1794.59924316,
  "Napoli": 1791.85253906,
  "Tottenham": 1789.38391113,
  "Forest": 1788.53051758,
  "Roma": 1786.71594238,
  "Porto": 1782.34875488,
  "Juventus": 1780.59143066,
  "Leeds": 1778.19714355,
  "PSV": 1776.41345215,
  "Lens": 1760.4954834,
  "West Ham": 1757.51721191,
  "Stuttgart": 1756.40393066,
  "RB Leipzig": 1748.60864258,
  "Lyon": 1748.60314941,
  "Como": 1746.55432129,
  "Villarreal": 1742.86962891,
  "Marseille": 1739.36315918,
  "Bodø/Glimt": 1738.67822266,
  "Betis": 1737.99353027,
  "Galatasaray": 1727.79406738,
  "Monaco": 1722.94177246,
  "Hoffenheim": 1721.92895508,
  "Saint-Gilloise": 1720.51306152,
  "Brugge": 1717.84655762,
  "Celta": 1714.76879883,
  "Sunderland": 1712.80004883,
  "Wolverhampton": 1712.76672363,
  "Lille": 1711.26013184,
  "Strasbourg": 1707.82409668,
  "Athletic": 1705.38183594,
  "Rennais": 1704.98803711,
  "Burnley": 1695.94665527,
  "Braga": 1695.87243652,
  "Midtjylland": 1693.81872559,
  "Lazio": 1692.67248535,
  "Bologna": 1690.33398438,
  "Freiburg": 1685.44494629,
  "Olympiacos": 1685.14819336,
  "Frankfurt": 1683.37731934,
  "Fenerbahce": 1681.29382324,
  "Real Sociedad": 1679.62097168,
  "Osasuna": 1678.19702148,
  "Brest": 1672.09863281,
  "Slavia Prag": 1667.5300293,
  "Zenit": 1662.57800293,
  "Mainz": 1660.38244629,
  "Valencia": 1659.96936035,
  "Rayo Vallecano": 1649.37231445,
  "Getafe": 1642.92260742,
  "Fiorentina": 1640.36865234,
  "FC Krasnodar": 1639.16955566,
  "Genoa": 1638.3560791,
  "Werder": 1631.70605469,
  "Sassuolo": 1631.21081543,
  "Toulouse": 1628.96789551,
  "AEK": 1627.91650391,
  "Lorient": 1627.27685547,
  "Espanyol": 1626.33459473,
  "Girona": 1625.1607666,
  "Augsburg": 1623.48535156,
  "Udinese": 1620.90869141,
  "PAOK": 1618.47338867,
  "Sevilla": 1617.46887207,
  "Gladbach": 1613.44812012,
  "Torino": 1612.48095703,
  "Mallorca": 1612.08850098,
  "Parma": 1611.8034668,
  "Union Berlin": 1603.38171387,
  "Viking": 1602.5612793,
  "Genk": 1598.7310791,
  "Sparta Praha": 1595.56164551,
  "CSKA Moskva": 1595.08752441,
  "Hamburg": 1594.77880859,
  "Alaves": 1593.49731445,
  "Feyenoord": 1591.40393066,
  "Cagliari": 1591.12365723,
  "Wolfsburg": 1583.79528809,
  "Aarhus": 1582.86767578,
  "Elche": 1582.83349609,
  "Levante": 1582.76428223,
  "Crvena Zvezda": 1582.06970215,
  "Panathinaikos": 1578.06506348,
  "Lok Moskva": 1576.38354492,
  "St Pauli": 1574.77502441,
  "Ajax": 1574.67407227,
  "Copenhagen": 1568.54516602,
  "Viktoria Plzen": 1568.08813477,
  "Auxerre": 1567.60400391,
  "Nice": 1567.01171875,
  "Lecce": 1563.44873047,
  "Koeln": 1562.20227051,
  "Angers": 1562.07678223,
  "Pafos": 1561.80773926,
  "Twente": 1560.74157715,
  "Le Havre": 1557.73669434,
  "Celtic": 1556.81616211,
  "Qarabag FK": 1554.37609863,
  "Anderlecht": 1553.88647461,
  "Paris FC": 1553.13244629,
  "St Truiden": 1551.62817383,
  "Spartak Moskva": 1550.35656738,
  "Shakhtar": 1549.43115234,
  "Dinamo Zagreb": 1548.53967285,
  "Trabzonspor": 1546.85620117,
  "Mjaellby": 1546.16772461,
  "Famalicao": 1545.69189453,
  "Brondby": 1543.48303223,
  "Real Oviedo": 1543.45129395,
  "Rangers": 1537.33825684,
  "Cremonese": 1534.72070312,
  "Gil Vicente": 1534.00891113,
  "Brann": 1533.67993164,
  "Alkmaar": 1530.13671875,
  "Rakow": 1528.22216797,
  "Besiktas": 1528.09631348,
  "Guimaraes": 1527.30126953,
  "Ferencvaros": 1525.27954102,
  "Verona": 1522.53369141,
  "Lech": 1519.66088867,
  "Nijmegen": 1518.08825684,
  "Nantes": 1517.23803711,
  "Estoril": 1512.96813965,
  "Antwerp": 1511.61608887,
  "Nordsjaelland": 1510.33605957,
  "Bueyueksehir": 1509.17211914,
  "Jagiellonia": 1508.61108398,
  "Hammarby": 1507.85095215,
  "Mechelen": 1507.6685791,
  "Charleroi": 1506.60473633,
  "Dynamo Moskva": 1504.17382812,
  "Heidenheim": 1503.60766602,
  "Gent": 1502.85351562,
  "RB Salzburg": 1501.84533691,
  "Metz": 1501.20227051,
  "Viborg": 1498.76464844,
  "Larnaca": 1496.9440918,
  "Westerlo": 1496.79394531,
  "Pisa": 1496.72595215,
  "Utrecht": 1495.35998535,
  "Moreirense": 1492.71484375,
  "Jablonec": 1483.83483887,
  "Djurgarden": 1482.56896973,
  "Tromso": 1482.4798584,
  "Aris Limassol": 1478.95800781,
  "Baltika": 1477.88574219,
  "SonderjyskE": 1477.06420898,
  "Thun": 1476.88500977,
  "Standard": 1473.56115723,
  "Randers": 1471.92492676,
  "Beer-Sheva": 1468.04675293,
  "Hearts": 1467.60742188,
  "Craiova": 1467.56970215,
  "Molde": 1466.40661621,
  "Arouca": 1462.6262207,
  "StGallen": 1460.68664551,
  "Rosenborg": 1458.28442383,
  "Cercle Brugge": 1457.92321777,
  "Omonia": 1457.67956543,
  "Heerenveen": 1457.08068848,
  "Goeztepe": 1454.37609863,
  "Santa Clara": 1452.42004395,
  "Sturm Graz": 1451.85461426,
  "Slovan Liberec": 1451.60668945,
  "Sparta Rotterdam": 1450.61108398,
  "Steaua": 1448.68310547,
  "Basel": 1448.62854004,
  "Pogon": 1446.16845703,
  "Casa Pia": 1446.11914062,
  "CFR Cluj": 1437.86938477,
  "Sandefjord": 1436.36804199,
  "Cracovia": 1435.64697266,
  "Rio Ave": 1435.44641113,
  "Rostov": 1435.17077637,
  "Rijeka": 1435.03527832,
  "Gyoer": 1434.55371094,
  "Razgrad": 1433.92736816,
  "Fredrikstad": 1432.26757812,
  "Levski": 1431.96777344,
  "Lubin": 1431.71020508,
  "Leuven": 1431.3392334,
  "Malmoe": 1430.48388672,
  "Young Boys": 1430.38525391,
  "Rubin Kazan": 1430.16821289,
  "Austria Wien": 1427.07348633,
  "Legia": 1426.34692383,
  "Dynamo Kyiv": 1426.01184082,
  "Samsunspor": 1425.69177246,
  "Piast Gliwice": 1425.60339355,
  "Hradec Kralove": 1425.4864502,
  "Hajduk": 1425.02746582,
  "Go Ahead Eagles": 1424.9173584,
  "Celje": 1424.86328125,
  "Nacional": 1422.46728516,
  "Aris": 1421.13720703,
  "Lugano": 1420.53125,
  "Alverca": 1417.59680176,
  "M Tel Aviv": 1417.34472656,
  "LASK": 1415.90600586,
  "Hibernian": 1415.51818848,
  "Radomiak": 1415.31298828,
  "Silkeborg": 1415.19287109,
  "Gornik": 1414.78881836,
  "Rizespor": 1414.00842285,
  "Sarpsborg": 1413.28613281,
  "Zwolle": 1412.40222168,
  "Levadeiakos": 1411.08581543,
  "Katowice": 1409.68774414,
  "GAIS": 1407.73730469,
  "Korona": 1406.5333252,
  "Groningen": 1406.41638184,
  "Motherwell": 1404.88330078,
  "Odense": 1403.27636719,
  "Universitatea Cluj": 1403.19543457,
  "Estrela Amadora": 1402.54309082,
  "Alanyaspor": 1401.66882324,
  "Luzern": 1400.71179199,
  "Sigma Olomouc": 1399.11462402,
  "Goeteborg": 1398.76123047,
  "Servette": 1396.92932129,
  "Lausanne": 1396.89013672,
  "Lechia": 1396.59777832,
  "Maccabi Haifa": 1396.15625,
  "Ham-Kam": 1393.65551758,
  "AIK": 1393.45727539,
  "Sittard": 1392.12927246,
  "Rapid Bucuresti": 1391.30493164,
  "IK Sirius": 1388.53955078,
  "Terek Grozny": 1387.9239502,
  "Wolfsberg": 1387.59411621,
  "Tondela": 1387.42956543,
  "Banik Ostrava": 1386.7668457,
  "Sion": 1386.50671387,
  "Hartberg": 1385.6036377,
  "Motor Lublin": 1384.64367676,
  "Valerenga": 1384.49084473,
  "Beitar": 1384.28881836,
  "Kocaelispor": 1382.09594727,
  "KFUM Oslo": 1382.02526855,
  "Zulte Waregem": 1380.27734375,
  "RAAL": 1380.15820312,
  "Dender": 1378.74267578,
  "Kryliya Sovetov": 1378.48657227,
  "Dinamo Bucuresti": 1376.66052246,
  "Polissya Zhytomyr": 1376.12451172,
  "Fredericia": 1375.99609375,
  "Elfsborg": 1375.86462402,
  "Konyaspor": 1375.56359863,
  "Akron Togliatti": 1374.86291504,
  "Gaziantep FK": 1374.77478027,