{
  "Bayern Munich": 1976.04528809,
  "Borussia Dortmund": 1838.93371582,
  "Leverkusen": 1811.3359375,
  "Stuttgart": 1747.33569336,
  "RB Leipzig": 1741.9239502,
  "Hoffenheim": 1721.77478027,
  "Freiburg": 1699.19946289,
  "Frankfurt": 1666.65625,
  "Mainz": 1662.87451172,
  "Union Berlin": 1622.77209473,
  "Gladbach": 1622.73962402,
  "Werder": 1620.79553223,
  "Augsburg": 1605.57751465,
  "Wolfsburg": 1604.05615234,
  "Hamburg": 1583.98303223,
  "Koeln": 1574.85571289,
  "St Pauli": 1555.26184082,
  "Darmstadt": 1520.99523926,
  "Heidenheim": 1515.38146973,
  "Elversberg": 1513.7611084,
  "Bochum": 1507.08166504,
  "Paderborn": 1507.02258301,
  "Hannover": 1503.20349121,
  "Hertha": 1489.33459473,
  "Holstein": 1473.1184082,
  "Schalke": 1470.8972168,
  "Lautern": 1452.29187012,
  "Karlsruhe": 1441.67919922,
  "Duesseldorf": 1440.00024414,
  "Magdeburg": 1430.46032715,
  "Nuernberg": 1418.07617188,
  "Muenster": 1393.94421387,
  "Bielefeld": 1383.01635742,
  "Braunschweig": 1365.82873535,
  "Fuerth": 1356.6282959,
  "Dresden": 1355.97937012
}