{
  "Bayern Munich": 1996.32849121,
  "Borussia Dortmund": 1836.36315918,
  "Leverkusen": 1803.96765137,
  "Stuttgart": 1760.80151367,
  "RB Leipzig": 1757.37915039,
  "Hoffenheim": 1705.52734375,
  "Freiburg": 1694.98962402,
  "Mainz": 1684.78320312,
  "Frankfurt": 1681.35058594,
  "Werder": 1629.99194336,
  "Gladbach": 1623.78149414,
  "Union Berlin": 1614.81054688,
  "Augsburg": 1611.36486816,
  "Hamburg": 1592.3659668,
  "Wolfsburg": 1582.13391113,
  "Koeln": 1566.64135742,
  "St Pauli": 1561.83935547,
  "Paderborn": 1524.29577637,
  "Elversberg": 1519.4395752,
  "Darmstadt": 1512.59838867,
  "Heidenheim": 1508.91137695,
  "Hannover": 1507.0065918,
  "Hertha": 1498.57409668,
  "Schalke": 1492.8626709,
  "Bochum": 1491.53210449,
  "Lautern": 1451.04626465,
  "Holstein": 1449.26147461,
  "Nuernberg": 1445.7902832,
  "Karlsruhe": 1444.70788574,
  "Duesseldorf": 1428.56665039,
  "Magdeburg": 1408.89831543,
  "Dresden": 1391.14282227,
  "Fuerth": 1384.51452637,
  "Bielefeld": 1378.47399902,
  "Braunschweig": 1367.96520996,
  "Muenster": 1362.06164551
}