{
  "Arsenal": 2048.81982422,
  "Bayern Munich": 2017.46252441,
  "PSG": 1972.53283691,
  "Barcelona": 1970.57641602,
  "Manchester City": 1970.27075195,
  "Liverpool": 1933.21911621,
  "Real Madrid": 1916.27600098,
  "Inter": 1890.04699707,
  "Manchester United": 1888.47265625,
  "Aston Villa": 1886.95043945,
  "Brighton": 1865.9041748,
  "Bournemouth": 1847.7869873,
  "Sporting": 1844.36828613,
  "Atlético": 1843.78942871,
  "Chelsea": 1841.20581055,
  "Borussia Dortmund": 1839.16711426,
  "Benfica": 1834.89880371,
  "Forest": 1828.62194824,
  "Brentford": 1828.46948242,
  "Newcastle": 1825.7310791,
  "Everton": 1821.38208008,
  "Leverkusen": 1812.73120117,
  "Fulham": 1811.88684082,
  "Crystal Palace": 1809.73657227,
  "Porto": 1808.05212402,
  "Juventus": 1797.48535156,
  "Leeds": 1793.19287109,
  "RB Leipzig": 1785.0736084,
  "Napoli": 1783.48364258,
  "Milan": 1781.4708252,
  "Atalanta": 1772.26391602,
  "West Ham": 1769.64355469,
  "Roma": 1768.58447266,
  "Lille": 1760.17041016,
  "Villarreal": 1759.60192871,
  "Tottenham": 1758.71289062,
  "Lens": 1755.06530762,
  "Stuttgart": 1754.19995117,
  "PSV": 1751.7923584,
  "Lyon": 1751.37756348,
  "Como": 1746.08312988,
  "Saint-Gilloise": 1737.98181152,
  "Betis": 1735.54882812,
  "Brugge": 1733.6027832,
  "Rennais": 1731.50146484,
  "Monaco": 1730.54785156,
  "Strasbourg": 1724.67675781,
  "Marseille": 1721.7467041,
  "Freiburg": 1720.71557617,
  "Galatasaray": 1720.13916016,
  "Braga": 1718.62719727,
  "Hoffenheim": 1715.07336426,
  "Lazio": 1712.04919434,
  "Bodø/Glimt": 1708.89245605,
  "Sunderland": 1699.78662109,
  "Athletic": 1692.19140625,
  "Midtjylland": 1687.38391113,
  "Celta": 1684.96801758,
  "Real Sociedad": 1684.64587402,
  "Osasuna": 1683.35253906,
  "Wolverhampton": 1678.33215332,
  "Frankfurt": 1678.06506348,
  "Bologna": 1677.44104004,
  "Olympiacos": 1674.04980469,
  "Mainz": 1673.65222168,
  "Getafe": 1669.56225586,
  "Rayo Vallecano": 1666.66125488,
  "Valencia": 1665.01635742,
  "Burnley": 1664.96533203,
  "Fiorentina": 1660.85192871,
  "Zenit": 1657.19775391,
  "Slavia Prag": 1654.11645508,
  "Fenerbahce": 1652.00195312,
  "Brest": 1649.81604004,
  "Girona": 1646.96789551,
  "Udinese": 1642.95617676,
  "Mallorca": 1639.87756348,
  "Lorient": 1637.16357422,
  "AEK": 1637.01379395,
  "Sassuolo": 1634.49951172,
  "Toulouse": 1633.5378418,
  "FC Krasnodar": 1632.22900391,
  "Viking": 1631.9107666,
  "Augsburg": 1631.3203125,
  "Torino": 1631.08581543,
  "Werder": 1630.05029297,
  "Alaves": 1629.01660156,
  "Genoa": 1625.93896484,
  "Elche": 1623.98400879,
  "Gladbach": 1620.8034668,
  "Levante": 1618.48754883,
  "Espanyol": 1616.11877441,
  "Sevilla": 1604.95471191,
  "Parma": 1603.00378418,
  "Paris FC": 1602.7755127,
  "Feyenoord": 1594.83288574,
  "PAOK": 1590.36914062,
  "Auxerre": 1590.3013916,
  "Nice": 1590.2833252,
  "Union Berlin": 1589.13085938,
  "Ajax": 1588.41442871,
  "Shakhtar": 1587.16479492,
  "Famalicao": 1586.8293457,
  "Crvena Zvezda": 1586.15527344,
  "Wolfsburg": 1585.19421387,
  "Koeln": 1583.79541016,
  "Genk": 1583.31188965,
  "Aarhus": 1582.55212402,
  "Real Oviedo": 1580.05407715,
  "Cagliari": 1579.34130859,
  "Copenhagen": 1578.41003418,
  "Dinamo Zagreb": 1577.11853027,
  "Hamburg": 1574.8223877,
  "Twente": 1564.70739746,
  "Le Havre": 1564.0871582,
  "Pafos": 1561.03271484,
  "Viktoria Plzen": 1556.39916992,
  "Lok Moskva": 1555.28356934,
  "Panathinaikos": 1554.81652832,
  "CSKA Moskva": 1554.62353516,
  "St Pauli": 1554.46911621,
  "Qarabag FK": 1554.37609863,
  "St Truiden": 1551.5925293,
  "Spartak Moskva": 1550.99316406,
  "Angers": 1550.16662598,
  "Celtic": 1550.11425781,
  "Guimaraes": 1549.11315918,
  "Sparta Praha": 1547.84753418,
  "Trabzonspor": 1546.88378906,
  "Alkmaar": 1543.97595215,
  "Lecce": 1543.39355469,
  "Nijmegen": 1542.34777832,
  "Nordsjaelland": 1541.78015137,
  "Heidenheim": 1539.22180176,
  "Rangers": 1539.19396973,
  "Dynamo Moskva": 1538.52539062,
  "Gil Vicente": 1530.64904785,
  "Brondby": 1529.92529297,
  "Brann": 1528.16918945,
  "Anderlecht": 1526.31152344,
  "Nantes": 1525.15026855,
  "Lech": 1520.91882324,
  "Cremonese": 1520.64746094,
  "Ferencvaros": 1520.0501709,
  "Besiktas": 1518.7833252,
  "Mjaellby": 1515.64575195,
  "Rakow": 1513.49890137,
  "Antwerp": 1512.5994873,
  "Viborg": 1512.19714355,
  "Bueyueksehir": 1510.27502441,
  "Hammarby": 1507.66381836,
  "Gent": 1502.359375,
  "Metz": 1500.71936035,
  "Utrecht": 1499.69604492,
  "Westerlo": 1497.45800781,
  "Moreirense": 1497.0,
  "Tromso": 1496.79089355,
  "Estoril": 1495.33825684,
  "Larnaca": 1494.35534668,
  "Verona": 1494.20068359,
  "Arouca": 1485.34985352,
  "Baltika": 1484.52722168,
  "RB Salzburg": 1482.40698242,
  "Charleroi": 1480.92602539,
  "Pisa": 1480.3046875,
  "Santa Clara": 1478.76257324,
  "Standard": 1478.58740234,
  "Aris Limassol": 1478.18310547,
  "Mechelen": 1476.78234863,
  "Cercle Brugge": 1473.52758789,
  "Heerenveen": 1473.2097168,
  "Djurgarden": 1472.00256348,
  "Sturm Graz": 1471.63842773,
  "StGallen": 1469.69934082,
  "Hearts": 1467.33679199,
  "Molde": 1467.12390137,
  "Jagiellonia": 1466.60534668,
  "Beer-Sheva": 1466.13769531,
  "SonderjyskE": 1465.48217773,
  "Thun": 1463.22155762,
  "Craiova": 1458.68518066,
  "Rio Ave": 1457.4810791,
  "Omonia": 1456.90466309,
  "Celje": 1455.5267334,
  "Gyoer": 1454.81445312,
  "Goeztepe": 1453.53039551,
  "Alverca": 1453.35253906,
  "LASK": 1452.54577637,
  "Gornik": 1452.04492188,
  "Nacional": 1451.63439941,
  "Lugano": 1450.05957031,
  "Rubin Kazan": 1449.72570801,
  "Go Ahead Eagles": 1448.53430176,
  "Hradec Kralove": 1445.51159668,
  "Silkeborg": 1445.33203125,
  "Jablonec": 1445.09521484,
  "Malmoe": 1444.68371582,
  "Levski": 1441.24841309,
  "Dynamo Kyiv": 1441.10839844,
  "Legia": 1440.72375488,
  "M Tel Aviv": 1438.46240234,
  "CFR Cluj": 1437.53088379,
  "Basel": 1436.53759766,
  "Samsunspor": 1435.84191895,
  "Groningen": 1435.70983887,
  "Sion": 1433.71716309,
  "Universitatea Cluj": 1433.61645508,
  "Randers": 1432.4888916,
  "Casa Pia": 1431.68005371,
  "Sparta Rotterdam": 1431.4074707,
  "Razgrad": 1431.40698242,
  "Slovan Liberec": 1431.40270996,
  "Young Boys": 1431.359375,
  "Odense": 1430.63195801,
  "IK Sirius": 1427.83239746,
  "Rosenborg": 1427.67419434,
  "Hajduk": 1426.87268066,
  "Steaua": 1426.69921875,
  "Katowice": 1426.26806641,
  "Pogon": 1424.82580566,
  "Rostov": 1424.74609375,
  "Sandefjord": 1423.67431641,
  "Konyaspor": 1420.21557617,
  "Servette": 1417.44885254,
  "Beitar": 1414.83398438,
  "Zulte Waregem": 1414.58886719,
  "Piast Gliwice": 1413.75854492,
  "Leuven": 1413.27075195,
  "Fredrikstad": 1412.80065918,
  "Rizespor": 1410.62121582,
  "Estrela Amadora": 1407.93188477,
  "Terek Grozny": 1406.51831055,
  "Sarpsborg": 1403.36462402,
  "Radomiak": 1402.66918945,
  "Aris": 1402.45153809,
  "Alanyaspor": 1401.30200195,
  "Austria Wien": 1398.9432373,
  "Zwolle": 1398.88195801,
  "Lubin": 1397.54772949,
  "Luzern": 1397.09777832,
  "Lechia": 1396.66125488,
  "Ham-Kam": 1395.86999512,
  "Levadeiakos": 1394.55786133,
  "Cracovia": 1394.18835449,
  "Motherwell": 1392.69763184,
  "Hibernian": 1392.06079102,
  "Polissya Zhytomyr": 1392.03637695,
  "Korona": 1390.38635254,
  "Elfsborg": 1388.13391113,
  "Rijeka": 1387.4979248,
  "Tondela": 1387.26672363,
  "GAIS": 1387.08862305,
  "Sittard": 1385.79492188,
  "Atromitos": 1384.70727539,
  "Haecken": 1383.41943359,
  "Rapid Wien": 1381.19360352,
  "Mlada Boleslav": 1381.14978027,
  "AIK": 1381.11560059,
  "Motor Lublin": 1379.69775391,
  "Kasimpasa": 1379.58459473,
  "Valerenga": 1377.26916504,
  "Plock": 1375.22253418,
  "Lausanne": 1374.96118164,
  "Gaziantep FK": 1372.66467285,
  "Telstar": 1372.42883301,
  "Sigma Olomouc": 1371.94628906,
  "Widzew": 1371.26403809,
  "Hartberg": 1370.59326172,
  "Goeteborg": 1368.79516602,
  "Rapid Bucuresti": 1368.52368164,
  "Dinamo Bucuresti": 1368.21972656,
  "Paksi": 1367.53356934,
  "Fredericia": 1366.5802002,
  "Slovan Bratislava": 1366.51843262,