{
  "Arsenal": 2056.45019531,
  "Bayern Munich": 1979.81762695,
  "Manchester City": 1967.46411133,
  "Liverpool": 1949.25244141,
  "PSG": 1948.0970459,
  "Aston Villa": 1942.45849609,
  "Barcelona": 1933.28088379,
  "Inter": 1927.18920898,
  "Chelsea": 1922.71057129,
  "Real Madrid": 1906.04699707,
  "Newcastle": 1885.6027832,
  "Manchester United": 1867.16467285,
  "Sporting": 1849.45080566,
  "Atlético": 1848.46887207,
  "Brighton": 1842.34423828,
  "Borussia Dortmund": 1833.76489258,
  "Brentford": 1831.42785645,
  "Bournemouth": 1825.75817871,
  "Tottenham": 1824.87744141,
  "Benfica": 1824.55969238,
  "Fulham": 1822.67736816,
  "Milan": 1822.3762207,
  "Everton": 1820.11987305,
  "Juventus": 1819.59423828,
  "Roma": 1810.52856445,
  "Leverkusen": 1807.77819824,
  "Forest": 1796.75195312,
  "Napoli": 1793.74023438,
  "Crystal Palace": 1793.58190918,
  "Porto": 1791.67529297,
  "Atalanta": 1787.92016602,
  "PSV": 1779.30529785,
  "Leeds": 1775.70922852,
  "Lyon": 1759.44213867,
  "Stuttgart": 1754.35986328,
  "Lens": 1750.25634766,
  "RB Leipzig": 1748.4753418,
  "Marseille": 1748.38244629,
  "Como": 1736.35241699,
  "West Ham": 1734.27392578,
  "Brugge": 1730.42321777,
  "Betis": 1730.39831543,
  "Villarreal": 1728.06164551,
  "Hoffenheim": 1719.13928223,
  "Olympiacos": 1717.80883789,
  "Lazio": 1717.43310547,
  "Saint-Gilloise": 1716.27246094,
  "Bologna": 1711.93200684,
  "Lille": 1710.08520508,
  "Burnley": 1710.04553223,
  "Galatasaray": 1708.11376953,
  "Strasbourg": 1708.03588867,
  "Celta": 1699.73632812,
  "Freiburg": 1699.47814941,
  "Sunderland": 1694.91931152,
  "Bodø/Glimt": 1694.00708008,
  "Braga": 1692.6048584,
  "Athletic": 1686.92956543,
  "Fenerbahce": 1685.40771484,
  "Midtjylland": 1683.2890625,
  "Wolverhampton": 1682.27380371,
  "Frankfurt": 1674.47070312,
  "Rennais": 1674.23803711,
  "Monaco": 1668.62487793,
  "Toulouse": 1666.61352539,
  "Real Sociedad": 1665.77404785,
  "Zenit": 1662.57800293,
  "Slavia Prag": 1658.7791748,
  "Osasuna": 1657.53833008,
  "Fiorentina": 1651.20983887,
  "Mainz": 1642.55932617,
  "Valencia": 1639.69970703,
  "FC Krasnodar": 1639.16955566,
  "PAOK": 1636.12341309,
  "Brest": 1633.35949707,
  "Espanyol": 1632.26953125,
  "Genoa": 1631.53295898,
  "Union Berlin": 1629.49035645,
  "AEK": 1629.00646973,
  "Werder": 1627.60046387,
  "Torino": 1623.3248291,
  "Lorient": 1620.88208008,
  "Udinese": 1620.62841797,
  "Gladbach": 1617.06420898,
  "Alaves": 1615.60949707,
  "Girona": 1615.52941895,
  "Mallorca": 1612.21789551,
  "Sassuolo": 1611.95153809,
  "Cagliari": 1610.46606445,
  "Augsburg": 1608.48791504,
  "Sevilla": 1608.00085449,
  "Wolfsburg": 1607.65722656,
  "Rayo Vallecano": 1607.16748047,
  "Feyenoord": 1600.86743164,
  "Copenhagen": 1600.46789551,
  "Ajax": 1597.41882324,
  "CSKA Moskva": 1595.08752441,
  "Parma": 1594.90869141,
  "Viking": 1591.15405273,
  "Elche": 1590.65588379,
  "Nice": 1588.81140137,
  "Getafe": 1588.58312988,
  "Genk": 1588.54760742,
  "Levante": 1584.61206055,
  "Koeln": 1580.03198242,
  "Crvena Zvezda": 1576.56347656,
  "Lok Moskva": 1576.38354492,
  "Viktoria Plzen": 1574.93554688,
  "Pafos": 1571.88012695,
  "Aarhus": 1571.53552246,
  "Sparta Praha": 1569.96850586,
  "Celtic": 1566.2956543,
  "Hamburg": 1565.04760742,
  "Cremonese": 1562.81115723,
  "Anderlecht": 1558.52197266,
  "Qarabag FK": 1558.25183105,
  "Guimaraes": 1557.38684082,
  "Auxerre": 1557.03820801,
  "Le Havre": 1555.90112305,
  "Angers": 1555.39929199,
  "Famalicao": 1554.92651367,
  "Brondby": 1553.50927734,
  "Lecce": 1553.18591309,
  "Spartak Moskva": 1550.35656738,
  "Rakow": 1549.48986816,
  "St Pauli": 1548.3092041,
  "Panathinaikos": 1548.17028809,
  "Verona": 1546.74536133,
  "Mjaellby": 1546.16772461,
  "Shakhtar": 1544.38671875,
  "Rangers": 1543.14233398,
  "St Truiden": 1540.70556641,
  "Alkmaar": 1538.22851562,
  "Dinamo Zagreb": 1535.65246582,
  "Paris FC": 1535.37402344,
  "Real Oviedo": 1533.71179199,
  "Charleroi": 1529.61889648,
  "Brann": 1528.71325684,
  "Heidenheim": 1527.97045898,
  "Nantes": 1527.72277832,
  "Pisa": 1527.55981445,
  "Twente": 1526.9666748,
  "Estoril": 1526.31750488,
  "Metz": 1523.61364746,
  "Antwerp": 1519.57617188,
  "Gent": 1517.6439209,
  "Nijmegen": 1517.50378418,
  "Trabzonspor": 1516.74157715,
  "Gil Vicente": 1515.6907959,
  "RB Salzburg": 1512.78649902,
  "Hammarby": 1507.85095215,
  "Jagiellonia": 1507.79370117,
  "Ferencvaros": 1507.38085938,
  "Larnaca": 1507.01647949,
  "Lech": 1506.54089355,
  "Nordsjaelland": 1506.41723633,
  "Dynamo Moskva": 1504.17382812,
  "Moreirense": 1503.55212402,
  "Mechelen": 1502.6262207,
  "Besiktas": 1499.69091797,
  "Omonia": 1491.3059082,
  "Bueyueksehir": 1490.79675293,
  "Jablonec": 1489.75976562,
  "Aris Limassol": 1489.03039551,
  "Basel": 1488.50402832,
  "Viborg": 1483.90710449,
  "Djurgarden": 1482.56896973,
  "Baltika": 1477.88574219,
  "Goeztepe": 1472.6998291,
  "Utrecht": 1471.95117188,
  "Tromso": 1471.07263184,
  "Westerlo": 1468.9777832,
  "Craiova": 1468.86462402,
  "SonderjyskE": 1468.19616699,
  "Hearts": 1468.16467285,
  "Cercle Brugge": 1463.47827148,
  "Beer-Sheva": 1463.41687012,
  "Randers": 1462.01782227,
  "Santa Clara": 1461.13208008,
  "Razgrad": 1460.7677002,
  "Sparta Rotterdam": 1458.66015625,
  "Sturm Graz": 1457.53881836,
  "Slovan Liberec": 1456.67041016,
  "Rio Ave": 1456.52209473,
  "Molde": 1454.99938965,
  "Rosenborg": 1446.87719727,
  "Arouca": 1443.80578613,
  "Silkeborg": 1443.79309082,
  "Samsunspor": 1442.9284668,
  "Lugano": 1442.75305176,
  "Go Ahead Eagles": 1442.19628906,
  "Levadeiakos": 1441.67077637,
  "Pogon": 1440.42907715,
  "Nacional": 1439.89355469,
  "Cracovia": 1438.89404297,
  "Celje": 1438.73840332,
  "Gornik": 1438.04870605,
  "Lausanne": 1437.82824707,
  "StGallen": 1435.2800293,
  "Rostov": 1435.17077637,
  "Aris": 1433.9206543,
  "Gyoer": 1431.8482666,
  "Heerenveen": 1431.60058594,
  "Young Boys": 1431.14562988,
  "Malmoe": 1430.48388672,
  "Rubin Kazan": 1430.16821289,
  "Standard": 1429.86865234,
  "Leuven": 1428.52258301,
  "Casa Pia": 1428.14074707,
  "LASK": 1427.61401367,
  "Piast Gliwice": 1426.75805664,
  "Sandefjord": 1424.96081543,
  "Legia": 1424.8482666,
  "Steaua": 1424.32421875,
  "Alverca": 1422.62145996,
  "Hradec Kralove": 1421.69287109,
  "Fredrikstad": 1420.86035156,
  "Radomiak": 1420.61621094,
  "Levski": 1419.85534668,
  "Dynamo Kyiv": 1418.65637207,
  "Groningen": 1417.70031738,
  "Austria Wien": 1416.05310059,
  "Wolfsberg": 1415.24926758,
  "Alanyaspor": 1413.12841797,
  "Odense": 1413.12109375,
  "Zwolle": 1412.91064453,
  "Estrela Amadora": 1412.60302734,
  "Thun": 1412.0098877,
  "Servette": 1411.58544922,
  "Korona": 1410.82287598,
  "Paksi": 1410.73352051,
  "CFR Cluj": 1410.44165039,
  "GAIS": 1407.73730469,
  "Hajduk": 1405.85351562,
  "M Tel Aviv": 1405.27197266,
  "Zulte Waregem": 1405.09985352,
  "Sittard": 1404.91015625,
  "Katowice": 1404.39050293,
  "Rijeka": 1403.77111816,
  "Rapid Bucuresti": 1402.37524414,
  "Sarpsborg": 1401.87902832,
  "Hibernian": 1400.62133789,
  "Maccabi Haifa": 1400.42932129,
  "Goeteborg": 1398.76123047,
  "Dender": 1398.41101074,
  "Lubin": 1397.89074707,
  "Plock": 1397.70581055,
  "AIK": 1393.45727539,
  "IK Sirius": 1388.53955078,
  "Gaziantep FK": 1388.25219727,
  "Terek Grozny": 1387.9239502,
  "Banik Ostrava": 1387.72644043,
  "Karvina": 1384.02575684,
  "Lechia": 1383.5880127,
  "Motherwell": 1382.61047363,
  "Ham-Kam": 1382.24841309,
  "Sion": 1381.6652832,
  "Partizan": 1381.03271484,
  "Puskas Akademia": 1380.18066406,
  "Hartberg": 1380.00537109,
  "Beitar": 1378.9050293,
  "RAAL": 1378.78649902,
  "Kryliya Sovetov": 1378.48657227,
  "Elfsborg": 1375.86462402,
  "Akron Togliatti": 1374.86291504,
  "Rizespor": 1374.55407715,
  "Valerenga": 1373.08361816,
  "Tondela": 1371.52111816,
  "Dinamo Bucuresti": 1371.23449707,
  "KFUM Oslo": 1370.61804199,
  "Atromitos": 1370.09973145,
  "Sigma Olomouc": 1370.09289551,
  "Luzern": 1368.52148438,