{
  "Barcelona": 1935.68518066,
  "Real Madrid": 1918.54370117,
  "Atlético": 1872.51635742,
  "Villarreal": 1767.64501953,
  "Betis": 1761.97973633,
  "Celta": 1717.2545166,
  "Athletic": 1701.3939209,
  "Real Sociedad": 1665.52758789,
  "Espanyol": 1661.57739258,
  "Osasuna": 1655.91906738,
  "Valencia": 1643.73803711,
  "Rayo Vallecano": 1631.20825195,
  "Girona": 1629.30322266,
  "Mallorca": 1627.08776855,
  "Sevilla": 1609.93273926,
  "Elche": 1609.06787109,
  "Alaves": 1605.49890137,
  "Getafe": 1597.22961426,
  "Levante": 1588.59191895,
  "Las Palmas": 1559.35119629,
  "Racing": 1549.3145752,
  "Real Oviedo": 1546.38464355,
  "Almeria": 1536.84179688,
  "Leganes": 1526.69360352,
  "Castellon": 1519.52734375,
  "Cadiz": 1506.67175293,
  "Depor": 1502.42163086,
  "Malaga": 1494.04345703,
  "Burgos": 1485.97766113,
  "Cordoba": 1479.87145996,
  "Granada": 1477.50024414,
  "Eibar": 1476.765625,
  "Sporting": 1473.13928223,
  "Valladolid": 1459.85351562,
  "Albacete": 1455.45507812,
  "Mirandes": 1452.95581055,
  "Ceuta": 1445.75317383,
  "Huesca": 1437.60620117,
  "Sociedad B": 1423.33898926,
  "FC Andorra": 1420.65368652,
  "Leonesa": 1405.68432617,
  "Zaragoza": 1404.76208496
}