{
  "Barcelona": 1970.57641602,
  "Real Madrid": 1916.27600098,
  "Atlético": 1843.78942871,
  "Villarreal": 1759.60192871,
  "Betis": 1735.54882812,
  "Athletic": 1692.19140625,
  "Celta": 1684.96801758,
  "Real Sociedad": 1684.64587402,
  "Osasuna": 1683.35253906,
  "Getafe": 1669.56225586,
  "Rayo Vallecano": 1666.66125488,
  "Valencia": 1665.01635742,
  "Girona": 1646.96789551,
  "Mallorca": 1639.87756348,
  "Alaves": 1629.01660156,
  "Elche": 1623.98400879,
  "Levante": 1618.48754883,
  "Espanyol": 1616.11877441,
  "Sevilla": 1604.95471191,
  "Real Oviedo": 1580.05407715,
  "Eibar": 1568.48291016,
  "Las Palmas": 1567.30603027,
  "Almeria": 1567.27807617,
  "Racing": 1554.90209961,
  "Castellon": 1548.9453125,
  "Depor": 1532.35803223,
  "Malaga": 1527.68066406,
  "Burgos": 1524.12353516,
  "Leganes": 1508.32641602,
  "FC Andorra": 1492.56079102,
  "Granada": 1487.00195312,
  "Albacete": 1482.00634766,
  "Sporting": 1481.22717285,
  "Cordoba": 1476.61791992,
  "Ceuta": 1447.59240723,
  "Mirandes": 1443.36169434,
  "Valladolid": 1439.14428711,
  "Sociedad B": 1430.0012207,
  "Huesca": 1415.71972656,
  "Zaragoza": 1412.35437012,
  "Cadiz": 1397.85290527,
  "Leonesa": 1364.2824707
}