{
  "Barcelona": 1969.25671387,
  "Real Madrid": 1918.62365723,
  "Atlético": 1844.4588623,
  "Villarreal": 1754.76818848,
  "Betis": 1747.84936523,
  "Celta": 1696.21008301,
  "Rayo Vallecano": 1695.76745605,
  "Athletic": 1684.1574707,
  "Real Sociedad": 1680.43395996,
  "Valencia": 1670.27490234,
  "Osasuna": 1669.64758301,
  "Getafe": 1667.22399902,
  "Mallorca": 1645.51708984,
  "Girona": 1642.41101074,
  "Alaves": 1636.66809082,
  "Sevilla": 1635.63659668,
  "Levante": 1635.29577637,
  "Espanyol": 1620.95874023,
  "Elche": 1614.92700195,
  "Real Oviedo": 1576.51757812,
  "Almeria": 1576.02905273,
  "Las Palmas": 1574.02563477,
  "Racing": 1571.13183594,
  "Eibar": 1562.91955566,
  "Malaga": 1551.13757324,
  "Depor": 1547.54431152,
  "Castellon": 1540.49597168,
  "Burgos": 1525.99768066,
  "Cordoba": 1497.54162598,
  "Leganes": 1497.3536377,
  "FC Andorra": 1495.75634766,
  "Granada": 1492.15002441,
  "Albacete": 1488.81323242,
  "Sporting": 1469.1192627,
  "Ceuta": 1461.80456543,
  "Valladolid": 1446.62316895,
  "Sociedad B": 1443.28796387,
  "Mirandes": 1434.66040039,
  "Huesca": 1404.90209961,
  "Zaragoza": 1399.56433105,
  "Cadiz": 1395.94763184,
  "Leonesa": 1362.62329102
}