{
  "Barcelona": 1945.43054199,
  "Real Madrid": 1936.12744141,
  "Atlético": 1855.34973145,
  "Athletic": 1789.30895996,
  "Villarreal": 1785.54638672,
  "Betis": 1742.14367676,
  "Osasuna": 1697.22412109,
  "Celta": 1689.27075195,
  "Valencia": 1679.41601562,
  "Real Sociedad": 1667.3203125,
  "Rayo Vallecano": 1658.47607422,
  "Alaves": 1644.11938477,
  "Mallorca": 1641.24829102,
  "Sevilla": 1637.12219238,
  "Girona": 1637.03479004,
  "Espanyol": 1634.6619873,
  "Getafe": 1625.7598877,
  "Levante": 1610.27514648,
  "Leganes": 1599.02893066,
  "Real Oviedo": 1587.67175293,
  "Elche": 1584.90905762,
  "Las Palmas": 1563.50219727,
  "Mirandes": 1560.61938477,
  "Almeria": 1543.83947754,
  "Granada": 1530.5970459,
  "Eibar": 1525.10412598,
  "Santander": 1522.47338867,
  "Cadiz": 1520.49841309,
  "Huesca": 1501.46765137,
  "Albacete": 1496.5090332,
  "Gijon": 1487.59082031,
  "Burgos": 1473.21594238,
  "Valladolid": 1467.32788086,
  "Cordoba": 1467.14428711,
  "Castellon": 1461.74108887,
  "Depor": 1458.74157715,
  "Zaragoza": 1450.09289551,
  "Malaga": 1448.69726562,
  "Tenerife": 1428.20349121,
  "Eldense": 1419.25488281,
  "Ferrol": 1350.68530273,
  "Cartagena": 1332.44958496
}