{
  "Barcelona": 1953.36743164,
  "Real Madrid": 1924.69055176,
  "Atlético": 1829.45410156,
  "Villarreal": 1761.12365723,
  "Betis": 1748.90966797,
  "Rayo Vallecano": 1715.21398926,
  "Celta": 1702.55578613,
  "Valencia": 1699.19360352,
  "Athletic": 1679.67932129,
  "Real Sociedad": 1671.24414062,
  "Getafe": 1665.85351562,
  "Osasuna": 1652.03674316,
  "Mallorca": 1644.55163574,
  "Levante": 1640.51867676,
  "Girona": 1637.58459473,
  "Alaves": 1636.76049805,
  "Espanyol": 1631.23449707,
  "Sevilla": 1627.70202637,
  "Elche": 1625.18200684,
  "Racing": 1578.78918457,
  "Las Palmas": 1577.30773926,
  "Malaga": 1562.39477539,
  "Real Oviedo": 1559.74755859,
  "Eibar": 1558.15698242,
  "Depor": 1557.65307617,
  "Almeria": 1554.62548828,
  "Burgos": 1543.57470703,
  "Castellon": 1541.50195312,
  "Albacete": 1505.66223145,
  "FC Andorra": 1495.7565918,
  "Sporting": 1492.31665039,
  "Cordoba": 1480.87329102,
  "Leganes": 1477.82324219,
  "Granada": 1472.4864502,
  "Ceuta": 1448.86999512,
  "Mirandes": 1447.39367676,
  "Sociedad B": 1434.15649414,
  "Valladolid": 1430.53430176,
  "Cadiz": 1416.67822266,
  "Huesca": 1402.69567871,
  "Zaragoza": 1394.48852539,
  "Leonesa": 1365.68969727
}