{
  "Inter": 1937.91809082,
  "Atalanta": 1818.82275391,
  "Napoli": 1815.1217041,
  "Milan": 1802.0625,
  "Roma": 1797.48779297,
  "Juventus": 1791.22302246,
  "Lazio": 1748.24267578,
  "Bologna": 1747.13903809,
  "Fiorentina": 1715.60046387,
  "Como": 1676.94580078,
  "Torino": 1673.44384766,
  "Genoa": 1626.45678711,
  "Udinese": 1610.76843262,
  "Sassuolo": 1606.4876709,
  "Cagliari": 1602.73510742,
  "Parma": 1588.30480957,
  "Lecce": 1573.41784668,
  "Verona": 1572.79382324,
  "Cremonese": 1560.11791992,
  "Venezia": 1554.51525879,
  "Empoli": 1530.05395508,
  "Pisa": 1519.52246094,
  "Monza": 1512.46899414,
  "Palermo": 1491.95446777,
  "Frosinone": 1478.15722656,
  "Modena": 1463.67248535,
  "Juve Stabia": 1457.75915527,
  "Spezia": 1455.63134766,
  "Cesena": 1444.90722656,
  "Suedtirol": 1438.6829834,
  "Catanzaro": 1434.24865723,
  "Carrarese": 1427.51464844,
  "Reggiana": 1424.48071289,
  "Sampdoria": 1413.49865723,
  "Bari": 1403.56555176,
  "Avellino": 1382.06384277,
  "Padova": 1380.39892578,
  "Mantova": 1370.05249023,
  "Entella": 1364.90014648,
  "Pescara": 1361.99658203
}