{
  "Bayern Munich": 1948.58447266,
  "Leverkusen": 1836.16760254,
  "Borussia Dortmund": 1835.1048584,
  "Frankfurt": 1758.40332031,
  "RB Leipzig": 1735.62243652,
  "Stuttgart": 1716.21240234,
  "Mainz": 1707.66967773,
  "Freiburg": 1686.85778809,
  "Werder": 1677.53955078,
  "Wolfsburg": 1655.9822998,
  "Hoffenheim": 1628.6619873,
  "Union Berlin": 1627.72363281,
  "Gladbach": 1622.32226562,
  "Augsburg": 1617.45568848,
  "St Pauli": 1602.49938965,
  "Koeln": 1586.20898438,
  "Hamburg": 1557.54260254,
  "Heidenheim": 1539.86621094,
  "Holstein": 1535.16210938,
  "Elversberg": 1524.53259277,
  "Paderborn": 1513.12341309,
  "Bochum": 1500.4744873,
  "Karlsruhe": 1497.85131836,
  "Hannover": 1494.46911621,
  "Darmstadt": 1485.00976562,
  "Duesseldorf": 1477.84558105,
  "Lautern": 1471.17797852,
  "Hertha": 1452.32775879,
  "Schalke": 1439.56286621,
  "Muenster": 1422.86206055,
  "Nuernberg": 1420.71557617,
  "Magdeburg": 1416.41308594,
  "Fuerth": 1409.72912598,
  "Bielefeld": 1379.20715332,
  "Braunschweig": 1377.1282959,
  "Dresden": 1348.78271484
}