{
  "Arsenal": 2048.79785156,
  "Bayern Munich": 2017.45556641,
  "PSG": 1972.5456543,
  "Barcelona": 1970.57824707,
  "Manchester City": 1970.24951172,
  "Liverpool": 1933.19787598,
  "Real Madrid": 1916.27770996,
  "Inter": 1890.04699707,
  "Manchester United": 1888.45056152,
  "Aston Villa": 1886.92468262,
  "Brighton": 1865.88305664,
  "Sporting": 1853.05480957,
  "Bournemouth": 1847.76574707,
  "Atlético": 1843.79187012,
  "Chelsea": 1841.18457031,
  "Borussia Dortmund": 1839.14733887,
  "Benfica": 1834.88952637,
  "Forest": 1828.61120605,
  "Brentford": 1828.44921875,
  "Newcastle": 1825.70996094,
  "Everton": 1821.35424805,
  "Leverkusen": 1812.73571777,
  "Fulham": 1811.86303711,
  "Crystal Palace": 1809.63977051,
  "Porto": 1806.39685059,
  "Juventus": 1797.48535156,
  "Leeds": 1793.17163086,
  "RB Leipzig": 1785.078125,
  "Napoli": 1783.48364258,
  "Milan": 1781.4708252,
  "Atalanta": 1772.26062012,
  "West Ham": 1769.62902832,
  "Roma": 1768.58447266,
  "Lille": 1760.16967773,
  "Villarreal": 1759.60351562,
  "Tottenham": 1758.68884277,
  "Lens": 1755.06713867,
  "Stuttgart": 1754.18969727,
  "PSV": 1751.7923584,
  "Lyon": 1751.37902832,
  "Como": 1746.07458496,
  "Saint-Gilloise": 1737.98059082,
  "Betis": 1735.55053711,
  "Brugge": 1733.6015625,
  "Rennais": 1731.50341797,
  "Monaco": 1730.54968262,
  "Strasbourg": 1724.66882324,
  "Marseille": 1721.74853516,
  "Freiburg": 1720.77001953,
  "Galatasaray": 1720.14086914,
  "Braga": 1718.59228516,
  "Hoffenheim": 1715.07910156,
  "Lazio": 1712.04919434,
  "Bodø/Glimt": 1703.95410156,
  "Sunderland": 1699.76220703,
  "Athletic": 1692.19311523,
  "Midtjylland": 1685.78320312,
  "Celta": 1684.96972656,
  "Real Sociedad": 1684.64758301,
  "Osasuna": 1683.35424805,
  "Wolverhampton": 1678.31384277,
  "Frankfurt": 1678.06958008,
  "Bologna": 1677.44104004,
  "Olympiacos": 1674.04968262,
  "Mainz": 1673.6574707,
  "Getafe": 1669.56396484,
  "Rayo Vallecano": 1666.6673584,
  "Valencia": 1665.01806641,
  "Burnley": 1664.9440918,
  "Fiorentina": 1660.85192871,
  "Zenit": 1657.19775391,
  "Slavia Prag": 1652.36914062,
  "Fenerbahce": 1652.00012207,
  "Brest": 1649.81787109,
  "Girona": 1646.96960449,
  "Udinese": 1642.95617676,
  "Mallorca": 1639.88183594,
  "Lorient": 1637.17016602,
  "AEK": 1637.01379395,
  "Sassuolo": 1634.49951172,
  "Toulouse": 1633.53979492,
  "FC Krasnodar": 1632.22900391,
  "Augsburg": 1631.3248291,
  "Torino": 1631.08581543,
  "Werder": 1630.06958008,
  "Alaves": 1629.01574707,
  "Genoa": 1625.94750977,
  "Elche": 1623.98364258,
  "Viking": 1623.16369629,
  "Gladbach": 1620.8079834,
  "Levante": 1618.48925781,
  "Espanyol": 1616.12109375,
  "Sevilla": 1604.9564209,
  "Parma": 1603.00366211,
  "Paris FC": 1602.77990723,
  "Feyenoord": 1594.83288574,
  "PAOK": 1590.36914062,
  "Auxerre": 1590.30371094,
  "Nice": 1590.28515625,
  "Crvena Zvezda": 1589.43212891,
  "Union Berlin": 1589.13537598,
  "Ajax": 1588.41333008,
  "Famalicao": 1586.81787109,
  "Wolfsburg": 1585.19873047,
  "Shakhtar": 1583.82885742,
  "Koeln": 1583.80004883,
  "Genk": 1583.31188965,
  "Aarhus": 1580.32873535,
  "Real Oviedo": 1580.05773926,
  "Cagliari": 1579.34460449,
  "Hamburg": 1574.82568359,
  "Copenhagen": 1570.67565918,
  "Dinamo Zagreb": 1569.96166992,
  "Sparta Praha": 1566.05358887,
  "Twente": 1564.70739746,
  "Le Havre": 1564.08898926,
  "Pafos": 1561.03283691,
  "Lok Moskva": 1555.28356934,
  "Panathinaikos": 1554.81652832,
  "CSKA Moskva": 1554.62353516,
  "St Pauli": 1554.46911621,
  "Qarabag FK": 1554.37609863,
  "Viktoria Plzen": 1551.85070801,
  "St Truiden": 1551.59191895,
  "Spartak Moskva": 1550.99316406,
  "Angers": 1550.1685791,
  "Celtic": 1550.11425781,
  "Nordsjaelland": 1549.20239258,
  "Guimaraes": 1549.10327148,
  "Trabzonspor": 1546.8873291,
  "Alkmaar": 1543.97607422,
  "Lecce": 1543.39355469,
  "Nijmegen": 1542.34777832,
  "Heidenheim": 1539.23095703,
  "Rangers": 1539.19396973,
  "Brondby": 1538.69702148,
  "Dynamo Moskva": 1538.52539062,
  "Gil Vicente": 1530.65368652,
  "Anderlecht": 1526.31616211,
  "Nantes": 1525.15222168,
  "Cremonese": 1520.64746094,
  "Besiktas": 1518.7833252,
  "Ferencvaros": 1514.92419434,
  "Mjaellby": 1514.78210449,
  "Hammarby": 1514.34082031,
  "Tromso": 1512.79931641,
  "Antwerp": 1512.5958252,
  "Viborg": 1512.58276367,
  "Lech": 1511.32678223,
  "Bueyueksehir": 1510.27429199,
  "Rakow": 1506.50146484,
  "Brann": 1506.15332031,
  "Gent": 1502.3605957,
  "Metz": 1500.72119141,
  "Utrecht": 1499.69604492,
  "Westerlo": 1497.46166992,
  "Moreirense": 1496.99072266,
  "Estoril": 1495.33117676,
  "Larnaca": 1494.35534668,
  "Verona": 1494.20068359,
  "RB Salzburg": 1485.34216309,
  "Arouca": 1485.34094238,
  "Baltika": 1484.52722168,
  "Djurgarden": 1481.35949707,
  "Charleroi": 1480.92480469,
  "Pisa": 1480.30480957,
  "Santa Clara": 1478.75317383,
  "Standard": 1478.58740234,
  "Aris Limassol": 1478.18310547,
  "Jagiellonia": 1477.4362793,
  "Beer-Sheva": 1477.33544922,
  "Sturm Graz": 1476.93652344,
  "Mechelen": 1476.77941895,
  "Thun": 1473.66064453,
  "Cercle Brugge": 1473.52758789,
  "Heerenveen": 1473.2097168,
  "Hearts": 1467.33203125,
  "StGallen": 1460.8963623,
  "Craiova": 1458.68518066,
  "Molde": 1457.79956055,
  "Rio Ave": 1457.47229004,
  "Omonia": 1456.90466309,
  "Gyoer": 1456.43981934,
  "Jablonec": 1455.67626953,
  "Goeztepe": 1453.52929688,
  "Alverca": 1453.34277344,
  "SonderjyskE": 1452.72644043,
  "Celje": 1452.11120605,
  "Nacional": 1451.62194824,
  "Basel": 1451.24206543,
  "Rubin Kazan": 1449.72570801,
  "Go Ahead Eagles": 1448.53430176,
  "Malmoe": 1446.35791016,
  "Randers": 1445.69677734,
  "Legia": 1445.2755127,
  "Razgrad": 1444.45654297,
  "Gornik": 1441.21411133,
  "Universitatea Cluj": 1440.47607422,
  "Young Boys": 1440.16235352,
  "Lugano": 1439.6204834,
  "Hajduk": 1439.03515625,
  "Hradec Kralove": 1438.57189941,
  "Samsunspor": 1435.83959961,
  "Groningen": 1435.70983887,
  "Dynamo Kyiv": 1435.53735352,
  "LASK": 1435.23791504,
  "Steaua": 1433.15063477,
  "Casa Pia": 1431.65661621,
  "Rosenborg": 1431.6114502,
  "Sparta Rotterdam": 1431.4050293,
  "CFR Cluj": 1430.67126465,
  "Levski": 1430.2800293,
  "Sandefjord": 1429.99328613,
  "Silkeborg": 1428.27893066,
  "Katowice": 1425.33203125,
  "Rostov": 1424.74609375,
  "Pogon": 1423.77050781,
  "Odense": 1423.078125,
  "Slovan Liberec": 1420.8215332,
  "Konyaspor": 1420.21191406,
  "M Tel Aviv": 1419.57128906,
  "Sion": 1419.01269531,
  "IK Sirius": 1418.72021484,
  "Fredrikstad": 1417.29882812,
  "Zulte Waregem": 1414.58215332,
  "Servette": 1413.41101074,
  "Leuven": 1413.27185059,
  "Sarpsborg": 1411.18530273,
  "Rizespor": 1410.61535645,
  "Lubin": 1410.3371582,
  "Estrela Amadora": 1409.56848145,
  "Beitar": 1407.34204102,
  "Terek Grozny": 1406.51831055,
  "Piast Gliwice": 1404.32666016,
  "Lechia": 1403.65869141,
  "Austria Wien": 1403.02868652,
  "Aris": 1402.45153809,
  "Alanyaspor": 1401.30432129,
  "AIK": 1399.65039062,
  "Zwolle": 1398.88208008,
  "Rijeka": 1396.00561523,
  "Cracovia": 1395.24365234,
  "Levadeiakos": 1394.55786133,
  "Radomiak": 1393.16882324,
  "Motherwell": 1392.69763184,
  "Korona": 1392.61682129,
  "Hibernian": 1392.06567383,
  "Ham-Kam": 1391.54992676,
  "Luzern": 1390.24316406,
  "Elfsborg": 1390.01733398,
  "Motor Lublin": 1389.61328125,
  "Polissya Zhytomyr": 1387.66918945,
  "Tondela": 1387.30102539,
  "Valerenga": 1386.59350586,
  "Haecken": 1385.88146973,
  "Sittard": 1385.79492188,
  "Plock": 1384.72290039,
  "Atromitos": 1384.70703125,
  "Rapid Wien": 1384.13623047,
  "GAIS": 1383.86853027,
  "Kasimpasa": 1379.58532715,
  "Rapid Bucuresti": 1378.70666504,
  "Maccabi Haifa": 1375.06982422,
  "Fredericia": 1374.66674805,
  "Sigma Olomouc": 1373.69360352,
  "Paksi": 1372.6595459,
  "Gaziantep FK": 1372.65466309,
  "Hartberg": 1372.63989258,
  "Telstar": 1372.43127441,
  "Goeteborg": 1372.2590332,
  "Lillestrom": 1366.69750977,
  "Slovan Bratislava": 1366.51843262,
  "Widzew": 1366.38867188,