{
  "Real Madrid": 1942.6072998,
  "Barcelona": 1930.02905273,
  "Atlético": 1854.9519043,
  "Villarreal": 1788.73913574,
  "Betis": 1757.16638184,
  "Athletic": 1753.95202637,
  "Osasuna": 1689.31994629,
  "Sevilla": 1671.63964844,
  "Valencia": 1668.08288574,
  "Celta": 1667.99475098,
  "Rayo Vallecano": 1659.34338379,
  "Alaves": 1652.42651367,
  "Espanyol": 1650.07470703,
  "Real Sociedad": 1641.45458984,
  "Getafe": 1634.25244141,
  "Mallorca": 1626.76306152,
  "Levante": 1624.64916992,
  "Elche": 1613.94006348,
  "Girona": 1600.16943359,
  "Leganes": 1577.69946289,
  "Real Oviedo": 1570.90539551,
  "Las Palmas": 1563.28161621,
  "Almeria": 1540.58496094,
  "Cadiz": 1536.515625,
  "Racing": 1528.76257324,
  "Mirandes": 1526.43200684,
  "Depor": 1520.73291016,
  "Eibar": 1518.96533203,
  "Granada": 1503.54589844,
  "Huesca": 1497.48974609,
  "Albacete": 1489.34265137,
  "Burgos": 1483.90234375,
  "Valladolid": 1470.26013184,
  "Castellon": 1468.45483398,
  "Sporting": 1461.3807373,
  "Cordoba": 1459.32800293,
  "FC Andorra": 1458.43579102,
  "Malaga": 1437.44030762,
  "Ceuta": 1433.46240234,
  "Zaragoza": 1424.38549805,
  "Leonesa": 1422.09130859,
  "Sociedad B": 1410.30114746
}