{
  "Inter": 1922.140625,
  "Napoli": 1841.56433105,
  "Atalanta": 1836.71887207,
  "Roma": 1831.58300781,
  "Juventus": 1815.96606445,
  "Milan": 1802.16223145,
  "Lazio": 1755.03527832,
  "Bologna": 1740.51330566,
  "Fiorentina": 1727.08337402,
  "Torino": 1664.82104492,
  "Como": 1662.67248535,
  "Genoa": 1638.41003418,
  "Udinese": 1618.90490723,
  "Cagliari": 1616.70776367,
  "Sassuolo": 1604.20202637,
  "Parma": 1602.57885742,
  "Verona": 1588.46948242,
  "Lecce": 1570.36975098,
  "Cremonese": 1568.62084961,
  "Venezia": 1550.91906738,
  "Empoli": 1532.2166748,
  "Pisa": 1531.49938965,
  "Monza": 1502.47070312,
  "Frosinone": 1495.0793457,
  "Palermo": 1491.3651123,
  "Spezia": 1482.0213623,
  "Juve Stabia": 1466.3359375,
  "Modena": 1461.49108887,
  "Cesena": 1460.64440918,
  "Catanzaro": 1457.73779297,
  "Suedtirol": 1454.27990723,
  "Sampdoria": 1422.78466797,
  "Carrarese": 1420.16601562,
  "Bari": 1414.12255859,
  "Reggiana": 1410.10339355,
  "Avellino": 1397.72570801,
  "Padova": 1382.99584961,
  "Mantova": 1379.05883789,
  "Pescara": 1377.35266113,
  "Entella": 1365.26928711
}