{
  "PSG": 1967.92297363,
  "Marseille": 1785.99633789,
  "Lille": 1759.86865234,
  "Lens": 1753.53845215,
  "Lyon": 1739.76843262,
  "Monaco": 1713.60388184,
  "Strasbourg": 1700.33605957,
  "Rennais": 1691.72375488,
  "Toulouse": 1667.58691406,
  "Brest": 1656.07324219,
  "Lorient": 1603.57775879,
  "Nice": 1601.08776855,
  "Angers": 1582.10974121,
  "Auxerre": 1580.26391602,
  "Reims": 1561.93823242,
  "Le Havre": 1556.6315918,
  "Nantes": 1543.36096191,
  "Metz": 1542.69421387,
  "Paris FC": 1538.9864502,
  "Saint-Etienne": 1516.91845703,
  "Troyes": 1492.76098633,
  "Dunkerque": 1470.67541504,
  "Montpellier": 1464.22717285,
  "Annecy": 1436.08459473,
  "Le Mans": 1430.40014648,
  "Red Star": 1427.69067383,
  "Guingamp": 1427.40258789,
  "Rodez": 1420.79553223,
  "Grenoble": 1409.31298828,
  "Pau": 1402.64416504,
  "Clermont": 1397.70251465,
  "Laval": 1390.90795898,
  "Amiens": 1374.98364258,
  "Bastia": 1369.52319336,
  "Boulogne": 1361.83642578,
  "Nancy": 1358.32873535
}