{
  "Inter": 1924.94592285,
  "Napoli": 1846.2019043,
  "Atalanta": 1840.6184082,
  "Roma": 1819.60571289,
  "Juventus": 1817.69946289,
  "Milan": 1801.97973633,
  "Lazio": 1754.8527832,
  "Bologna": 1736.39807129,
  "Fiorentina": 1728.10644531,
  "Torino": 1664.6385498,
  "Como": 1662.48986816,
  "Genoa": 1638.22741699,
  "Udinese": 1618.72241211,
  "Cagliari": 1616.52514648,
  "Sassuolo": 1604.01940918,
  "Parma": 1602.39624023,
  "Verona": 1588.28686523,
  "Lecce": 1570.18713379,
  "Cremonese": 1568.43811035,
  "Venezia": 1550.1973877,
  "Pisa": 1531.31677246,
  "Empoli": 1530.00061035,
  "Monza": 1504.32165527,
  "Frosinone": 1503.66467285,
  "Palermo": 1491.72167969,
  "Spezia": 1480.94567871,
  "Juve Stabia": 1471.13366699,
  "Modena": 1461.32519531,
  "Catanzaro": 1457.75524902,
  "Suedtirol": 1453.09265137,
  "Cesena": 1451.69384766,
  "Sampdoria": 1422.40209961,
  "Carrarese": 1419.96679688,
  "Bari": 1413.70825195,
  "Reggiana": 1410.81396484,
  "Avellino": 1398.29211426,
  "Padova": 1382.06420898,
  "Pescara": 1378.17480469,
  "Mantova": 1373.89599609,
  "Entella": 1365.31835938
}