{
  "Arsenal": 2060.58544922,
  "Bayern Munich": 1996.32861328,
  "Barcelona": 1981.92468262,
  "Real Madrid": 1960.14782715,
  "PSG": 1951.34094238,
  "Manchester City": 1940.95397949,
  "Liverpool": 1926.35253906,
  "Inter": 1885.19238281,
  "Aston Villa": 1884.63330078,
  "Manchester United": 1880.53735352,
  "Sporting": 1872.36450195,
  "Atlético": 1869.68945312,
  "Chelsea": 1868.98364258,
  "Brighton": 1843.56848145,
  "Newcastle": 1840.26269531,
  "Borussia Dortmund": 1836.36315918,
  "Brentford": 1832.27929688,
  "Everton": 1831.13525391,
  "Benfica": 1826.02758789,
  "Bournemouth": 1822.14819336,
  "Porto": 1817.51416016,
  "Milan": 1815.24365234,
  "Leverkusen": 1803.96765137,
  "Fulham": 1801.15283203,
  "Napoli": 1798.3236084,
  "Crystal Palace": 1793.7277832,
  "Atalanta": 1791.8347168,
  "Forest": 1784.46337891,
  "Juventus": 1780.26696777,
  "Villarreal": 1769.25183105,
  "Roma": 1767.47277832,
  "Leeds": 1764.87512207,
  "Stuttgart": 1760.80151367,
  "Como": 1759.43005371,
  "RB Leipzig": 1757.37915039,
  "Betis": 1756.59863281,
  "Lens": 1756.51037598,
  "Tottenham": 1752.99536133,
  "PSV": 1748.97058105,
  "Celta": 1741.34631348,
  "Monaco": 1740.49609375,
  "West Ham": 1740.47595215,
  "Marseille": 1733.14941406,
  "Bodø/Glimt": 1726.40405273,
  "Saint-Gilloise": 1724.62182617,
  "Galatasaray": 1723.59155273,
  "Lille": 1723.06091309,
  "Brugge": 1721.59106445,
  "Lyon": 1720.39990234,
  "Athletic": 1720.02062988,
  "Lazio": 1716.48974609,
  "Strasbourg": 1709.69238281,
  "Braga": 1705.86364746,
  "Hoffenheim": 1705.52746582,
  "Sunderland": 1704.15039062,
  "Real Sociedad": 1703.09924316,
  "Wolverhampton": 1701.37658691,
  "Bologna": 1698.16491699,
  "Osasuna": 1696.53808594,
  "Freiburg": 1694.98962402,
  "Rennais": 1690.19482422,
  "Mainz": 1684.7833252,
  "Valencia": 1684.70117188,
  "Midtjylland": 1681.97802734,
  "Frankfurt": 1681.35070801,
  "Olympiacos": 1678.78027344,
  "Burnley": 1676.60107422,
  "Getafe": 1671.51464844,
  "Rayo Vallecano": 1668.83032227,
  "Slavia Prag": 1665.4630127,
  "Fiorentina": 1664.45080566,
  "Fenerbahce": 1659.50170898,
  "Zenit": 1657.19775391,
  "Girona": 1655.94445801,
  "Brest": 1648.37182617,
  "Toulouse": 1642.45910645,
  "Mallorca": 1633.14453125,
  "Genoa": 1632.8392334,
  "FC Krasnodar": 1632.22900391,
  "Espanyol": 1631.69384766,
  "Lorient": 1631.09033203,
  "Alaves": 1630.7479248,
  "Werder": 1629.99194336,
  "Udinese": 1629.91040039,
  "Sassuolo": 1628.82287598,
  "AEK": 1627.75732422,
  "Sevilla": 1624.4744873,
  "Gladbach": 1623.78149414,
  "Torino": 1621.71154785,
  "Levante": 1616.21887207,
  "Union Berlin": 1614.8104248,
  "Augsburg": 1611.36499023,
  "Elche": 1609.88037109,
  "PAOK": 1607.21765137,
  "Feyenoord": 1600.70007324,
  "Ajax": 1593.76757812,
  "Viking": 1593.67456055,
  "Hamburg": 1592.36584473,
  "Crvena Zvezda": 1584.87158203,
  "Parma": 1583.33337402,
  "Genk": 1583.08959961,
  "Wolfsburg": 1582.13391113,
  "Auxerre": 1581.42114258,
  "Aarhus": 1580.12207031,
  "Nice": 1577.08703613,
  "Cagliari": 1573.74328613,
  "Famalicao": 1569.1965332,
  "Viktoria Plzen": 1569.14001465,
  "Dinamo Zagreb": 1568.90002441,
  "Koeln": 1566.64135742,
  "Real Oviedo": 1566.59802246,
  "Paris FC": 1566.03967285,
  "Shakhtar": 1565.59790039,
  "Panathinaikos": 1565.49487305,
  "St Pauli": 1561.83935547,
  "Pafos": 1561.03271484,
  "Twente": 1560.1940918,
  "Lecce": 1558.04772949,
  "Lok Moskva": 1555.28356934,
  "Le Havre": 1555.16137695,
  "CSKA Moskva": 1554.62365723,
  "Qarabag FK": 1554.37609863,
  "Alkmaar": 1554.20373535,
  "Sparta Praha": 1552.35229492,
  "Trabzonspor": 1551.88964844,
  "Spartak Moskva": 1550.99316406,
  "Copenhagen": 1545.57470703,
  "Angers": 1543.8737793,
  "Rangers": 1543.4206543,
  "Celtic": 1542.76330566,
  "Cremonese": 1539.58105469,
  "Nijmegen": 1539.23217773,
  "Dynamo Moskva": 1538.52539062,
  "Brondby": 1537.26672363,
  "Besiktas": 1535.08483887,
  "St Truiden": 1534.45532227,
  "Nordsjaelland": 1533.41796875,
  "Gil Vicente": 1531.44165039,
  "Anderlecht": 1529.37011719,
  "Utrecht": 1527.43261719,
  "Guimaraes": 1526.12805176,
  "Estoril": 1519.33630371,
  "Viborg": 1514.31018066,
  "Nantes": 1513.09765625,
  "Gent": 1512.00354004,
  "Verona": 1511.71850586,
  "Ferencvaros": 1510.86340332,
  "Heidenheim": 1508.91137695,
  "Brann": 1508.12561035,
  "Lech": 1507.08703613,
  "Mechelen": 1506.58789062,
  "Rakow": 1505.65441895,
  "Pisa": 1504.93835449,
  "Metz": 1501.89465332,
  "Tromso": 1500.22570801,
  "Bueyueksehir": 1496.25366211,
  "Antwerp": 1495.95983887,
  "Larnaca": 1494.35534668,
  "Moreirense": 1490.5423584,
  "Westerlo": 1489.14929199,
  "Baltika": 1484.52722168,
  "Arouca": 1481.27197266,
  "RB Salzburg": 1479.70593262,
  "Santa Clara": 1478.19091797,
  "Aris Limassol": 1478.18310547,
  "Heerenveen": 1477.33105469,
  "Charleroi": 1476.13891602,
  "Thun": 1472.40759277,
  "SonderjyskE": 1472.22570801,
  "Sturm Graz": 1471.49902344,
  "Standard": 1470.47875977,
  "Beer-Sheva": 1468.04675293,
  "Jagiellonia": 1466.73901367,
  "Randers": 1466.00256348,
  "Molde": 1465.16784668,
  "Rio Ave": 1463.41479492,
  "Basel": 1462.49304199,
  "Craiova": 1460.07006836,
  "Sparta Rotterdam": 1458.57861328,
  "Hearts": 1458.07922363,
  "StGallen": 1457.75402832,
  "Omonia": 1456.90466309,
  "Razgrad": 1456.57702637,
  "Leuven": 1451.33666992,
  "Rubin Kazan": 1449.72570801,
  "Cercle Brugge": 1449.03564453,
  "Goeztepe": 1448.26916504,
  "Dynamo Kyiv": 1448.25488281,
  "CFR Cluj": 1443.49230957,
  "Jablonec": 1442.8996582,
  "Casa Pia": 1440.49230957,
  "Young Boys": 1440.4041748,
  "Go Ahead Eagles": 1438.12194824,
  "Groningen": 1435.84863281,
  "Levski": 1434.30688477,
  "Slovan Liberec": 1433.31274414,
  "Celje": 1432.70080566,
  "Silkeborg": 1432.69396973,
  "Pogon": 1431.58605957,
  "Gyoer": 1431.23059082,
  "Alverca": 1430.62365723,
  "Malmoe": 1430.48388672,
  "Rosenborg": 1430.28466797,
  "Steaua": 1429.9831543,
  "Austria Wien": 1428.28405762,
  "Legia": 1427.8458252,
  "Hajduk": 1427.31811523,
  "Fredrikstad": 1426.04516602,
  "Universitatea Cluj": 1425.90710449,
  "Piast Gliwice": 1425.68054199,
  "Lugano": 1425.2590332,
  "Rostov": 1424.74597168,
  "Samsunspor": 1424.57312012,
  "Zwolle": 1424.20715332,
  "Sarpsborg": 1423.67138672,
  "Estrela Amadora": 1423.51806641,
  "Lubin": 1422.84265137,
  "Gornik": 1422.66137695,
  "Nacional": 1422.54589844,
  "M Tel Aviv": 1417.34472656,
  "Cracovia": 1417.14624023,
  "Odense": 1415.2755127,
  "Alanyaspor": 1415.08203125,
  "Levadeiakos": 1411.56298828,
  "LASK": 1411.07556152,
  "Sandefjord": 1411.06665039,
  "Hibernian": 1409.82214355,
  "Katowice": 1409.63366699,
  "Hradec Kralove": 1409.58947754,
  "Rizespor": 1407.27612305,
  "Korona": 1407.04748535,
  "Terek Grozny": 1406.51818848,
  "Sittard": 1404.35632324,
  "Lechia": 1404.22375488,
  "Valerenga": 1404.17285156,
  "Ham-Kam": 1401.51831055,
  "Luzern": 1400.79284668,
  "Servette": 1399.93945312,
  "Aris": 1399.71679688,
  "Motherwell": 1398.75463867,
  "Rijeka": 1396.43591309,
  "Maccabi Haifa": 1396.15625,
  "RAAL": 1395.62219238,
  "Radomiak": 1395.02502441,
  "Tondela": 1394.94543457,
  "Sion": 1394.60046387,
  "AIK": 1393.45727539,
  "Motor Lublin": 1392.39355469,
  "Rapid Bucuresti": 1392.28930664,
  "Sigma Olomouc": 1392.02087402,
  "Rapid Wien": 1391.25561523,
  "Konyaspor": 1387.90942383,
  "Polissya Zhytomyr": 1385.89733887,
  "Beitar": 1384.28881836,
  "Gaziantep FK": 1383.78723145,
  "Telstar": 1380.22680664,
  "Zulte Waregem": 1379.85717773,
  "Fredericia": 1379.57421875,
  "Banik Ostrava": 1379.33630371,
  "KFUM Oslo": 1377.11804199,
  "Hartberg": 1375.5012207,
  "Paksi": 1373.54064941,
  "Lausanne": 1372.03955078,
  "Plock": 1371.36425781,
  "Atromitos": 1370.18896484,
  "Kasimpasa": 1367.58947754,
  "Slovan Bratislava": 1366.51843262,
  "Kryliya Sovetov": 1366.14477539,
  "Dender": 1364.13916016,
  "Maribor": 1362.19458008,
  "Widzew": 1362.06774902,
  "Wolfsberg": 1361.46801758,
  "Akron Togliatti": 1360.69018555,