{
  "Barcelona": 1957.69152832,
  "Real Madrid": 1941.79711914,
  "Atletico": 1862.23986816,
  "Athletic": 1818.80786133,
  "Betis": 1760.04907227,
  "Villarreal": 1759.56115723,
  "Celta": 1688.61291504,
  "Sociedad": 1688.1842041,
  "Osasuna": 1686.34887695,
  "Valencia": 1683.16052246,
  "Mallorca": 1665.2052002,
  "Espanyol": 1664.32067871,
  "Sevilla": 1661.07434082,
  "Getafe": 1659.07580566,
  "Girona": 1657.63220215,
  "Rayo Vallecano": 1643.26025391,
  "Alaves": 1640.14904785,
  "Las Palmas": 1612.86877441,
  "Levante": 1596.23510742,
  "Elche": 1589.63830566,
  "Leganes": 1585.63037109,
  "Oviedo": 1564.28955078,
  "Santander": 1560.98425293,
  "Granada": 1558.7520752,
  "Almeria": 1541.83374023,
  "Cadiz": 1537.97912598,
  "Mirandes": 1533.96044922,
  "Huesca": 1527.41479492,
  "Eibar": 1518.96789551,
  "Albacete": 1511.22814941,
  "Valladolid": 1499.94836426,
  "Burgos": 1495.42468262,
  "Depor": 1493.04724121,
  "Cordoba": 1492.39208984,
  "Gijon": 1491.86047363,
  "Castellon": 1465.85693359,
  "Tenerife": 1459.49523926,
  "Zaragoza": 1457.35583496,
  "Malaga": 1457.3170166,
  "Eldense": 1431.20788574,
  "Ferrol": 1368.22558594,
  "Cartagena": 1335.2791748
}