{
  "Real Madrid": 1958.60986328,
  "Barcelona": 1925.62817383,
  "Atletico": 1883.91931152,
  "Athletic": 1801.01074219,
  "Villarreal": 1769.08679199,
  "Sociedad": 1716.07067871,
  "Betis": 1714.44421387,
  "Girona": 1689.2010498,
  "Sevilla": 1679.25598145,
  "Osasuna": 1672.01281738,
  "Celta": 1671.06164551,
  "Rayo Vallecano": 1661.55297852,
  "Getafe": 1656.94946289,
  "Mallorca": 1656.75708008,
  "Valencia": 1644.76013184,
  "Alaves": 1618.6809082,
  "Espanyol": 1618.03601074,
  "Las Palmas": 1591.43835449,
  "Leganes": 1590.43603516,
  "Levante": 1578.25219727,
  "Huesca": 1567.29345703,
  "Almeria": 1563.5859375,
  "Oviedo": 1557.49047852,
  "Elche": 1557.33349609,
  "Santander": 1546.51367188,
  "Mirandes": 1543.3182373,
  "Cadiz": 1539.5612793,
  "Granada": 1532.51208496,
  "Valladolid": 1531.71032715,
  "Gijon": 1509.76940918,
  "Eibar": 1503.74084473,
  "Albacete": 1487.28820801,
  "Depor": 1485.60681152,
  "Cordoba": 1484.09570312,
  "Zaragoza": 1481.20532227,
  "Malaga": 1474.86157227,
  "Castellon": 1461.20739746,
  "Burgos": 1455.14770508,
  "Eldense": 1426.29541016,
  "Tenerife": 1406.61120605,
  "Ferrol": 1391.94055176,
  "Cartagena": 1354.85522461
}