{
  "Arsenal": 2046.82849121,
  "Manchester City": 1999.296875,
  "Bayern Munich": 1993.19519043,
  "PSG": 1967.92297363,
  "Barcelona": 1944.59594727,
  "Liverpool": 1944.39233398,
  "Aston Villa": 1928.16650391,
  "Inter": 1922.83178711,
  "Real Madrid": 1910.13195801,
  "Chelsea": 1891.30847168,
  "Atlético": 1875.27600098,
  "Borussia Dortmund": 1861.64123535,
  "Newcastle": 1857.26745605,
  "Leverkusen": 1856.76281738,
  "Manchester United": 1833.29650879,
  "Brighton": 1829.82409668,
  "Sporting": 1828.23950195,
  "Brentford": 1824.1138916,
  "Milan": 1822.04956055,
  "Napoli": 1821.4095459,
  "Tottenham": 1814.06420898,
  "Juventus": 1812.42370605,
  "Crystal Palace": 1806.82299805,
  "Roma": 1806.66320801,
  "PSV": 1806.55822754,
  "Benfica": 1805.18359375,
  "Everton": 1802.27233887,
  "Fulham": 1796.44970703,
  "Atalanta": 1792.70251465,
  "Bournemouth": 1791.45446777,
  "Marseille": 1785.99633789,
  "Forest": 1776.1418457,
  "Porto": 1773.93505859,
  "Villarreal": 1765.24865723,
  "Betis": 1762.53942871,
  "RB Leipzig": 1760.5579834,
  "Lille": 1759.86865234,
  "Lens": 1753.53845215,
  "Bologna": 1749.17687988,
  "Lazio": 1748.44189453,
  "Leeds": 1748.40881348,
  "Stuttgart": 1743.76623535,
  "Lyon": 1739.76843262,
  "Frankfurt": 1727.28552246,
  "Freiburg": 1722.75695801,
  "West Ham": 1721.38195801,
  "Galatasaray": 1718.75927734,
  "Brugge": 1716.35644531,
  "Monaco": 1713.60388184,
  "Como": 1711.64221191,
  "Athletic": 1710.44921875,
  "Fenerbahce": 1702.97949219,
  "Strasbourg": 1700.33605957,
  "Saint-Gilloise": 1699.25744629,
  "Burnley": 1698.24462891,
  "Rennais": 1691.72375488,
  "Celta": 1691.60314941,
  "Hoffenheim": 1690.6229248,
  "Slavia Prag": 1683.95495605,
  "Espanyol": 1683.09313965,
  "Midtjylland": 1678.73022461,
  "Braga": 1678.58361816,
  "Olympiacos": 1677.50927734,
  "Sunderland": 1674.57055664,
  "Toulouse": 1667.58691406,
  "Zenit": 1662.57800293,
  "Werder": 1661.1607666,
  "Osasuna": 1659.74353027,
  "Brest": 1656.07324219,
  "Torino": 1653.01293945,
  "Mainz": 1652.64819336,
  "Union Berlin": 1649.57556152,
  "Bodø/Glimt": 1648.58691406,
  "Valencia": 1646.72106934,
  "Fiorentina": 1645.16540527,
  "Gladbach": 1643.26513672,
  "Wolfsburg": 1642.90844727,
  "Wolverhampton": 1640.97424316,
  "FC Krasnodar": 1639.16955566,
  "Real Sociedad": 1638.15905762,
  "Rayo Vallecano": 1635.77929688,
  "Mallorca": 1635.26623535,
  "Sevilla": 1635.00964355,
  "Sassuolo": 1630.54138184,
  "Feyenoord": 1621.54003906,
  "Genoa": 1620.06188965,
  "Augsburg": 1619.00939941,
  "Udinese": 1616.45800781,
  "Elche": 1616.41003418,
  "Alaves": 1615.62219238,
  "Getafe": 1612.9387207,
  "Cagliari": 1608.60229492,
  "PAOK": 1605.49780273,
  "AEK": 1604.1920166,
  "Lorient": 1603.57775879,
  "Nice": 1601.08776855,
  "Ajax": 1599.69555664,
  "Copenhagen": 1596.06958008,
  "CSKA Moskva": 1595.08752441,
  "Girona": 1594.56176758,
  "Parma": 1593.94042969,
  "Cremonese": 1588.92358398,
  "Koeln": 1584.80480957,
  "Hamburg": 1583.5847168,
  "Angers": 1582.10974121,
  "Auxerre": 1580.26391602,
  "Viking": 1579.44628906,
  "Verona": 1579.20690918,
  "Lok Moskva": 1576.38354492,
  "Celtic": 1575.81652832,
  "Genk": 1575.73095703,
  "Sparta Praha": 1573.60021973,
  "Levante": 1569.92651367,
  "Aarhus": 1569.44274902,
  "St Pauli": 1567.62573242,
  "Lecce": 1567.40063477,
  "Viktoria Plzen": 1566.25012207,
  "Crvena Zvezda": 1564.32727051,
  "Anderlecht": 1563.14587402,
  "Alkmaar": 1560.86547852,
  "Le Havre": 1556.6315918,
  "Guimaraes": 1554.44213867,
  "Heidenheim": 1552.06176758,
  "Brondby": 1551.41638184,
  "Pafos": 1550.84570312,
  "Mjaellby": 1550.62683105,
  "Spartak Moskva": 1550.35656738,
  "Rakow": 1549.48986816,
  "Qarabag": 1545.95727539,
  "Shakhtar": 1544.38671875,
  "Twente": 1544.05664062,
  "Famalicao": 1543.81872559,
  "Nantes": 1543.36096191,
  "Real Oviedo": 1543.00891113,
  "Metz": 1542.69421387,
  "Paris FC": 1538.9864502,
  "Panathinaikos": 1538.58056641,
  "Ferencvaros": 1532.36474609,
  "Pisa": 1531.35839844,
  "Antwerp": 1530.76013184,
  "Brann": 1523.38964844,
  "Dinamo Zagreb": 1523.24743652,
  "Utrecht": 1520.79321289,
  "St Truiden": 1516.98608398,
  "Nijmegen": 1516.74389648,
  "Trabzonspor": 1515.1451416,
  "Basel": 1513.16247559,
  "Hammarby": 1512.31005859,
  "Jagiellonia": 1507.79370117,
  "Lech": 1506.54089355,
  "Rangers": 1506.07617188,
  "Nordsjaelland": 1504.32421875,
  "Dynamo Moskva": 1504.17382812,
  "Besiktas": 1503.39880371,
  "Larnaca": 1500.74157715,
  "RB Salzburg": 1500.28076172,
  "Gil Vicente": 1498.93884277,
  "Mechelen": 1494.0604248,
  "Charleroi": 1493.83447266,
  "Jablonec": 1493.39147949,
  "Moreirense": 1493.32983398,
  "Estoril": 1491.95922852,
  "Djurgarden": 1487.02807617,
  "Omonia": 1485.03100586,
  "Aris Limassol": 1482.75549316,
  "Viborg": 1481.81420898,
  "Bueyueksehir": 1481.52307129,
  "Baltika": 1477.88574219,
  "Gent": 1477.54553223,
  "Young Boys": 1472.86413574,
  "Santa Clara": 1469.25378418,
  "Westerlo": 1467.3079834,
  "Beer-Sheva": 1466.42431641,
  "SonderjyskE": 1466.10327148,
  "Goeztepe": 1463.14086914,
  "Slovan Liberec": 1460.30212402,
  "Randers": 1459.92492676,
  "Tromso": 1459.36474609,
  "StGallen": 1459.32373047,
  "Rio Ave": 1458.38464355,
  "Steaua": 1457.61413574,
  "Craiova": 1454.93603516,
  "Razgrad": 1452.71508789,
  "Heerenveen": 1451.96520996,
  "Hearts": 1451.04711914,
  "Sturm Graz": 1449.43029785,
  "Go Ahead Eagles": 1447.62780762,
  "Malmoe": 1444.98327637,
  "Samsunspor": 1443.88000488,
  "Arouca": 1443.6295166,
  "Molde": 1443.29150391,
  "Silkeborg": 1441.70019531,
  "Pogon": 1440.42907715,
  "M Tel Aviv": 1440.20349121,
  "Standard": 1440.10644531,
  "Cracovia": 1438.89404297,
  "Celje": 1438.73840332,
  "Gornik": 1438.04870605,
  "Sparta Rotterdam": 1435.85717773,
  "Rostov": 1435.17077637,
  "Rosenborg": 1435.16918945,
  "Casa Pia": 1434.64001465,
  "Lugano": 1431.5871582,
  "Rubin Kazan": 1430.16821289,
  "Cercle Brugge": 1429.97241211,
  "Aris": 1429.04821777,
  "Lausanne": 1426.81164551,
  "Piast Gliwice": 1426.75805664,
  "Groningen": 1426.06518555,
  "Hradec Kralove": 1425.32458496,
  "Legia": 1424.8482666,
  "Nacional": 1423.88928223,
  "LASK": 1422.95361328,
  "Radomiak": 1420.61621094,
  "Alanyaspor": 1419.68188477,
  "Dynamo Kyiv": 1418.65649414,
  "Gyoer": 1417.51379395,
  "Levski": 1417.18493652,
  "Servette": 1416.87158203,
  "Estrela Amadora": 1416.78161621,
  "Hajduk": 1416.04467773,
  "Sandefjord": 1413.25292969,
  "Leuven": 1413.09655762,
  "Lubin": 1412.80822754,
  "GAIS": 1412.19641113,
  "Austria Wien": 1411.39257812,
  "Odense": 1411.02819824,
  "Korona": 1410.82287598,
  "Wolfsberg": 1410.58874512,
  "Levadeiakos": 1409.29187012,
  "Fredrikstad": 1409.15246582,
  "Zwolle": 1405.46081543,
  "Paksi": 1404.53601074,
  "Goeteborg": 1403.22033691,
  "Rijeka": 1402.22583008,
  "Hibernian": 1402.19677734,
  "Sittard": 1400.65197754,
  "Alverca": 1398.48168945,
  "AIK": 1397.91638184,
  "Plock": 1397.70581055,
  "Thun": 1395.64331055,
  "Rapid Bucuresti": 1393.86047363,
  "IK Sirius": 1392.99865723,
  "Puskas Akademia": 1391.77893066,
  "Maccabi Haifa": 1391.73254395,
  "Banik Ostrava": 1391.3581543,
  "Sarpsborg": 1390.17114258,
  "Luzern": 1389.68664551,
  "Katowice": 1389.47314453,
  "Terek Grozny": 1387.9239502,
  "Karvina": 1387.6574707,
  "Gaziantep FK": 1386.63293457,
  "Kasimpasa": 1386.41772461,
  "Rizespor": 1385.88464355,
  "CFR Cluj": 1383.77929688,
  "Lechia": 1383.5880127,
  "Sion": 1381.40686035,
  "Zulte Waregem": 1381.09643555,
  "Elfsborg": 1380.32373047,
  "Kryliya Sovetov": 1378.48657227,
  "Partizan": 1376.95532227,
  "Hartberg": 1375.34484863,
  "Akron Togliatti": 1374.86291504,
  "Sigma Olomouc": 1373.72460938,
  "Haecken": 1372.67370605,
  "Zuerich": 1371.44104004,
  "Ham-Kam": 1370.54052734,
  "Beitar": 1370.50061035,
  "Kocaelispor": 1368.64111328,
  "Motor Lublin": 1368.35766602,
  "Dender": 1367.92407227,
  "Slovan Bratislava": 1366.51843262,
  "Konyaspor": 1365.9576416,