{
  "Arsenal": 2030.32324219,
  "Manchester City": 1968.05993652,
  "Liverpool": 1926.50158691,
  "Aston Villa": 1903.48901367,
  "Chelsea": 1888.96740723,
  "Newcastle": 1871.76660156,
  "Crystal Palace": 1847.88549805,
  "Brighton": 1840.23632812,
  "Manchester United": 1828.75476074,
  "Tottenham": 1819.96508789,
  "Everton": 1810.46057129,
  "Brentford": 1805.55163574,
  "Bournemouth": 1800.16821289,
  "Fulham": 1770.27612305,
  "Forest": 1764.83813477,
  "West Ham": 1733.7401123,
  "Leeds": 1725.08105469,
  "Burnley": 1695.91333008,
  "Sunderland": 1652.08825684,
  "Wolverhampton": 1647.01037598,
  "Coventry": 1624.44970703,
  "Ipswich": 1603.06176758,
  "Middlesbrough": 1575.39648438,
  "Leicester": 1573.72937012,
  "Southampton": 1559.62060547,
  "Sheffield United": 1557.04858398,
  "Millwall": 1533.38513184,
  "Bristol City": 1523.73608398,
  "Preston": 1515.9654541,
  "Stoke": 1512.9342041,
  "QPR": 1503.31884766,
  "West Brom": 1500.43664551,
  "Watford": 1496.99121094,
  "Hull": 1495.70507812,
  "Blackburn": 1493.48291016,
  "Derby": 1484.09130859,
  "Swansea": 1481.58874512,
  "Wrexham": 1481.30603027,
  "Birmingham": 1473.39807129,
  "Norwich": 1449.49621582,
  "Oxford": 1449.39550781,
  "Charlton": 1440.45458984,
  "Portsmouth": 1439.31091309,
  "Sheffield Weds": 1404.21105957
}