{
  "Inter": 1942.89575195,
  "Atalanta": 1830.01037598,
  "Napoli": 1820.09936523,
  "Roma": 1818.28771973,
  "Milan": 1807.04003906,
  "Juventus": 1799.22351074,
  "Lazio": 1753.22033691,
  "Bologna": 1748.99597168,
  "Fiorentina": 1714.81665039,
  "Como": 1681.92346191,
  "Torino": 1678.42150879,
  "Genoa": 1631.43444824,
  "Udinese": 1615.74609375,
  "Sassuolo": 1611.46533203,
  "Cagliari": 1607.71276855,
  "Parma": 1593.2824707,
  "Lecce": 1578.39550781,
  "Verona": 1577.77148438,
  "Cremonese": 1565.09558105,
  "Venezia": 1559.49279785,
  "Empoli": 1535.03161621,
  "Pisa": 1524.50012207,
  "Monza": 1517.44665527,
  "Palermo": 1496.93212891,
  "Frosinone": 1483.13476562,
  "Modena": 1468.65014648,
  "Juve Stabia": 1462.73669434,
  "Spezia": 1460.60900879,
  "Cesena": 1449.8848877,
  "Suedtirol": 1443.66064453,
  "Catanzaro": 1439.22631836,
  "Carrarese": 1432.49230957,
  "Reggiana": 1429.45837402,
  "Sampdoria": 1418.47631836,
  "Bari": 1408.54321289,
  "Avellino": 1387.04150391,
  "Padova": 1385.37658691,
  "Mantova": 1375.03015137,
  "Entella": 1369.87780762,
  "Pescara": 1366.97412109
}