{
  "PSG": 1974.93762207,
  "Manchester City": 1959.94421387,
  "Real Madrid": 1936.12731934,
  "Inter": 1933.2421875,
  "Bayern Munich": 1918.9979248,
  "Chelsea": 1902.8013916,
  "Atlético": 1855.34960938,
  "Borussia Dortmund": 1818.3503418,
  "Juventus": 1805.84655762,
  "Benfica": 1791.48046875,
  "Palmeiras": 1746.951269650117,
  "Botafogo": 1746.951269650117,
  "Flamengo": 1746.951269650117,
  "Fluminense": 1746.951269650117,
  "Boca Juniors": 1705.8736141350782,
  "River Plate": 1705.8736141350782,
  "Porto": 1678.19543457,
  "Seattle": 1664.79595862004,
  "Los Ángeles FC": 1664.79595862004,
  "Inter Miami": 1644.2571308625206,
  "Monterrey": 1644.2571308625206,
  "Urawa Reds": 1623.7183031050013,
  "Pachuca": 1623.7183031050013,
  "RB Salzburg": 1558.85534668,
  "Al-Ain": 1521.0241643174052,
  "Al-Hilal": 1521.0241643174052,
  "Ahly SC": 1500.485336559886,
  "Ulsan HD": 1500.485336559886,
  "Sundowns": 1459.4076810448473,
  "Wydad AC": 1438.8688532873282,
  "Esperance": 1397.7911977722897,
  "Auckland City": 987.014642621905
}