{
  "Bayern Munich": 2013.95349121,
  "Borussia Dortmund": 1855.16845703,
  "Leverkusen": 1816.88562012,
  "RB Leipzig": 1772.11914062,
  "Stuttgart": 1759.59301758,
  "Freiburg": 1715.01147461,
  "Mainz": 1712.0435791,
  "Hoffenheim": 1704.66394043,
  "Frankfurt": 1685.75,
  "Werder": 1632.84851074,
  "Gladbach": 1628.1776123,
  "Augsburg": 1621.03308105,
  "Union Berlin": 1620.74682617,
  "Hamburg": 1600.29443359,
  "Wolfsburg": 1586.81262207,
  "Koeln": 1579.83874512,
  "St Pauli": 1573.49963379,
  "Paderborn": 1540.9642334,
  "Elversberg": 1529.2956543,
  "Heidenheim": 1522.11193848,
  "Hannover": 1514.74731445,
  "Hertha": 1513.74365234,
  "Darmstadt": 1511.22802734,
  "Schalke": 1507.20019531,
  "Bochum": 1485.02441406,
  "Lautern": 1470.42102051,
  "Holstein": 1454.32092285,
  "Nuernberg": 1453.77001953,
  "Karlsruhe": 1447.96704102,
  "Magdeburg": 1433.00268555,
  "Duesseldorf": 1426.78857422,
  "Bielefeld": 1397.44104004,
  "Dresden": 1393.56994629,
  "Fuerth": 1385.44262695,
  "Braunschweig": 1377.58215332,
  "Muenster": 1374.59887695
}