{
  "Bayern Munich": 1979.81762695,
  "Borussia Dortmund": 1833.76489258,
  "Leverkusen": 1807.77819824,
  "Stuttgart": 1754.35986328,
  "RB Leipzig": 1748.4753418,
  "Hoffenheim": 1719.13928223,
  "Freiburg": 1699.47814941,
  "Frankfurt": 1674.47070312,
  "Mainz": 1642.55932617,
  "Union Berlin": 1629.49035645,
  "Werder": 1627.60046387,
  "Gladbach": 1617.06420898,
  "Augsburg": 1608.48791504,
  "Wolfsburg": 1607.65722656,
  "Koeln": 1580.03198242,
  "Hamburg": 1565.04760742,
  "St Pauli": 1548.3092041,
  "Heidenheim": 1527.97045898,
  "Elversberg": 1521.55102539,
  "Paderborn": 1510.99755859,
  "Darmstadt": 1509.42126465,
  "Bochum": 1499.87792969,
  "Holstein": 1495.00708008,
  "Hannover": 1493.83288574,
  "Schalke": 1484.66894531,
  "Lautern": 1474.73803711,
  "Hertha": 1470.67260742,
  "Karlsruhe": 1452.08618164,
  "Duesseldorf": 1429.64465332,
  "Nuernberg": 1423.12304688,
  "Magdeburg": 1423.09387207,
  "Muenster": 1391.80554199,
  "Bielefeld": 1375.58813477,
  "Braunschweig": 1363.68835449,
  "Dresden": 1352.0456543,
  "Fuerth": 1351.4765625
}