{
  "Inter": 1929.4263916,
  "Napoli": 1850.68237305,
  "Atalanta": 1845.09887695,
  "Roma": 1835.8807373,
  "Juventus": 1822.17980957,
  "Milan": 1806.46020508,
  "Lazio": 1759.33312988,
  "Bologna": 1744.8112793,
  "Fiorentina": 1731.38122559,
  "Torino": 1669.11889648,
  "Como": 1666.97021484,
  "Genoa": 1642.70788574,
  "Udinese": 1623.20288086,
  "Cagliari": 1621.00561523,
  "Sassuolo": 1608.49975586,
  "Parma": 1606.87670898,
  "Verona": 1592.76733398,
  "Lecce": 1574.66760254,
  "Cremonese": 1572.9185791,
  "Venezia": 1554.67773438,
  "Pisa": 1535.79724121,
  "Empoli": 1534.48095703,
  "Monza": 1508.80200195,
  "Frosinone": 1508.1451416,
  "Palermo": 1496.20214844,
  "Spezia": 1485.42602539,
  "Juve Stabia": 1475.61401367,
  "Modena": 1465.80554199,
  "Catanzaro": 1462.2355957,
  "Suedtirol": 1457.57299805,
  "Cesena": 1456.17431641,
  "Sampdoria": 1426.88244629,
  "Carrarese": 1424.44726562,
  "Bari": 1418.1887207,
  "Reggiana": 1415.29443359,
  "Avellino": 1402.77246094,
  "Padova": 1386.54467773,
  "Pescara": 1382.65515137,
  "Mantova": 1378.37634277,
  "Entella": 1369.79882812
}