{
  "Barcelona": 1960.54724121,
  "Real Madrid": 1954.09667969,
  "Atlético": 1835.56054688,
  "Villarreal": 1790.44787598,
  "Athletic": 1763.55358887,
  "Betis": 1738.46936035,
  "Osasuna": 1696.41394043,
  "Valencia": 1690.50378418,
  "Celta": 1672.21801758,
  "Rayo Vallecano": 1660.13562012,
  "Espanyol": 1658.3046875,
  "Real Sociedad": 1653.64453125,
  "Alaves": 1652.10412598,
  "Getafe": 1643.58703613,
  "Sevilla": 1638.35693359,
  "Mallorca": 1624.38769531,
  "Elche": 1611.64404297,
  "Levante": 1609.97644043,
  "Girona": 1592.57043457,
  "Leganes": 1584.58154297,
  "Real Oviedo": 1574.47546387,
  "Las Palmas": 1568.89465332,
  "Cadiz": 1548.77392578,
  "Mirandes": 1539.85644531,
  "Racing": 1533.32263184,
  "Eibar": 1531.37609863,
  "Almeria": 1529.3951416,
  "Depor": 1520.86450195,
  "Huesca": 1502.14624023,
  "Granada": 1486.4609375,
  "Burgos": 1485.71289062,
  "Valladolid": 1483.09130859,
  "Sporting": 1481.31079102,
  "Albacete": 1480.6809082,
  "FC Andorra": 1455.02490234,
  "Malaga": 1452.03735352,
  "Cordoba": 1449.96679688,
  "Castellon": 1447.07275391,
  "Zaragoza": 1421.8972168,
  "Sociedad B": 1420.19616699,
  "Ceuta": 1420.09179688,
  "Leonesa": 1411.50097656
}