{
  "Bayern Munich": 1929.6138916,
  "Leverkusen": 1832.09094238,
  "Borussia Dortmund": 1819.77734375,
  "Frankfurt": 1763.71960449,
  "Stuttgart": 1716.10876465,
  "RB Leipzig": 1715.88598633,
  "Mainz": 1698.22412109,
  "Werder": 1673.16027832,
  "Wolfsburg": 1656.85339355,
  "Freiburg": 1653.08862305,
  "Augsburg": 1632.73693848,
  "Gladbach": 1625.48400879,
  "Union Berlin": 1622.51391602,
  "Hoffenheim": 1613.91174316,
  "St Pauli": 1595.51489258,
  "Koeln": 1583.42541504,
  "Hamburg": 1547.15588379,
  "Heidenheim": 1545.38525391,
  "Elversberg": 1514.91540527,
  "Bochum": 1512.37194824,
  "Hannover": 1511.32702637,
  "Holstein": 1511.18188477,
  "Karlsruhe": 1499.2298584,
  "Paderborn": 1489.00195312,
  "Duesseldorf": 1480.93017578,
  "Darmstadt": 1458.18847656,
  "Lautern": 1452.76074219,
  "Hertha": 1438.80200195,
  "Magdeburg": 1435.59692383,
  "Schalke": 1428.43518066,
  "Muenster": 1424.75244141,
  "Nuernberg": 1410.51965332,
  "Fuerth": 1404.98339844,
  "Braunschweig": 1386.57336426,
  "Bielefeld": 1373.46850586,
  "Dresden": 1334.34448242
}