{
  "Arsenal": 2038.40356445,
  "Manchester City": 1997.45166016,
  "Liverpool": 1979.05993652,
  "Chelsea": 1906.93029785,
  "Aston Villa": 1886.1517334,
  "Newcastle": 1866.84362793,
  "Crystal Palace": 1857.00512695,
  "Brighton": 1846.7109375,
  "Bournemouth": 1834.43322754,
  "Manchester United": 1834.21850586,
  "Tottenham": 1830.28137207,
  "Brentford": 1829.35388184,
  "Everton": 1803.57629395,
  "Fulham": 1778.92578125,
  "Forest": 1764.1340332,
  "West Ham": 1738.09814453,
  "Burnley": 1728.8380127,
  "Leeds": 1721.37719727,
  "Wolverhampton": 1682.49267578,
  "Sunderland": 1650.20410156,
  "Coventry": 1631.46105957,
  "Ipswich": 1606.4050293,
  "Leicester": 1592.22839355,
  "Middlesbrough": 1572.51318359,
  "Stoke": 1543.13806152,
  "Bristol City": 1538.38037109,
  "Millwall": 1534.39892578,
  "Southampton": 1534.23669434,
  "Preston": 1529.10437012,
  "West Brom": 1528.19250488,
  "Sheffield United": 1527.61853027,
  "Hull": 1527.4395752,
  "Derby": 1511.09387207,
  "Watford": 1504.94445801,
  "Blackburn": 1503.9420166,
  "Swansea": 1501.83789062,
  "QPR": 1490.68933105,
  "Charlton": 1486.84289551,
  "Birmingham": 1476.90124512,
  "Wrexham": 1473.26171875,
  "Norwich": 1461.85864258,
  "Portsmouth": 1459.79138184,
  "Oxford": 1452.33776855,
  "Sheffield Weds": 1433.76062012
}