{
  "Bayern Munich": 1961.49267578,
  "Borussia Dortmund": 1845.10754395,
  "Leverkusen": 1838.19628906,
  "Frankfurt": 1750.50549316,
  "RB Leipzig": 1745.04443359,
  "Stuttgart": 1712.93249512,
  "Freiburg": 1688.61877441,
  "Mainz": 1682.01403809,
  "Werder": 1678.26672363,
  "Wolfsburg": 1636.47949219,
  "Hoffenheim": 1620.41845703,
  "Union Berlin": 1620.0098877,
  "Augsburg": 1619.3046875,
  "Gladbach": 1615.5916748,
  "St Pauli": 1592.62060547,
  "Koeln": 1589.96130371,
  "Hamburg": 1581.31323242,
  "Heidenheim": 1544.71899414,
  "Elversberg": 1542.27478027,
  "Paderborn": 1526.19750977,
  "Holstein": 1525.0333252,
  "Karlsruhe": 1498.54968262,
  "Hannover": 1498.12072754,
  "Darmstadt": 1491.73596191,
  "Bochum": 1482.60900879,
  "Lautern": 1479.56628418,
  "Duesseldorf": 1475.49890137,
  "Hertha": 1465.03125,
  "Schalke": 1452.02758789,
  "Muenster": 1420.72058105,
  "Nuernberg": 1417.01416016,
  "Fuerth": 1404.43664551,
  "Magdeburg": 1399.26721191,
  "Bielefeld": 1365.07019043,
  "Braunschweig": 1362.28967285,
  "Dresden": 1345.79492188
}