{
  "Inter": 1920.04638672,
  "Milan": 1825.45776367,
  "Napoli": 1824.82177734,
  "Juventus": 1815.83642578,
  "Roma": 1805.53613281,
  "Atalanta": 1802.30273438,
  "Bologna": 1752.57861328,
  "Lazio": 1751.86462402,
  "Como": 1715.04321289,
  "Fiorentina": 1659.109375,
  "Torino": 1656.43017578,
  "Sassuolo": 1633.95031738,
  "Genoa": 1628.01135254,
  "Udinese": 1620.39990234,
  "Cagliari": 1612.00683594,
  "Parma": 1597.63549805,
  "Cremonese": 1592.32958984,
  "Verona": 1582.62512207,
  "Venezia": 1580.28259277,
  "Lecce": 1570.81884766,
  "Monza": 1554.2409668,
  "Pisa": 1534.76745605,
  "Frosinone": 1534.23254395,
  "Empoli": 1513.37731934,
  "Palermo": 1508.96813965,
  "Catanzaro": 1492.92871094,
  "Modena": 1461.94494629,
  "Cesena": 1461.12402344,
  "Juve Stabia": 1460.53613281,
  "Spezia": 1447.60522461,
  "Sampdoria": 1418.81262207,
  "Suedtirol": 1414.58740234,
  "Carrarese": 1404.27636719,
  "Bari": 1401.89880371,
  "Reggiana": 1397.23205566,
  "Padova": 1390.21032715,
  "Avellino": 1376.31616211,
  "Mantova": 1370.5892334,
  "Entella": 1353.09472656,
  "Pescara": 1348.578125
}