{
  "PSG": 1974.93774414,
  "Manchester City": 1959.94421387,
  "Real Madrid": 1936.12731934,
  "Inter": 1933.2421875,
  "Bayern Munich": 1918.9979248,
  "Chelsea": 1902.80126953,
  "Atlético": 1855.34960938,
  "Borussia Dortmund": 1818.3503418,
  "Juventus": 1805.84667969,
  "Benfica": 1791.48046875,
  "Palmeiras": 1747.9332961096823,
  "Flamengo": 1741.3667372132522,
  "Botafogo": 1715.9232446193664,
  "Fluminense": 1705.943574651347,
  "River Plate": 1692.5329381320018,
  "Porto": 1678.19543457,
  "Boca Juniors": 1666.6750879144781,
  "Monterrey": 1610.9697049517486,
  "Pachuca": 1589.0434303445302,
  "Los Ángeles FC": 1584.5078311558336,
  "Seattle": 1572.8655049697527,
  "RB Salzburg": 1558.85534668,
  "Inter Miami": 1553.8561574304604,
  "Al-Hilal": 1552.6032713719262,
  "Urawa Reds": 1549.3033338711061,
  "Ahly SC": 1541.9019791994301,
  "Sundowns": 1492.0698398554127,
  "Ulsan HD": 1474.0529144597112,
  "Al-Ain": 1470.7796825492599,
  "Esperance": 1444.0907692161409,
  "Wydad AC": 1436.5541769837023,
  "Auckland City": 1114.2711849922803
}