{
  "Inter": 1912.22558594,
  "Napoli": 1855.05078125,
  "Atalanta": 1833.10021973,
  "Juventus": 1822.57922363,
  "Roma": 1814.97302246,
  "Milan": 1784.89172363,
  "Lazio": 1751.53369141,
  "Bologna": 1744.04199219,
  "Fiorentina": 1743.68139648,
  "Torino": 1684.63317871,
  "Genoa": 1656.18408203,
  "Como": 1656.14367676,
  "Udinese": 1640.7097168,
  "Cagliari": 1612.83605957,
  "Sassuolo": 1595.13366699,
  "Parma": 1593.78723145,
  "Verona": 1587.78881836,
  "Lecce": 1575.88317871,
  "Cremonese": 1566.00073242,
  "Empoli": 1562.06054688,
  "Venezia": 1555.32958984,
  "Pisa": 1529.47387695,
  "Monza": 1511.01086426,
  "Spezia": 1506.56140137,
  "Frosinone": 1484.67797852,
  "Palermo": 1484.12927246,
  "Catanzaro": 1459.48266602,
  "Juve Stabia": 1450.91149902,
  "Cesena": 1449.99963379,
  "Modena": 1445.56335449,
  "Suedtirol": 1443.7467041,
  "Sampdoria": 1427.83874512,
  "Carrarese": 1427.27758789,
  "Bari": 1423.80737305,
  "Reggiana": 1420.14257812,
  "Mantova": 1405.1060791,
  "Entella": 1383.24816895,
  "Avellino": 1378.61376953,
  "Padova": 1363.5423584,
  "Pescara": 1358.87072754
}