{
  "Barcelona": 1952.72131348,
  "Real Madrid": 1937.4119873,
  "Atletico": 1869.15722656,
  "Athletic": 1810.74987793,
  "Villarreal": 1764.94128418,
  "Betis": 1750.7767334,
  "Sociedad": 1708.32055664,
  "Celta": 1689.85644531,
  "Getafe": 1686.44421387,
  "Valencia": 1677.77453613,
  "Sevilla": 1676.32751465,
  "Girona": 1674.98510742,
  "Osasuna": 1667.58996582,
  "Mallorca": 1654.48999023,
  "Rayo Vallecano": 1652.51647949,
  "Espanyol": 1643.66760254,
  "Alaves": 1631.24462891,
  "Levante": 1598.64160156,
  "Las Palmas": 1584.48217773,
  "Elche": 1583.68457031,
  "Leganes": 1582.7578125,
  "Almeria": 1551.54663086,
  "Oviedo": 1551.31079102,
  "Santander": 1545.95275879,
  "Granada": 1542.53125,
  "Mirandes": 1541.8614502,
  "Cadiz": 1539.66699219,
  "Huesca": 1536.22143555,
  "Eibar": 1522.05444336,
  "Albacete": 1514.85253906,
  "Valladolid": 1510.42932129,
  "Burgos": 1501.35424805,
  "Depor": 1497.82299805,
  "Cordoba": 1490.6072998,
  "Gijon": 1476.98034668,
  "Zaragoza": 1463.19128418,
  "Tenerife": 1456.82006836,
  "Castellon": 1452.84509277,
  "Malaga": 1450.88842773,
  "Eldense": 1448.38659668,
  "Ferrol": 1367.00598145,
  "Cartagena": 1346.05493164
}