{
  "Arsenal": 2047.20092773,
  "Manchester City": 1997.72705078,
  "Liverpool": 1945.69335938,
  "Aston Villa": 1921.72399902,
  "Chelsea": 1903.26708984,
  "Newcastle": 1867.39257812,
  "Brighton": 1834.96972656,
  "Manchester United": 1828.69091797,
  "Crystal Palace": 1828.6003418,
  "Brentford": 1816.2746582,
  "Tottenham": 1806.98535156,
  "Everton": 1806.3125,
  "Bournemouth": 1804.8112793,
  "Fulham": 1791.17651367,
  "Forest": 1783.23071289,
  "Leeds": 1751.88098145,
  "West Ham": 1732.17749023,
  "Burnley": 1699.7232666,
  "Sunderland": 1676.95043945,
  "Wolverhampton": 1645.19091797,
  "Coventry": 1634.83227539,
  "Ipswich": 1607.30554199,
  "Middlesbrough": 1577.53808594,
  "Leicester": 1575.78955078,
  "Sheffield United": 1560.65576172,
  "Southampton": 1557.85900879,
  "Bristol City": 1537.87890625,
  "Hull": 1532.4486084,
  "Preston": 1527.13049316,
  "QPR": 1518.50317383,
  "Millwall": 1514.92285156,
  "Stoke": 1514.12084961,
  "West Brom": 1512.37072754,
  "Watford": 1511.76745605,
  "Blackburn": 1502.92492676,
  "Derby": 1500.65588379,
  "Swansea": 1488.82141113,
  "Wrexham": 1471.63708496,
  "Birmingham": 1469.29394531,
  "Norwich": 1468.8059082,
  "Portsmouth": 1457.19348145,
  "Charlton": 1456.33825684,
  "Oxford": 1441.79174805,
  "Sheffield Weds": 1394.63354492
}