{
  "PSG": 1968.61633301,
  "Lens": 1766.29040527,
  "Marseille": 1764.95349121,
  "Lyon": 1752.10424805,
  "Lille": 1744.03051758,
  "Rennais": 1707.56188965,
  "Monaco": 1701.26806641,
  "Strasbourg": 1699.10693359,
  "Brest": 1662.82141113,
  "Toulouse": 1654.83496094,
  "Nice": 1602.31689453,
  "Lorient": 1600.32678223,
  "Angers": 1574.65002441,
  "Auxerre": 1573.51574707,
  "Reims": 1565.79443359,
  "Nantes": 1564.40380859,
  "Le Havre": 1564.09130859,
  "Metz": 1545.94519043,
  "Paris FC": 1538.29296875,
  "Saint-Etienne": 1516.05163574,
  "Troyes": 1497.96203613,
  "Dunkerque": 1483.97131348,
  "Montpellier": 1450.93127441,
  "Guingamp": 1436.14892578,
  "Annecy": 1432.22827148,
  "Le Mans": 1431.26696777,
  "Red Star": 1422.48962402,
  "Rodez": 1421.88989258,
  "Clermont": 1409.1036377,
  "Pau": 1401.54992676,
  "Grenoble": 1401.51672363,
  "Laval": 1379.50683594,
  "Bastia": 1377.31945801,
  "Nancy": 1368.24951172,
  "Amiens": 1365.06286621,
  "Boulogne": 1353.09008789
}