{
  "Arsenal": 2043.18908691,
  "Manchester City": 1994.49731445,
  "Liverpool": 1939.62365723,
  "Aston Villa": 1917.27819824,
  "Chelsea": 1902.66210938,
  "Newcastle": 1867.99768066,
  "Crystal Palace": 1844.88647461,
  "Brighton": 1840.6730957,
  "Manchester United": 1835.53405762,
  "Tottenham": 1813.05529785,
  "Everton": 1810.32470703,
  "Brentford": 1808.59655762,
  "Bournemouth": 1806.94763184,
  "Forest": 1789.84863281,
  "Fulham": 1784.55859375,
  "Leeds": 1735.5949707,
  "West Ham": 1735.40734863,
  "Burnley": 1695.18969727,
  "Sunderland": 1671.24731445,
  "Wolverhampton": 1652.86889648,
  "Coventry": 1635.48071289,
  "Ipswich": 1603.74609375,
  "Leicester": 1591.22949219,
  "Middlesbrough": 1589.21069336,
  "Southampton": 1557.21057129,
  "Sheffield United": 1552.22021484,
  "Preston": 1530.47167969,
  "Bristol City": 1526.20617676,
  "Hull": 1525.99267578,
  "Millwall": 1525.75708008,
  "Stoke": 1521.28015137,
  "West Brom": 1518.82385254,
  "Watford": 1504.60803223,
  "QPR": 1503.06347656,
  "Blackburn": 1492.09375,
  "Derby": 1490.79309082,
  "Swansea": 1482.23339844,
  "Wrexham": 1478.22509766,
  "Birmingham": 1477.72961426,
  "Norwich": 1465.46484375,
  "Portsmouth": 1454.25891113,
  "Charlton": 1449.68200684,
  "Oxford": 1448.44799805,
  "Sheffield Weds": 1410.99047852
}