{
  "PSG": 1974.93762207,
  "Manchester City": 1959.94421387,
  "Real Madrid": 1936.12731934,
  "Inter": 1933.2421875,
  "Bayern Munich": 1918.9979248,
  "Chelsea": 1902.8013916,
  "Atlético": 1855.34960938,
  "Borussia Dortmund": 1818.3503418,
  "Juventus": 1805.84655762,
  "Benfica": 1791.48046875,
  "Palmeiras": 1746.9512696501174,
  "Botafogo": 1746.9512696501174,
  "Flamengo": 1746.9512696501174,
  "Fluminense": 1746.9512696501174,
  "Boca Juniors": 1705.873614135079,
  "River Plate": 1705.873614135079,
  "Porto": 1678.19543457,
  "Seattle": 1664.7959586200404,
  "Los Ángeles FC": 1664.7959586200404,
  "Inter Miami": 1644.257130862521,
  "Monterrey": 1644.257130862521,
  "Urawa Reds": 1623.718303105002,
  "Pachuca": 1623.718303105002,
  "RB Salzburg": 1558.85534668,
  "Al-Ain": 1521.0241643174056,
  "Al-Hilal": 1521.0241643174056,
  "Ahly SC": 1500.4853365598863,
  "Ulsan HD": 1500.4853365598863,
  "Sundowns": 1459.4076810448478,
  "Wydad AC": 1438.8688532873286,
  "Esperance": 1397.79119777229,
  "Auckland City": 987.0146426219048
}