{
  "Bayern Munich": 1971.90344238,
  "Borussia Dortmund": 1835.3326416,
  "Leverkusen": 1815.5333252,
  "Stuttgart": 1759.97277832,
  "RB Leipzig": 1736.74755859,
  "Hoffenheim": 1725.91674805,
  "Freiburg": 1693.86523438,
  "Frankfurt": 1666.7154541,
  "Mainz": 1654.28710938,
  "Werder": 1626.12231445,
  "Union Berlin": 1622.71289062,
  "Gladbach": 1618.54223633,
  "Augsburg": 1614.16491699,
  "Wolfsburg": 1607.65722656,
  "Koeln": 1580.03198242,
  "Hamburg": 1572.96179199,
  "St Pauli": 1542.63220215,
  "Elversberg": 1532.48144531,
  "Heidenheim": 1526.40258789,
  "Darmstadt": 1509.47961426,
  "Bochum": 1509.22021484,
  "Paderborn": 1501.97570801,
  "Hannover": 1493.83288574,
  "Holstein": 1482.48901367,
  "Schalke": 1475.32653809,
  "Hertha": 1470.61425781,
  "Lautern": 1463.80749512,
  "Karlsruhe": 1443.01293945,
  "Duesseldorf": 1438.66650391,
  "Nuernberg": 1423.12304688,
  "Magdeburg": 1423.09399414,
  "Muenster": 1391.80554199,
  "Bielefeld": 1376.08361816,
  "Braunschweig": 1372.76147461,
  "Fuerth": 1363.99462891,
  "Dresden": 1351.55004883
}