{
  "Bayern Munich": 2020.93896484,
  "Borussia Dortmund": 1845.95056152,
  "Leverkusen": 1828.11364746,
  "RB Leipzig": 1776.65991211,
  "Stuttgart": 1767.18603516,
  "Freiburg": 1725.22692871,
  "Hoffenheim": 1704.65576172,
  "Mainz": 1703.83825684,
  "Frankfurt": 1693.28039551,
  "Gladbach": 1625.64709473,
  "Augsburg": 1623.05151367,
  "Werder": 1622.17871094,
  "Union Berlin": 1608.55175781,
  "Hamburg": 1594.71179199,
  "Koeln": 1592.51867676,
  "Wolfsburg": 1581.2923584,
  "St Pauli": 1571.82043457,
  "Paderborn": 1546.18566895,
  "Heidenheim": 1536.31726074,
  "Hannover": 1528.76257324,
  "Elversberg": 1520.60400391,
  "Schalke": 1517.90209961,
  "Hertha": 1504.27563477,
  "Darmstadt": 1499.22290039,
  "Bochum": 1493.55981445,
  "Lautern": 1481.89916992,
  "Holstein": 1463.89135742,
  "Karlsruhe": 1458.54638672,
  "Nuernberg": 1439.46606445,
  "Magdeburg": 1429.79150391,
  "Duesseldorf": 1419.22839355,
  "Dresden": 1409.8840332,
  "Bielefeld": 1388.87182617,
  "Fuerth": 1386.44775391,
  "Muenster": 1375.60388184,
  "Braunschweig": 1371.05688477
}