{
  "PSG": 1924.27392578,
  "Lens": 1760.4954834,
  "Lyon": 1748.60314941,
  "Marseille": 1739.36315918,
  "Monaco": 1722.94177246,
  "Lille": 1711.26013184,
  "Strasbourg": 1707.82409668,
  "Rennais": 1704.98803711,
  "Brest": 1672.09863281,
  "Toulouse": 1628.96789551,
  "Lorient": 1627.27685547,
  "Auxerre": 1567.60400391,
  "Nice": 1567.01171875,
  "Angers": 1562.07678223,
  "Le Havre": 1557.73669434,
  "Paris FC": 1553.13244629,
  "Reims": 1540.45117188,
  "Saint-Etienne": 1525.07006836,
  "Nantes": 1517.23803711,
  "Metz": 1501.20227051,
  "Troyes": 1479.95776367,
  "Montpellier": 1462.0859375,
  "Dunkerque": 1458.81140137,
  "Rodez": 1449.69909668,
  "Le Mans": 1445.52331543,
  "Annecy": 1445.265625,
  "Guingamp": 1431.36889648,
  "Red Star": 1401.0012207,
  "Clermont": 1385.35412598,
  "Grenoble": 1382.19909668,
  "Pau": 1380.8458252,
  "Bastia": 1369.12036133,
  "Boulogne": 1369.09594727,
  "Laval": 1349.34436035,
  "Nancy": 1331.84326172,
  "Amiens": 1326.0065918
}