{
  "PSG": 1972.57727051,
  "Marseille": 1773.10681152,
  "Lens": 1769.08520508,
  "Lyon": 1756.53869629,
  "Lille": 1740.06958008,
  "Strasbourg": 1702.41503906,
  "Rennais": 1702.41052246,
  "Monaco": 1684.7578125,
  "Toulouse": 1665.71362305,
  "Brest": 1658.38696289,
  "Lorient": 1616.83691406,
  "Nice": 1591.43823242,
  "Auxerre": 1570.72094727,
  "Le Havre": 1569.24255371,
  "Angers": 1566.4967041,
  "Reims": 1557.27185059,
  "Nantes": 1554.29296875,
  "Paris FC": 1548.40380859,
  "Metz": 1542.63708496,
  "Saint-Etienne": 1520.21948242,
  "Troyes": 1506.48449707,
  "Dunkerque": 1490.48852539,
  "Guingamp": 1449.31933594,
  "Montpellier": 1441.77172852,
  "Annecy": 1439.49926758,
  "Red Star": 1438.17565918,
  "Le Mans": 1432.56176758,
  "Rodez": 1420.59509277,
  "Clermont": 1404.93579102,
  "Pau": 1395.03259277,
  "Bastia": 1391.0144043,
  "Grenoble": 1385.83068848,
  "Laval": 1365.81188965,
  "Boulogne": 1362.24963379,
  "Amiens": 1357.79187012,
  "Nancy": 1355.07910156
}