{
  "Arsenal": 2038.40356445,
  "Manchester City": 1997.4552002,
  "Liverpool": 1979.05639648,
  "Chelsea": 1906.93029785,
  "Aston Villa": 1886.14904785,
  "Newcastle": 1866.84265137,
  "Crystal Palace": 1857.00512695,
  "Brighton": 1846.7109375,
  "Bournemouth": 1834.43603516,
  "Manchester United": 1834.21862793,
  "Tottenham": 1830.28137207,
  "Brentford": 1829.35498047,
  "Everton": 1803.57629395,
  "Fulham": 1778.92578125,
  "Forest": 1764.13220215,
  "West Ham": 1738.09765625,
  "Burnley": 1728.83850098,
  "Leeds": 1721.37902832,
  "Wolverhampton": 1682.49267578,
  "Sunderland": 1650.20422363,
  "Coventry": 1631.46118164,
  "Ipswich": 1606.4050293,
  "Leicester": 1592.22998047,
  "Middlesbrough": 1572.51318359,
  "Stoke": 1543.13769531,
  "Bristol City": 1538.38049316,
  "Millwall": 1534.39892578,
  "Southampton": 1534.23657227,
  "Preston": 1529.10437012,
  "West Brom": 1528.19250488,
  "Sheffield United": 1527.61853027,
  "Hull": 1527.4395752,
  "Derby": 1511.09387207,
  "Watford": 1504.94445801,
  "Blackburn": 1503.9420166,
  "Swansea": 1501.83789062,
  "QPR": 1490.68933105,
  "Charlton": 1486.84570312,
  "Birmingham": 1476.90124512,
  "Wrexham": 1473.25891113,
  "Norwich": 1461.85705566,
  "Portsmouth": 1459.79150391,
  "Oxford": 1452.3380127,
  "Sheffield Weds": 1433.76062012
}