{
  "Arsenal": 2066.52319336,
  "Bayern Munich": 2013.95349121,
  "Barcelona": 1970.16296387,
  "PSG": 1959.97705078,
  "Manchester City": 1943.74267578,
  "Real Madrid": 1937.84912109,
  "Liverpool": 1922.09924316,
  "Aston Villa": 1892.05114746,
  "Inter": 1889.08374023,
  "Manchester United": 1883.32580566,
  "Atlético": 1877.32519531,
  "Chelsea": 1871.77246094,
  "Sporting": 1867.64807129,
  "Borussia Dortmund": 1855.16845703,
  "Brighton": 1846.35705566,
  "Newcastle": 1843.05126953,
  "Brentford": 1835.06787109,
  "Everton": 1833.92382812,
  "Bournemouth": 1824.93664551,
  "Leverkusen": 1816.88574219,
  "Benfica": 1815.68066406,
  "Porto": 1805.11096191,
  "Milan": 1804.56018066,
  "Fulham": 1803.94128418,
  "Crystal Palace": 1803.21606445,
  "Napoli": 1802.32165527,
  "Atalanta": 1795.17614746,
  "Forest": 1789.80664062,
  "Juventus": 1782.03088379,
  "RB Leipzig": 1772.11914062,
  "Leeds": 1767.66369629,
  "Stuttgart": 1759.59326172,
  "Villarreal": 1758.20324707,
  "Roma": 1756.89611816,
  "Tottenham": 1755.78405762,
  "Como": 1753.77966309,
  "Betis": 1751.6730957,
  "PSV": 1747.11694336,
  "Monaco": 1746.42236328,
  "West Ham": 1743.2644043,
  "Lens": 1742.29650879,
  "Lille": 1736.1385498,
  "Celta": 1733.84814453,
  "Bodø/Glimt": 1729.52062988,
  "Saint-Gilloise": 1727.59545898,
  "Marseille": 1726.08703613,
  "Brugge": 1725.62646484,
  "Galatasaray": 1717.77526855,
  "Lyon": 1716.24987793,
  "Freiburg": 1715.01147461,
  "Mainz": 1712.04370117,
  "Lazio": 1708.36193848,
  "Real Sociedad": 1707.09997559,
  "Athletic": 1706.94934082,
  "Sunderland": 1706.93884277,
  "Strasbourg": 1705.79772949,
  "Braga": 1704.93444824,
  "Hoffenheim": 1704.6640625,
  "Wolverhampton": 1704.16503906,
  "Rennais": 1697.70117188,
  "Bologna": 1695.52978516,
  "Osasuna": 1694.54064941,
  "Frankfurt": 1685.75,
  "Rayo Vallecano": 1682.63586426,
  "Getafe": 1680.45996094,
  "Burnley": 1679.38964844,
  "Midtjylland": 1675.82043457,
  "Valencia": 1674.26281738,
  "Slavia Prag": 1669.66625977,
  "Olympiacos": 1663.64172363,
  "Fenerbahce": 1663.25732422,
  "Girona": 1662.8671875,
  "Fiorentina": 1659.83666992,
  "Zenit": 1657.19775391,
  "Mallorca": 1645.07751465,
  "Brest": 1639.72949219,
  "Toulouse": 1639.72839355,
  "Espanyol": 1634.68981934,
  "Werder": 1632.84851074,
  "FC Krasnodar": 1632.22900391,
  "Sassuolo": 1630.97766113,
  "Udinese": 1628.87536621,
  "Alaves": 1628.61950684,
  "Gladbach": 1628.17773438,
  "Lorient": 1627.42297363,
  "Torino": 1624.61462402,
  "Genoa": 1624.38989258,
  "AEK": 1623.59313965,
  "Augsburg": 1621.03308105,
  "Union Berlin": 1620.74694824,
  "Sevilla": 1614.50158691,
  "Levante": 1608.09216309,
  "Elche": 1602.78063965,
  "PAOK": 1600.47265625,
  "Hamburg": 1600.29443359,
  "Viking": 1598.37988281,
  "Feyenoord": 1591.57995605,
  "Genk": 1590.06152344,
  "Aarhus": 1587.38146973,
  "Wolfsburg": 1586.81262207,
  "Crvena Zvezda": 1586.5411377,
  "Shakhtar": 1584.92102051,
  "Parma": 1584.77575684,
  "Auxerre": 1581.42907715,
  "Koeln": 1579.83874512,
  "Ajax": 1579.07739258,
  "Dinamo Zagreb": 1573.92907715,
  "St Pauli": 1573.49975586,
  "Famalicao": 1573.28637695,
  "Real Oviedo": 1572.44506836,
  "Nice": 1571.04528809,
  "Paris FC": 1568.57104492,
  "Twente": 1566.85595703,
  "Cagliari": 1564.90319824,
  "Panathinaikos": 1563.7689209,
  "Trabzonspor": 1562.81567383,
  "Viktoria Plzen": 1562.37158203,
  "Pafos": 1561.03283691,
  "Copenhagen": 1557.01647949,
  "Sparta Praha": 1555.55651855,
  "Lok Moskva": 1555.28356934,
  "CSKA Moskva": 1554.62353516,
  "Qarabag FK": 1554.37609863,
  "Le Havre": 1554.01745605,
  "Spartak Moskva": 1550.99316406,
  "Lecce": 1548.02111816,
  "Angers": 1546.88793945,
  "Rangers": 1546.29772949,
  "Celtic": 1546.01489258,
  "Alkmaar": 1543.16442871,
  "Nijmegen": 1541.83520508,
  "Nordsjaelland": 1540.51135254,
  "Dynamo Moskva": 1538.52539062,
  "Gil Vicente": 1533.51208496,
  "Guimaraes": 1531.98803711,
  "Mjaellby": 1531.88830566,
  "St Truiden": 1531.48168945,
  "Besiktas": 1531.3293457,
  "Cremonese": 1530.90136719,
  "Brondby": 1530.1730957,
  "Anderlecht": 1525.33508301,
  "Hammarby": 1522.13037109,
  "Heidenheim": 1522.11206055,
  "Brann": 1521.97753906,
  "Utrecht": 1521.25793457,
  "Ferencvaros": 1517.87731934,
  "Nantes": 1513.53613281,
  "Gent": 1510.56103516,
  "Estoril": 1508.84960938,
  "Mechelen": 1508.03039551,
  "Lech": 1507.81481934,
  "Viborg": 1507.05065918,
  "Tromso": 1506.88110352,
  "Verona": 1502.94775391,
  "Metz": 1500.32006836,
  "Rakow": 1500.26745605,
  "Westerlo": 1498.42590332,
  "Pisa": 1495.34985352,
  "Larnaca": 1494.35534668,
  "Bueyueksehir": 1493.9564209,
  "Djurgarden": 1489.67224121,
  "Antwerp": 1488.98803711,
  "Arouca": 1486.00061035,
  "RB Salzburg": 1485.87402344,
  "Baltika": 1484.52722168,
  "Moreirense": 1483.51696777,
  "Standard": 1483.1685791,
  "Sturm Graz": 1481.16455078,
  "Heerenveen": 1478.72973633,
  "SonderjyskE": 1478.38317871,
  "Aris Limassol": 1478.18310547,
  "Santa Clara": 1474.0,
  "Craiova": 1468.96179199,
  "Charleroi": 1466.86254883,
  "Jagiellonia": 1466.01123047,
  "Thun": 1464.59472656,
  "Randers": 1463.93103027,
  "Beer-Sheva": 1461.97460938,
  "StGallen": 1461.39147949,
  "Basel": 1460.3079834,
  "Omonia": 1456.90466309,
  "Razgrad": 1456.18762207,
  "Jablonec": 1453.4251709,
  "Goeztepe": 1452.41955566,
  "Sparta Rotterdam": 1452.34924316,
  "Hearts": 1452.19372559,
  "Molde": 1452.12683105,
  "Rio Ave": 1450.31298828,
  "Rubin Kazan": 1449.72570801,
  "Cercle Brugge": 1448.34191895,
  "Go Ahead Eagles": 1447.57873535,
  "Casa Pia": 1445.08093262,
  "Groningen": 1443.65698242,
  "Young Boys": 1442.58911133,
  "Legia": 1441.56286621,
  "Dynamo Kyiv": 1440.63110352,
  "Leuven": 1438.64697266,
  "Celje": 1438.01220703,
  "Alverca": 1437.96728516,
  "Hajduk": 1437.89404297,
  "Slovan Liberec": 1437.30383301,
  "Gyoer": 1434.87609863,
  "CFR Cluj": 1434.60058594,
  "Universitatea Cluj": 1434.51635742,
  "Gornik": 1433.55895996,
  "Lugano": 1433.07189941,
  "Fredrikstad": 1432.41552734,
  "Levski": 1430.70959473,
  "Nacional": 1429.36987305,
  "Malmoe": 1426.48278809,
  "M Tel Aviv": 1424.82678223,
  "Rostov": 1424.74597168,
  "LASK": 1424.33056641,
  "Rosenborg": 1423.62939453,
  "Odense": 1421.31628418,
  "Silkeborg": 1421.2520752,
  "Sandefjord": 1419.82910156,
  "Steaua": 1419.08129883,
  "Sarpsborg": 1418.76696777,
  "Pogon": 1417.86914062,
  "Piast Gliwice": 1416.07470703,
  "Hradec Kralove": 1415.91333008,
  "Alanyaspor": 1415.81689453,
  "Hibernian": 1415.29711914,
  "Katowice": 1415.18676758,
  "Austria Wien": 1415.02905273,
  "Lechia": 1413.16589355,
  "Servette": 1410.98413086,
  "Estrela Amadora": 1410.93591309,
  "Rizespor": 1410.49572754,
  "Lubin": 1410.31665039,
  "Samsunspor": 1409.38757324,
  "Sion": 1408.72558594,
  "Rijeka": 1407.01269531,
  "Zwolle": 1406.7220459,
  "Terek Grozny": 1406.51818848,
  "Cracovia": 1406.24853516,
  "Levadeiakos": 1405.63952637,
  "GAIS": 1400.6340332,
  "Valerenga": 1399.46740723,
  "AIK": 1398.11816406,
  "Korona": 1398.10534668,
  "IK Sirius": 1398.06188965,
  "Aris": 1397.16943359,
  "Sittard": 1395.86218262,
  "Motor Lublin": 1394.35620117,
  "Radomiak": 1393.06237793,
  "Konyaspor": 1390.55749512,
  "Luzern": 1389.74804688,
  "Goeteborg": 1387.78723145,
  "Beitar": 1387.76171875,
  "Ham-Kam": 1387.66638184,
  "Elfsborg": 1386.83862305,
  "Polissya Zhytomyr": 1386.08251953,
  "Motherwell": 1385.87268066,
  "RAAL": 1385.65783691,
  "Rapid Bucuresti": 1383.67993164,
  "Tondela": 1383.32714844,
  "Gaziantep FK": 1383.05224609,
  "Maccabi Haifa": 1381.90686035,
  "Rapid Wien": 1381.59008789,
  "Zulte Waregem": 1380.55102539,
  "Paksi": 1379.52209473,
  "Sigma Olomouc": 1376.88085938,
  "Kasimpasa": 1376.11157227,
  "Lausanne": 1375.88623047,
  "Banik Ostrava": 1375.13269043,
  "Dender": 1374.1036377,
  "Fredericia": 1373.53344727,
  "Hartberg": 1369.33312988,
  "KFUM Oslo": 1368.33569336,
  "Zalaegerszegi": 1367.81494141,
  "Widzew": 1367.45471191,