{
  "Barcelona": 1932.75891113,
  "Real Madrid": 1919.63464355,
  "Atlético": 1869.59008789,
  "Betis": 1759.0534668,
  "Villarreal": 1751.05786133,
  "Celta": 1714.32824707,
  "Athletic": 1698.4675293,
  "Real Sociedad": 1662.60131836,
  "Espanyol": 1658.65112305,
  "Osasuna": 1652.99279785,
  "Valencia": 1640.81176758,
  "Rayo Vallecano": 1628.28186035,
  "Girona": 1626.37695312,
  "Mallorca": 1624.16149902,
  "Sevilla": 1607.00634766,
  "Elche": 1606.14172363,
  "Alaves": 1602.57263184,
  "Getafe": 1594.30322266,
  "Levante": 1585.66564941,
  "Las Palmas": 1556.42480469,
  "Racing": 1546.38818359,
  "Real Oviedo": 1543.45825195,
  "Almeria": 1533.91540527,
  "Leganes": 1523.76721191,
  "Castellon": 1516.60107422,
  "Cadiz": 1503.7454834,
  "Depor": 1499.49536133,
  "Malaga": 1491.1171875,
  "Burgos": 1483.0513916,
  "Cordoba": 1476.94506836,
  "Granada": 1474.57397461,
  "Eibar": 1473.83935547,
  "Sporting": 1470.2130127,
  "Valladolid": 1456.92712402,
  "Albacete": 1452.52880859,
  "Mirandes": 1450.02966309,
  "Ceuta": 1442.82678223,
  "Huesca": 1434.67993164,
  "Sociedad B": 1420.41271973,
  "FC Andorra": 1417.72741699,
  "Leonesa": 1402.75817871,
  "Zaragoza": 1401.83581543
}