{
  "Real Madrid": 1950.85913086,
  "Barcelona": 1928.96704102,
  "Atlético": 1869.54846191,
  "Villarreal": 1794.43566895,
  "Betis": 1753.65979004,
  "Athletic": 1731.82824707,
  "Celta": 1687.95324707,
  "Osasuna": 1673.67749023,
  "Rayo Vallecano": 1666.91052246,
  "Real Sociedad": 1658.5378418,
  "Espanyol": 1658.07067871,
  "Valencia": 1655.3548584,
  "Alaves": 1650.45178223,
  "Getafe": 1648.48278809,
  "Sevilla": 1643.58654785,
  "Mallorca": 1631.47912598,
  "Elche": 1607.3494873,
  "Levante": 1602.48486328,
  "Girona": 1589.3125,
  "Leganes": 1569.68164062,
  "Las Palmas": 1568.71044922,
  "Real Oviedo": 1562.64074707,
  "Almeria": 1556.16296387,
  "Racing": 1541.97314453,
  "Cadiz": 1524.52246094,
  "Depor": 1505.99829102,
  "Burgos": 1505.65820312,
  "Eibar": 1499.13818359,
  "Granada": 1493.86206055,
  "Mirandes": 1490.86108398,
  "Cordoba": 1487.03320312,
  "Albacete": 1485.49633789,
  "Huesca": 1484.17675781,
  "Sporting": 1483.09802246,
  "Valladolid": 1478.78845215,
  "Castellon": 1463.19592285,
  "Malaga": 1450.48168945,
  "Ceuta": 1448.90393066,
  "Leonesa": 1436.29638672,
  "FC Andorra": 1433.02355957,
  "Sociedad B": 1413.42565918,
  "Zaragoza": 1381.11987305
}