{
  "Arsenal": 2056.31347656,
  "Bayern Munich": 1990.82531738,
  "Barcelona": 1972.22973633,
  "PSG": 1955.01831055,
  "Real Madrid": 1947.39587402,
  "Manchester City": 1936.68249512,
  "Liverpool": 1931.68811035,
  "Inter": 1888.13903809,
  "Chelsea": 1880.36804199,
  "Manchester United": 1876.9630127,
  "Aston Villa": 1870.30383301,
  "Sporting": 1867.49108887,
  "Atlético": 1865.71386719,
  "Newcastle": 1849.10998535,
  "Borussia Dortmund": 1830.67590332,
  "Brighton": 1829.68884277,
  "Brentford": 1828.95019531,
  "Benfica": 1820.4732666,
  "Bournemouth": 1817.17871094,
  "Everton": 1811.2121582,
  "Milan": 1810.38867188,
  "Leverkusen": 1806.66210938,
  "Porto": 1800.40429688,
  "Napoli": 1792.36242676,
  "Fulham": 1790.57385254,
  "Atalanta": 1788.12194824,
  "Crystal Palace": 1784.66149902,
  "Juventus": 1783.78649902,
  "Roma": 1778.14624023,
  "Tottenham": 1764.35144043,
  "PSV": 1762.46691895,
  "Leeds": 1759.66040039,
  "Forest": 1758.4354248,
  "Lens": 1758.0,
  "Lyon": 1754.74951172,
  "Stuttgart": 1754.2755127,
  "Villarreal": 1753.74682617,
  "Como": 1752.68200684,
  "Marseille": 1750.21459961,
  "Betis": 1744.87561035,
  "West Ham": 1741.88684082,
  "RB Leipzig": 1740.32128906,
  "Monaco": 1738.56872559,
  "Celta": 1728.14904785,
  "Bodø/Glimt": 1726.40063477,
  "Lille": 1724.75598145,
  "Saint-Gilloise": 1723.69567871,
  "Galatasaray": 1723.36022949,
  "Brugge": 1723.02246094,
  "Hoffenheim": 1715.41845703,
  "Strasbourg": 1711.97888184,
  "Braga": 1710.08459473,
  "Athletic": 1703.84899902,
  "Rennais": 1703.51379395,
  "Real Sociedad": 1701.8795166,
  "Lazio": 1701.0255127,
  "Wolverhampton": 1697.10461426,
  "Bologna": 1694.52062988,
  "Midtjylland": 1694.49511719,
  "Olympiacos": 1692.21838379,
  "Sunderland": 1686.75891113,
  "Frankfurt": 1684.71691895,
  "Osasuna": 1682.50378418,
  "Burnley": 1678.6361084,
  "Slavia Prag": 1675.97558594,
  "Brest": 1671.94995117,
  "Mainz": 1671.21594238,
  "Freiburg": 1668.79724121,
  "Valencia": 1663.71252441,
  "Rayo Vallecano": 1662.40063477,
  "Fenerbahce": 1659.27075195,
  "Getafe": 1653.69067383,
  "Girona": 1653.2557373,
  "Fiorentina": 1651.35852051,
  "Zenit": 1651.2767334,
  "Lorient": 1645.24987793,
  "Genoa": 1645.24279785,
  "Toulouse": 1642.6854248,
  "Espanyol": 1632.79614258,
  "Mallorca": 1632.17736816,
  "AEK": 1630.8605957,
  "FC Krasnodar": 1629.65258789,
  "Sevilla": 1628.73901367,
  "PAOK": 1626.41906738,
  "Torino": 1622.81604004,
  "Sassuolo": 1621.55371094,
  "Gladbach": 1620.37744141,
  "Augsburg": 1618.18505859,
  "Werder": 1617.86975098,
  "Udinese": 1613.75610352,
  "Union Berlin": 1613.14538574,
  "Genk": 1609.38049316,
  "Alaves": 1609.18530273,
  "Levante": 1599.81091309,
  "Parma": 1597.50927734,
  "Feyenoord": 1594.44799805,
  "Elche": 1594.12158203,
  "Hamburg": 1590.88452148,
  "Nice": 1587.79064941,
  "Viking": 1587.41271973,
  "Wolfsburg": 1587.08752441,
  "Sparta Praha": 1586.94165039,
  "Aarhus": 1585.35583496,
  "Crvena Zvezda": 1583.95532227,
  "Ajax": 1583.34375,
  "Viktoria Plzen": 1579.65270996,
  "Panathinaikos": 1578.27966309,
  "Cagliari": 1575.95397949,
  "Auxerre": 1572.22888184,
  "Lok Moskva": 1572.06103516,
  "Le Havre": 1569.44787598,
  "Shakhtar": 1568.35412598,
  "Real Oviedo": 1566.28186035,
  "Paris FC": 1566.13916016,
  "St Pauli": 1564.62719727,
  "CSKA Moskva": 1563.29858398,
  "Pafos": 1563.08483887,
  "Koeln": 1562.87683105,
  "Famalicao": 1562.72692871,
  "Copenhagen": 1561.77062988,
  "Celtic": 1561.3034668,
  "Dinamo Zagreb": 1559.63366699,
  "Lecce": 1558.98132324,
  "Spartak Moskva": 1556.91418457,
  "Angers": 1556.76977539,
  "Qarabag FK": 1554.37609863,
  "Trabzonspor": 1551.65856934,
  "St Truiden": 1547.35510254,
  "Anderlecht": 1547.13366699,
  "Mjaellby": 1546.16772461,
  "Twente": 1545.99035645,
  "Rangers": 1540.54724121,
  "Alkmaar": 1539.67443848,
  "Gil Vicente": 1537.5168457,
  "Brondby": 1537.46630859,
  "Nijmegen": 1534.5098877,
  "Besiktas": 1531.71252441,
  "Dynamo Moskva": 1531.3248291,
  "Nordsjaelland": 1527.91345215,
  "Estoril": 1527.82946777,
  "Guimaraes": 1526.26086426,
  "Nantes": 1524.98205566,
  "Cremonese": 1521.65466309,
  "Brann": 1518.80688477,
  "Mechelen": 1517.12963867,
  "Ferencvaros": 1515.89526367,
  "Rakow": 1514.33154297,
  "Viborg": 1513.36254883,
  "Utrecht": 1512.58496094,
  "Verona": 1511.6809082,
  "Antwerp": 1510.59753418,
  "Gent": 1509.85058594,
  "Pisa": 1507.93554688,
  "Hammarby": 1507.85095215,
  "Metz": 1502.96142578,
  "Lech": 1502.81164551,
  "Larnaca": 1501.20178223,
  "Heidenheim": 1499.04833984,
  "Moreirense": 1497.84558105,
  "Bueyueksehir": 1496.02246094,
  "Westerlo": 1494.3157959,
  "Charleroi": 1491.98583984,
  "Tromso": 1489.54248047,
  "Randers": 1487.69189453,
  "Thun": 1483.25744629,
  "SonderjyskE": 1483.1583252,
  "Djurgarden": 1482.56896973,
  "Jagiellonia": 1481.46582031,
  "Aris Limassol": 1480.23510742,
  "RB Salzburg": 1479.00354004,
  "Standard": 1477.28601074,
  "Baltika": 1475.85229492,
  "Sturm Graz": 1472.20153809,
  "Molde": 1471.42712402,
  "Arouca": 1468.54748535,
  "Beer-Sheva": 1468.04675293,
  "Craiova": 1466.78466797,
  "Santa Clara": 1466.69445801,
  "Heerenveen": 1465.37695312,
  "Omonia": 1458.95678711,
  "StGallen": 1458.06066895,
  "Basel": 1456.19262695,
  "Hearts": 1455.41455078,
  "Casa Pia": 1454.11376953,
  "Jablonec": 1453.41247559,
  "Razgrad": 1452.04052734,
  "Rio Ave": 1449.49890137,
  "Leuven": 1448.67272949,
  "Goeztepe": 1448.03808594,
  "Rosenborg": 1445.97692871,
  "Sparta Rotterdam": 1444.40637207,
  "Slovan Liberec": 1443.82531738,
  "Cercle Brugge": 1443.24609375,
  "Young Boys": 1442.50488281,
  "Pogon": 1440.79406738,
  "Dynamo Kyiv": 1440.70922852,
  "CFR Cluj": 1437.62805176,
  "Go Ahead Eagles": 1436.29443359,
  "Rubin Kazan": 1432.94824219,
  "Lubin": 1432.31359863,
  "Rostov": 1431.94628906,
  "Malmoe": 1430.48388672,
  "Levski": 1430.14953613,
  "Alverca": 1430.078125,
  "Legia": 1429.3269043,
  "Celje": 1428.1418457,
  "Steaua": 1425.96228027,
  "Gyoer": 1425.94604492,
  "Universitatea Cluj": 1425.88513184,
  "Sandefjord": 1425.09326172,
  "Gornik": 1424.41796875,
  "Samsunspor": 1423.74279785,
  "Nacional": 1423.59521484,
  "Lugano": 1423.15844727,
  "LASK": 1423.07507324,
  "Aris": 1420.66479492,
  "Austria Wien": 1420.45617676,
  "Hradec Kralove": 1420.10180664,
  "Hajduk": 1419.57336426,
  "Piast Gliwice": 1418.80554199,
  "Odense": 1418.63305664,
  "Katowice": 1418.05444336,
  "Fredrikstad": 1417.91809082,
  "M Tel Aviv": 1417.34472656,
  "Rijeka": 1416.89172363,
  "Silkeborg": 1416.43786621,
  "Alanyaspor": 1414.85095215,
  "Cracovia": 1412.48803711,
  "Zwolle": 1411.67907715,
  "Levadeiakos": 1410.06469727,
  "Sarpsborg": 1409.64282227,
  "Groningen": 1409.62548828,
  "Hibernian": 1408.18066406,
  "GAIS": 1407.73730469,
  "Rizespor": 1407.04516602,
  "Terek Grozny": 1405.74511719,
  "Radomiak": 1405.66296387,
  "Sigma Olomouc": 1405.56591797,
  "Estrela Amadora": 1404.47521973,
  "Sittard": 1401.88378906,
  "Ham-Kam": 1401.51721191,
  "Motherwell": 1400.39599609,
  "Korona": 1400.26403809,
  "Lechia": 1398.77941895,
  "Goeteborg": 1398.76123047,
  "Rapid Bucuresti": 1398.15454102,
  "RAAL": 1397.54174805,
  "Maccabi Haifa": 1396.15625,
  "Tondela": 1395.42871094,
  "Sion": 1394.29382324,
  "AIK": 1393.45727539,
  "Banik Ostrava": 1389.84924316,
  "Servette": 1389.36071777,
  "IK Sirius": 1388.53955078,
  "Valerenga": 1388.47875977,
  "Luzern": 1388.06542969,
  "Polissya Zhytomyr": 1386.77905273,
  "Motor Lublin": 1386.68554688,
  "KFUM Oslo": 1385.22216797,
  "Lausanne": 1384.7701416,
  "Beitar": 1384.28881836,
  "Gaziantep FK": 1383.55615234,
  "Hartberg": 1383.32922363,
  "Konyaspor": 1382.02685547,
  "Atromitos": 1380.95019531,
  "Kryliya Sovetov": 1379.50891113,
  "Rapid Wien": 1379.25610352,
  "Dender": 1378.26574707,
  "Zulte Waregem": 1375.984375,
  "Elfsborg": 1375.86462402,
  "Kasimpasa": 1370.49902344,
  "Fredericia": 1368.81140137,
  "Haecken": 1368.21459961,
  "Maribor": 1366.7668457,