{
  "PSG": 1978.06567383,
  "Marseille": 1788.35998535,
  "Lille": 1774.82373047,
  "Lens": 1755.90368652,
  "Lyon": 1742.74975586,
  "Monaco": 1725.88330078,
  "Strasbourg": 1709.30236816,
  "Rennais": 1690.53710938,
  "Brest": 1671.90283203,
  "Toulouse": 1662.98608398,
  "Nice": 1622.31286621,
  "Lorient": 1606.53942871,
  "Auxerre": 1592.90966797,
  "Angers": 1578.49487305,
  "Reims": 1571.54101562,
  "Le Havre": 1566.88256836,
  "Nantes": 1561.61889648,
  "Paris FC": 1558.23034668,
  "Metz": 1551.39611816,
  "Saint-Etienne": 1529.77514648,
  "Troyes": 1493.57470703,
  "Montpellier": 1471.45056152,
  "Dunkerque": 1470.0513916,
  "Annecy": 1453.75512695,
  "Guingamp": 1441.72680664,
  "Red Star": 1432.8671875,
  "Le Mans": 1427.37280273,
  "Rodez": 1421.11450195,
  "Pau": 1420.80493164,
  "Grenoble": 1416.7331543,
  "Clermont": 1413.15344238,
  "Laval": 1406.17492676,
  "Boulogne": 1375.66625977,
  "Amiens": 1371.46582031,
  "Bastia": 1371.17358398,
  "Nancy": 1357.52075195
}