{
  "Arsenal": 2013.34741211,
  "Liverpool": 2010.13317871,
  "PSG": 1973.76855469,
  "Barcelona": 1962.6307373,
  "Manchester City": 1961.53137207,
  "Bayern Munich": 1954.95300293,
  "Real Madrid": 1936.25524902,
  "Inter": 1922.140625,
  "Chelsea": 1883.32348633,
  "Crystal Palace": 1866.96569824,
  "Newcastle": 1855.24523926,
  "Aston Villa": 1855.20397949,
  "Atlético": 1849.79772949,
  "Borussia Dortmund": 1845.07702637,
  "Leverkusen": 1841.9486084,
  "Napoli": 1841.56433105,
  "Atalanta": 1836.71887207,
  "Brighton": 1833.93029785,
  "Roma": 1831.58300781,
  "Bournemouth": 1826.52038574,
  "Juventus": 1815.96606445,
  "Tottenham": 1812.53356934,
  "Brentford": 1802.19787598,
  "Milan": 1802.16223145,
  "Sporting": 1800.99169922,
  "Everton": 1800.76745605,
  "Manchester United": 1797.26367188,
  "Villarreal": 1794.36352539,
  "Benfica": 1790.98706055,
  "Fulham": 1788.80126953,
  "Forest": 1779.37792969,
  "Saint-Gilloise": 1773.08007812,
  "Lille": 1772.73864746,
  "Frankfurt": 1768.0333252,
  "Marseille": 1765.27685547,
  "Lyon": 1764.25219727,
  "Brugge": 1760.02697754,
  "Athletic": 1756.03320312,
  "Lazio": 1755.03527832,
  "PSV": 1753.61022949,
  "RB Leipzig": 1744.59326172,
  "Porto": 1743.46350098,
  "Monaco": 1743.20910645,
  "Betis": 1743.15002441,
  "Leeds": 1740.75036621,
  "Bologna": 1740.51330566,
  "Stuttgart": 1728.52062988,
  "Fiorentina": 1727.08337402,
  "West Ham": 1726.54675293,
  "Burnley": 1715.96130371,
  "Feyenoord": 1715.07678223,
  "Strasbourg": 1710.8984375,
  "Lens": 1708.43395996,
  "Wolverhampton": 1706.8170166,
  "Mainz": 1702.41174316,
  "Galatasaray": 1701.02026367,
  "Freiburg": 1689.27636719,
  "Valencia": 1688.70153809,
  "Olympiacos": 1687.41516113,
  "Osasuna": 1682.95458984,
  "Werder": 1675.86474609,
  "Slavia Prag": 1673.01879883,
  "Brest": 1666.55456543,
  "Torino": 1664.82104492,
  "Nice": 1662.68591309,
  "Como": 1662.67248535,
  "Rennais": 1659.88110352,
  "Celta": 1658.03637695,
  "Bodø/Glimt": 1657.87817383,
  "Copenhagen": 1656.91943359,
  "Espanyol": 1656.56982422,
  "Fenerbahce": 1651.75915527,
  "Wolfsburg": 1651.69995117,
  "Real Sociedad": 1650.52685547,
  "Toulouse": 1649.3626709,
  "Ajax": 1648.79541016,
  "Rayo Vallecano": 1647.76025391,
  "Sevilla": 1647.12792969,
  "Celtic": 1645.78063965,
  "Alaves": 1642.99865723,
  "Zenit": 1640.33081055,
  "Genk": 1639.33190918,
  "Getafe": 1638.9642334,
  "Genoa": 1638.41003418,
  "Braga": 1638.27807617,
  "Midtjylland": 1635.49047852,
  "Hoffenheim": 1633.48571777,
  "FC Krasnodar": 1631.63244629,
  "Mallorca": 1629.88867188,
  "Union Berlin": 1627.34680176,
  "Elche": 1621.71411133,
  "Udinese": 1618.90490723,
  "Gladbach": 1617.37963867,
  "Cagliari": 1616.70776367,
  "Auxerre": 1614.90661621,
  "Alkmaar": 1611.80651855,
  "Levante": 1610.99475098,
  "Augsburg": 1610.46276855,
  "CSKA Moskva": 1609.09484863,
  "Sunderland": 1605.94262695,
  "Sassuolo": 1604.20202637,
  "Parma": 1602.57885742,
  "St Pauli": 1601.40100098,
  "Lorient": 1599.36352539,
  "Crvena Zvezda": 1594.41784668,
  "Girona": 1590.70068359,
  "Verona": 1588.46948242,
  "Sparta Praha": 1587.11547852,
  "Nantes": 1583.72473145,
  "Koeln": 1583.27270508,
  "Anderlecht": 1580.6282959,
  "AEK": 1577.76123047,
  "PAOK": 1572.86010742,
  "Lecce": 1570.36975098,
  "Real Oviedo": 1570.1027832,
  "Cremonese": 1568.62084961,
  "Hamburg": 1562.61950684,
  "Utrecht": 1558.3503418,
  "Shakhtar": 1557.82470703,
  "Panathinaikos": 1556.88269043,
  "Twente": 1556.03894043,
  "Spartak Moskva": 1554.2265625,
  "Brondby": 1553.41931152,
  "Guimaraes": 1552.81591797,
  "Heidenheim": 1551.54528809,
  "Le Havre": 1551.2454834,
  "Viktoria Plzen": 1551.00854492,
  "Rangers": 1550.46972656,
  "Qarabag": 1548.54821777,
  "Paris FC": 1546.14599609,
  "Lok Moskva": 1545.93579102,
  "Brann": 1544.7277832,
  "Metz": 1544.31799316,
  "Dinamo Zagreb": 1543.29675293,
  "M Tel Aviv": 1542.17626953,
  "Mjaellby": 1538.87841797,
  "Viking": 1535.62548828,
  "Famalicao": 1535.08398438,
  "Sturm Graz": 1535.01220703,
  "Pafos": 1533.78540039,
  "Antwerp": 1532.62280273,
  "Pisa": 1531.49938965,
  "Angers": 1530.72412109,
  "Dynamo Moskva": 1528.63305664,
  "RB Salzburg": 1526.53076172,
  "Rakow": 1524.2097168,
  "Mechelen": 1522.2512207,
  "Aarhus": 1521.87634277,
  "Gent": 1518.24987793,
  "Jablonec": 1516.6027832,
  "Beer-Sheva": 1515.23364258,
  "Jagiellonia": 1515.15734863,
  "Charleroi": 1511.47314453,
  "Djurgarden": 1509.9609375,
  "Lech": 1508.23254395,
  "Ferencvaros": 1508.1895752,
  "Legia": 1507.75195312,
  "Hammarby": 1502.0534668,
  "Nijmegen": 1501.0871582,
  "Malmoe": 1498.64831543,
  "Basel": 1495.93054199,
  "Nordsjaelland": 1494.97229004,
  "Moreirense": 1494.75512695,
  "Young Boys": 1489.4831543,
  "Razgrad": 1488.54455566,
  "Gil Vicente": 1482.22216797,
  "Westerlo": 1480.47033691,
  "Dynamo Kyiv": 1478.47753906,
  "Omonia": 1475.61694336,
  "Randers": 1474.63183594,
  "Craiova": 1472.17077637,
  "Besiktas": 1472.16931152,
  "Aris Limassol": 1470.07189941,
  "Trabzonspor": 1468.94714355,
  "Arouca": 1468.30737305,
  "St Truiden": 1468.00769043,
  "Wolfsberg": 1467.6661377,
  "Santa Clara": 1466.95251465,
  "Sparta Rotterdam": 1464.11157227,
  "Steaua": 1464.07104492,
  "Go Ahead Eagles": 1462.96362305,
  "Cercle Brugge": 1462.53735352,
  "Celje": 1459.875,
  "Larnaca": 1459.74169922,
  "Rosenborg": 1457.9864502,
  "Cracovia": 1457.37097168,
  "Rio Ave": 1456.42504883,
  "Tromso": 1456.09350586,
  "Gornik": 1454.85009766,
  "Rubin Kazan": 1453.67565918,
  "Viborg": 1451.92553711,
  "Austria Wien": 1451.12890625,
  "Casa Pia": 1451.09301758,
  "Estoril": 1451.06604004,
  "Standard": 1451.01513672,
  "Silkeborg": 1449.26794434,
  "Rapid Wien": 1445.37451172,
  "Molde": 1443.93945312,
  "Pogon": 1443.55273438,
  "Aris": 1441.0970459,
  "Zwolle": 1437.33605957,
  "Hearts": 1435.86242676,
  "AIK": 1434.48327637,
  "Elfsborg": 1434.12255859,
  "Maccabi Haifa": 1433.94274902,
  "Bueyueksehir": 1433.81237793,
  "Baltika": 1433.69958496,
  "Korona": 1431.9206543,
  "Rostov": 1428.76611328,
  "Banik Ostrava": 1427.35803223,
  "Groningen": 1426.47143555,
  "Heerenveen": 1425.28955078,
  "Leuven": 1425.24462891,
  "Sittard": 1423.60559082,
  "Servette": 1422.38342285,
  "Slovan Liberec": 1421.91259766,
  "Samsunspor": 1420.55664062,
  "Goeztepe": 1418.9876709,
  "Hibernian": 1416.36096191,
  "GAIS": 1415.74255371,
  "StGallen": 1415.30615234,
  "Alanyaspor": 1414.28613281,
  "Hajduk": 1413.35302734,
  "Nacional": 1413.19592285,
  "Goeteborg": 1411.30175781,
  "Piast Gliwice": 1410.71887207,
  "Kasimpasa": 1408.95422363,
  "Levski": 1407.7088623,
  "CFR Cluj": 1403.65344238,
  "Rapid Bucuresti": 1400.92016602,
  "Konyaspor": 1399.81176758,
  "Hradec Kralove": 1398.51000977,
  "Kryliya Sovetov": 1398.45593262,
  "Partizan": 1395.96777344,
  "Lausanne": 1395.79638672,
  "Fredrikstad": 1394.06396484,
  "Haecken": 1393.82019043,
  "SonderjyskE": 1393.40734863,
  "KFUM Oslo": 1390.86010742,
  "Alverca": 1390.65979004,
  "Luzern": 1390.3449707,
  "Zuerich": 1388.65686035,
  "Rijeka": 1385.90258789,
  "Terek Grozny": 1385.68811035,
  "LASK": 1385.0168457,
  "Paksi": 1383.95666504,
  "Radomiak": 1383.57873535,
  "Estrela Amadora": 1383.31384277,
  "Zulte Waregem": 1383.17626953,
  "Slovan Bratislava": 1382.40649414,
  "Dender": 1377.73474121,
  "Lubin": 1377.55383301,
  "Sarpsborg": 1377.51513672,
  "Tondela": 1376.64526367,
  "St Mirren": 1374.64306641,
  "Sandefjord": 1374.0123291,
  "Hartberg": 1372.49279785,
  "Puskas Akademia": 1369.96228027,
  "Gaziantep FK": 1369.93310547,
  "Heracles": 1369.75708008,
  "RAAL": 1367.82641602,
  "Gyoer": 1367.76013184,
  "Sigma Olomouc": 1366.35705566,
  "Levadeiakos": 1362.7902832,
  "Universitatea Cluj": 1362.61108398,
  "Motor Lublin": 1361.84130859,
  "Plock": 1361.5880127,
  "Fredericia": 1359.36010742,
  "Vejle": 1358.94116211,
  "Dinamo Bucuresti": 1358.52746582,
  "Lugano": 1358.24060059,
  "Katowice": 1357.58361816,
  "Kayseri": 1357.33410645,