{
  "PSG": 1964.03845215,
  "Lens": 1766.09460449,
  "Lille": 1742.76025391,
  "Lyon": 1730.66918945,
  "Monaco": 1716.56958008,
  "Marseille": 1715.79406738,
  "Rennais": 1715.17004395,
  "Strasbourg": 1709.85559082,
  "Toulouse": 1653.27734375,
  "Lorient": 1638.10864258,
  "Paris FC": 1628.37841797,
  "Auxerre": 1623.1628418,
  "Brest": 1619.89587402,
  "Nice": 1581.42370605,
  "Le Havre": 1579.11999512,
  "Angers": 1546.59716797,
  "Nantes": 1541.57043457,
  "Reims": 1541.0255127,
  "Troyes": 1520.19433594,
  "Saint-Etienne": 1506.89172363,
  "Rodez": 1493.4967041,
  "Le Mans": 1491.47241211,
  "Metz": 1488.86108398,
  "Montpellier": 1476.16796875,
  "Annecy": 1464.90893555,
  "Red Star": 1440.09680176,
  "Dunkerque": 1422.52380371,
  "Grenoble": 1404.76013184,
  "Guingamp": 1393.92907715,
  "Clermont": 1389.71569824,
  "Laval": 1383.33862305,
  "Bastia": 1381.44421387,
  "Pau": 1373.39770508,
  "Nancy": 1358.45666504,
  "Boulogne": 1356.86462402,
  "Amiens": 1294.55310059
}