{
  "Arsenal": 2055.61938477,
  "Bayern Munich": 1991.65515137,
  "Manchester City": 1956.81274414,
  "Barcelona": 1951.85595703,
  "PSG": 1940.48425293,
  "Liverpool": 1934.18701172,
  "Real Madrid": 1929.46960449,
  "Chelsea": 1907.47924805,
  "Inter": 1893.08703613,
  "Aston Villa": 1886.9420166,
  "Manchester United": 1872.24609375,
  "Newcastle": 1856.76367188,
  "Atlético": 1856.07446289,
  "Brentford": 1839.59057617,
  "Brighton": 1829.94897461,
  "Sporting": 1829.02758789,
  "Borussia Dortmund": 1827.02392578,
  "Bournemouth": 1826.1706543,
  "Milan": 1821.59802246,
  "Everton": 1820.73413086,
  "Leverkusen": 1806.03369141,
  "Benfica": 1803.68981934,
  "Fulham": 1796.4519043,
  "Crystal Palace": 1792.42858887,
  "Napoli": 1790.74890137,
  "Atalanta": 1787.89746094,
  "Roma": 1787.13000488,
  "Porto": 1782.82958984,
  "Juventus": 1779.48913574,
  "PSV": 1777.65124512,
  "Tottenham": 1765.69445801,
  "Lens": 1764.65783691,
  "Forest": 1764.47875977,
  "Leeds": 1763.8145752,
  "Bodø/Glimt": 1760.20251465,
  "Lyon": 1755.14648438,
  "Stuttgart": 1747.63671875,
  "Villarreal": 1747.27111816,
  "RB Leipzig": 1747.03845215,
  "Marseille": 1746.63806152,
  "Como": 1745.4510498,
  "West Ham": 1743.13439941,
  "Betis": 1740.87866211,
  "Galatasaray": 1731.47668457,
  "Monaco": 1727.10388184,
  "Saint-Gilloise": 1721.86560059,
  "Hoffenheim": 1720.35974121,
  "Brugge": 1719.19958496,
  "Celta": 1719.19445801,
  "Strasbourg": 1713.67089844,
  "Athletic": 1712.1862793,
  "Lille": 1711.9666748,
  "Rennais": 1709.15002441,
  "Midtjylland": 1707.78039551,
  "Sunderland": 1698.42016602,
  "Wolverhampton": 1698.38562012,
  "Lazio": 1691.56896973,
  "Olympiacos": 1688.6105957,
  "Bologna": 1687.71972656,
  "Real Sociedad": 1686.42724609,
  "Osasuna": 1685.0045166,
  "Frankfurt": 1681.8067627,
  "Burnley": 1681.56542969,
  "Freiburg": 1680.20556641,
  "Braga": 1678.79650879,
  "Brest": 1676.26171875,
  "Slavia Prag": 1673.00537109,
  "Valencia": 1666.77197266,
  "Rayo Vallecano": 1659.6895752,
  "Fenerbahce": 1659.53710938,
  "Mainz": 1659.03186035,
  "Zenit": 1651.2767334,
  "Getafe": 1649.73156738,
  "Fiorentina": 1641.15075684,
  "Genoa": 1637.24633789,
  "AEK": 1636.33776855,
  "Toulouse": 1633.12988281,
  "Espanyol": 1633.12719727,
  "Girona": 1631.96679688,
  "Lorient": 1631.43884277,
  "Werder": 1630.13232422,
  "Sassuolo": 1630.10766602,
  "FC Krasnodar": 1629.65246582,
  "Sevilla": 1624.27502441,
  "Torino": 1623.69238281,
  "PAOK": 1621.93579102,
  "Augsburg": 1621.91552734,
  "Gladbach": 1620.41662598,
  "Udinese": 1619.80639648,
  "Mallorca": 1618.89465332,
  "Viking": 1608.96728516,
  "Genk": 1603.75439453,
  "Alaves": 1602.70947266,
  "Union Berlin": 1601.81555176,
  "Parma": 1598.38562012,
  "Hamburg": 1593.2076416,
  "Feyenoord": 1592.64123535,
  "Cagliari": 1590.02026367,
  "Elche": 1589.63977051,
  "Levante": 1589.57043457,
  "Aarhus": 1587.15881348,
  "Panathinaikos": 1585.44726562,
  "Sparta Praha": 1583.55773926,
  "Crvena Zvezda": 1582.77990723,
  "Wolfsburg": 1582.22497559,
  "Viktoria Plzen": 1576.8223877,
  "Ajax": 1575.90148926,
  "Copenhagen": 1572.83630371,
  "Lok Moskva": 1572.06103516,
  "Nice": 1571.17419434,
  "Auxerre": 1568.65234375,
  "Angers": 1566.2331543,
  "Shakhtar": 1565.99633789,
  "St Pauli": 1564.66650391,
  "CSKA Moskva": 1563.29833984,
  "Pafos": 1563.0847168,
  "Lecce": 1562.34765625,
  "Twente": 1561.97912598,
  "Le Havre": 1561.89782715,
  "Koeln": 1560.63232422,
  "Paris FC": 1557.29394531,
  "Dinamo Zagreb": 1556.9395752,
  "Spartak Moskva": 1556.91418457,
  "Celtic": 1556.81616211,
  "Anderlecht": 1555.23962402,
  "Qarabag FK": 1554.37609863,
  "St Truiden": 1552.98095703,
  "Real Oviedo": 1550.27099609,
  "Brondby": 1547.77416992,
  "Trabzonspor": 1546.90454102,
  "Mjaellby": 1546.16784668,
  "Ferencvaros": 1540.96704102,
  "Brann": 1540.08581543,
  "Famalicao": 1538.9765625,
  "Rangers": 1537.33825684,
  "Alkmaar": 1534.95019531,
  "Cremonese": 1533.61523438,
  "Dynamo Moskva": 1531.32495117,
  "Besiktas": 1528.14709473,
  "Rakow": 1527.82067871,
  "Gil Vicente": 1527.29272461,
  "Verona": 1521.43041992,
  "Nantes": 1521.40551758,
  "Guimaraes": 1520.58959961,
  "Nijmegen": 1519.32568359,
  "Nordsjaelland": 1514.6282959,
  "Antwerp": 1512.96911621,
  "Gent": 1509.85058594,
  "Bueyueksehir": 1509.22131348,
  "Mechelen": 1509.02380371,
  "Charleroi": 1507.95788574,
  "Hammarby": 1507.85107422,
  "Estoril": 1506.25195312,
  "Metz": 1505.3638916,
  "Viborg": 1503.05480957,
  "Heidenheim": 1502.03686523,
  "Larnaca": 1501.20178223,
  "Westerlo": 1498.13842773,
  "Utrecht": 1496.59619141,
  "Pisa": 1495.62182617,
  "Lech": 1494.58972168,
  "RB Salzburg": 1490.87353516,
  "Tromso": 1488.88574219,
  "Jagiellonia": 1488.03942871,
  "Randers": 1487.6920166,
  "Moreirense": 1485.9987793,
  "Djurgarden": 1482.5690918,
  "SonderjyskE": 1481.35534668,
  "Aris Limassol": 1480.23510742,
  "Thun": 1476.8795166,
  "Baltika": 1475.85241699,
  "Standard": 1474.91430664,
  "Molde": 1472.8125,
  "Jablonec": 1470.60058594,
  "Beer-Sheva": 1468.04675293,
  "Hearts": 1467.60827637,
  "Craiova": 1466.78466797,
  "Rosenborg": 1464.69018555,
  "StGallen": 1460.68762207,
  "Cercle Brugge": 1459.27661133,
  "Omonia": 1458.95666504,
  "Heerenveen": 1458.31811523,
  "Sturm Graz": 1457.72045898,
  "Arouca": 1455.90930176,
  "Goeztepe": 1454.42834473,
  "Sparta Rotterdam": 1451.84851074,
  "Basel": 1448.6262207,
  "Slovan Liberec": 1448.10400391,
  "Santa Clara": 1445.69946289,
  "CFR Cluj": 1445.15795898,
  "Razgrad": 1443.57836914,
  "Sandefjord": 1442.77392578,
  "Dynamo Kyiv": 1440.70935059,
  "Lubin": 1440.5357666,
  "Casa Pia": 1439.4029541,
  "Fredrikstad": 1438.67346191,
  "Rijeka": 1435.57641602,
  "Pogon": 1434.94567871,
  "Austria Wien": 1434.93701172,
  "Gyoer": 1434.44042969,
  "Steaua": 1433.52294922,
  "Rubin Kazan": 1432.94824219,
  "Leuven": 1432.70068359,
  "Rostov": 1431.94641113,
  "Malmoe": 1430.48388672,
  "Young Boys": 1430.390625,
  "Legia": 1429.3269043,
  "Rio Ave": 1428.72546387,
  "Levski": 1427.5456543,
  "Go Ahead Eagles": 1426.15478516,
  "Aris": 1424.59960938,
  "Cracovia": 1424.15551758,
  "LASK": 1423.07507324,
  "Samsunspor": 1422.2310791,
  "Celje": 1421.67163086,
  "Lugano": 1420.53125,
  "Sarpsborg": 1419.69213867,
  "Silkeborg": 1419.48376465,
  "Universitatea Cluj": 1418.35534668,
  "M Tel Aviv": 1417.34472656,
  "Nacional": 1415.7512207,
  "Hibernian": 1415.51818848,
  "Hajduk": 1414.8807373,
  "Katowice": 1414.59460449,
  "Levadeiakos": 1414.54821777,
  "Rizespor": 1414.05688477,
  "Hradec Kralove": 1413.79699707,
  "Zwolle": 1411.67919922,
  "Gornik": 1410.92883301,
  "Alverca": 1410.88061523,
  "Groningen": 1409.62561035,
  "Sigma Olomouc": 1409.17419434,
  "GAIS": 1407.73742676,
  "Odense": 1407.56762695,
  "Lechia": 1407.43139648,
  "Piast Gliwice": 1407.03991699,
  "Korona": 1406.11242676,
  "Terek Grozny": 1405.74511719,
  "Radomiak": 1405.66296387,
  "Motherwell": 1404.88330078,
  "Alanyaspor": 1401.71960449,
  "Luzern": 1400.71191406,
  "Ham-Kam": 1400.06152344,
  "Goeteborg": 1398.76123047,
  "Servette": 1396.92712402,
  "Lausanne": 1396.88452148,
  "Maccabi Haifa": 1396.15612793,
  "Banik Ostrava": 1396.15405273,
  "Estrela Amadora": 1395.8269043,
  "AIK": 1393.45727539,
  "Sittard": 1393.34448242,
  "Rapid Bucuresti": 1392.07055664,
  "Valerenga": 1390.89685059,
  "Gaziantep FK": 1390.04187012,
  "IK Sirius": 1388.53967285,
  "KFUM Oslo": 1388.43115234,
  "Motor Lublin": 1386.68554688,
  "Sion": 1386.50671387,
  "Beitar": 1384.28881836,
  "Hartberg": 1383.32910156,
  "Kocaelispor": 1382.14538574,
  "RAAL": 1381.51123047,
  "Tondela": 1380.71801758,
  "Dender": 1380.0958252,
  "Kryliya Sovetov": 1379.50891113,
  "Wolfsberg": 1378.2980957,
  "Zulte Waregem": 1375.984375,
  "Elfsborg": 1375.86474609,
  "Konyaspor": 1375.61437988,
  "Atromitos": 1375.47314453,
  "Paksi": 1374.61804199,
  "Polissya Zhytomyr": 1373.37023926,
  "Fredericia": 1368.81152344,
  "Puskas Akademia": 1368.2701416,