{
  "Arsenal": 2045.23840332,
  "Liverpool": 1990.05517578,
  "Manchester City": 1979.2545166,
  "Chelsea": 1908.1315918,
  "Newcastle": 1873.36010742,
  "Aston Villa": 1871.76037598,
  "Crystal Palace": 1855.32446289,
  "Bournemouth": 1845.88806152,
  "Brighton": 1844.0135498,
  "Manchester United": 1831.98181152,
  "Tottenham": 1830.78930664,
  "Brentford": 1816.78588867,
  "Everton": 1793.11437988,
  "Fulham": 1787.65893555,
  "Forest": 1758.91943359,
  "Burnley": 1734.97033691,
  "West Ham": 1730.23718262,
  "Leeds": 1729.27209473,
  "Wolverhampton": 1685.90686035,
  "Sunderland": 1641.640625,
  "Coventry": 1623.25109863,
  "Ipswich": 1593.04443359,
  "Leicester": 1585.1661377,
  "Middlesbrough": 1566.89904785,
  "Stoke": 1549.61938477,
  "Bristol City": 1537.0345459,
  "Millwall": 1535.18212891,
  "Sheffield United": 1529.3215332,
  "West Brom": 1521.96496582,
  "Hull": 1521.10437012,
  "Swansea": 1520.38354492,
  "Preston": 1519.67871094,
  "Southampton": 1518.02905273,
  "Blackburn": 1512.76013184,
  "Watford": 1504.56152344,
  "Derby": 1500.54711914,
  "QPR": 1496.00280762,
  "Charlton": 1493.59350586,
  "Birmingham": 1480.78649902,
  "Norwich": 1466.52697754,
  "Portsmouth": 1465.88647461,
  "Wrexham": 1463.29382324,
  "Oxford": 1456.83679199,
  "Sheffield Weds": 1440.15942383
}