{
  "PSG": 1964.07458496,
  "Lille": 1752.1394043,
  "Marseille": 1748.37329102,
  "Monaco": 1734.20263672,
  "Lyon": 1730.47009277,
  "Lens": 1707.2019043,
  "Strasbourg": 1699.9864502,
  "Nice": 1659.84216309,
  "Rennais": 1653.04931641,
  "Toulouse": 1648.14941406,
  "Brest": 1640.33081055,
  "Auxerre": 1577.44104004,
  "Lorient": 1568.36340332,
  "Le Havre": 1562.54199219,
  "Nantes": 1556.91003418,
  "Paris FC": 1553.47106934,
  "Metz": 1547.06213379,
  "Reims": 1535.15087891,
  "Angers": 1534.78894043,
  "Saint-Etienne": 1512.14855957,
  "Troyes": 1484.29406738,
  "Montpellier": 1470.15063477,
  "Dunkerque": 1451.32275391,
  "Guingamp": 1439.79284668,
  "Annecy": 1421.72937012,
  "Red Star": 1419.68103027,
  "Rodez": 1410.20068359,
  "Pau": 1402.0123291,
  "Grenoble": 1401.83410645,
  "Le Mans": 1398.97363281,
  "Clermont": 1393.12207031,
  "Bastia": 1383.89904785,
  "Laval": 1379.70605469,
  "Amiens": 1376.66064453,
  "Nancy": 1364.83374023,
  "Boulogne": 1342.32971191
}