{
  "Liverpool": 2019.72473145,
  "Arsenal": 2006.37670898,
  "Manchester City": 1955.24963379,
  "Chelsea": 1897.5447998,
  "Newcastle": 1859.20166016,
  "Crystal Palace": 1854.35791016,
  "Aston Villa": 1841.73596191,
  "Bournemouth": 1826.32763672,
  "Brighton": 1816.69458008,
  "Tottenham": 1815.25219727,
  "Manchester United": 1806.01696777,
  "Everton": 1802.71533203,
  "Fulham": 1795.38916016,
  "Forest": 1790.76257324,
  "Brentford": 1790.43286133,
  "Leeds": 1737.9284668,
  "West Ham": 1721.5859375,
  "Burnley": 1719.22851562,
  "Wolverhampton": 1701.08410645,
  "Leicester": 1616.23583984,
  "Sunderland": 1590.51745605,
  "Ipswich": 1588.78295898,
  "Middlesbrough": 1576.09802246,
  "Coventry": 1565.67248535,
  "Sheffield United": 1547.15368652,
  "Bristol City": 1543.18347168,
  "West Brom": 1538.93408203,
  "Southampton": 1535.78930664,
  "Swansea": 1514.47753906,
  "Millwall": 1512.50524902,
  "Blackburn": 1508.50134277,
  "Norwich": 1505.11865234,
  "Stoke": 1504.0793457,
  "QPR": 1499.32348633,
  "Preston": 1495.70703125,
  "Hull": 1493.16760254,
  "Portsmouth": 1478.91479492,
  "Watford": 1467.7722168,
  "Oxford": 1463.25402832,
  "Sheffield Weds": 1461.29467773,
  "Derby": 1458.53613281,
  "Birmingham": 1445.39257812,
  "Charlton": 1437.3684082,
  "Wrexham": 1431.88708496
}