{
  "Real Madrid": 1939.8951416,
  "Barcelona": 1937.71447754,
  "Atlético": 1877.16271973,
  "Villarreal": 1795.36193848,
  "Betis": 1756.04907227,
  "Athletic": 1726.8157959,
  "Celta": 1703.58398438,
  "Rayo Vallecano": 1674.70935059,
  "Real Sociedad": 1674.34020996,
  "Valencia": 1662.37011719,
  "Osasuna": 1653.17211914,
  "Sevilla": 1651.71887207,
  "Espanyol": 1649.84204102,
  "Getafe": 1638.30310059,
  "Mallorca": 1636.28393555,
  "Alaves": 1634.75610352,
  "Elche": 1614.38647461,
  "Girona": 1604.11767578,
  "Levante": 1596.07373047,
  "Las Palmas": 1589.12915039,
  "Almeria": 1583.59509277,
  "Real Oviedo": 1561.95605469,
  "Leganes": 1550.59741211,
  "Racing": 1545.24121094,
  "Depor": 1532.36462402,
  "Burgos": 1503.97949219,
  "Cadiz": 1501.01208496,
  "Granada": 1500.40405273,
  "Eibar": 1494.37805176,
  "Cordoba": 1478.72045898,
  "Mirandes": 1476.82543945,
  "Albacete": 1476.46569824,
  "Valladolid": 1475.47705078,
  "Castellon": 1472.8458252,
  "Huesca": 1471.27697754,
  "Sporting": 1467.07055664,
  "Malaga": 1451.10168457,
  "Leonesa": 1448.00366211,
  "Ceuta": 1438.34350586,
  "FC Andorra": 1437.00756836,
  "Sociedad B": 1430.83605957,
  "Zaragoza": 1398.57519531
}