{
  "Inter": 1892.4329834,
  "Juventus": 1789.75378418,
  "Napoli": 1783.95141602,
  "Roma": 1768.58447266,
  "Atalanta": 1767.06921387,
  "Milan": 1766.78063965,
  "Como": 1745.61523438,
  "Lazio": 1712.04919434,
  "Bologna": 1673.3248291,
  "Fiorentina": 1660.85192871,
  "Udinese": 1652.04248047,
  "Sassuolo": 1649.18981934,
  "Genoa": 1631.13378906,
  "Torino": 1621.99951172,
  "Parma": 1600.61767578,
  "Venezia": 1591.82458496,
  "Cagliari": 1583.45751953,
  "Frosinone": 1557.19641113,
  "Lecce": 1551.2722168,
  "Monza": 1548.88500977,
  "Palermo": 1521.05993652,
  "Cremonese": 1520.64746094,
  "Verona": 1501.93212891,
  "Pisa": 1472.42614746,
  "Catanzaro": 1470.98950195,
  "Modena": 1437.3996582,
  "Juve Stabia": 1425.34448242,
  "Empoli": 1411.93225098,
  "Mantova": 1407.4942627,
  "Sampdoria": 1399.47351074,
  "Carrarese": 1393.78613281,
  "Spezia": 1384.1036377,
  "Avellino": 1379.22460938,
  "Cesena": 1375.50952148,
  "Suedtirol": 1372.35388184,
  "Padova": 1355.43701172,
  "Bari": 1353.79455566,
  "Pescara": 1352.59155273,
  "Entella": 1350.19641113,
  "Reggiana": 1325.35375977
}