{
  "PSG": 1964.54919434,
  "Lyon": 1760.34460449,
  "Lille": 1754.21936035,
  "Lens": 1751.74169922,
  "Monaco": 1734.18823242,
  "Rennais": 1722.53430176,
  "Strasbourg": 1713.24450684,
  "Marseille": 1701.1282959,
  "Lorient": 1645.14709473,
  "Toulouse": 1644.97021484,
  "Brest": 1633.45263672,
  "Paris FC": 1619.13891602,
  "Auxerre": 1599.01049805,
  "Nice": 1593.60693359,
  "Le Havre": 1570.03808594,
  "Nantes": 1545.76879883,
  "Angers": 1541.4576416,
  "Reims": 1537.5760498,
  "Troyes": 1532.08435059,
  "Saint-Etienne": 1502.14709473,
  "Metz": 1497.07897949,
  "Rodez": 1486.046875,
  "Le Mans": 1483.05090332,
  "Montpellier": 1477.37524414,
  "Annecy": 1475.22961426,
  "Red Star": 1441.76049805,
  "Dunkerque": 1433.01062012,
  "Guingamp": 1402.83410645,
  "Grenoble": 1395.74108887,
  "Bastia": 1392.73669434,
  "Clermont": 1383.68151855,
  "Pau": 1379.71813965,
  "Laval": 1378.09753418,
  "Boulogne": 1364.97668457,
  "Nancy": 1350.84094238,
  "Amiens": 1302.1685791
}