{
  "Real Madrid": 1964.24230957,
  "Barcelona": 1954.88391113,
  "Atletico": 1865.31323242,
  "Athletic": 1811.43847656,
  "Villarreal": 1766.67932129,
  "Betis": 1745.36621094,
  "Sociedad": 1699.47351074,
  "Girona": 1687.66491699,
  "Sevilla": 1682.59814453,
  "Celta": 1681.55029297,
  "Rayo Vallecano": 1676.58288574,
  "Getafe": 1675.85986328,
  "Osasuna": 1669.47692871,
  "Mallorca": 1665.22351074,
  "Valencia": 1662.9744873,
  "Espanyol": 1622.0279541,
  "Alaves": 1620.99145508,
  "Las Palmas": 1595.75622559,
  "Levante": 1591.96606445,
  "Leganes": 1583.29748535,
  "Elche": 1582.43347168,
  "Almeria": 1562.48681641,
  "Santander": 1555.05517578,
  "Mirandes": 1552.18493652,
  "Oviedo": 1551.36560059,
  "Cadiz": 1548.9119873,
  "Huesca": 1545.44763184,
  "Granada": 1533.99267578,
  "Eibar": 1524.42236328,
  "Valladolid": 1523.44042969,
  "Albacete": 1515.84741211,
  "Burgos": 1494.58129883,
  "Gijon": 1494.19799805,
  "Depor": 1491.00439453,
  "Cordoba": 1482.66162109,
  "Malaga": 1461.26123047,
  "Zaragoza": 1455.29663086,
  "Castellon": 1454.27612305,
  "Tenerife": 1442.0291748,
  "Eldense": 1442.01623535,
  "Ferrol": 1370.68383789,
  "Cartagena": 1354.8527832
}