{
  "PSG": 1979.0324707,
  "Real Madrid": 1943.7154541,
  "Manchester City": 1938.97631836,
  "Bayern Munich": 1929.6138916,
  "Inter": 1922.74255371,
  "Chelsea": 1915.28527832,
  "Atlético": 1833.05200195,
  "Benfica": 1820.73754883,
  "Borussia Dortmund": 1819.75354004,
  "Juventus": 1816.03967285,
  "Flamengo": 1801.736388699692,
  "Palmeiras": 1792.6113877484065,
  "Porto": 1725.94909668,
  "Botafogo": 1699.1878495168382,
  "River Plate": 1695.384374271694,
  "Fluminense": 1688.0478655930692,
  "Boca Juniors": 1654.4291766806527,
  "Al-Hilal": 1634.952600137203,
  "Monterrey": 1627.29094224639,
  "Ahly SC": 1604.6206385189182,
  "Pachuca": 1567.861711254075,
  "RB Salzburg": 1567.04724121,
  "Sundowns": 1564.7313695897801,
  "Esperance": 1518.5731202444883,
  "Los Ángeles FC": 1517.3617637888829,
  "Inter Miami": 1507.9519845044756,
  "Seattle": 1498.0206584673533,
  "Urawa Reds": 1478.5722763979065,
  "Al-Ain": 1462.8028561878184,
  "Wydad AC": 1451.5801498737103,
  "Ulsan HD": 1445.0120546029764,
  "Auckland City": 1339.0219203165718
}