{
  "Liverpool": 2013.10742188,
  "Arsenal": 2000.40319824,
  "PSG": 1981.32202148,
  "Barcelona": 1951.6817627,
  "Real Madrid": 1946.97851562,
  "Manchester City": 1945.47961426,
  "Bayern Munich": 1931.8170166,
  "Chelsea": 1913.25292969,
  "Inter": 1912.99462891,
  "Newcastle": 1865.4876709,
  "Napoli": 1855.81982422,
  "Crystal Palace": 1846.80407715,
  "Aston Villa": 1845.84533691,
  "Atlético": 1840.4453125,
  "Leverkusen": 1839.78527832,
  "Atalanta": 1833.8692627,
  "Juventus": 1825.78845215,
  "Bournemouth": 1825.15612793,
  "Borussia Dortmund": 1823.70544434,
  "Brighton": 1816.60314941,
  "Roma": 1815.74206543,
  "Benfica": 1812.5456543,
  "Tottenham": 1807.21606445,
  "Everton": 1803.90893555,
  "Lille": 1799.8729248,
  "Brentford": 1799.19238281,
  "Sporting": 1796.39404297,
  "Manchester United": 1794.96313477,
  "Athletic": 1791.59594727,
  "PSV": 1790.37426758,
  "Forest": 1790.10888672,
  "Villarreal": 1786.67089844,
  "Milan": 1785.6607666,
  "Fulham": 1783.6673584,
  "Monaco": 1767.64929199,
  "Frankfurt": 1756.02539062,
  "Lazio": 1752.3026123,
  "Marseille": 1748.92919922,
  "Lyon": 1747.90686035,
  "Bologna": 1744.81103516,
  "Fiorentina": 1744.45043945,
  "Brugge": 1738.1784668,
  "Feyenoord": 1736.30371094,
  "Saint-Gilloise": 1735.23413086,
  "Betis": 1733.58105469,
  "Porto": 1727.42553711,
  "West Ham": 1726.1776123,
  "RB Leipzig": 1724.37280273,
  "Leeds": 1723.91027832,
  "Burnley": 1716.91992188,
  "Strasbourg": 1716.33886719,
  "Galatasaray": 1714.37695312,
  "Wolverhampton": 1712.14001465,
  "Stuttgart": 1703.84985352,
  "Osasuna": 1702.28710938,
  "Lens": 1694.22155762,
  "Olympiakos": 1692.31005859,
  "Mainz": 1689.73742676,
  "Nice": 1689.71032715,
  "Werder": 1688.05065918,
  "Torino": 1685.40222168,
  "Fenerbahce": 1684.81640625,
  "Slavia Praha": 1681.18981934,
  "Valencia": 1677.83300781,
  "Celta": 1671.94689941,
  "Rayo Vallecano": 1666.35876465,
  "Ajax": 1665.68725586,
  "Freiburg": 1665.34753418,
  "Rennais": 1663.24682617,
  "Toulouse": 1663.17480469,
  "Espanyol": 1663.09301758,
  "Alaves": 1662.67663574,
  "Bodø/Glimt": 1657.8770752,
  "Genoa": 1656.953125,
  "Como": 1656.91271973,
  "Real Sociedad": 1655.44152832,
  "Celtic": 1655.41442871,
  "Wolfsburg": 1653.81921387,
  "Copenhagen": 1653.38525391,
  "Getafe": 1649.17199707,
  "Braga": 1646.90771484,
  "Brest": 1646.43310547,
  "Alkmaar": 1643.77600098,
  "Udinese": 1641.47875977,
  "Zenit": 1640.33081055,
  "Sevilla": 1635.05517578,
  "FC Krasnodar": 1631.63244629,
  "Genk": 1630.44946289,
  "Mallorca": 1628.1015625,
  "Hoffenheim": 1626.81396484,
  "Augsburg": 1624.38867188,
  "Midtjylland": 1618.32226562,
  "Cagliari": 1613.60510254,
  "Auxerre": 1610.8873291,
  "Gladbach": 1610.59375,
  "Union Berlin": 1609.61181641,
  "CSKA Moskva": 1609.09484863,
  "Girona": 1608.18688965,
  "Elche": 1607.26135254,
  "St Pauli": 1603.86303711,
  "Utrecht": 1597.57434082,
  "Sassuolo": 1595.90270996,
  "Levante": 1595.44067383,
  "Parma": 1594.55627441,
  "Crvena Zvezda": 1590.41052246,
  "Verona": 1588.55773926,
  "Koeln": 1586.45959473,
  "PAOK": 1586.18481445,
  "Lorient": 1585.59753418,
  "Sunderland": 1583.44580078,
  "Real Oviedo": 1581.85742188,
  "Nantes": 1581.74230957,
  "AEK": 1579.92456055,
  "Lecce": 1576.65209961,
  "Viktoria Plzen": 1573.5859375,
  "Sparta Praha": 1571.17382812,
  "Guimaraes": 1569.59545898,
  "Anderlecht": 1567.77050781,
  "Cremonese": 1566.76977539,
  "Rangers": 1560.33288574,
  "Spartak Moskva": 1554.22668457,
  "Le Havre": 1552.81799316,
  "Metz": 1552.45324707,
  "Twente": 1552.31262207,
  "Brondby": 1552.19799805,
  "Shakhtar": 1551.20666504,
  "Paris FC": 1548.9888916,
  "Mjaellby": 1546.73901367,
  "Lok Moskva": 1545.93566895,
  "RB Salzburg": 1545.91516113,
  "Hamburg": 1544.95263672,
  "Angers": 1544.76306152,
  "Heidenheim": 1541.45703125,
  "M Tel Aviv": 1537.76757812,
  "Viking": 1533.85339355,
  "Brann": 1533.21447754,
  "Antwerp": 1532.56665039,
  "Famalicao": 1531.91003418,
  "Pisa": 1530.24291992,
  "Panathinaikos": 1529.88769531,
  "Dynamo Moskva": 1528.63293457,
  "Sturm Graz": 1528.47338867,
  "Pafos": 1524.84204102,
  "Qarabag": 1524.16418457,
  "Rakow": 1523.06982422,
  "Malmoe": 1522.48156738,
  "Basel": 1519.16870117,
  "Nijmegen": 1517.68005371,
  "Sparta Rotterdam": 1515.57763672,
  "Nordsjaelland": 1514.34411621,
  "Charleroi": 1513.52294922,
  "Hammarby": 1511.32617188,
  "Young Boys": 1510.45849609,
  "Dinamo Zagreb": 1509.16882324,
  "Jablonec": 1508.20910645,
  "Ferencvaros": 1507.26171875,
  "Jagiellonia": 1505.78918457,
  "Beer-Sheva": 1503.24035645,
  "Legia": 1501.82287598,
  "Aarhus": 1501.11230469,
  "Lech": 1499.84606934,
  "Mechelen": 1497.69042969,
  "Djurgarden": 1495.5625,
  "Go Ahead Eagles": 1493.69970703,
  "Moreirense": 1492.03991699,
  "Gent": 1491.10876465,
  "Dynamo Kyiv": 1489.11010742,
  "Craiova": 1482.86096191,
  "Westerlo": 1477.24621582,
  "Trabzonspor": 1477.04602051,
  "Rosenborg": 1475.68469238,
  "Besiktas": 1475.41455078,
  "Gil Vicente": 1475.26806641,
  "Santa Clara": 1475.25048828,
  "Omonia": 1472.90844727,
  "Zwolle": 1470.6027832,
  "Razgrad": 1470.08447266,
  "Wolfsberg": 1468.41271973,
  "Rapid Wien": 1468.06921387,
  "Arouca": 1467.92907715,
  "Aris Limassol": 1467.36364746,
  "Casa Pia": 1465.68054199,
  "Elfsborg": 1465.3326416,
  "Estoril": 1463.17211914,
  "St Truiden": 1462.35583496,
  "Pogon": 1461.1472168,
  "Randers": 1460.02026367,
  "Cercle Brugge": 1458.78222656,
  "Steaua": 1458.75219727,
  "Larnaca": 1457.03344727,
  "AIK": 1455.90673828,
  "Rubin Kazan": 1453.67565918,
  "Rio Ave": 1450.60864258,
  "Celje": 1448.68579102,
  "Gornik": 1448.42346191,
  "Viborg": 1447.72460938,
  "Tromso": 1446.3170166,
  "Cracovia": 1446.20654297,
  "Bueyueksehir": 1444.22033691,
  "Silkeborg": 1443.15209961,
  "Maccabi Haifa": 1441.19274902,
  "Groningen": 1440.69628906,
  "Banik Ostrava": 1439.87353516,
  "Molde": 1439.73999023,
  "Aris": 1439.71508789,
  "Austria Wien": 1438.66088867,
  "Sittard": 1436.01013184,
  "Hearts": 1435.42785645,
  "StGallen": 1434.0657959,
  "Baltika": 1433.69958496,
  "Rostov": 1428.76647949,
  "Heerenveen": 1428.64440918,
  "Samsunspor": 1427.96765137,
  "Standard": 1425.07763672,
  "Korona": 1424.98620605,
  "Leuven": 1420.56164551,
  "Goeteborg": 1419.21606445,
  "Hibernian": 1417.06970215,
  "Alanyaspor": 1416.36645508,
  "Levski": 1414.66088867,
  "Goeztepe": 1414.63146973,
  "Piast Gliwice": 1411.0513916,
  "Servette": 1410.83105469,
  "Hajduk": 1409.68713379,
  "Slovan Liberec": 1407.93273926,
  "GAIS": 1406.91101074,
  "Nacional": 1406.59619141,
  "Konyaspor": 1403.17163086,
  "Lausanne": 1402.87573242,
  "Hradec Kralove": 1402.26879883,
  "CFR Cluj": 1401.85424805,
  "Rapid Bucuresti": 1401.53356934,
  "Fredrikstad": 1401.44628906,
  "Kasimpasa": 1401.35559082,
  "Haecken": 1399.60949707,
  "Kryliya Sovetov": 1398.45556641,
  "Rijeka": 1395.64831543,
  "Partizan": 1395.47436523,
  "SonderjyskE": 1392.8515625,
  "Puskas Akademia": 1391.07287598,
  "IK Sirius": 1389.90917969,
  "KFUM Oslo": 1389.74987793,
  "LASK": 1387.15332031,
  "Zuerich": 1385.95129395,
  "Luzern": 1385.70385742,
  "Terek Grozny": 1385.68811035,
  "Kayseri": 1384.05419922,
  "Slovan Bratislava": 1382.40649414,
  "Sarpsborg": 1382.2376709,
  "Paksi": 1381.00280762,
  "Alverca": 1379.2409668,
  "Hartberg": 1379.08508301,
  "Heracles": 1377.32763672,
  "Sandefjord": 1377.02026367,
  "Gaziantep FK": 1374.94616699,
  "Rizespor": 1374.9230957,
  "Radomiak": 1374.88537598,
  "St Mirren": 1373.77270508,
  "Dender": 1373.13598633,
  "Estrela Amadora": 1372.21691895,
  "Plock": 1369.69799805,
  "Sigma Olomouc": 1369.36132812,
  "Lubin": 1368.90075684,
  "Katowice": 1368.70056152,
  "Fredericia": 1368.0793457,
  "Tondela": 1366.3470459,
  "Antalyaspor": 1366.32189941,
  "Gyoer": 1362.58850098,
  "Widzew": 1362.38684082,
  "Motor Lublin": 1361.07324219,
  "Sion": 1360.95898438,
  "Lugano": 1360.91308594,
  "Volendam": 1360.90649414,
  "Breda": 1359.11279297,