{
  "Bayern Munich": 1997.03979492,
  "Borussia Dortmund": 1844.68127441,
  "Leverkusen": 1802.99353027,
  "Stuttgart": 1755.39147949,
  "RB Leipzig": 1751.9642334,
  "Freiburg": 1705.83813477,
  "Frankfurt": 1703.21655273,
  "Hoffenheim": 1702.54077148,
  "Werder": 1646.95898438,
  "Union Berlin": 1642.83679199,
  "Mainz": 1639.13720703,
  "Gladbach": 1633.37451172,
  "Wolfsburg": 1631.17211914,
  "Augsburg": 1598.08740234,
  "Koeln": 1582.06481934,
  "Hamburg": 1570.35620117,
  "St Pauli": 1550.55065918,
  "Heidenheim": 1540.98510742,
  "Elversberg": 1529.48742676,
  "Paderborn": 1512.67578125,
  "Darmstadt": 1508.12353516,
  "Bochum": 1503.96838379,
  "Holstein": 1503.27209473,
  "Schalke": 1492.25830078,
  "Hannover": 1486.4786377,
  "Lautern": 1479.17541504,
  "Hertha": 1475.88122559,
  "Karlsruhe": 1458.90429688,
  "Magdeburg": 1448.25366211,
  "Duesseldorf": 1441.48413086,
  "Nuernberg": 1438.6282959,
  "Muenster": 1399.97363281,
  "Bielefeld": 1379.34997559,
  "Braunschweig": 1368.70397949,
  "Fuerth": 1358.4876709,
  "Dresden": 1346.4543457
}