{
  "Arsenal": 2046.9029541,
  "Bayern Munich": 2022.04150391,
  "PSG": 1970.15661621,
  "Barcelona": 1969.64099121,
  "Manchester City": 1969.01245117,
  "Liverpool": 1931.96069336,
  "Real Madrid": 1915.34033203,
  "Inter": 1890.04699707,
  "Aston Villa": 1889.53613281,
  "Manchester United": 1887.21337891,
  "Brighton": 1864.64587402,
  "Sporting": 1861.0012207,
  "Bournemouth": 1846.52856445,
  "Atlético": 1843.51220703,
  "Borussia Dortmund": 1840.97546387,
  "Chelsea": 1839.9473877,
  "Benfica": 1833.71374512,
  "Brentford": 1827.21203613,
  "Newcastle": 1824.47277832,
  "Forest": 1823.52539062,
  "Everton": 1820.11706543,
  "Leverkusen": 1814.56384277,
  "Fulham": 1810.62585449,
  "Porto": 1805.22119141,
  "Crystal Palace": 1804.60705566,
  "Juventus": 1797.48535156,
  "Leeds": 1791.93444824,
  "RB Leipzig": 1786.90625,
  "Napoli": 1783.48364258,
  "Milan": 1781.4708252,
  "Atalanta": 1772.26074219,
  "Roma": 1768.58447266,
  "West Ham": 1768.3918457,
  "Lille": 1760.53845215,
  "Villarreal": 1758.66625977,
  "Tottenham": 1757.45166016,
  "Stuttgart": 1756.01782227,
  "Lens": 1755.43591309,
  "PSV": 1751.7923584,
  "Lyon": 1751.74780273,
  "Como": 1746.07458496,
  "Saint-Gilloise": 1737.98059082,
  "Betis": 1734.61315918,
  "Brugge": 1733.6015625,
  "Rennais": 1731.87219238,
  "Monaco": 1730.91833496,
  "Strasbourg": 1728.93151855,
  "Freiburg": 1725.84277344,
  "Marseille": 1722.11730957,
  "Galatasaray": 1720.14086914,
  "Hoffenheim": 1716.90722656,
  "Braga": 1714.171875,
  "Lazio": 1712.04919434,
  "Bodø/Glimt": 1703.95410156,
  "Sunderland": 1698.52502441,
  "Athletic": 1691.2557373,
  "Midtjylland": 1685.78320312,
  "Celta": 1684.0324707,
  "Real Sociedad": 1683.71032715,
  "Osasuna": 1682.41687012,
  "Frankfurt": 1679.89770508,
  "Bologna": 1677.44104004,
  "Wolverhampton": 1677.07666016,
  "Mainz": 1675.4855957,
  "Olympiacos": 1674.04968262,
  "Getafe": 1668.62658691,
  "Valencia": 1664.08068848,
  "Burnley": 1663.70690918,
  "Rayo Vallecano": 1661.83605957,
  "Fiorentina": 1660.85192871,
  "Zenit": 1657.19775391,
  "Slavia Prag": 1652.36901855,
  "Fenerbahce": 1652.00012207,
  "Brest": 1650.18664551,
  "Girona": 1646.03234863,
  "Udinese": 1642.95617676,
  "Mallorca": 1638.94445801,
  "Lorient": 1637.53894043,
  "AEK": 1637.01367188,
  "Sassuolo": 1634.49951172,
  "Toulouse": 1633.90844727,
  "Augsburg": 1633.1529541,
  "FC Krasnodar": 1632.22900391,
  "Werder": 1631.89770508,
  "Torino": 1631.08581543,
  "Alaves": 1628.07836914,
  "Genoa": 1625.94750977,
  "Viking": 1623.16369629,
  "Elche": 1623.04638672,
  "Gladbach": 1622.6361084,
  "Levante": 1617.55187988,
  "Espanyol": 1615.18383789,
  "Sevilla": 1604.01916504,
  "Paris FC": 1603.14868164,
  "Parma": 1603.00366211,
  "Feyenoord": 1594.83288574,
  "Union Berlin": 1590.96350098,
  "Auxerre": 1590.67236328,
  "Nice": 1590.65393066,
  "PAOK": 1590.36914062,
  "Crvena Zvezda": 1589.43212891,
  "Shakhtar": 1589.4173584,
  "Ajax": 1588.41333008,
  "Wolfsburg": 1587.02685547,
  "Famalicao": 1585.64221191,
  "Koeln": 1585.62817383,
  "Genk": 1583.31176758,
  "Aarhus": 1580.32873535,
  "Cagliari": 1579.34460449,
  "Real Oviedo": 1579.12036133,
  "Hamburg": 1576.65380859,
  "Copenhagen": 1570.67565918,
  "Dinamo Zagreb": 1569.96179199,
  "Sparta Praha": 1566.0534668,
  "Twente": 1564.70739746,
  "Le Havre": 1564.4576416,
  "Pafos": 1561.03271484,
  "St Pauli": 1556.29724121,
  "Lok Moskva": 1555.28356934,
  "Panathinaikos": 1554.81652832,
  "CSKA Moskva": 1554.62353516,
  "Qarabag FK": 1554.37609863,
  "Viktoria Plzen": 1551.85070801,
  "St Truiden": 1551.59191895,
  "Spartak Moskva": 1550.99316406,
  "Angers": 1550.53723145,
  "Celtic": 1550.11425781,
  "Nordsjaelland": 1549.20239258,
  "Guimaraes": 1547.9276123,
  "Trabzonspor": 1546.8873291,
  "Alkmaar": 1543.97595215,
  "Lecce": 1543.39355469,
  "Nijmegen": 1542.34777832,
  "Heidenheim": 1541.05908203,
  "Rangers": 1539.19396973,
  "Brondby": 1538.69702148,
  "Dynamo Moskva": 1538.52539062,
  "Gil Vicente": 1529.47802734,
  "Anderlecht": 1526.31604004,
  "Nantes": 1525.52099609,
  "Cremonese": 1520.64746094,
  "Besiktas": 1518.7833252,
  "Ferencvaros": 1514.92419434,
  "Mjaellby": 1514.78210449,
  "Hammarby": 1514.34082031,
  "Tromso": 1512.79931641,
  "Antwerp": 1512.5958252,
  "Viborg": 1512.58288574,
  "Lech": 1511.32678223,
  "Bueyueksehir": 1510.27429199,
  "Rakow": 1506.50146484,
  "Brann": 1506.15332031,
  "Gent": 1502.3605957,
  "Metz": 1501.08996582,
  "Utrecht": 1499.69604492,
  "Westerlo": 1497.46179199,
  "Moreirense": 1495.81506348,
  "Larnaca": 1494.35534668,
  "Verona": 1494.20056152,
  "Estoril": 1494.15539551,
  "RB Salzburg": 1485.34204102,
  "Baltika": 1484.52722168,
  "Arouca": 1484.16516113,
  "Djurgarden": 1481.35949707,
  "Charleroi": 1480.92480469,
  "Pisa": 1480.30480957,
  "Standard": 1478.58740234,
  "Aris Limassol": 1478.18310547,
  "Santa Clara": 1477.57739258,
  "Jagiellonia": 1477.4362793,
  "Beer-Sheva": 1477.33544922,
  "Sturm Graz": 1476.93652344,
  "Mechelen": 1476.77941895,
  "Thun": 1473.66064453,
  "Cercle Brugge": 1473.52758789,
  "Heerenveen": 1473.2097168,
  "Hearts": 1467.33203125,
  "StGallen": 1460.8963623,
  "Craiova": 1458.68518066,
  "Molde": 1457.79968262,
  "Omonia": 1456.90466309,
  "Gyoer": 1456.43981934,
  "Rio Ave": 1456.29663086,
  "Jablonec": 1455.67626953,
  "Goeztepe": 1453.52929688,
  "SonderjyskE": 1452.72644043,
  "Alverca": 1452.16711426,
  "Celje": 1452.11120605,
  "Basel": 1451.24206543,
  "Nacional": 1450.44628906,
  "Rubin Kazan": 1449.72570801,
  "Go Ahead Eagles": 1448.53430176,
  "Malmoe": 1446.35791016,
  "Randers": 1445.69677734,
  "Legia": 1445.2755127,
  "Razgrad": 1444.45654297,
  "Gornik": 1441.21398926,
  "Universitatea Cluj": 1440.47607422,
  "Young Boys": 1440.16235352,
  "Lugano": 1439.6204834,
  "Hajduk": 1439.03527832,
  "Hradec Kralove": 1438.57189941,
  "Dynamo Kyiv": 1437.33032227,
  "Samsunspor": 1435.83959961,
  "Groningen": 1435.70983887,
  "LASK": 1435.23791504,
  "Steaua": 1433.15063477,
  "Rosenborg": 1431.6114502,
  "Sparta Rotterdam": 1431.4050293,
  "CFR Cluj": 1430.67126465,
  "Casa Pia": 1430.48095703,
  "Levski": 1430.2800293,
  "Sandefjord": 1429.99328613,
  "Silkeborg": 1428.27893066,
  "Katowice": 1425.33215332,
  "Rostov": 1424.74609375,
  "Pogon": 1423.77050781,
  "Odense": 1423.078125,
  "Slovan Liberec": 1420.8215332,
  "Konyaspor": 1420.21191406,
  "M Tel Aviv": 1419.57128906,
  "Sion": 1419.01269531,
  "IK Sirius": 1418.72021484,
  "Fredrikstad": 1417.29882812,
  "Zulte Waregem": 1414.58203125,
  "Servette": 1413.41101074,
  "Leuven": 1413.27197266,
  "Sarpsborg": 1411.18530273,
  "Rizespor": 1410.61547852,
  "Lubin": 1410.3371582,
  "Estrela Amadora": 1408.3927002,
  "Beitar": 1407.34204102,
  "Terek Grozny": 1406.51831055,
  "Piast Gliwice": 1404.32666016,
  "Lechia": 1403.65869141,
  "Austria Wien": 1403.02868652,
  "Aris": 1402.45153809,
  "Alanyaspor": 1401.30432129,
  "AIK": 1399.65039062,
  "Zwolle": 1398.88195801,
  "Rijeka": 1396.00561523,
  "Cracovia": 1395.24365234,
  "Levadeiakos": 1394.55786133,
  "Radomiak": 1393.16882324,
  "Motherwell": 1392.69763184,
  "Korona": 1392.61682129,
  "Hibernian": 1392.06567383,
  "Ham-Kam": 1391.54992676,
  "Luzern": 1390.24316406,
  "Elfsborg": 1390.01733398,
  "Motor Lublin": 1389.61328125,
  "Polissya Zhytomyr": 1389.4621582,
  "Valerenga": 1386.59350586,
  "Haecken": 1385.88146973,
  "Sittard": 1385.79492188,
  "Plock": 1384.72290039,
  "Atromitos": 1384.70703125,
  "Rapid Wien": 1384.13623047,
  "GAIS": 1383.86853027,
  "Kasimpasa": 1379.58532715,
  "Rapid Bucuresti": 1378.70666504,
  "Tondela": 1377.0032959,
  "Maccabi Haifa": 1375.06982422,
  "Fredericia": 1374.66674805,
  "Sigma Olomouc": 1373.69360352,
  "Paksi": 1372.6595459,
  "Gaziantep FK": 1372.65466309,
  "Hartberg": 1372.63989258,
  "Telstar": 1372.43127441,
  "Goeteborg": 1372.2590332,
  "Lillestrom": 1366.69750977,
  "Slovan Bratislava": 1366.51843262,
  "Widzew": 1366.38867188,
  "CSKA Sofia": 1366.19934082,