{
  "PSG": 1974.93774414,
  "Manchester City": 1959.94421387,
  "Real Madrid": 1936.12731934,
  "Inter": 1933.2421875,
  "Bayern Munich": 1918.9979248,
  "Chelsea": 1902.80126953,
  "Atlético": 1855.34973145,
  "Borussia Dortmund": 1818.3503418,
  "Juventus": 1805.84667969,
  "Benfica": 1791.48046875,
  "Palmeiras": 1747.903981646008,
  "Flamengo": 1740.5883293168563,
  "Botafogo": 1715.40318702292,
  "Fluminense": 1705.4335694736137,
  "River Plate": 1692.5796101081444,
  "Porto": 1678.19543457,
  "Boca Juniors": 1666.562085287508,
  "Monterrey": 1611.008793015689,
  "Pachuca": 1589.0931513162611,
  "Los Ángeles FC": 1584.5411744476155,
  "Seattle": 1573.0739582691972,
  "RB Salzburg": 1558.85534668,
  "Inter Miami": 1553.8036578030608,
  "Al-Hilal": 1552.5266525917673,
  "Urawa Reds": 1549.352525987989,
  "Ahly SC": 1541.831789427756,
  "Sundowns": 1492.165204355134,
  "Ulsan HD": 1474.0090685371365,
  "Al-Ain": 1470.7533663216095,
  "Esperance": 1444.3566916561117,
  "Wydad AC": 1436.6647734707976,
  "Auckland City": 1114.3567961392619
}