{
  "PSG": 1982.4753418,
  "Marseille": 1786.50158691,
  "Lille": 1757.96618652,
  "Lyon": 1743.06286621,
  "Lens": 1740.62646484,
  "Strasbourg": 1723.87402344,
  "Monaco": 1710.08569336,
  "Rennais": 1682.97412109,
  "Brest": 1647.43811035,
  "Toulouse": 1644.60351562,
  "Nice": 1640.02087402,
  "Lorient": 1579.7487793,
  "Auxerre": 1578.50561523,
  "Le Havre": 1568.70129395,
  "Angers": 1567.43688965,
  "Nantes": 1566.68408203,
  "Metz": 1561.10144043,
  "Reims": 1559.77368164,
  "Paris FC": 1552.1072998,
  "Saint-Etienne": 1533.2322998,
  "Troyes": 1492.32861328,
  "Montpellier": 1477.76464844,
  "Dunkerque": 1456.58105469,
  "Guingamp": 1454.11352539,
  "Annecy": 1431.3548584,
  "Red Star": 1427.8605957,
  "Le Mans": 1416.79089355,
  "Rodez": 1412.34716797,
  "Clermont": 1410.94995117,
  "Laval": 1407.92407227,
  "Grenoble": 1406.22167969,
  "Pau": 1404.48205566,
  "Amiens": 1372.03466797,
  "Boulogne": 1367.85668945,
  "Bastia": 1366.16711426,
  "Nancy": 1358.01916504
}