{
  "Inter": 1930.51281738,
  "Napoli": 1824.85437012,
  "Milan": 1819.93688965,
  "Juventus": 1813.92858887,
  "Atalanta": 1810.99450684,
  "Roma": 1804.98413086,
  "Lazio": 1734.27722168,
  "Bologna": 1733.75817871,
  "Como": 1724.54321289,
  "Torino": 1655.06896973,
  "Fiorentina": 1654.28503418,
  "Udinese": 1622.71765137,
  "Genoa": 1622.53625488,
  "Sassuolo": 1619.8326416,
  "Cagliari": 1605.10803223,
  "Parma": 1593.10217285,
  "Cremonese": 1582.83032227,
  "Venezia": 1576.87036133,
  "Verona": 1573.41052246,
  "Lecce": 1568.56738281,
  "Monza": 1550.83862305,
  "Frosinone": 1530.8293457,
  "Pisa": 1526.76428223,
  "Empoli": 1509.96801758,
  "Palermo": 1505.55847168,
  "Catanzaro": 1489.51342773,
  "Modena": 1458.53344727,
  "Cesena": 1457.72509766,
  "Juve Stabia": 1457.13293457,
  "Spezia": 1444.19287109,
  "Sampdoria": 1415.40063477,
  "Suedtirol": 1411.17224121,
  "Carrarese": 1400.86743164,
  "Bari": 1396.44018555,
  "Reggiana": 1393.82556152,
  "Padova": 1386.8013916,
  "Avellino": 1374.95202637,
  "Mantova": 1367.18005371,
  "Entella": 1349.68273926,
  "Pescara": 1345.16723633
}