{
  "PSG": 1974.93774414,
  "Manchester City": 1959.94421387,
  "Real Madrid": 1936.12731934,
  "Inter": 1933.2421875,
  "Bayern Munich": 1918.9979248,
  "Chelsea": 1902.80126953,
  "Atlético": 1855.34973145,
  "Borussia Dortmund": 1818.3503418,
  "Juventus": 1805.84667969,
  "Benfica": 1791.48046875,
  "Flamengo": 1760.200790492734,
  "Palmeiras": 1756.3592557820132,
  "Botafogo": 1730.6484273199133,
  "Fluminense": 1716.3642242100123,
  "River Plate": 1697.6195076372721,
  "Porto": 1678.19543457,
  "Boca Juniors": 1670.8341147994079,
  "Monterrey": 1619.58643844975,
  "Pachuca": 1586.0089142970678,
  "Los Ángeles FC": 1580.8899064167524,
  "Seattle": 1571.2096712310022,
  "Inter Miami": 1563.1040908090638,
  "Al-Hilal": 1559.0109872717426,
  "RB Salzburg": 1558.85534668,
  "Urawa Reds": 1548.338756196823,
  "Ahly SC": 1540.4380061016386,
  "Sundowns": 1497.6409788731335,
  "Al-Ain": 1472.9698557169943,
  "Ulsan HD": 1470.9272345723061,
  "Esperance": 1448.6815527797423,
  "Wydad AC": 1436.4396471755474,
  "Auckland City": 1126.271149364096
}