{
  "Arsenal": 2062.18554688,
  "Manchester City": 1987.54626465,
  "Bayern Munich": 1980.83898926,
  "Liverpool": 1961.27978516,
  "PSG": 1937.85241699,
  "Barcelona": 1933.97473145,
  "Aston Villa": 1932.32312012,
  "Chelsea": 1922.3885498,
  "Real Madrid": 1918.34008789,
  "Inter": 1900.69006348,
  "Manchester United": 1889.33508301,
  "Newcastle": 1876.30761719,
  "Sporting": 1851.79492188,
  "Brentford": 1847.7791748,
  "Bournemouth": 1846.37756348,
  "Brighton": 1842.41308594,
  "Atlético": 1832.3638916,
  "Borussia Dortmund": 1830.72033691,
  "Everton": 1818.37963867,
  "Fulham": 1814.94335938,
  "Atalanta": 1812.16210938,
  "Leverkusen": 1811.42114258,
  "Benfica": 1809.52880859,
  "Tottenham": 1809.32507324,
  "Milan": 1809.05981445,
  "Crystal Palace": 1801.2701416,
  "Roma": 1799.99621582,
  "Leeds": 1793.97375488,
  "Forest": 1789.2869873,
  "Napoli": 1785.59973145,
  "Porto": 1777.83496094,
  "Juventus": 1775.0234375,
  "PSV": 1770.04663086,
  "Lyon": 1757.16149902,
  "Betis": 1756.10949707,
  "Stuttgart": 1751.79431152,
  "Lens": 1751.4786377,
  "West Ham": 1751.30249023,
  "Villarreal": 1742.7890625,
  "Bodø/Glimt": 1739.76672363,
  "RB Leipzig": 1739.17700195,
  "Como": 1736.32495117,
  "Hoffenheim": 1729.42749023,
  "Saint-Gilloise": 1720.53039551,
  "Marseille": 1719.75256348,
  "Brugge": 1718.63208008,
  "Galatasaray": 1718.51818848,
  "Athletic": 1708.21142578,
  "Burnley": 1707.5657959,
  "Celta": 1707.4732666,
  "Strasbourg": 1705.34814453,
  "Lazio": 1700.64294434,
  "Midtjylland": 1699.10205078,
  "Bologna": 1697.08203125,
  "Sunderland": 1696.49145508,
  "Freiburg": 1693.58898926,
  "Monaco": 1691.68066406,
  "Lille": 1690.49157715,
  "Braga": 1689.57336426,
  "Osasuna": 1688.35644531,
  "Olympiacos": 1687.41809082,
  "Fenerbahce": 1682.47241211,
  "Rennais": 1681.50524902,
  "Wolverhampton": 1680.35839844,
  "Frankfurt": 1675.16149902,
  "Real Sociedad": 1673.26135254,
  "Zenit": 1662.57800293,
  "Slavia Prag": 1661.36401367,
  "Fiorentina": 1659.84973145,
  "Brest": 1655.03820801,
  "Mainz": 1653.75415039,
  "Valencia": 1646.07739258,
  "Rayo Vallecano": 1639.69018555,
  "FC Krasnodar": 1639.16955566,
  "Toulouse": 1636.03405762,
  "AEK": 1633.71948242,
  "Girona": 1631.09558105,
  "Genoa": 1629.64147949,
  "Espanyol": 1628.74719238,
  "Union Berlin": 1627.20922852,
  "Sassuolo": 1625.1730957,
  "Lorient": 1621.28979492,
  "Augsburg": 1619.53161621,
  "Mallorca": 1615.79370117,
  "PAOK": 1612.30639648,
  "Getafe": 1611.97155762,
  "Sevilla": 1611.90625,
  "Parma": 1611.30773926,
  "Werder": 1609.10546875,
  "Alaves": 1608.19128418,
  "Gladbach": 1608.0300293,
  "Feyenoord": 1605.68884277,
  "Crvena Zvezda": 1604.10522461,
  "Viking": 1603.64978027,
  "Torino": 1602.02368164,
  "Udinese": 1600.40112305,
  "Wolfsburg": 1599.92773438,
  "Hamburg": 1595.12158203,
  "CSKA Moskva": 1595.08752441,
  "Cagliari": 1595.03625488,
  "Genk": 1592.64428711,
  "Viktoria Plzen": 1591.60742188,
  "Ajax": 1591.55810547,
  "Sparta Praha": 1587.03051758,
  "Elche": 1585.6114502,
  "Nice": 1582.20837402,
  "Copenhagen": 1580.7064209,
  "Aarhus": 1579.13916016,
  "Lok Moskva": 1576.38354492,
  "Koeln": 1573.79711914,
  "Levante": 1571.85522461,
  "Pafos": 1567.75341797,
  "Lecce": 1561.37841797,
  "Le Havre": 1560.48608398,
  "St Pauli": 1559.86804199,
  "Auxerre": 1556.36560059,
  "Panathinaikos": 1554.74401855,
  "Qarabag FK": 1554.37609863,
  "St Truiden": 1554.34509277,
  "Angers": 1553.22973633,
  "Celtic": 1551.57849121,
  "Spartak Moskva": 1550.35656738,
  "Real Oviedo": 1549.25085449,
  "Shakhtar": 1547.77954102,
  "Mjaellby": 1546.16772461,
  "Cremonese": 1545.92797852,
  "Guimaraes": 1545.51489258,
  "Famalicao": 1542.52197266,
  "Dinamo Zagreb": 1541.72583008,
  "Gil Vicente": 1539.65844727,
  "Rangers": 1538.57897949,
  "Brondby": 1538.19970703,
  "Anderlecht": 1537.8659668,
  "Brann": 1537.34228516,
  "Trabzonspor": 1534.71691895,
  "Twente": 1534.51611328,
  "Rakow": 1533.60742188,
  "Paris FC": 1533.46069336,
  "Alkmaar": 1532.10986328,
  "Besiktas": 1524.38342285,
  "Nantes": 1523.74047852,
  "Nijmegen": 1522.71838379,
  "Estoril": 1518.54602051,
  "Nordsjaelland": 1517.81323242,
  "Heidenheim": 1516.01135254,
  "Mechelen": 1513.4888916,
  "Charleroi": 1512.48498535,
  "Verona": 1511.84191895,
  "Lech": 1509.07727051,
  "Jagiellonia": 1508.38024902,
  "Hammarby": 1507.85095215,
  "RB Salzburg": 1506.01147461,
  "Antwerp": 1505.24060059,
  "Pisa": 1504.90100098,
  "Metz": 1504.89233398,
  "Dynamo Moskva": 1504.17382812,
  "Larnaca": 1502.88977051,
  "Ferencvaros": 1500.89807129,
  "Gent": 1499.34570312,
  "Jablonec": 1498.90600586,
  "Moreirense": 1496.3338623,
  "Bueyueksehir": 1495.21582031,
  "Viborg": 1491.28747559,
  "Aris Limassol": 1484.90368652,
  "Utrecht": 1484.48828125,
  "Tromso": 1483.5682373,
  "Westerlo": 1483.15307617,
  "Djurgarden": 1482.56896973,
  "Baltika": 1477.88574219,
  "Omonia": 1477.53515625,
  "SonderjyskE": 1471.73217773,
  "Thun": 1471.21582031,
  "Arouca": 1469.82800293,
  "Standard": 1469.40014648,
  "Beer-Sheva": 1468.04675293,
  "Molde": 1467.49499512,
  "Craiova": 1466.27575684,
  "Cercle Brugge": 1465.84753418,
  "Hearts": 1464.7722168,
  "Goeztepe": 1461.74719238,
  "Randers": 1459.7635498,
  "Rosenborg": 1459.37280273,
  "Slovan Liberec": 1458.63537598,
  "Razgrad": 1458.38964844,
  "Sparta Rotterdam": 1457.68615723,
  "Basel": 1454.51794434,
  "Sturm Graz": 1452.91064453,
  "StGallen": 1449.53869629,
  "Leuven": 1448.25512695,
  "Lugano": 1444.93334961,
  "Cracovia": 1444.65625,
  "Casa Pia": 1442.59057617,
  "Heerenveen": 1440.6217041,
  "Steaua": 1440.14355469,
  "Pogon": 1439.84924316,
  "Santa Clara": 1438.72119141,
  "Sandefjord": 1437.4564209,
  "Levski": 1435.56542969,
  "Rostov": 1435.17077637,
  "Gyoer": 1434.53369141,
  "Celje": 1434.37536621,
  "Fredrikstad": 1433.35595703,
  "Levadeiakos": 1431.26025391,
  "CFR Cluj": 1431.22741699,
  "Malmoe": 1430.48388672,
  "Rubin Kazan": 1430.16821289,
  "Aris": 1429.74194336,
  "Austria Wien": 1428.31005859,
  "Young Boys": 1428.16113281,
  "Go Ahead Eagles": 1426.44189453,
  "Rio Ave": 1424.83532715,
  "Silkeborg": 1423.50500488,
  "Gornik": 1423.17919922,
  "Dynamo Kyiv": 1422.36462402,
  "Samsunspor": 1422.26696777,
  "Nacional": 1422.16552734,
  "Lubin": 1422.13928223,
  "Legia": 1420.42333984,
  "Hajduk": 1419.42834473,
  "Hibernian": 1418.10351562,
  "M Tel Aviv": 1417.34472656,
  "Alverca": 1416.82543945,
  "Korona": 1415.56994629,
  "LASK": 1414.66943359,
  "Radomiak": 1414.47473145,
  "Sarpsborg": 1414.37463379,
  "Piast Gliwice": 1413.03857422,
  "Hradec Kralove": 1410.69592285,
  "Motherwell": 1409.66271973,
  "Odense": 1408.60852051,
  "Rijeka": 1408.38183594,
  "Lausanne": 1407.86804199,
  "GAIS": 1407.73730469,
  "Luzern": 1404.39550781,
  "Alanyaspor": 1404.24816895,
  "Zwolle": 1403.01623535,
  "Servette": 1401.84814453,
  "Sion": 1401.72839355,
  "Estrela Amadora": 1400.81921387,
  "Goeteborg": 1398.76123047,
  "Katowice": 1397.74182129,
  "Sittard": 1396.77966309,
  "Tondela": 1396.41674805,
  "Maccabi Haifa": 1396.15625,
  "Groningen": 1395.34216309,
  "Lechia": 1394.95031738,
  "Ham-Kam": 1394.74401855,
  "AIK": 1393.45727539,
  "Universitatea Cluj": 1392.08117676,
  "Zulte Waregem": 1390.95532227,
  "Rizespor": 1390.21264648,
  "IK Sirius": 1388.53955078,
  "Terek Grozny": 1387.9239502,
  "Banik Ostrava": 1387.53613281,
  "Rapid Bucuresti": 1386.82189941,
  "Wolfsberg": 1386.53796387,
  "Valerenga": 1385.5793457,
  "Beitar": 1384.28881836,
  "KFUM Oslo": 1383.11364746,
  "Hartberg": 1381.43762207,
  "Konyaspor": 1380.50866699,
  "CSKA Sofia": 1380.25769043,
  "Partizan": 1379.75537109,
  "Plock": 1378.89282227,
  "Kasimpasa": 1378.8145752,
  "Kryliya Sovetov": 1378.48657227,
  "Puskas Akademia": 1378.30957031,
  "Dinamo Bucuresti": 1376.66052246,
  "Sigma Olomouc": 1376.33178711,
  "Elfsborg": 1375.86462402,
  "Kocaelispor": 1375.7277832,
  "Akron Togliatti": 1374.86291504,
  "Paksi": 1374.05334473,