{
  "Inter": 1935.36376953,
  "Milan": 1833.3190918,
  "Juventus": 1822.34020996,
  "Roma": 1803.15795898,
  "Napoli": 1802.6505127,
  "Atalanta": 1790.18835449,
  "Como": 1736.55419922,
  "Lazio": 1721.56152344,
  "Bologna": 1688.95690918,
  "Fiorentina": 1645.61450195,
  "Torino": 1630.54516602,
  "Genoa": 1626.42260742,
  "Udinese": 1623.22949219,
  "Cagliari": 1616.90344238,
  "Sassuolo": 1616.17114258,
  "Parma": 1600.06640625,
  "Venezia": 1582.18200684,
  "Cremonese": 1557.72375488,
  "Lecce": 1557.09606934,
  "Monza": 1542.32067871,
  "Verona": 1533.97607422,
  "Frosinone": 1533.08666992,
  "Pisa": 1519.54919434,
  "Palermo": 1516.53210449,
  "Catanzaro": 1471.51525879,
  "Empoli": 1464.66540527,
  "Juve Stabia": 1463.32299805,
  "Modena": 1458.99169922,
  "Suedtirol": 1444.80517578,
  "Sampdoria": 1420.86828613,
  "Cesena": 1420.3046875,
  "Spezia": 1418.47705078,
  "Carrarese": 1413.40710449,
  "Padova": 1378.88830566,
  "Entella": 1372.3918457,
  "Reggiana": 1371.03918457,
  "Bari": 1368.28625488,
  "Mantova": 1366.04418945,
  "Avellino": 1363.88928223,
  "Pescara": 1313.81347656
}