{
  "Barcelona": 1936.31713867,
  "Real Madrid": 1907.56237793,
  "Atlético": 1843.16540527,
  "Betis": 1734.79431152,
  "Villarreal": 1727.72009277,
  "Celta": 1698.29541016,
  "Athletic": 1684.6151123,
  "Real Sociedad": 1668.08837891,
  "Osasuna": 1657.87988281,
  "Valencia": 1635.30383301,
  "Espanyol": 1632.26940918,
  "Alaves": 1615.60949707,
  "Mallorca": 1612.21789551,
  "Sevilla": 1608.00085449,
  "Girona": 1606.74414062,
  "Rayo Vallecano": 1605.65222168,
  "Getafe": 1590.02404785,
  "Levante": 1589.91564941,
  "Elche": 1587.61962891,
  "Real Oviedo": 1542.49707031,
  "Racing": 1538.1340332,
  "Las Palmas": 1534.44360352,
  "Almeria": 1524.03967285,
  "Leganes": 1513.26672363,
  "Castellon": 1506.6673584,
  "Malaga": 1494.15087891,
  "Depor": 1490.10571289,
  "Cordoba": 1488.27746582,
  "Granada": 1484.94274902,
  "Eibar": 1480.18603516,
  "Cadiz": 1476.87609863,
  "Burgos": 1471.73217773,
  "Sporting": 1465.56115723,
  "Albacete": 1461.14819336,
  "Ceuta": 1436.04943848,
  "Huesca": 1435.90966797,
  "Valladolid": 1431.11633301,
  "Mirandes": 1421.15930176,
  "FC Andorra": 1416.85302734,
  "Sociedad B": 1408.08410645,
  "Zaragoza": 1387.88269043,
  "Leonesa": 1380.98120117
}