{
  "PSG": 1967.66870117,
  "Lens": 1757.16931152,
  "Lille": 1754.91674805,
  "Lyon": 1748.27612305,
  "Monaco": 1732.37915039,
  "Rennais": 1729.13598633,
  "Marseille": 1727.07177734,
  "Strasbourg": 1721.74609375,
  "Brest": 1648.45336914,
  "Lorient": 1644.7244873,
  "Toulouse": 1632.44775391,
  "Paris FC": 1608.77038574,
  "Auxerre": 1594.14416504,
  "Nice": 1585.69958496,
  "Le Havre": 1567.7097168,
  "Angers": 1553.02526855,
  "Reims": 1544.65307617,
  "Nantes": 1528.25720215,
  "Saint-Etienne": 1526.97949219,
  "Troyes": 1507.9510498,
  "Metz": 1497.8380127,
  "Le Mans": 1484.61010742,
  "Montpellier": 1482.66711426,
  "Rodez": 1480.0871582,
  "Annecy": 1457.80493164,
  "Dunkerque": 1427.59191895,
  "Red Star": 1426.9420166,
  "Guingamp": 1419.79675293,
  "Pau": 1406.41064453,
  "Boulogne": 1388.70837402,
  "Laval": 1384.84082031,
  "Grenoble": 1383.74169922,
  "Bastia": 1382.05175781,
  "Clermont": 1372.96618652,
  "Nancy": 1329.58837891,
  "Amiens": 1318.35668945
}