{
  "PSG": 1990.35449219,
  "Lille": 1799.27416992,
  "Marseille": 1789.58410645,
  "Lyon": 1765.19787598,
  "Monaco": 1753.50500488,
  "Strasbourg": 1730.98974609,
  "Lens": 1726.42456055,
  "Brest": 1673.51123047,
  "Toulouse": 1672.38183594,
  "Nice": 1671.31103516,
  "Rennais": 1669.10986328,
  "Auxerre": 1618.49926758,
  "Lorient": 1598.95629883,
  "Nantes": 1598.35144043,
  "Paris FC": 1568.13659668,
  "Saint-Etienne": 1564.11279297,
  "Reims": 1564.00292969,
  "Le Havre": 1563.59997559,
  "Metz": 1548.32067871,
  "Angers": 1534.93713379,
  "Troyes": 1490.88269043,
  "Montpellier": 1466.5534668,
  "Guingamp": 1464.20617676,
  "Pau": 1448.38342285,
  "Dunkerque": 1440.21875,
  "Rodez": 1436.90917969,
  "Red Star": 1427.00024414,
  "Annecy": 1425.14538574,
  "Grenoble": 1420.5736084,
  "Clermont": 1419.4777832,
  "Laval": 1418.94433594,
  "Bastia": 1412.83312988,
  "Nancy": 1398.76049805,
  "Amiens": 1396.49377441,
  "Le Mans": 1392.97119141,
  "Boulogne": 1373.63598633
}