{
  "Arsenal": 2032.82958984,
  "PSG": 1987.74902344,
  "Liverpool": 1974.4597168,
  "Manchester City": 1969.44152832,
  "Bayern Munich": 1967.81640625,
  "Real Madrid": 1953.27709961,
  "Inter": 1928.0982666,
  "Barcelona": 1927.42053223,
  "Chelsea": 1896.61535645,
  "Newcastle": 1884.92944336,
  "Aston Villa": 1873.85595703,
  "Atlético": 1861.33959961,
  "Bournemouth": 1847.41796875,
  "Borussia Dortmund": 1845.06652832,
  "Crystal Palace": 1842.23132324,
  "Napoli": 1832.78088379,
  "Brighton": 1832.25830078,
  "Tottenham": 1829.71459961,
  "Leverkusen": 1829.61547852,
  "Manchester United": 1828.62609863,
  "Brentford": 1821.59594727,
  "Atalanta": 1811.4609375,
  "Roma": 1804.70239258,
  "Sporting": 1801.65661621,
  "Milan": 1796.5682373,
  "Everton": 1792.01489258,
  "PSV": 1790.20153809,
  "Juventus": 1787.81616211,
  "Villarreal": 1786.76660156,
  "Benfica": 1785.95751953,
  "Lille": 1775.34924316,
  "Fulham": 1775.25598145,
  "Marseille": 1767.13513184,
  "RB Leipzig": 1757.27380371,
  "Monaco": 1755.1505127,
  "Lyon": 1754.50390625,
  "Forest": 1753.9921875,
  "Lazio": 1751.54370117,
  "Brugge": 1747.34301758,
  "Betis": 1746.89550781,
  "Bologna": 1744.36010742,
  "Porto": 1743.99731445,
  "Frankfurt": 1741.3605957,
  "Athletic": 1741.15759277,
  "Galatasaray": 1740.86218262,
  "Burnley": 1734.79406738,
  "Leeds": 1732.74438477,
  "Saint-Gilloise": 1727.18115234,
  "Strasbourg": 1726.14379883,
  "Stuttgart": 1719.06835938,
  "Lens": 1715.18322754,
  "Feyenoord": 1712.5369873,
  "Fiorentina": 1710.69641113,
  "West Ham": 1710.3848877,
  "Nice": 1690.41333008,
  "Wolverhampton": 1690.02661133,
  "Fenerbahce": 1689.92590332,
  "Freiburg": 1683.51330566,
  "Torino": 1682.58093262,
  "Como": 1682.03137207,
  "Celta": 1680.40209961,
  "Slavia Prag": 1679.31896973,
  "Werder": 1676.86340332,
  "Osasuna": 1675.28771973,
  "Rayo Vallecano": 1675.07885742,
  "Midtjylland": 1672.34802246,
  "Olympiacos": 1672.21655273,
  "Braga": 1672.07006836,
  "Bodø/Glimt": 1667.86853027,
  "Mainz": 1667.00390625,
  "Toulouse": 1666.94921875,
  "Espanyol": 1665.47009277,
  "Valencia": 1658.65283203,
  "Brest": 1653.6706543,
  "Rennais": 1653.01098633,
  "Real Sociedad": 1649.70776367,
  "Sevilla": 1647.88415527,
  "Alaves": 1643.55126953,
  "Getafe": 1643.32495117,
  "Zenit": 1640.33081055,
  "Mallorca": 1638.74243164,
  "Hoffenheim": 1636.92138672,
  "Sunderland": 1634.45703125,
  "FC Krasnodar": 1631.63256836,
  "Ajax": 1630.85852051,
  "Wolfsburg": 1627.58825684,
  "Alkmaar": 1622.20166016,
  "Union Berlin": 1619.30944824,
  "Copenhagen": 1616.83874512,
  "Udinese": 1612.22766113,
  "Sassuolo": 1611.18237305,
  "Levante": 1610.53540039,
  "Elche": 1609.39501953,
  "CSKA Moskva": 1609.09484863,
  "Genoa": 1605.08349609,
  "Genk": 1602.66381836,
  "Augsburg": 1601.26721191,
  "PAOK": 1600.42529297,
  "Gladbach": 1598.07873535,
  "Auxerre": 1597.17004395,
  "Sparta Praha": 1597.0480957,
  "Girona": 1594.96948242,
  "Cagliari": 1593.94946289,
  "Lorient": 1589.51660156,
  "Celtic": 1587.69287109,
  "Parma": 1586.9251709,
  "Nantes": 1586.79333496,
  "Viktoria Plzen": 1586.17504883,
  "Crvena Zvezda": 1583.55407715,
  "Koeln": 1583.16357422,
  "Cremonese": 1581.03955078,
  "Le Havre": 1573.08666992,
  "St Pauli": 1568.94970703,
  "Verona": 1565.96411133,
  "Hamburg": 1565.78955078,
  "Viking": 1565.23120117,
  "Lecce": 1563.89782715,
  "Brann": 1562.12194824,
  "Qarabag": 1561.5645752,
  "Real Oviedo": 1561.52954102,
  "Brondby": 1560.17858887,
  "Anderlecht": 1557.03295898,
  "Spartak Moskva": 1554.22668457,
  "Paris FC": 1554.12634277,
  "Mjaellby": 1553.72106934,
  "Twente": 1552.87890625,
  "Angers": 1551.69018555,
  "Dinamo Zagreb": 1549.35876465,
  "Guimaraes": 1549.33349609,
  "Famalicao": 1547.60473633,
  "Metz": 1546.59265137,
  "Lok Moskva": 1545.93566895,
  "AEK": 1545.31420898,
  "Utrecht": 1541.51013184,
  "Aarhus": 1540.26904297,
  "Shakhtar": 1538.94616699,
  "Panathinaikos": 1536.79089355,
  "Jagiellonia": 1535.81311035,
  "Heidenheim": 1535.71569824,
  "Pafos": 1534.86987305,
  "Ferencvaros": 1532.87768555,
  "Pisa": 1531.70361328,
  "Dynamo Moskva": 1528.63293457,
  "Basel": 1523.25317383,
  "Rakow": 1522.83178711,
  "Sturm Graz": 1519.19299316,
  "Jablonec": 1517.65930176,
  "Rangers": 1517.46704102,
  "RB Salzburg": 1514.00598145,
  "Hammarby": 1512.01269531,
  "Trabzonspor": 1510.55102539,
  "Nordsjaelland": 1507.31604004,
  "Gil Vicente": 1505.3215332,
  "Larnaca": 1504.0267334,
  "Nijmegen": 1503.63110352,
  "Lech": 1502.67224121,
  "Gent": 1500.7454834,
  "M Tel Aviv": 1500.02416992,
  "Young Boys": 1499.59838867,
  "Antwerp": 1499.05944824,
  "Djurgarden": 1498.31164551,
  "Besiktas": 1497.71972656,
  "Go Ahead Eagles": 1494.79943848,
  "Mechelen": 1493.88586426,
  "Charleroi": 1493.48010254,
  "Celje": 1491.18603516,
  "Beer-Sheva": 1489.36914062,
  "Legia": 1486.0012207,
  "Sparta Rotterdam": 1485.05822754,
  "Moreirense": 1484.45959473,
  "Aris Limassol": 1478.48168945,
  "Samsunspor": 1475.7722168,
  "Malmoe": 1475.38220215,
  "Omonia": 1475.05761719,
  "Rio Ave": 1474.60009766,
  "Randers": 1474.22094727,
  "Santa Clara": 1469.62219238,
  "Silkeborg": 1467.89624023,
  "Gornik": 1467.85888672,
  "Arouca": 1467.82641602,
  "Wolfsberg": 1465.06433105,
  "St Truiden": 1464.61401367,
  "Westerlo": 1464.0657959,
  "Pogon": 1461.14672852,
  "Razgrad": 1460.87109375,
  "Bueyueksehir": 1460.53710938,
  "Lausanne": 1458.20288086,
  "Cracovia": 1454.86889648,
  "Rubin Kazan": 1453.67578125,
  "Hearts": 1452.65588379,
  "Estoril": 1452.55114746,
  "Cercle Brugge": 1448.24804688,
  "Casa Pia": 1446.86621094,
  "Tromso": 1445.81091309,
  "Dynamo Kyiv": 1444.94067383,
  "Viborg": 1442.7598877,
  "Craiova": 1442.12634277,
  "Rosenborg": 1442.11706543,
  "StGallen": 1440.74987793,
  "Goeztepe": 1438.75866699,
  "Heerenveen": 1434.50866699,
  "Baltika": 1433.69958496,
  "Zwolle": 1433.6776123,
  "Groningen": 1433.06970215,
  "Banik Ostrava": 1432.0123291,
  "Rostov": 1428.76635742,
  "Alanyaspor": 1428.51977539,
  "GAIS": 1428.05358887,
  "Standard": 1427.77734375,
  "Steaua": 1426.89758301,
  "Nacional": 1426.80358887,
  "Hradec Kralove": 1422.40527344,
  "Levski": 1422.24829102,
  "Austria Wien": 1421.40625,
  "Molde": 1420.2076416,
  "Slovan Liberec": 1419.93225098,
  "Hajduk": 1419.8692627,
  "Servette": 1419.41210938,
  "Korona": 1418.77429199,
  "Kasimpasa": 1417.42700195,
  "Aris": 1416.6628418,
  "Elfsborg": 1416.47546387,
  "AIK": 1412.89440918,
  "Sittard": 1411.50012207,
  "Rapid Wien": 1410.91308594,
  "SonderjyskE": 1409.56958008,
  "Konyaspor": 1408.82739258,
  "Maccabi Haifa": 1407.5057373,
  "Goeteborg": 1406.1505127,
  "Rapid Bucuresti": 1406.13745117,
  "Haecken": 1406.02209473,
  "Fredrikstad": 1404.45019531,
  "Partizan": 1403.09875488,
  "Leuven": 1402.49609375,
  "Gaziantep FK": 1401.44787598,
  "Luzern": 1401.07446289,
  "Paksi": 1400.88220215,
  "Hibernian": 1400.30932617,
  "Kryliya Sovetov": 1398.45568848,
  "Sandefjord": 1397.38525391,
  "Sarpsborg": 1394.80603027,
  "IK Sirius": 1393.93249512,
  "Sigma Olomouc": 1393.80480957,
  "Rizespor": 1392.57641602,
  "LASK": 1391.62866211,
  "KFUM Oslo": 1391.57556152,
  "Rijeka": 1390.83300781,
  "Alverca": 1389.55004883,
  "Zulte Waregem": 1388.10400391,
  "Puskas Akademia": 1388.05554199,
  "Radomiak": 1386.9909668,
  "Piast Gliwice": 1386.62475586,
  "Lugano": 1386.11047363,
  "Terek Grozny": 1385.68811035,
  "Gyoer": 1385.51586914,
  "Lubin": 1383.35571289,
  "Katowice": 1378.40405273,
  "Zuerich": 1377.72619629,
  "Slovan Bratislava": 1375.46765137,
  "Plock": 1372.09692383,
  "Estrela Amadora": 1371.93505859,
  "Levadeiakos": 1369.5793457,
  "Tondela": 1367.9609375,
  "Odense": 1365.98449707,
  "Ham-Kam": 1365.25622559,
  "CFR Cluj": 1363.86816406,
  "Maribor": 1363.33972168,
  "Bohemians Praha": 1361.66223145,
  "Widzew": 1361.45617676,
  "Eyupspor": 1361.31604004,
  "Kayseri": 1360.98181152,
  "Thun": 1359.50830078,
  "Sion": 1359.28808594,
  "Hartberg": 1359.21313477,