{
  "PSG": 1964.54943848,
  "Lyon": 1760.34460449,
  "Lille": 1754.21948242,
  "Lens": 1751.74169922,
  "Monaco": 1734.18823242,
  "Rennais": 1722.53442383,
  "Strasbourg": 1713.24438477,
  "Marseille": 1701.1282959,
  "Lorient": 1645.1472168,
  "Toulouse": 1644.97033691,
  "Brest": 1633.45263672,
  "Paris FC": 1619.13903809,
  "Auxerre": 1599.00817871,
  "Nice": 1593.60705566,
  "Le Havre": 1570.03808594,
  "Nantes": 1545.76879883,
  "Angers": 1541.45996094,
  "Reims": 1537.5760498,
  "Troyes": 1532.08435059,
  "Saint-Etienne": 1502.1472168,
  "Metz": 1497.07897949,
  "Rodez": 1486.04699707,
  "Le Mans": 1483.05090332,
  "Montpellier": 1477.37524414,
  "Annecy": 1475.22961426,
  "Red Star": 1441.76062012,
  "Dunkerque": 1433.01062012,
  "Guingamp": 1402.83410645,
  "Grenoble": 1395.74108887,
  "Bastia": 1392.73669434,
  "Clermont": 1383.68164062,
  "Pau": 1379.71813965,
  "Laval": 1378.09765625,
  "Boulogne": 1364.97680664,
  "Nancy": 1350.84094238,
  "Amiens": 1302.16870117
}