{
  "Arsenal": 2064.57299805,
  "Bayern Munich": 1976.04553223,
  "Manchester City": 1973.92150879,
  "PSG": 1957.3560791,
  "Liverpool": 1949.05895996,
  "Barcelona": 1938.57019043,
  "Inter": 1935.36364746,
  "Chelsea": 1930.44384766,
  "Aston Villa": 1929.2121582,
  "Real Madrid": 1912.33178711,
  "Manchester United": 1880.65234375,
  "Newcastle": 1866.62145996,
  "Brentford": 1853.47009277,
  "Sporting": 1849.51818848,
  "Borussia Dortmund": 1838.93371582,
  "Bournemouth": 1835.06213379,
  "Milan": 1833.3190918,
  "Everton": 1831.6126709,
  "Atlético": 1830.78027344,
  "Brighton": 1829.51916504,
  "Juventus": 1822.34020996,
  "Tottenham": 1819.65820312,
  "Benfica": 1817.21765137,
  "Leverkusen": 1811.3359375,
  "Fulham": 1807.67932129,
  "Crystal Palace": 1805.76489258,
  "Roma": 1803.16003418,
  "Napoli": 1802.6505127,
  "Atalanta": 1790.18835449,
  "PSV": 1785.7331543,
  "Forest": 1784.70263672,
  "Leeds": 1780.1907959,
  "Porto": 1777.22973633,
  "Lyon": 1768.59082031,
  "Lens": 1756.93359375,
  "Stuttgart": 1747.33569336,
  "Betis": 1747.17944336,
  "West Ham": 1743.59179688,
  "RB Leipzig": 1741.92382812,
  "Marseille": 1738.30224609,
  "Como": 1736.55419922,
  "Villarreal": 1735.01757812,
  "Brugge": 1726.3795166,
  "Saint-Gilloise": 1724.76916504,
  "Hoffenheim": 1721.7746582,
  "Lazio": 1721.56152344,
  "Galatasaray": 1714.22741699,
  "Olympiacos": 1705.85864258,
  "Sunderland": 1705.72741699,
  "Lille": 1700.66760254,
  "Braga": 1699.60314941,
  "Freiburg": 1699.19946289,
  "Bodø/Glimt": 1694.00708008,
  "Strasbourg": 1693.69641113,
  "Athletic": 1690.67895508,
  "Fenerbahce": 1690.65588379,
  "Bologna": 1688.95690918,
  "Celta": 1687.43518066,
  "Burnley": 1685.08508301,
  "Midtjylland": 1683.2890625,
  "Monaco": 1681.03063965,
  "Real Sociedad": 1674.515625,
  "Wolverhampton": 1669.31628418,
  "Osasuna": 1668.74023438,
  "Frankfurt": 1666.65637207,
  "Mainz": 1662.87451172,
  "Zenit": 1662.57800293,
  "Rennais": 1653.82202148,
  "Toulouse": 1652.88598633,
  "Slavia Prag": 1651.9107666,
  "Fiorentina": 1645.61450195,
  "Brest": 1642.77844238,
  "FC Krasnodar": 1639.16955566,
  "PAOK": 1633.3449707,
  "AEK": 1633.01708984,
  "Torino": 1630.54516602,
  "Valencia": 1630.53430176,
  "Genoa": 1626.42248535,
  "Espanyol": 1624.97192383,
  "Udinese": 1623.22802734,
  "Union Berlin": 1622.77209473,
  "Gladbach": 1622.73962402,
  "Mallorca": 1621.03234863,
  "Werder": 1620.79553223,
  "Cagliari": 1616.90148926,
  "Sassuolo": 1616.17126465,
  "Lorient": 1616.08740234,
  "Girona": 1608.328125,
  "Rayo Vallecano": 1605.65222168,
  "Augsburg": 1605.57763672,
  "Getafe": 1605.30029297,
  "Wolfsburg": 1604.05615234,
  "Feyenoord": 1602.53759766,
  "Genk": 1601.22949219,
  "Copenhagen": 1600.46789551,
  "Alaves": 1600.33325195,
  "Parma": 1600.06640625,
  "Sevilla": 1595.34936523,
  "CSKA Moskva": 1595.08752441,
  "Ajax": 1592.02246094,
  "Viking": 1591.15405273,
  "Nice": 1590.06481934,
  "Hamburg": 1583.98303223,
  "Levante": 1583.85180664,
  "Viktoria Plzen": 1581.51904297,
  "Elche": 1581.19238281,
  "Crvena Zvezda": 1579.15979004,
  "Lok Moskva": 1576.38354492,
  "Sparta Praha": 1574.93847656,
  "Koeln": 1574.85571289,
  "Pafos": 1571.88000488,
  "Aarhus": 1571.53552246,
  "Angers": 1570.99023438,
  "Celtic": 1568.57141113,
  "Le Havre": 1566.65209961,
  "Panathinaikos": 1565.22888184,
  "Auxerre": 1559.32299805,
  "Qarabag FK": 1558.25183105,
  "Cremonese": 1557.72363281,
  "Lecce": 1557.09753418,
  "St Pauli": 1555.26184082,
  "Brondby": 1553.50927734,
  "Spartak Moskva": 1550.35656738,
  "Guimaraes": 1548.07556152,
  "Mjaellby": 1546.16772461,
  "Shakhtar": 1544.38671875,
  "Rangers": 1544.01623535,
  "St Truiden": 1542.96203613,
  "Gil Vicente": 1542.52111816,
  "Real Oviedo": 1542.49707031,
  "Paris FC": 1541.73071289,
  "Rakow": 1539.05432129,
  "Famalicao": 1536.74633789,
  "Dinamo Zagreb": 1536.71496582,
  "Twente": 1536.37438965,
  "Nijmegen": 1535.9564209,
  "Anderlecht": 1535.82470703,
  "Verona": 1533.97607422,
  "Estoril": 1531.66845703,
  "Charleroi": 1531.48999023,
  "Trabzonspor": 1529.74133301,
  "Brann": 1528.71325684,
  "Antwerp": 1524.57836914,
  "Alkmaar": 1524.44470215,
  "Metz": 1521.32727051,
  "Nantes": 1519.63806152,
  "Pisa": 1519.54919434,
  "Jagiellonia": 1516.14160156,
  "Heidenheim": 1515.38146973,
  "Ferencvaros": 1513.95483398,
  "Mechelen": 1512.86767578,
  "Hammarby": 1507.85095215,
  "Larnaca": 1507.01647949,
  "Nordsjaelland": 1506.41723633,
  "Dynamo Moskva": 1504.17382812,
  "Gent": 1501.17858887,
  "Besiktas": 1498.98498535,
  "RB Salzburg": 1497.07189941,
  "Moreirense": 1494.90197754,
  "Jablonec": 1493.51049805,
  "Bueyueksehir": 1492.27368164,
  "Omonia": 1491.3059082,
  "Aris Limassol": 1489.03039551,
  "Viborg": 1483.90710449,
  "Djurgarden": 1482.56896973,
  "Lech": 1480.46044922,
  "Baltika": 1477.88574219,
  "Basel": 1477.17749023,
  "Goeztepe": 1473.60009766,
  "Tromso": 1471.07263184,
  "Arouca": 1469.47485352,
  "SonderjyskE": 1468.19616699,
  "Sparta Rotterdam": 1466.38012695,
  "Utrecht": 1466.28540039,
  "Beer-Sheva": 1466.24951172,
  "Hearts": 1465.81799316,
  "Randers": 1462.01782227,
  "Slovan Liberec": 1461.56103516,
  "Razgrad": 1460.7677002,
  "Westerlo": 1460.67858887,
  "Cercle Brugge": 1459.31762695,
  "Sturm Graz": 1457.53881836,
  "Craiova": 1455.01208496,
  "Molde": 1454.99938965,
  "Santa Clara": 1450.4954834,
  "Rosenborg": 1446.8770752,
  "Cracovia": 1446.26464844,
  "Leuven": 1445.67785645,
  "Casa Pia": 1444.57299805,
  "Gornik": 1444.26379395,
  "Aris": 1444.18371582,
  "Silkeborg": 1443.79309082,
  "Standard": 1441.34851074,
  "Lugano": 1441.05102539,
  "Celje": 1440.34545898,
  "Young Boys": 1439.4987793,
  "Nacional": 1437.83947754,
  "Levadeiakos": 1437.79772949,
  "Rio Ave": 1436.61376953,
  "Go Ahead Eagles": 1435.5090332,
  "Rostov": 1435.17077637,
  "StGallen": 1434.92419434,
  "Pogon": 1432.33105469,
  "Austria Wien": 1431.7677002,
  "Steaua": 1431.43920898,
  "Malmoe": 1430.48388672,
  "Rubin Kazan": 1430.16821289,
  "Samsunspor": 1429.92871094,
  "Piast Gliwice": 1428.76208496,
  "Gyoer": 1427.91882324,
  "LASK": 1427.61401367,
  "Lausanne": 1426.96655273,
  "Sandefjord": 1424.96081543,
  "Thun": 1423.33642578,
  "Heerenveen": 1421.59985352,
  "Fredrikstad": 1420.86035156,
  "Radomiak": 1420.61621094,
  "Alverca": 1420.09033203,
  "Levski": 1419.85534668,
  "Dynamo Kyiv": 1418.65637207,
  "CFR Cluj": 1417.33666992,
  "Wolfsberg": 1415.24926758,
  "Legia": 1414.82141113,
  "Estrela Amadora": 1414.21264648,
  "Hradec Kralove": 1413.58874512,
  "Odense": 1413.12109375,
  "M Tel Aviv": 1410.93652344,
  "Korona": 1410.3425293,
  "Servette": 1409.22619629,
  "Zwolle": 1408.45812988,
  "Lubin": 1408.39807129,
  "Plock": 1408.14123535,
  "Groningen": 1407.89868164,
  "GAIS": 1407.73730469,
  "Hibernian": 1406.73022461,
  "Katowice": 1404.39050293,
  "Zulte Waregem": 1404.18286133,
  "Paksi": 1404.1595459,
  "Maccabi Haifa": 1403.70031738,
  "Sarpsborg": 1401.87890625,
  "Alanyaspor": 1401.11633301,
  "Lechia": 1400.81018066,
  "Goeteborg": 1398.76123047,
  "Sittard": 1397.00805664,
  "Hajduk": 1395.47473145,
  "Rijeka": 1394.93493652,
  "AIK": 1393.45727539,
  "Rapid Bucuresti": 1392.09741211,
  "IK Sirius": 1388.53955078,
  "Motherwell": 1388.4473877,
  "Terek Grozny": 1387.9239502,
  "Dender": 1387.09558105,
  "Banik Ostrava": 1386.91296387,
  "Gaziantep FK": 1386.57958984,
  "Puskas Akademia": 1386.48510742,
  "Tondela": 1385.07055664,
  "Sion": 1384.02453613,
  "Ham-Kam": 1382.24829102,
  "Universitatea Cluj": 1380.93786621,
  "Hartberg": 1380.00537109,
  "Dinamo Bucuresti": 1379.85961914,
  "Kryliya Sovetov": 1378.48657227,
  "Sigma Olomouc": 1378.19702148,
  "RAAL": 1377.50061035,
  "Karvina": 1377.44213867,
  "Motor Lublin": 1376.45568848,
  "Elfsborg": 1375.86462402,
  "Rizespor": 1375.09130859,
  "Akron Togliatti": 1374.86291504,
  "Beitar": 1374.79943848,
  "Partizan": 1373.72900391,
  "Valerenga": 1373.08361816,
  "KFUM Oslo": 1370.61804199,