{
  "Inter": 1930.12597656,
  "Milan": 1828.27087402,
  "Napoli": 1825.0847168,
  "Roma": 1816.80065918,
  "Atalanta": 1810.05700684,
  "Juventus": 1806.5703125,
  "Lazio": 1739.46899414,
  "Bologna": 1728.49353027,
  "Como": 1713.96142578,
  "Fiorentina": 1668.9083252,
  "Torino": 1642.53503418,
  "Genoa": 1634.37475586,
  "Udinese": 1616.47106934,
  "Sassuolo": 1612.72216797,
  "Parma": 1607.98120117,
  "Cagliari": 1606.54968262,
  "Venezia": 1589.77038574,
  "Cremonese": 1577.35253906,
  "Verona": 1563.15490723,
  "Lecce": 1556.58740234,
  "Frosinone": 1540.50695801,
  "Monza": 1537.34692383,
  "Pisa": 1536.54260254,
  "Palermo": 1508.31591797,
  "Empoli": 1505.97143555,
  "Catanzaro": 1474.69165039,
  "Juve Stabia": 1460.60546875,
  "Cesena": 1457.50512695,
  "Modena": 1455.18969727,
  "Suedtirol": 1430.92504883,
  "Spezia": 1430.75732422,
  "Carrarese": 1416.4263916,
  "Sampdoria": 1404.8104248,
  "Padova": 1389.54724121,
  "Bari": 1381.84545898,
  "Mantova": 1379.75317383,
  "Reggiana": 1379.74072266,
  "Avellino": 1374.4942627,
  "Entella": 1364.44580078,
  "Pescara": 1340.00280762
}