{
  "Barcelona": 1948.3873291,
  "Real Madrid": 1911.56884766,
  "Atlético": 1852.57556152,
  "Villarreal": 1746.2064209,
  "Betis": 1741.33044434,
  "Celta": 1718.10559082,
  "Athletic": 1708.71862793,
  "Real Sociedad": 1682.95776367,
  "Osasuna": 1681.53381348,
  "Valencia": 1663.30615234,
  "Rayo Vallecano": 1652.70922852,
  "Getafe": 1646.25952148,
  "Espanyol": 1629.67150879,
  "Girona": 1628.49755859,
  "Sevilla": 1620.80566406,
  "Mallorca": 1615.42529297,
  "Alaves": 1596.83410645,
  "Elche": 1586.17028809,
  "Levante": 1586.10107422,
  "Racing": 1568.52380371,
  "Las Palmas": 1559.60327148,
  "Almeria": 1557.52978516,
  "Real Oviedo": 1546.78820801,
  "Castellon": 1523.77099609,
  "Eibar": 1511.66540527,
  "Leganes": 1509.79296875,
  "Malaga": 1505.10559082,
  "Depor": 1499.67700195,
  "Granada": 1498.54223633,
  "Burgos": 1495.79943848,
  "Sporting": 1479.40795898,
  "Cordoba": 1470.22143555,
  "Albacete": 1461.96606445,
  "Sociedad B": 1457.65979004,
  "Ceuta": 1454.91003418,
  "Cadiz": 1446.65148926,
  "FC Andorra": 1435.84313965,
  "Huesca": 1433.42126465,
  "Valladolid": 1432.45812988,
  "Mirandes": 1431.59521484,
  "Zaragoza": 1399.70178223,
  "Leonesa": 1377.11987305
}