{
  "Barcelona": 1952.6697998,
  "Real Madrid": 1930.27807617,
  "Atlético": 1856.85803223,
  "Villarreal": 1750.4888916,
  "Betis": 1745.61279297,
  "Celta": 1722.38806152,
  "Athletic": 1713.00109863,
  "Real Sociedad": 1687.24023438,
  "Osasuna": 1685.81628418,
  "Valencia": 1667.58862305,
  "Rayo Vallecano": 1656.99157715,
  "Getafe": 1650.54187012,
  "Espanyol": 1633.95385742,
  "Girona": 1632.7800293,
  "Sevilla": 1625.08813477,
  "Mallorca": 1619.70776367,
  "Alaves": 1601.11645508,
  "Elche": 1590.45275879,
  "Levante": 1590.38354492,
  "Racing": 1572.80627441,
  "Las Palmas": 1563.88574219,
  "Almeria": 1561.81213379,
  "Real Oviedo": 1551.07055664,
  "Castellon": 1528.0534668,
  "Eibar": 1515.94775391,
  "Leganes": 1514.07543945,
  "Malaga": 1509.38806152,
  "Depor": 1503.95935059,
  "Granada": 1502.82470703,
  "Burgos": 1500.08178711,
  "Sporting": 1483.69042969,
  "Cordoba": 1474.50390625,
  "Albacete": 1466.24853516,
  "Sociedad B": 1461.94226074,
  "Ceuta": 1459.19238281,
  "Cadiz": 1450.93395996,
  "FC Andorra": 1440.12548828,
  "Huesca": 1437.70373535,
  "Valladolid": 1436.74047852,
  "Mirandes": 1435.87756348,
  "Zaragoza": 1403.98425293,
  "Leonesa": 1381.40234375
}