{
  "Bayern Munich": 2008.38562012,
  "Borussia Dortmund": 1826.88513184,
  "Leverkusen": 1823.2364502,
  "RB Leipzig": 1774.56835938,
  "Stuttgart": 1754.45214844,
  "Freiburg": 1715.88720703,
  "Hoffenheim": 1714.82116699,
  "Mainz": 1679.97167969,
  "Frankfurt": 1666.47814941,
  "Augsburg": 1644.42578125,
  "Gladbach": 1633.08532715,
  "Werder": 1616.94482422,
  "Wolfsburg": 1590.02270508,
  "Union Berlin": 1587.6105957,
  "Hamburg": 1586.40917969,
  "Koeln": 1585.31555176,
  "Heidenheim": 1548.29882812,
  "St Pauli": 1548.14953613,
  "Elversberg": 1538.39648438,
  "Schalke": 1532.64367676,
  "Hannover": 1532.50817871,
  "Paderborn": 1517.98327637,
  "Holstein": 1486.92285156,
  "Bochum": 1479.00256348,
  "Hertha": 1478.4029541,
  "Darmstadt": 1476.1418457,
  "Karlsruhe": 1441.77807617,
  "Nuernberg": 1440.38305664,
  "Lautern": 1439.78967285,
  "Magdeburg": 1434.87817383,
  "Dresden": 1414.83203125,
  "Duesseldorf": 1410.51477051,
  "Bielefeld": 1393.49121094,
  "Fuerth": 1386.85144043,
  "Braunschweig": 1378.0267334,
  "Muenster": 1353.73974609
}