{
  "PSG": 1974.93774414,
  "Manchester City": 1959.94421387,
  "Real Madrid": 1936.12731934,
  "Inter": 1933.2421875,
  "Bayern Munich": 1918.9979248,
  "Chelsea": 1902.80126953,
  "Atlético": 1855.34960938,
  "Borussia Dortmund": 1818.3503418,
  "Juventus": 1805.84667969,
  "Benfica": 1791.48046875,
  "Palmeiras": 1771.1726252033172,
  "Flamengo": 1751.5860711259534,
  "Botafogo": 1694.3297378321954,
  "Fluminense": 1683.0276756182825,
  "River Plate": 1682.8806624994268,
  "Porto": 1678.19543457,
  "Boca Juniors": 1630.8974509878594,
  "Al-Hilal": 1620.05540518576,
  "Monterrey": 1608.4489801311402,
  "Ahly SC": 1598.5072859897473,
  "RB Salzburg": 1558.85534668,
  "Sundowns": 1556.921444842945,
  "Pachuca": 1539.4390447338915,
  "Esperance": 1514.129485210874,
  "Los Ángeles FC": 1495.8984986891924,
  "Inter Miami": 1480.3804359733583,
  "Seattle": 1469.5302856651751,
  "Urawa Reds": 1458.0767461385822,
  "Ulsan HD": 1450.090664857405,
  "Al-Ain": 1444.5135123260286,
  "Wydad AC": 1438.189429608139,
  "Auckland City": 1342.34346089885
}