{
  "Arsenal": 2029.78820801,
  "PSG": 1991.61621094,
  "Liverpool": 1985.56982422,
  "Manchester City": 1979.13427734,
  "Bayern Munich": 1965.15270996,
  "Real Madrid": 1947.3371582,
  "Inter": 1937.91809082,
  "Barcelona": 1933.36022949,
  "Chelsea": 1912.46337891,
  "Newcastle": 1880.4642334,
  "Aston Villa": 1864.16333008,
  "Atlético": 1851.25231934,
  "Crystal Palace": 1845.27294922,
  "Borussia Dortmund": 1842.84716797,
  "Brighton": 1842.79187012,
  "Bournemouth": 1840.34094238,
  "Leverkusen": 1823.80761719,
  "Atalanta": 1818.82275391,
  "Manchester United": 1818.09265137,
  "Napoli": 1815.1217041,
  "Tottenham": 1813.79785156,
  "Brentford": 1810.48583984,
  "Everton": 1807.9317627,
  "Milan": 1802.0625,
  "Sporting": 1799.47790527,
  "Roma": 1797.48779297,
  "Juventus": 1791.22302246,
  "Lille": 1784.12316895,
  "Benfica": 1782.51867676,
  "PSV": 1782.43835449,
  "Marseille": 1782.14758301,
  "Fulham": 1779.72106934,
  "Villarreal": 1777.06237793,
  "Forest": 1761.06933594,
  "Betis": 1756.98291016,
  "Athletic": 1754.27294922,
  "Lyon": 1752.78540039,
  "Lazio": 1748.24267578,
  "Bologna": 1747.13903809,
  "RB Leipzig": 1743.96459961,
  "Brugge": 1743.54504395,
  "Monaco": 1742.26220703,
  "Porto": 1740.56164551,
  "Galatasaray": 1738.77978516,
  "Frankfurt": 1736.16418457,
  "Burnley": 1726.13806152,
  "Leeds": 1726.04492188,
  "Strasbourg": 1725.05383301,
  "Saint-Gilloise": 1724.45544434,
  "Lens": 1723.65002441,
  "Feyenoord": 1720.30004883,
  "West Ham": 1717.08435059,
  "Fiorentina": 1715.60046387,
  "Stuttgart": 1712.76062012,
  "Wolverhampton": 1698.68273926,
  "Freiburg": 1689.3215332,
  "Osasuna": 1685.23571777,
  "Fenerbahce": 1683.41247559,
  "Slavia Prag": 1679.31884766,
  "Como": 1676.94580078,
  "Toulouse": 1674.07019043,
  "Torino": 1673.44384766,
  "Mainz": 1673.31176758,
  "Werder": 1670.63378906,
  "Celta": 1670.45410156,
  "Rayo Vallecano": 1668.81396484,
  "Valencia": 1668.35705566,
  "Nice": 1667.94177246,
  "Midtjylland": 1667.74890137,
  "Braga": 1666.78125,
  "Brest": 1666.73461914,
  "Olympiacos": 1666.04699707,
  "Bodø/Glimt": 1664.43737793,
  "Rennais": 1660.11633301,
  "Espanyol": 1660.03723145,
  "Sevilla": 1654.66162109,
  "Alaves": 1649.81616211,
  "Real Sociedad": 1642.93029785,
  "Mallorca": 1641.40515137,
  "Zenit": 1640.33081055,
  "FC Krasnodar": 1631.63244629,
  "Getafe": 1630.20935059,
  "Hoffenheim": 1629.58496094,
  "Genoa": 1626.45678711,
  "Union Berlin": 1625.53894043,
  "Ajax": 1622.92382812,
  "Copenhagen": 1622.66723633,
  "Wolfsburg": 1620.29711914,
  "Sunderland": 1618.60913086,
  "Auxerre": 1615.23950195,
  "Elche": 1614.82788086,
  "Augsburg": 1614.5760498,
  "Alkmaar": 1613.61218262,
  "Udinese": 1610.76843262,
  "Genk": 1609.86315918,
  "CSKA Moskva": 1609.09484863,
  "Levante": 1607.87255859,
  "Sassuolo": 1606.4876709,
  "Cagliari": 1602.73510742,
  "Celtic": 1600.86901855,
  "Gladbach": 1600.74243164,
  "Girona": 1597.89196777,
  "PAOK": 1597.51928711,
  "Sparta Praha": 1597.0480957,
  "Lorient": 1593.48168945,
  "Parma": 1588.30480957,
  "Viktoria Plzen": 1586.17480469,
  "Nantes": 1585.82580566,
  "Koeln": 1585.38293457,
  "Crvena Zvezda": 1583.55407715,
  "St Pauli": 1574.1463623,
  "Lecce": 1573.41784668,
  "Hamburg": 1573.08105469,
  "Verona": 1572.79382324,
  "Anderlecht": 1565.92382812,
  "Qarabag": 1561.56445312,
  "Viking": 1561.4831543,
  "Twente": 1560.8137207,
  "Brondby": 1560.17858887,
  "Guimaraes": 1560.16442871,
  "Cremonese": 1560.11791992,
  "Paris FC": 1558.66210938,
  "Real Oviedo": 1558.60681152,
  "Brann": 1555.35583496,
  "Spartak Moskva": 1554.22668457,
  "Le Havre": 1552.87805176,
  "AEK": 1551.48364258,
  "Mjaellby": 1551.39794922,
  "Utrecht": 1550.09960938,
  "Dinamo Zagreb": 1549.35864258,
  "Lok Moskva": 1545.93579102,
  "Heidenheim": 1543.05236816,
  "Basel": 1541.15356445,
  "Shakhtar": 1538.94592285,
  "Famalicao": 1536.77368164,
  "Jagiellonia": 1535.81298828,
  "Pafos": 1534.87011719,
  "Sturm Graz": 1534.63647461,
  "Metz": 1534.39599609,
  "Aarhus": 1534.01806641,
  "Panathinaikos": 1533.44970703,
  "Angers": 1533.25061035,
  "Ferencvaros": 1532.87756348,
  "Dynamo Moskva": 1528.63293457,
  "Rakow": 1522.83178711,
  "Pisa": 1519.52246094,
  "Nordsjaelland": 1513.5670166,
  "Hammarby": 1512.01269531,
  "Jablonec": 1507.00500488,
  "Rangers": 1506.78430176,
  "Trabzonspor": 1505.63903809,
  "Larnaca": 1504.02709961,
  "Nijmegen": 1503.87878418,
  "Antwerp": 1502.85766602,
  "Lech": 1502.67224121,
  "RB Salzburg": 1502.10424805,
  "M Tel Aviv": 1500.02429199,
  "Besiktas": 1498.2175293,
  "Mechelen": 1498.10668945,
  "Djurgarden": 1493.08825684,
  "Young Boys": 1492.78613281,
  "Gil Vicente": 1491.22607422,
  "Celje": 1491.18615723,
  "Go Ahead Eagles": 1490.13098145,
  "Gent": 1489.75476074,
  "Beer-Sheva": 1489.3692627,
  "Moreirense": 1487.8951416,
  "Legia": 1486.00109863,
  "Charleroi": 1484.58947754,
  "Sparta Rotterdam": 1481.74499512,
  "Samsunspor": 1479.93554688,
  "Aris Limassol": 1478.48181152,
  "Randers": 1477.46875,
  "Malmoe": 1475.38244629,
  "Omonia": 1475.05773926,
  "Arouca": 1471.26501465,
  "Westerlo": 1468.72583008,
  "Gornik": 1467.85876465,
  "Rio Ave": 1467.57788086,
  "St Truiden": 1467.33996582,
  "Santa Clara": 1464.25134277,
  "Silkeborg": 1461.70068359,
  "Cracovia": 1461.25585938,
  "Razgrad": 1460.87109375,
  "Pogon": 1454.75939941,
  "Estoril": 1454.65148926,
  "Rubin Kazan": 1453.67565918,
  "Casa Pia": 1452.15466309,
  "Cercle Brugge": 1451.66601562,
  "Wolfsberg": 1449.62097168,
  "Rosenborg": 1448.8828125,
  "Bueyueksehir": 1445.93981934,
  "Dynamo Kyiv": 1444.94030762,
  "Craiova": 1442.12683105,
  "Tromso": 1441.65075684,
  "Alanyaspor": 1441.61499023,
  "Goeztepe": 1440.84094238,
  "Lausanne": 1440.30212402,
  "Hearts": 1439.49829102,
  "Heerenveen": 1438.78210449,
  "Standard": 1438.76831055,
  "Viborg": 1436.93127441,
  "Baltika": 1433.69958496,
  "Zwolle": 1433.42993164,
  "Austria Wien": 1433.30822754,
  "Elfsborg": 1433.17919922,
  "Banik Ostrava": 1432.01220703,
  "StGallen": 1430.72497559,
  "Slovan Liberec": 1430.58618164,
  "Rostov": 1428.76647949,
  "GAIS": 1428.05371094,
  "Steaua": 1426.89770508,
  "Korona": 1426.59399414,
  "Hradec Kralove": 1426.58410645,
  "Nacional": 1424.703125,
  "Molde": 1423.63842773,
  "Groningen": 1423.51403809,
  "Sittard": 1421.0559082,
  "Levski": 1420.56652832,
  "Hajduk": 1419.8692627,
  "Kasimpasa": 1416.92956543,
  "Aris": 1416.80773926,
  "AIK": 1414.31530762,
  "Servette": 1413.60095215,
  "Maccabi Haifa": 1412.5012207,
  "Gaziantep FK": 1407.96142578,
  "SonderjyskE": 1406.32202148,
  "Rapid Bucuresti": 1406.13745117,
  "Haecken": 1404.60144043,
  "Alverca": 1403.64526367,
  "Fredrikstad": 1402.83374023,
  "Rapid Wien": 1402.5982666,
  "Luzern": 1402.31799316,
  "Paksi": 1400.88195801,
  "Hibernian": 1400.76049805,
  "Konyaspor": 1400.69165039,
  "Partizan": 1399.8692627,
  "Sandefjord": 1399.00146484,
  "Kryliya Sovetov": 1398.45568848,
  "KFUM Oslo": 1398.30285645,
  "Leuven": 1398.2755127,
  "Piast Gliwice": 1395.29370117,
  "Goeteborg": 1394.50854492,
  "Sigma Olomouc": 1393.8046875,
  "Puskas Akademia": 1392.01843262,
  "Lugano": 1391.92138672,
  "Rijeka": 1390.83300781,
  "Rizespor": 1388.41308594,
  "Sarpsborg": 1388.07836914,
  "LASK": 1387.60229492,
  "Radomiak": 1386.99108887,
  "Terek Grozny": 1385.68798828,
  "Gyoer": 1385.515625,
  "Zulte Waregem": 1384.68640137,
  "Zuerich": 1384.53796387,
  "Lubin": 1383.58032227,
  "CFR Cluj": 1379.50744629,
  "Estrela Amadora": 1378.95703125,
  "IK Sirius": 1377.22888184,
  "Slovan Bratislava": 1375.46777344,
  "Widzew": 1373.7956543,
  "Plock": 1372.09692383,
  "Katowice": 1370.58435059,
  "Tondela": 1370.13964844,
  "Sion": 1369.56762695,
  "Levadeiakos": 1369.43457031,
  "Eyupspor": 1366.22790527,
  "Odense": 1365.984375,
  "Heracles": 1363.04455566,
  "Bohemians Praha": 1361.66210938,
  "Kayseri": 1360.99462891,
  "Hartberg": 1360.65759277,
  "Maribor": 1356.91760254,
  "FK Astana": 1355.50500488,