{
  "Real Madrid": 1957.04492188,
  "Barcelona": 1927.92565918,
  "Atletico": 1882.35253906,
  "Athletic": 1795.84204102,
  "Villarreal": 1767.52099609,
  "Sociedad": 1712.41589355,
  "Betis": 1709.59643555,
  "Girona": 1687.63525391,
  "Sevilla": 1677.69030762,
  "Osasuna": 1670.44702148,
  "Celta": 1669.49584961,
  "Rayo Vallecano": 1659.98718262,
  "Getafe": 1655.38171387,
  "Mallorca": 1655.19128418,
  "Valencia": 1643.19445801,
  "Alaves": 1617.1151123,
  "Espanyol": 1616.47021484,
  "Las Palmas": 1589.87268066,
  "Leganes": 1588.87231445,
  "Levante": 1576.68640137,
  "Huesca": 1565.7277832,
  "Almeria": 1562.0201416,
  "Oviedo": 1555.92468262,
  "Elche": 1555.76428223,
  "Santander": 1544.95141602,
  "Mirandes": 1541.75244141,
  "Cadiz": 1537.99084473,
  "Granada": 1530.94177246,
  "Valladolid": 1530.14453125,
  "Gijon": 1508.20361328,
  "Eibar": 1502.17504883,
  "Albacete": 1485.72705078,
  "Depor": 1484.04101562,
  "Cordoba": 1482.53442383,
  "Zaragoza": 1479.63952637,
  "Malaga": 1473.29577637,
  "Burgos": 1461.90966797,
  "Castellon": 1459.64160156,
  "Eldense": 1424.72961426,
  "Tenerife": 1405.04553223,
  "Ferrol": 1382.04699707,
  "Cartagena": 1353.28942871
}