{
  "Real Madrid": 1969.60864258,
  "Barcelona": 1920.56738281,
  "Atletico": 1881.31835938,
  "Athletic": 1805.70568848,
  "Villarreal": 1769.08679199,
  "Sociedad": 1721.13134766,
  "Betis": 1701.35119629,
  "Girona": 1691.55969238,
  "Sevilla": 1677.95178223,
  "Osasuna": 1674.67431641,
  "Celta": 1668.70288086,
  "Getafe": 1665.9197998,
  "Rayo Vallecano": 1662.85705566,
  "Mallorca": 1659.72143555,
  "Valencia": 1642.09863281,
  "Espanyol": 1618.03601074,
  "Alaves": 1615.71643066,
  "Las Palmas": 1591.38928223,
  "Leganes": 1581.46557617,
  "Levante": 1572.13134766,
  "Oviedo": 1569.63525391,
  "Almeria": 1567.8416748,
  "Elche": 1567.65808105,
  "Huesca": 1562.79821777,
  "Cadiz": 1554.61328125,
  "Granada": 1552.00805664,
  "Mirandes": 1537.99975586,
  "Santander": 1536.18908691,
  "Valladolid": 1531.75939941,
  "Gijon": 1508.7923584,
  "Eibar": 1494.84094238,
  "Zaragoza": 1482.18237305,
  "Depor": 1473.46191406,
  "Albacete": 1472.23608398,
  "Malaga": 1470.60583496,
  "Cordoba": 1464.59960938,
  "Burgos": 1461.89428711,
  "Castellon": 1454.46081543,
  "Eldense": 1432.41625977,
  "Tenerife": 1411.92956543,
  "Ferrol": 1396.43566895,
  "Cartagena": 1363.75500488
}