{
  "Arsenal": 2053.04199219,
  "Bayern Munich": 2008.38549805,
  "Barcelona": 1973.8034668,
  "Manchester City": 1967.23547363,
  "PSG": 1964.54931641,
  "Liverpool": 1925.09265137,
  "Real Madrid": 1920.54162598,
  "Manchester United": 1896.59924316,
  "Inter": 1892.42724609,
  "Aston Villa": 1874.75598145,
  "Bournemouth": 1858.42456055,
  "Brighton": 1854.48791504,
  "Atlético": 1851.52209473,
  "Sporting": 1847.61462402,
  "Forest": 1841.94030762,
  "Brentford": 1838.2644043,
  "Newcastle": 1837.14758301,
  "Benfica": 1829.76745605,
  "Chelsea": 1827.88745117,
  "Borussia Dortmund": 1826.88525391,
  "Everton": 1824.4173584,
  "Leverkusen": 1823.2364502,
  "Porto": 1809.21972656,
  "Fulham": 1807.66467285,
  "Crystal Palace": 1799.09899902,
  "Leeds": 1799.09423828,
  "Juventus": 1789.74865723,
  "Napoli": 1783.96435547,
  "Roma": 1776.97790527,
  "RB Leipzig": 1774.56835938,
  "Tottenham": 1770.90722656,
  "Atalanta": 1767.05969238,
  "Milan": 1766.80297852,
  "Villarreal": 1765.87036133,
  "Lyon": 1760.34460449,
  "West Ham": 1759.84875488,
  "Stuttgart": 1754.45227051,
  "Lille": 1754.21936035,
  "Lens": 1751.74169922,
  "PSV": 1749.10974121,
  "Como": 1745.60241699,
  "Betis": 1740.87255859,
  "Brugge": 1739.17712402,
  "Monaco": 1734.18823242,
  "Saint-Gilloise": 1725.98046875,
  "Rennais": 1722.53430176,
  "Lazio": 1716.85656738,
  "Freiburg": 1715.88708496,
  "Hoffenheim": 1714.82116699,
  "Strasbourg": 1713.24438477,
  "Braga": 1712.03918457,
  "Bodø/Glimt": 1708.89245605,
  "Athletic": 1704.28222656,
  "Marseille": 1701.1282959,
  "Sunderland": 1700.22131348,
  "Galatasaray": 1696.86816406,
  "Celta": 1691.6048584,
  "Midtjylland": 1687.38391113,
  "Rayo Vallecano": 1681.06054688,
  "Osasuna": 1680.12548828,
  "Mainz": 1679.97167969,
  "Wolverhampton": 1677.89746094,
  "Real Sociedad": 1676.44592285,
  "Bologna": 1673.31420898,
  "Frankfurt": 1666.47814941,
  "Olympiacos": 1661.01379395,
  "Burnley": 1659.06396484,
  "Valencia": 1657.28356934,
  "Zenit": 1657.19775391,
  "Fenerbahce": 1656.73876953,
  "Getafe": 1655.16308594,
  "Slavia Prag": 1654.11645508,
  "Fiorentina": 1652.45849609,
  "Udinese": 1652.02856445,
  "Mallorca": 1650.1776123,
  "Sassuolo": 1649.1673584,
  "Lorient": 1645.14709473,
  "Toulouse": 1644.97021484,
  "Augsburg": 1644.42578125,
  "Girona": 1636.66796875,
  "AEK": 1635.95898438,
  "Brest": 1633.45263672,
  "Gladbach": 1633.08532715,
  "FC Krasnodar": 1632.22900391,
  "Viking": 1631.9107666,
  "Genoa": 1631.14331055,
  "Torino": 1622.01342773,
  "Paris FC": 1619.13891602,
  "Elche": 1617.3470459,
  "Werder": 1616.94470215,
  "Alaves": 1616.92565918,
  "Sevilla": 1613.15478516,
  "Levante": 1612.21899414,
  "Espanyol": 1611.85314941,
  "PAOK": 1603.40515137,
  "Parma": 1600.62341309,
  "Feyenoord": 1599.34362793,
  "Auxerre": 1599.01049805,
  "Nice": 1593.60693359,
  "Famalicao": 1591.96081543,
  "Ajax": 1591.0970459,
  "Wolfsburg": 1590.02258301,
  "Union Berlin": 1587.6105957,
  "Shakhtar": 1587.16491699,
  "Hamburg": 1586.40917969,
  "Crvena Zvezda": 1586.15527344,
  "Koeln": 1585.31555176,
  "Cagliari": 1583.46813965,
  "Aarhus": 1582.55212402,
  "Copenhagen": 1578.41003418,
  "Dinamo Zagreb": 1577.11853027,
  "Real Oviedo": 1574.73022461,
  "Le Havre": 1570.03808594,
  "Genk": 1569.74707031,
  "Twente": 1566.03088379,
  "St Truiden": 1563.59375,
  "Pafos": 1561.03271484,
  "Viktoria Plzen": 1556.39904785,
  "Panathinaikos": 1555.87133789,
  "Celtic": 1555.81945801,
  "Lok Moskva": 1555.28356934,
  "CSKA Moskva": 1554.62353516,
  "Qarabag FK": 1554.37609863,
  "Lecce": 1551.2722168,
  "Spartak Moskva": 1550.99316406,
  "Heidenheim": 1548.29882812,
  "St Pauli": 1548.14953613,
  "Sparta Praha": 1547.84741211,
  "Guimaraes": 1545.86694336,
  "Nantes": 1545.76879883,
  "Trabzonspor": 1542.65661621,
  "Alkmaar": 1542.65246582,
  "Nordsjaelland": 1541.78015137,
  "Angers": 1541.4576416,
  "Dynamo Moskva": 1538.52539062,
  "Nijmegen": 1536.40466309,
  "Rangers": 1531.03417969,
  "Gil Vicente": 1530.02416992,
  "Brondby": 1529.92529297,
  "Brann": 1528.16906738,
  "Besiktas": 1527.08129883,
  "Lech": 1520.91882324,
  "Anderlecht": 1520.73718262,
  "Ferencvaros": 1520.0501709,
  "Cremonese": 1515.84020996,
  "Mjaellby": 1515.64575195,
  "Rakow": 1513.49890137,
  "Viborg": 1512.19702148,
  "Hammarby": 1507.66381836,
  "Bueyueksehir": 1505.53808594,
  "Utrecht": 1503.46850586,
  "Verona": 1501.93737793,
  "Estoril": 1501.9263916,
  "Standard": 1500.97875977,
  "Metz": 1497.07885742,
  "Moreirense": 1497.00012207,
  "Tromso": 1496.79101562,
  "Gent": 1494.66638184,
  "Charleroi": 1494.49084473,
  "Larnaca": 1494.35534668,
  "Westerlo": 1494.10803223,
  "Antwerp": 1490.20812988,
  "Baltika": 1484.52722168,
  "Mechelen": 1484.47546387,
  "Arouca": 1483.7052002,
  "Heerenveen": 1482.43310547,
  "RB Salzburg": 1482.40710449,
  "Santa Clara": 1480.40734863,
  "Aris Limassol": 1478.18310547,
  "Hearts": 1475.4967041,
  "Pisa": 1472.42614746,
  "Djurgarden": 1472.00256348,
  "Sturm Graz": 1471.63842773,
  "StGallen": 1469.69934082,
  "Molde": 1467.12402344,
  "Jagiellonia": 1466.60534668,
  "Beer-Sheva": 1466.13769531,
  "SonderjyskE": 1465.48217773,
  "Thun": 1463.22155762,
  "Cercle Brugge": 1462.87353516,
  "Samsunspor": 1459.11291504,
  "Craiova": 1458.68518066,
  "Rio Ave": 1458.10595703,
  "Goeztepe": 1457.75744629,
  "Omonia": 1456.90454102,
  "Celje": 1455.5267334,
  "Gyoer": 1454.81445312,
  "LASK": 1452.54577637,
  "Alverca": 1452.18493652,
  "Gornik": 1452.04492188,
  "Nacional": 1451.63452148,
  "Lugano": 1450.05969238,
  "Go Ahead Eagles": 1449.95959473,
  "Rubin Kazan": 1449.72570801,
  "Hradec Kralove": 1445.51159668,
  "Silkeborg": 1445.33203125,
  "Jablonec": 1445.09521484,
  "Malmoe": 1444.68371582,
  "Levski": 1441.24841309,
  "Dynamo Kyiv": 1441.10852051,
  "Legia": 1440.72375488,
  "M Tel Aviv": 1438.46240234,
  "CFR Cluj": 1437.53100586,
  "Basel": 1436.53771973,
  "Sion": 1433.71716309,
  "Universitatea Cluj": 1433.61633301,
  "Randers": 1432.4888916,
  "Razgrad": 1431.40698242,
  "Slovan Liberec": 1431.40258789,
  "Young Boys": 1431.359375,
  "Odense": 1430.63183594,
  "Sparta Rotterdam": 1429.98205566,
  "IK Sirius": 1427.83239746,
  "Rosenborg": 1427.67419434,
  "Hajduk": 1426.87268066,
  "Steaua": 1426.69921875,
  "Katowice": 1426.26794434,
  "Zulte Waregem": 1425.24291992,
  "Pogon": 1424.82580566,
  "Rostov": 1424.74609375,
  "Groningen": 1423.8996582,
  "Sandefjord": 1423.67443848,
  "Casa Pia": 1420.90600586,
  "Servette": 1417.44885254,
  "Rizespor": 1417.30529785,
  "Leuven": 1416.62060547,
  "Beitar": 1414.83398438,
  "Aris": 1413.90197754,
  "Piast Gliwice": 1413.75842285,
  "Konyaspor": 1413.53149414,
  "Fredrikstad": 1412.80065918,
  "Estrela Amadora": 1407.93188477,
  "Terek Grozny": 1406.51831055,
  "Sarpsborg": 1403.36450195,
  "Zwolle": 1402.83459473,
  "Radomiak": 1402.66931152,
  "Levadeiakos": 1402.10925293,
  "Alanyaspor": 1400.90673828,
  "Austria Wien": 1398.9432373,
  "Tondela": 1398.04077148,
  "Lubin": 1397.54772949,
  "Luzern": 1397.09777832,
  "Lechia": 1396.66125488,
  "Ham-Kam": 1395.86999512,
  "Cracovia": 1394.18835449,
  "Polissya Zhytomyr": 1392.03637695,
  "Korona": 1390.38635254,
  "Elfsborg": 1388.13391113,
  "Rijeka": 1387.4979248,
  "GAIS": 1387.08862305,
  "Hibernian": 1386.35559082,
  "Motherwell": 1383.57824707,
  "Haecken": 1383.41943359,
  "Sittard": 1381.28430176,
  "Rapid Wien": 1381.19360352,
  "Mlada Boleslav": 1381.1496582,
  "AIK": 1381.11560059,
  "Motor Lublin": 1379.69775391,
  "Telstar": 1378.37194824,
  "Valerenga": 1377.26916504,
  "Kasimpasa": 1377.16906738,
  "Plock": 1375.22253418,
  "Lausanne": 1374.96118164,
  "Sigma Olomouc": 1371.94628906,
  "Atromitos": 1371.29907227,
  "Widzew": 1371.26403809,
  "Hartberg": 1370.59326172,
  "Goeteborg": 1368.79516602,
  "Rapid Bucuresti": 1368.52368164,
  "Excelsior": 1368.42260742,
  "Dinamo Bucuresti": 1368.21972656,
  "Paksi": 1367.53369141,
  "Fredericia": 1366.58007812,