{
  "Arsenal": 2015.59216309,
  "Liverpool": 1997.35522461,
  "PSG": 1994.30358887,
  "Manchester City": 1958.74145508,
  "Bayern Munich": 1955.02783203,
  "Barcelona": 1953.71411133,
  "Real Madrid": 1938.07202148,
  "Inter": 1924.94592285,
  "Chelsea": 1887.81555176,
  "Newcastle": 1872.66784668,
  "Crystal Palace": 1870.49414062,
  "Aston Villa": 1865.17004395,
  "Atlético": 1858.49829102,
  "Borussia Dortmund": 1848.7479248,
  "Napoli": 1846.2019043,
  "Atalanta": 1840.6184082,
  "Brighton": 1834.56494141,
  "Leverkusen": 1834.04870605,
  "Bournemouth": 1827.15515137,
  "Roma": 1819.60571289,
  "Juventus": 1817.69946289,
  "Tottenham": 1811.20812988,
  "Brentford": 1802.83276367,
  "Milan": 1801.97973633,
  "Everton": 1801.40234375,
  "Sporting": 1799.67260742,
  "Manchester United": 1797.89855957,
  "Lille": 1795.32495117,
  "Villarreal": 1793.27441406,
  "Benfica": 1790.63085938,
  "Fulham": 1789.43615723,
  "Marseille": 1782.79516602,
  "Lyon": 1777.42541504,
  "Forest": 1766.48156738,
  "Monaco": 1757.42565918,
  "Frankfurt": 1756.97033691,
  "Lazio": 1754.8527832,
  "Athletic": 1749.99963379,
  "Porto": 1749.86999512,
  "Betis": 1749.84448242,
  "PSV": 1749.72680664,
  "Saint-Gilloise": 1743.78137207,
  "Brugge": 1743.43359375,
  "RB Leipzig": 1741.40393066,
  "Leeds": 1741.38525391,
  "Bologna": 1736.39807129,
  "Fiorentina": 1728.10644531,
  "West Ham": 1727.18151855,
  "Galatasaray": 1726.98217773,
  "Strasbourg": 1724.41125488,
  "Lens": 1719.22558594,
  "Burnley": 1716.59619141,
  "Stuttgart": 1709.29553223,
  "Wolverhampton": 1707.4519043,
  "Mainz": 1703.89697266,
  "Feyenoord": 1697.15148926,
  "Freiburg": 1690.01989746,
  "Osasuna": 1683.78125,
  "Brest": 1677.34619141,
  "Valencia": 1676.72473145,
  "Slavia Prag": 1672.81872559,
  "Olympiacos": 1672.67785645,
  "Werder": 1672.67553711,
  "Rennais": 1670.67272949,
  "Fenerbahce": 1670.39538574,
  "Nice": 1667.39038086,
  "Torino": 1664.6385498,
  "Celta": 1664.44824219,
  "Bodø/Glimt": 1663.23144531,
  "Como": 1662.48986816,
  "Toulouse": 1660.15429688,
  "Espanyol": 1657.39660645,
  "Braga": 1657.01867676,
  "Real Sociedad": 1651.3536377,
  "Midtjylland": 1649.60327148,
  "Rayo Vallecano": 1649.44433594,
  "Wolfsburg": 1648.51062012,
  "Sevilla": 1647.95458984,
  "Copenhagen": 1645.35449219,
  "Alaves": 1643.82543945,
  "Zenit": 1640.33081055,
  "Getafe": 1639.79101562,
  "Genoa": 1638.22741699,
  "Ajax": 1633.47485352,
  "FC Krasnodar": 1631.63244629,
  "Mallorca": 1630.7154541,
  "Hoffenheim": 1630.29638672,
  "Auxerre": 1625.69824219,
  "Union Berlin": 1624.1574707,
  "Elche": 1622.54089355,
  "Celtic": 1619.72302246,
  "Udinese": 1618.72241211,
  "Cagliari": 1616.52514648,
  "Gladbach": 1614.19042969,
  "Genk": 1613.77575684,
  "Levante": 1611.8215332,
  "Lorient": 1610.15515137,
  "CSKA Moskva": 1609.09484863,
  "Augsburg": 1607.2734375,
  "Sunderland": 1606.57751465,
  "Sassuolo": 1604.01940918,
  "Parma": 1602.39624023,
  "St Pauli": 1598.21179199,
  "Nantes": 1594.51647949,
  "Sparta Praha": 1593.09790039,
  "Girona": 1591.52746582,
  "Crvena Zvezda": 1590.09570312,
  "Verona": 1588.28686523,
  "Alkmaar": 1584.10253906,
  "Real Oviedo": 1583.73303223,
  "Koeln": 1580.08337402,
  "Lecce": 1570.18713379,
  "Cremonese": 1568.43811035,
  "Anderlecht": 1568.11730957,
  "Qarabag": 1566.93884277,
  "Le Havre": 1562.03710938,
  "Shakhtar": 1561.95605469,
  "Viktoria Plzen": 1561.81262207,
  "Dinamo Zagreb": 1561.12609863,
  "Hamburg": 1559.43017578,
  "Paris FC": 1556.93774414,
  "Guimaraes": 1556.31689453,
  "Metz": 1555.10961914,
  "Spartak Moskva": 1554.22668457,
  "Brann": 1554.18164062,
  "PAOK": 1554.14746094,
  "Brondby": 1554.00073242,
  "AEK": 1552.26147461,
  "Heidenheim": 1548.35595703,
  "Twente": 1547.44482422,
  "Lok Moskva": 1545.93579102,
  "Utrecht": 1543.69506836,
  "Angers": 1541.515625,
  "Sturm Graz": 1539.68322754,
  "Viking": 1539.01843262,
  "Famalicao": 1538.58496094,
  "Pafos": 1535.32983398,
  "Mjaellby": 1534.89746094,
  "Rangers": 1533.43664551,
  "Rakow": 1531.90197754,
  "Pisa": 1531.31677246,
  "Panathinaikos": 1531.11987305,
  "Dynamo Moskva": 1528.63305664,
  "Ferencvaros": 1527.80529785,
  "Basel": 1525.67480469,
  "RB Salzburg": 1522.6048584,
  "Aarhus": 1522.45751953,
  "M Tel Aviv": 1520.43432617,
  "Antwerp": 1520.11169434,
  "Jablonec": 1519.39074707,
  "Jagiellonia": 1517.00280762,
  "Lech": 1516.86767578,
  "Young Boys": 1516.70739746,
  "Mechelen": 1509.7401123,
  "Beer-Sheva": 1508.14343262,
  "Djurgarden": 1505.97998047,
  "Gent": 1505.73876953,
  "Charleroi": 1498.96203613,
  "Moreirense": 1498.25610352,
  "Hammarby": 1498.07250977,
  "Legia": 1496.55432129,
  "Nordsjaelland": 1495.55358887,
  "Nijmegen": 1492.49291992,
  "Malmoe": 1486.65124512,
  "Gil Vicente": 1485.72302246,
  "Besiktas": 1484.71813965,
  "Larnaca": 1483.66052246,
  "Trabzonspor": 1481.49609375,
  "Razgrad": 1479.82434082,
  "Celje": 1478.18249512,
  "Dynamo Kyiv": 1475.97473145,
  "Omonia": 1475.75073242,
  "Randers": 1475.2130127,
  "Aris Limassol": 1474.88024902,
  "Arouca": 1471.80822754,
  "Santa Clara": 1470.45336914,
  "Westerlo": 1467.95935059,
  "Go Ahead Eagles": 1467.00476074,
  "Wolfsberg": 1466.12194824,
  "Rosenborg": 1461.37939453,
  "Rio Ave": 1459.92602539,
  "Tromso": 1459.48632812,
  "Cracovia": 1458.47766113,
  "Gornik": 1455.95666504,
  "Craiova": 1455.94128418,
  "Sparta Rotterdam": 1455.51745605,
  "St Truiden": 1455.49658203,
  "Casa Pia": 1454.59399414,
  "Estoril": 1454.56689453,
  "Rubin Kazan": 1453.67565918,
  "Viborg": 1452.50695801,
  "Cercle Brugge": 1450.02648926,
  "Silkeborg": 1449.84924316,
  "Austria Wien": 1449.58483887,
  "Molde": 1447.33227539,
  "Bueyueksehir": 1446.36120605,
  "Samsunspor": 1445.40991211,
  "Pogon": 1444.6595459,
  "Steaua": 1440.91162109,
  "Standard": 1438.50402832,
  "Rapid Wien": 1436.30151367,
  "Servette": 1436.09191895,
  "Banik Ostrava": 1435.23718262,
  "Baltika": 1433.69958496,
  "Korona": 1433.02734375,
  "Goeztepe": 1431.53662109,
  "AIK": 1430.50244141,
  "Elfsborg": 1430.1418457,
  "StGallen": 1429.01452637,
  "Rostov": 1428.76623535,
  "Zwolle": 1428.74194336,
  "Aris": 1427.96960449,
  "Maccabi Haifa": 1426.85266113,
  "Alanyaspor": 1426.83508301,
  "Hearts": 1425.04467773,
  "Slovan Liberec": 1424.70043945,
  "Kasimpasa": 1421.5032959,
  "Groningen": 1417.87731934,
  "Nacional": 1416.69689941,
  "Heerenveen": 1416.69543457,
  "Hajduk": 1416.53063965,
  "Sittard": 1415.01147461,
  "Lausanne": 1413.66345215,
  "Leuven": 1412.73352051,
  "Konyaspor": 1412.36071777,
  "Piast Gliwice": 1411.82556152,
  "GAIS": 1411.76159668,
  "Levski": 1409.06115723,
  "Goeteborg": 1407.32092285,
  "Hibernian": 1405.54309082,
  "Luzern": 1404.05334473,
  "Zuerich": 1402.36523438,
  "Hradec Kralove": 1401.29797363,
  "KFUM Oslo": 1400.984375,
  "Kryliya Sovetov": 1398.45581055,
  "Partizan": 1394.55114746,
  "Alverca": 1394.16064453,
  "CFR Cluj": 1394.00964355,
  "SonderjyskE": 1393.98840332,
  "Rapid Bucuresti": 1391.27624512,
  "Fredrikstad": 1390.7253418,
  "Paksi": 1390.52722168,
  "Haecken": 1388.83691406,
  "Estrela Amadora": 1386.81481934,
  "Terek Grozny": 1385.68811035,
  "Radomiak": 1384.68530273,
  "LASK": 1383.47265625,
  "Gaziantep FK": 1382.48193359,
  "Sarpsborg": 1380.90795898,
  "Rijeka": 1380.40881348,
  "Tondela": 1380.14624023,
  "Lubin": 1378.66040039,
  "Slovan Bratislava": 1378.30541992,
  "Sandefjord": 1377.40515137,
  "Puskas Akademia": 1376.53295898,
  "Gyoer": 1374.33081055,
  "Lugano": 1371.94885254,
  "Hartberg": 1370.94836426,
  "Zulte Waregem": 1370.66516113,
  "Kayseri": 1369.88305664,
  "Rizespor": 1369.6484375,
  "Sigma Olomouc": 1367.93945312,
  "Antalyaspor": 1366.30004883,
  "Dender": 1365.22363281,
  "St Mirren": 1363.82519531,
  "Motor Lublin": 1362.94787598,
  "Plock": 1362.69458008,
  "Heracles": 1361.1628418,
  "Fredericia": 1359.94128418,
  "Vejle": 1359.52246094,
  "Katowice": 1358.69006348,
  "Maribor": 1356.53491211,
  "Bohemians Praha": 1355.89624023,