{
  "Real Madrid": 1951.84008789,
  "Barcelona": 1927.25402832,
  "Atlético": 1870.52954102,
  "Villarreal": 1783.02478027,
  "Betis": 1762.90356445,
  "Athletic": 1728.48632812,
  "Celta": 1700.64941406,
  "Osasuna": 1674.65844727,
  "Rayo Vallecano": 1670.66101074,
  "Real Sociedad": 1659.5189209,
  "Espanyol": 1659.05151367,
  "Valencia": 1656.3359375,
  "Alaves": 1651.43286133,
  "Getafe": 1649.46374512,
  "Sevilla": 1644.56762695,
  "Mallorca": 1632.46008301,
  "Elche": 1608.33044434,
  "Levante": 1603.46569824,
  "Girona": 1590.29345703,
  "Leganes": 1570.66259766,
  "Las Palmas": 1569.69140625,
  "Real Oviedo": 1563.62158203,
  "Almeria": 1557.1439209,
  "Racing": 1542.95422363,
  "Cadiz": 1525.50354004,
  "Depor": 1506.97937012,
  "Burgos": 1506.63903809,
  "Eibar": 1500.11914062,
  "Granada": 1494.84301758,
  "Mirandes": 1491.84191895,
  "Cordoba": 1488.01416016,
  "Albacete": 1486.47741699,
  "Sporting": 1484.07897949,
  "Valladolid": 1479.76940918,
  "Huesca": 1473.43676758,
  "Castellon": 1464.17700195,
  "Malaga": 1451.46264648,
  "Ceuta": 1449.88500977,
  "Leonesa": 1437.27734375,
  "FC Andorra": 1434.0045166,
  "Sociedad B": 1426.12756348,
  "Zaragoza": 1382.10095215
}