{
  "PSG": 1974.93762207,
  "Manchester City": 1959.94421387,
  "Real Madrid": 1936.12731934,
  "Inter": 1933.2421875,
  "Bayern Munich": 1918.99780273,
  "Chelsea": 1902.8013916,
  "Atlético": 1855.34960938,
  "Borussia Dortmund": 1818.35009766,
  "Juventus": 1805.84667969,
  "Benfica": 1791.48046875,
  "Palmeiras": 1751.4606535173712,
  "Flamengo": 1744.1224895199707,
  "Botafogo": 1719.6619428619683,
  "Fluminense": 1710.926033341253,
  "River Plate": 1695.9562720188287,
  "Porto": 1678.19543457,
  "Boca Juniors": 1670.4474162183405,
  "Monterrey": 1614.6215998655719,
  "Pachuca": 1594.731727684944,
  "Los Ángeles FC": 1584.891505968538,
  "Seattle": 1577.5533419711373,
  "RB Salzburg": 1558.85534668,
  "Al-Hilal": 1556.0842970459823,
  "Urawa Reds": 1554.1971075088263,
  "Ahly SC": 1551.569625621813,
  "Inter Miami": 1551.0241785547662,
  "Sundowns": 1498.161862408242,
  "Ulsan HD": 1481.6823494560927,
  "Al-Ain": 1479.907166025347,
  "Esperance": 1452.8191374803314,
  "Wydad AC": 1444.7260976680684,
  "Auckland City": 1146.5740256448703
}