{
  "Arsenal": 2046.6348877,
  "Manchester City": 1968.1262207,
  "Liverpool": 1933.55688477,
  "Aston Villa": 1911.01965332,
  "Chelsea": 1890.37890625,
  "Newcastle": 1872.12915039,
  "Manchester United": 1839.20361328,
  "Brighton": 1836.17077637,
  "Brentford": 1833.76220703,
  "Everton": 1809.38659668,
  "Bournemouth": 1801.92272949,
  "Fulham": 1801.52502441,
  "Tottenham": 1791.97241211,
  "Crystal Palace": 1789.83105469,
  "Forest": 1772.74829102,
  "Leeds": 1759.11669922,
  "West Ham": 1711.80432129,
  "Burnley": 1694.8692627,
  "Sunderland": 1690.06335449,
  "Wolverhampton": 1671.05786133,
  "Ipswich": 1627.73327637,
  "Coventry": 1611.95092773,
  "Middlesbrough": 1572.23925781,
  "Leicester": 1556.95129395,
  "Sheffield United": 1554.47375488,
  "Millwall": 1542.89379883,
  "Hull": 1537.06530762,
  "Bristol City": 1531.875,
  "Preston": 1528.24523926,
  "Watford": 1523.63928223,
  "Stoke": 1522.07141113,
  "Southampton": 1520.86035156,
  "QPR": 1507.18103027,
  "Derby": 1503.39624023,
  "Wrexham": 1501.83581543,
  "Swansea": 1490.22912598,
  "West Brom": 1487.35766602,
  "Blackburn": 1479.30395508,
  "Norwich": 1473.13330078,
  "Birmingham": 1470.18774414,
  "Portsmouth": 1457.8638916,
  "Charlton": 1456.71166992,
  "Oxford": 1437.67578125,
  "Sheffield Weds": 1374.12109375
}