{
  "Barcelona": 1947.61572266,
  "Real Madrid": 1943.7154541,
  "Atlético": 1833.05200195,
  "Athletic": 1805.1973877,
  "Villarreal": 1794.06420898,
  "Betis": 1735.63220215,
  "Osasuna": 1693.84375,
  "Valencia": 1681.89892578,
  "Celta": 1675.8046875,
  "Rayo Vallecano": 1674.80114746,
  "Real Sociedad": 1658.70507812,
  "Espanyol": 1657.13903809,
  "Alaves": 1649.07739258,
  "Getafe": 1641.69482422,
  "Sevilla": 1637.95288086,
  "Mallorca": 1634.05639648,
  "Elche": 1604.36352539,
  "Girona": 1604.32910156,
  "Levante": 1593.38708496,
  "Leganes": 1589.7109375,
  "Real Oviedo": 1589.3338623,
  "Las Palmas": 1556.00402832,
  "Mirandes": 1551.15441895,
  "Almeria": 1545.75939941,
  "Santander": 1544.21362305,
  "Cadiz": 1537.29309082,
  "Eibar": 1528.68395996,
  "Huesca": 1520.78894043,
  "Gijon": 1505.7578125,
  "Granada": 1495.34265137,
  "Albacete": 1485.91699219,
  "Burgos": 1485.7512207,
  "Valladolid": 1483.11560059,
  "Depor": 1478.72998047,
  "Malaga": 1467.8717041,
  "Cordoba": 1454.35668945,
  "Andorra CF": 1445.88208008,
  "Castellon": 1443.78552246,
  "Zaragoza": 1431.3861084,
  "Sociedad B": 1428.22570801,
  "Leonesa": 1404.70629883,
  "Ceuta": 1402.81091309
}