{
  "Bayern Munich": 1979.2109375,
  "Borussia Dortmund": 1845.14379883,
  "Leverkusen": 1815.54077148,
  "Stuttgart": 1751.78381348,
  "RB Leipzig": 1737.05493164,
  "Hoffenheim": 1732.53857422,
  "Freiburg": 1688.43579102,
  "Frankfurt": 1676.49987793,
  "Mainz": 1656.66442871,
  "Werder": 1617.63000488,
  "Union Berlin": 1614.83300781,
  "Gladbach": 1612.89599609,
  "Augsburg": 1610.24523926,
  "Wolfsburg": 1608.92504883,
  "Hamburg": 1591.92211914,
  "Koeln": 1570.40759277,
  "St Pauli": 1551.05700684,
  "Elversberg": 1518.9420166,
  "Darmstadt": 1517.9239502,
  "Hannover": 1512.06567383,
  "Heidenheim": 1510.71374512,
  "Paderborn": 1508.36767578,
  "Bochum": 1505.73657227,
  "Hertha": 1480.47241211,
  "Schalke": 1480.14819336,
  "Holstein": 1463.86755371,
  "Lautern": 1456.69763184,
  "Duesseldorf": 1440.00024414,
  "Nuernberg": 1432.9564209,
  "Karlsruhe": 1426.7989502,
  "Magdeburg": 1415.47973633,
  "Bielefeld": 1397.99707031,
  "Muenster": 1393.94421387,
  "Braunschweig": 1368.90002441,
  "Fuerth": 1352.22253418,
  "Dresden": 1350.79846191
}