{
  "Inter": 1892.58398438,
  "Roma": 1789.18969727,
  "Napoli": 1776.30615234,
  "Juventus": 1775.18249512,
  "Atalanta": 1764.87145996,
  "Milan": 1763.58178711,
  "Como": 1752.79907227,
  "Lazio": 1700.96350098,
  "Bologna": 1697.29626465,
  "Fiorentina": 1668.82006836,
  "Udinese": 1649.93127441,
  "Sassuolo": 1629.87792969,
  "Genoa": 1627.00500488,
  "Torino": 1621.13244629,
  "Venezia": 1598.84899902,
  "Parma": 1592.07055664,
  "Cagliari": 1580.76501465,
  "Frosinone": 1564.72619629,
  "Lecce": 1559.24267578,
  "Monza": 1543.9909668,
  "Cremonese": 1538.78613281,
  "Palermo": 1514.03564453,
  "Verona": 1506.81762695,
  "Catanzaro": 1458.62243652,
  "Pisa": 1457.90905762,
  "Modena": 1429.02429199,
  "Juve Stabia": 1425.40307617,
  "Empoli": 1422.83203125,
  "Mantova": 1399.96447754,
  "Sampdoria": 1390.78149414,
  "Carrarese": 1385.89770508,
  "Spezia": 1384.77941895,
  "Avellino": 1381.59423828,
  "Suedtirol": 1372.29528809,
  "Bari": 1366.16162109,
  "Cesena": 1365.54797363,
  "Padova": 1365.3984375,
  "Entella": 1358.08483887,
  "Pescara": 1351.91564941,
  "Reggiana": 1334.0456543
}