{
  "Liverpool": 2019.72473145,
  "Arsenal": 2006.37670898,
  "PSG": 1984.26074219,
  "Barcelona": 1960.54760742,
  "Manchester City": 1955.24963379,
  "Real Madrid": 1949.79956055,
  "Bayern Munich": 1948.58447266,
  "Inter": 1917.62231445,
  "Chelsea": 1897.5447998,
  "Newcastle": 1859.20166016,
  "Crystal Palace": 1854.35791016,
  "Napoli": 1847.81799316,
  "Aston Villa": 1841.73596191,
  "Leverkusen": 1836.16760254,
  "Atalanta": 1835.30883789,
  "Borussia Dortmund": 1835.1048584,
  "Atlético": 1832.60693359,
  "Bournemouth": 1826.32763672,
  "Roma": 1820.70214844,
  "Brighton": 1816.69458008,
  "Juventus": 1815.6796875,
  "Tottenham": 1815.25219727,
  "Manchester United": 1806.01696777,
  "Everton": 1802.71533203,
  "Fulham": 1795.38916016,
  "Milan": 1792.68200684,
  "Sporting": 1791.28527832,
  "Forest": 1790.76257324,
  "Benfica": 1790.60742188,
  "Brentford": 1790.43286133,
  "Villarreal": 1784.3795166,
  "Lille": 1780.97277832,
  "Athletic": 1769.76928711,
  "Saint-Gilloise": 1767.59838867,
  "Brugge": 1761.59619141,
  "PSV": 1761.4753418,
  "Frankfurt": 1758.40332031,
  "Monaco": 1758.11120605,
  "Lyon": 1747.67663574,
  "Bologna": 1747.33312988,
  "Marseille": 1744.06982422,
  "Lazio": 1742.32861328,
  "Betis": 1738.46936035,
  "Leeds": 1737.9284668,
  "RB Leipzig": 1735.62243652,
  "Fiorentina": 1730.67773438,
  "Feyenoord": 1729.35449219,
  "Porto": 1726.73535156,
  "West Ham": 1721.5859375,
  "Burnley": 1719.22851562,
  "Strasbourg": 1719.04785156,
  "Stuttgart": 1716.21240234,
  "Lens": 1707.72705078,
  "Mainz": 1707.66967773,
  "Galatasaray": 1701.11975098,
  "Wolverhampton": 1701.08410645,
  "Osasuna": 1696.41394043,
  "Valencia": 1689.3737793,
  "Freiburg": 1686.85778809,
  "Olympiacos": 1680.29162598,
  "Werder": 1677.53955078,
  "Slavia Prag": 1676.89672852,
  "Nice": 1673.7947998,
  "Torino": 1673.3125,
  "Celta": 1672.21704102,
  "Fenerbahce": 1668.25061035,
  "Como": 1665.67126465,
  "Rayo Vallecano": 1663.08935547,
  "Bodø/Glimt": 1662.23388672,
  "Rennais": 1659.86669922,
  "Espanyol": 1659.43457031,
  "Copenhagen": 1657.54211426,
  "Brest": 1656.95410156,
  "Ajax": 1656.58996582,
  "Wolfsburg": 1655.9822998,
  "Celtic": 1655.41442871,
  "Toulouse": 1652.63769531,
  "Alaves": 1650.30200195,
  "Genoa": 1649.41699219,
  "Real Sociedad": 1647.55395508,
  "Getafe": 1645.38342285,
  "Sevilla": 1644.43041992,
  "Zenit": 1640.33081055,
  "Braga": 1640.15026855,
  "Alkmaar": 1636.67468262,
  "FC Krasnodar": 1631.63244629,
  "Mallorca": 1630.47924805,
  "Udinese": 1629.44348145,
  "Hoffenheim": 1628.6619873,
  "Union Berlin": 1627.72363281,
  "Gladbach": 1622.32226562,
  "Genk": 1622.0489502,
  "Midtjylland": 1619.59094238,
  "Cagliari": 1619.52807617,
  "Augsburg": 1617.45568848,
  "Auxerre": 1616.02990723,
  "Levante": 1614.27819824,
  "Elche": 1611.64855957,
  "CSKA Moskva": 1609.09484863,
  "St Pauli": 1602.49938965,
  "Parma": 1592.38806152,
  "Sassuolo": 1591.96557617,
  "Verona": 1591.08886719,
  "Sunderland": 1590.51745605,
  "Crvena Zvezda": 1590.41064453,
  "Girona": 1586.35009766,
  "Koeln": 1586.20898438,
  "Lorient": 1583.73901367,
  "Nantes": 1579.7277832,
  "Utrecht": 1578.78063965,
  "PAOK": 1576.29467773,
  "Anderlecht": 1575.23571777,
  "Real Oviedo": 1574.47094727,
  "Viktoria Plzen": 1572.34985352,
  "AEK": 1570.27624512,
  "Sparta Praha": 1569.93762207,
  "Lecce": 1565.71533203,
  "Guimaraes": 1564.69482422,
  "Cremonese": 1563.9239502,
  "Twente": 1561.6217041,
  "Rangers": 1560.33288574,
  "Hamburg": 1557.54260254,
  "Spartak Moskva": 1554.22668457,
  "Brondby": 1553.46679688,
  "Shakhtar": 1551.20654297,
  "Le Havre": 1549.28186035,
  "Qarabag": 1548.5480957,
  "Mjaellby": 1546.7388916,
  "Lok Moskva": 1545.93579102,
  "RB Salzburg": 1545.91516113,
  "Metz": 1545.5612793,
  "Antwerp": 1545.30236816,
  "M Tel Aviv": 1541.35522461,
  "Paris FC": 1540.88537598,
  "Heidenheim": 1539.86621094,
  "Angers": 1539.59875488,
  "Viking": 1535.15283203,
  "Brann": 1534.51391602,
  "Pafos": 1533.78527832,
  "Famalicao": 1533.64282227,
  "Panathinaikos": 1530.49865723,
  "Dynamo Moskva": 1528.63293457,
  "Sturm Graz": 1528.4732666,
  "Pisa": 1527.73596191,
  "Rakow": 1523.06970215,
  "Malmoe": 1522.48168945,
  "Charleroi": 1522.17565918,
  "Basel": 1519.1685791,
  "Nordsjaelland": 1515.61279297,
  "Hammarby": 1511.32617188,
  "Young Boys": 1510.45837402,
  "Dinamo Zagreb": 1509.16882324,
  "Gent": 1507.9440918,
  "Ferencvaros": 1507.26184082,
  "Jablonec": 1506.97290039,
  "Jagiellonia": 1505.7890625,
  "Mechelen": 1505.11291504,
  "Beer-Sheva": 1503.24035645,
  "Aarhus": 1502.38098145,
  "Legia": 1501.82275391,
  "Nijmegen": 1500.94726562,
  "Lech": 1499.84606934,
  "Go Ahead Eagles": 1498.33459473,
  "Djurgarden": 1495.5625,
  "Sparta Rotterdam": 1490.15783691,
  "Dynamo Kyiv": 1489.11010742,
  "Moreirense": 1486.21081543,
  "Craiova": 1482.86083984,
  "Gil Vicente": 1478.796875,
  "Rosenborg": 1476.984375,
  "Omonia": 1475.61669922,
  "Santa Clara": 1474.12219238,
  "Westerlo": 1471.93786621,
  "Cercle Brugge": 1471.56066895,
  "St Truiden": 1470.17468262,
  "Razgrad": 1470.08447266,
  "Aris Limassol": 1470.07177734,
  "Arouca": 1469.70397949,
  "Trabzonspor": 1468.77185059,
  "Wolfsberg": 1468.41271973,
  "Rapid Wien": 1468.0690918,
  "Elfsborg": 1465.33276367,
  "Randers": 1461.28894043,
  "Pogon": 1461.1472168,
  "Larnaca": 1459.74194336,
  "Steaua": 1458.7520752,
  "Besiktas": 1457.85192871,
  "AIK": 1455.90661621,
  "Rubin Kazan": 1453.67565918,
  "Casa Pia": 1452.28967285,
  "Standard": 1450.5871582,
  "Zwolle": 1449.8572998,
  "Viborg": 1448.99328613,
  "Celje": 1448.68579102,
  "Gornik": 1448.42333984,
  "Estoril": 1447.98510742,
  "Tromso": 1447.61657715,
  "Bueyueksehir": 1446.7755127,
  "Cracovia": 1446.2064209,
  "Silkeborg": 1444.42077637,
  "Aris": 1441.46411133,
  "Maccabi Haifa": 1441.19262695,
  "Molde": 1441.03979492,
  "Rio Ave": 1439.64074707,
  "Groningen": 1438.88745117,
  "Austria Wien": 1438.66088867,
  "Banik Ostrava": 1438.6373291,
  "Sittard": 1436.63330078,
  "Hearts": 1435.42785645,
  "StGallen": 1434.06567383,
  "Baltika": 1433.69958496,
  "Heerenveen": 1429.26635742,
  "Rostov": 1428.76647949,
  "Samsunspor": 1425.37060547,
  "Korona": 1424.98608398,
  "Goeztepe": 1424.66137695,
  "Servette": 1422.77258301,
  "Alanyaspor": 1422.76794434,
  "Goeteborg": 1419.21594238,
  "Leuven": 1419.04858398,
  "Hibernian": 1417.06970215,
  "Levski": 1414.6607666,
  "Piast Gliwice": 1411.0513916,
  "Hajduk": 1409.68725586,
  "GAIS": 1406.91088867,
  "Slovan Liberec": 1406.6965332,
  "Kasimpasa": 1405.55297852,
  "Lausanne": 1403.5168457,
  "Fredrikstad": 1402.74597168,
  "CFR Cluj": 1401.85412598,
  "Rapid Bucuresti": 1401.53344727,
  "Hradec Kralove": 1401.03259277,
  "Haecken": 1399.60974121,
  "Konyaspor": 1399.40515137,
  "Kryliya Sovetov": 1398.45556641,
  "Rijeka": 1395.64831543,
  "Partizan": 1395.47436523,
  "SonderjyskE": 1394.12023926,
  "Nacional": 1393.16333008,
  "Puskas Akademia": 1391.07312012,
  "KFUM Oslo": 1391.04968262,
  "IK Sirius": 1389.90917969,
  "LASK": 1387.15332031,
  "Zuerich": 1385.95129395,
  "Luzern": 1385.70385742,
  "Terek Grozny": 1385.68811035,
  "Sarpsborg": 1383.53723145,
  "Slovan Bratislava": 1382.40661621,
  "Kayseri": 1381.6862793,
  "Paksi": 1381.00305176,
  "Hartberg": 1379.08508301,
  "Sandefjord": 1378.31982422,
  "Dender": 1376.50170898,
  "Gaziantep FK": 1375.68762207,
  "Radomiak": 1374.88537598,
  "St Mirren": 1373.77270508,
  "Rizespor": 1371.06994629,
  "Plock": 1369.69787598,
  "Fredericia": 1369.34802246,
  "Lubin": 1368.90063477,
  "Alverca": 1368.71105957,
  "Katowice": 1368.70043945,
  "Sigma Olomouc": 1368.12524414,
  "Estrela Amadora": 1366.38793945,
  "Zulte Waregem": 1364.06115723,
  "RAAL": 1362.62390137,
  "Gyoer": 1362.58850098,
  "Widzew": 1362.38671875,
  "Heracles": 1362.31591797,
  "Antalyaspor": 1361.15698242,
  "Motor Lublin": 1361.07336426,
  "Tondela": 1360.51806641,
  "Lugano": 1360.27185059,
  "Levadeiakos": 1358.63330078,