{
  "Inter": 1920.04650879,
  "Milan": 1821.45617676,
  "Napoli": 1819.12683105,
  "Juventus": 1811.42407227,
  "Roma": 1805.53613281,
  "Atalanta": 1802.30273438,
  "Bologna": 1757.24157715,
  "Lazio": 1754.40100098,
  "Como": 1704.18908691,
  "Fiorentina": 1668.09631348,
  "Torino": 1667.58813477,
  "Sassuolo": 1629.28735352,
  "Genoa": 1628.01135254,
  "Udinese": 1617.86352539,
  "Cagliari": 1600.84875488,
  "Cremonese": 1598.02453613,
  "Parma": 1588.6484375,
  "Verona": 1586.62658691,
  "Lecce": 1581.6730957,
  "Venezia": 1577.80285645,
  "Monza": 1546.93920898,
  "Pisa": 1539.1796875,
  "Frosinone": 1533.45227051,
  "Empoli": 1514.15722656,
  "Palermo": 1504.6583252,
  "Catanzaro": 1483.67871094,
  "Cesena": 1470.37390137,
  "Modena": 1469.24658203,
  "Juve Stabia": 1454.37731934,
  "Spezia": 1442.90356445,
  "Suedtirol": 1420.74633789,
  "Sampdoria": 1412.06738281,
  "Carrarese": 1406.67346191,
  "Reggiana": 1403.97729492,
  "Bari": 1401.89880371,
  "Padova": 1394.52001953,
  "Avellino": 1376.31616211,
  "Mantova": 1368.19226074,
  "Entella": 1355.57458496,
  "Pescara": 1353.27990723
}