{
  "Barcelona": 1953.10412598,
  "Real Madrid": 1942.31567383,
  "Atlético": 1836.40563965,
  "Athletic": 1796.60620117,
  "Villarreal": 1795.5411377,
  "Betis": 1744.22302246,
  "Osasuna": 1701.51855469,
  "Celta": 1674.33312988,
  "Valencia": 1671.42236328,
  "Rayo Vallecano": 1669.31347656,
  "Real Sociedad": 1667.44140625,
  "Getafe": 1652.1640625,
  "Espanyol": 1649.4642334,
  "Alaves": 1645.72290039,
  "Mallorca": 1635.4564209,
  "Sevilla": 1624.51330566,
  "Girona": 1617.76989746,
  "Levante": 1602.74499512,
  "Elche": 1595.00549316,
  "Leganes": 1594.68579102,
  "Real Oviedo": 1580.59741211,
  "Las Palmas": 1568.7520752,
  "Almeria": 1547.27526855,
  "Mirandes": 1542.38989258,
  "Santander": 1538.25341797,
  "Eibar": 1535.65710449,
  "Cadiz": 1531.97949219,
  "Huesca": 1513.81201172,
  "Granada": 1504.10974121,
  "Gijon": 1501.53015137,
  "Albacete": 1491.23059082,
  "Valladolid": 1486.02380371,
  "Burgos": 1485.75109863,
  "Depor": 1473.75500488,
  "Malaga": 1455.12341309,
  "Cordoba": 1451.44836426,
  "Castellon": 1446.23181152,
  "Andorra CF": 1445.88195801,
  "Zaragoza": 1428.93933105,
  "Sociedad B": 1426.71166992,
  "Leonesa": 1408.93200684,
  "Ceuta": 1408.77160645
}