{
  "Inter": 1912.96777344,
  "Napoli": 1855.7800293,
  "Atalanta": 1833.88476562,
  "Juventus": 1825.81542969,
  "Roma": 1815.76000977,
  "Milan": 1785.6842041,
  "Lazio": 1752.29150391,
  "Bologna": 1744.78759766,
  "Fiorentina": 1744.49023438,
  "Torino": 1685.38439941,
  "Como": 1656.93518066,
  "Genoa": 1656.93066406,
  "Udinese": 1641.45263672,
  "Cagliari": 1613.63537598,
  "Sassuolo": 1595.91394043,
  "Parma": 1594.52612305,
  "Verona": 1588.57983398,
  "Lecce": 1576.63671875,
  "Cremonese": 1566.74768066,
  "Empoli": 1562.85095215,
  "Venezia": 1556.07946777,
  "Pisa": 1530.26904297,
  "Monza": 1522.80859375,
  "Spezia": 1507.3092041,
  "Frosinone": 1485.42883301,
  "Palermo": 1484.86865234,
  "Catanzaro": 1460.27429199,
  "Juve Stabia": 1451.70336914,
  "Cesena": 1450.74523926,
  "Modena": 1446.3692627,
  "Suedtirol": 1444.54553223,
  "Sampdoria": 1428.63134766,
  "Carrarese": 1428.02392578,
  "Bari": 1424.53942871,
  "Reggiana": 1420.88903809,
  "Mantova": 1405.85253906,
  "Entella": 1384.03991699,
  "Avellino": 1368.35424805,
  "Padova": 1364.32958984,
  "Pescara": 1359.65905762
}