{
  "Arsenal": 2065.75805664,
  "Bayern Munich": 2000.87036133,
  "Manchester City": 1969.96252441,
  "PSG": 1964.03869629,
  "Barcelona": 1953.36743164,
  "Real Madrid": 1924.69055176,
  "Aston Villa": 1920.07873535,
  "Manchester United": 1914.42456055,
  "Liverpool": 1909.9074707,
  "Inter": 1888.60229492,
  "Bournemouth": 1871.07861328,
  "Sporting": 1847.92749023,
  "Brighton": 1841.11901855,
  "Newcastle": 1836.63977051,
  "Brentford": 1835.69897461,
  "Borussia Dortmund": 1834.76867676,
  "Chelsea": 1830.2121582,
  "Atlético": 1829.45410156,
  "Benfica": 1823.50866699,
  "Forest": 1821.27868652,
  "Fulham": 1812.20422363,
  "Porto": 1805.9453125,
  "Leverkusen": 1804.02624512,
  "Everton": 1802.53918457,
  "Crystal Palace": 1796.83776855,
  "Leeds": 1796.49719238,
  "Roma": 1793.45080566,
  "Napoli": 1780.29589844,
  "Tottenham": 1776.41748047,
  "Juventus": 1772.25622559,
  "West Ham": 1767.91052246,
  "Lens": 1766.09484863,
  "Stuttgart": 1763.83459473,
  "Atalanta": 1763.51843262,
  "RB Leipzig": 1761.90344238,
  "Villarreal": 1761.12365723,
  "Como": 1760.02856445,
  "PSV": 1759.13476562,
  "Brugge": 1757.43859863,
  "Milan": 1750.04211426,
  "Betis": 1748.90966797,
  "Lille": 1742.76037598,
  "Sunderland": 1735.03869629,
  "Lyon": 1730.66943359,
  "Freiburg": 1724.91308594,
  "Saint-Gilloise": 1716.76196289,
  "Monaco": 1716.56970215,
  "Marseille": 1715.79418945,
  "Rayo Vallecano": 1715.21398926,
  "Rennais": 1715.17016602,
  "Strasbourg": 1709.85583496,
  "Bodø/Glimt": 1708.89245605,
  "Lazio": 1703.16967773,
  "Celta": 1702.55578613,
  "Bologna": 1701.27807617,
  "Hoffenheim": 1700.35375977,
  "Valencia": 1699.19360352,
  "Braga": 1698.91113281,
  "Midtjylland": 1687.38391113,
  "Galatasaray": 1684.27087402,
  "Athletic": 1679.67932129,
  "Wolverhampton": 1678.80175781,
  "Mainz": 1671.92541504,
  "Real Sociedad": 1671.24414062,
  "Fiorentina": 1670.17321777,
  "Getafe": 1665.85351562,
  "Burnley": 1665.4453125,
  "Frankfurt": 1663.77978516,
  "Olympiacos": 1663.37597656,
  "Zenit": 1657.19775391,
  "Fenerbahce": 1655.55847168,
  "Slavia Prag": 1654.11645508,
  "Toulouse": 1653.27758789,
  "Osasuna": 1652.03674316,
  "Udinese": 1645.94152832,
  "Mallorca": 1644.55163574,
  "Gladbach": 1640.84313965,
  "AEK": 1640.65856934,
  "Levante": 1640.51867676,
  "Lorient": 1638.10888672,
  "Girona": 1637.58459473,
  "Alaves": 1636.76049805,
  "Augsburg": 1636.44641113,
  "FC Krasnodar": 1632.22900391,
  "Viking": 1631.9107666,
  "Espanyol": 1631.23449707,
  "Paris FC": 1628.37866211,
  "Sevilla": 1627.70202637,
  "Elche": 1625.18200684,
  "Torino": 1624.05883789,
  "Auxerre": 1623.16296387,
  "Sassuolo": 1622.01721191,
  "Brest": 1619.89599609,
  "Union Berlin": 1619.43054199,
  "Genoa": 1618.22717285,
  "Werder": 1606.01928711,
  "PAOK": 1605.57592773,
  "Feyenoord": 1602.56091309,
  "Hamburg": 1602.1472168,
  "Parma": 1599.93127441,
  "Wolfsburg": 1599.56982422,
  "Cagliari": 1594.3046875,
  "Famalicao": 1590.96606445,
  "Crvena Zvezda": 1586.15527344,
  "Shakhtar": 1584.59082031,
  "Aarhus": 1582.55200195,
  "Nice": 1581.42382812,
  "Genk": 1581.32568359,
  "Le Havre": 1579.12011719,
  "Copenhagen": 1578.41003418,
  "Ajax": 1578.02770996,
  "Dinamo Zagreb": 1577.11853027,
  "Celtic": 1575.15283203,
  "Koeln": 1568.1685791,
  "Lecce": 1568.02062988,
  "Twente": 1567.7479248,
  "Pafos": 1561.03271484,
  "Real Oviedo": 1559.74755859,
  "Viktoria Plzen": 1556.39916992,
  "Lok Moskva": 1555.28356934,
  "CSKA Moskva": 1554.62353516,
  "St Truiden": 1554.60778809,
  "Qarabag FK": 1554.37609863,
  "Heidenheim": 1552.56970215,
  "Spartak Moskva": 1550.99316406,
  "Sparta Praha": 1547.84741211,
  "Panathinaikos": 1546.63818359,
  "Angers": 1546.59729004,
  "Nordsjaelland": 1541.78015137,
  "Nantes": 1541.57067871,
  "Alkmaar": 1539.21289062,
  "Dynamo Moskva": 1538.5255127,
  "St Pauli": 1532.94165039,
  "Nijmegen": 1531.59875488,
  "Cremonese": 1531.55651855,
  "Brondby": 1529.92541504,
  "Brann": 1528.16906738,
  "Trabzonspor": 1526.23779297,
  "Anderlecht": 1523.74475098,
  "Lech": 1520.91882324,
  "Bueyueksehir": 1520.4609375,
  "Utrecht": 1520.30163574,
  "Ferencvaros": 1520.05041504,
  "Rangers": 1517.05712891,
  "Besiktas": 1516.34155273,
  "Mjaellby": 1515.64575195,
  "Guimaraes": 1515.55175781,
  "Rakow": 1513.49890137,
  "Viborg": 1512.19702148,
  "Gil Vicente": 1507.84570312,
  "Hammarby": 1507.66369629,
  "Charleroi": 1504.99682617,
  "Verona": 1502.55664062,
  "Standard": 1502.06091309,
  "Arouca": 1500.69470215,
  "Gent": 1497.22473145,
  "Tromso": 1496.79089355,
  "Larnaca": 1494.35534668,
  "Estoril": 1493.87976074,
  "Metz": 1488.86120605,
  "Baltika": 1484.52722168,
  "Santa Clara": 1482.95837402,
  "RB Salzburg": 1482.40710449,
  "Antwerp": 1480.32495117,
  "Moreirense": 1478.9987793,
  "Mechelen": 1478.85217285,
  "Aris Limassol": 1478.18310547,
  "Westerlo": 1475.3503418,
  "Hearts": 1473.26843262,
  "Djurgarden": 1472.00244141,
  "Sturm Graz": 1471.63842773,
  "StGallen": 1469.69934082,
  "Heerenveen": 1468.30737305,
  "Molde": 1467.12402344,
  "Jagiellonia": 1466.60534668,
  "Beer-Sheva": 1466.13769531,
  "SonderjyskE": 1465.48193359,
  "Thun": 1463.22167969,
  "Samsunspor": 1461.5769043,
  "Craiova": 1458.68530273,
  "Omonia": 1456.90466309,
  "Pisa": 1455.70288086,
  "Celje": 1455.5267334,
  "Gyoer": 1454.8145752,
  "LASK": 1452.54577637,
  "Gornik": 1452.04504395,
  "Rio Ave": 1451.29150391,
  "Nacional": 1451.03393555,
  "Goeztepe": 1450.39257812,
  "Lugano": 1450.05969238,
  "Rubin Kazan": 1449.72570801,
  "Cercle Brugge": 1445.62512207,
  "Hradec Kralove": 1445.51159668,
  "Silkeborg": 1445.33190918,
  "Jablonec": 1445.09521484,
  "Malmoe": 1444.68383789,
  "Alverca": 1443.62683105,
  "Levski": 1441.24829102,
  "Go Ahead Eagles": 1440.8338623,
  "Legia": 1440.72375488,
  "Dynamo Kyiv": 1440.28381348,
  "Groningen": 1438.96691895,
  "Aris": 1438.52868652,
  "M Tel Aviv": 1438.46252441,
  "CFR Cluj": 1437.53100586,
  "Basel": 1436.53771973,
  "Sion": 1433.71716309,
  "Universitatea Cluj": 1433.61645508,
  "Randers": 1432.4888916,
  "Razgrad": 1431.40698242,
  "Slovan Liberec": 1431.40258789,
  "Young Boys": 1431.359375,
  "Odense": 1430.63171387,
  "Zulte Waregem": 1430.47912598,
  "Casa Pia": 1427.91748047,
  "IK Sirius": 1427.83227539,
  "Rosenborg": 1427.67419434,
  "Hajduk": 1426.87280273,
  "Steaua": 1426.69921875,
  "Katowice": 1426.26794434,
  "Pogon": 1424.82568359,
  "Rostov": 1424.74597168,
  "Sandefjord": 1423.67443848,
  "Leuven": 1422.09460449,
  "Servette": 1417.44897461,
  "Beitar": 1414.83398438,
  "Piast Gliwice": 1413.75866699,
  "Fredrikstad": 1412.80065918,
  "Sparta Rotterdam": 1411.77026367,
  "Terek Grozny": 1406.51818848,
  "Levadeiakos": 1405.93103027,
  "Sarpsborg": 1403.36462402,
  "Estrela Amadora": 1403.16491699,
  "Radomiak": 1402.66918945,
  "Rizespor": 1402.17822266,
  "Tondela": 1399.9251709,
  "Austria Wien": 1398.9432373,
  "Hibernian": 1398.91027832,
  "Alanyaspor": 1398.89453125,
  "Konyaspor": 1398.39013672,
  "Lubin": 1397.54760742,
  "Luzern": 1397.09777832,
  "Lechia": 1396.66137695,
  "Ham-Kam": 1395.86999512,
  "Telstar": 1394.6973877,
  "Cracovia": 1394.18811035,
  "Polissya Zhytomyr": 1391.21179199,
  "Korona": 1390.38635254,
  "Motherwell": 1389.70422363,
  "Zwolle": 1389.37158203,
  "Elfsborg": 1388.13391113,
  "Rijeka": 1387.4979248,
  "GAIS": 1387.08850098,
  "Haecken": 1383.41931152,
  "Sittard": 1383.10009766,
  "Kasimpasa": 1383.04516602,
  "Rapid Wien": 1381.19360352,
  "Mlada Boleslav": 1381.14978027,
  "AIK": 1381.11547852,
  "Motor Lublin": 1379.69775391,
  "Valerenga": 1377.26916504,
  "Excelsior": 1377.12597656,
  "Plock": 1375.22253418,
  "Lausanne": 1374.96118164,
  "Atromitos": 1372.44250488,
  "Sigma Olomouc": 1371.94616699,
  "Widzew": 1371.26391602,
  "Hartberg": 1370.59338379,
  "Eyupspor": 1370.07275391,
  "Goeteborg": 1368.79516602,
  "RAAL": 1368.54003906,
  "Rapid Bucuresti": 1368.52368164,
  "Dinamo Bucuresti": 1368.21972656,
  "Paksi": 1367.53369141,