{
  "Arsenal": 2045.23840332,
  "Liverpool": 1990.05517578,
  "Bayern Munich": 1990.03833008,
  "Manchester City": 1979.2545166,
  "PSG": 1977.66723633,
  "Real Madrid": 1950.85913086,
  "Barcelona": 1928.96704102,
  "Inter": 1927.87036133,
  "Chelsea": 1908.1315918,
  "Newcastle": 1873.36010742,
  "Aston Villa": 1871.76037598,
  "Atlético": 1869.54846191,
  "Crystal Palace": 1855.32446289,
  "Borussia Dortmund": 1853.05566406,
  "Bournemouth": 1845.88806152,
  "Brighton": 1844.0135498,
  "Manchester United": 1831.98181152,
  "Tottenham": 1830.78930664,
  "Leverkusen": 1827.71777344,
  "Napoli": 1820.82531738,
  "Brentford": 1816.78588867,
  "Sporting": 1805.80175781,
  "Milan": 1801.62512207,
  "Atalanta": 1797.359375,
  "Roma": 1795.40356445,
  "Villarreal": 1794.43566895,
  "Benfica": 1793.15368652,
  "Everton": 1793.11437988,
  "PSV": 1790.54772949,
  "Juventus": 1787.75769043,
  "Fulham": 1787.65893555,
  "Lille": 1776.73022461,
  "Marseille": 1771.28710938,
  "RB Leipzig": 1771.02038574,
  "Forest": 1758.91943359,
  "Lazio": 1754.27416992,
  "Betis": 1753.65979004,
  "Lyon": 1752.32568359,
  "Porto": 1750.17260742,
  "Bologna": 1749.84179688,
  "Monaco": 1747.79541016,
  "Brugge": 1746.58300781,
  "Frankfurt": 1746.26281738,
  "Burnley": 1734.97033691,
  "Galatasaray": 1733.99743652,
  "Athletic": 1731.82824707,
  "West Ham": 1730.23718262,
  "Leeds": 1729.27209473,
  "Saint-Gilloise": 1725.14916992,
  "Lens": 1720.79455566,
  "Stuttgart": 1715.08129883,
  "Feyenoord": 1713.62854004,
  "Strasbourg": 1710.45422363,
  "Fiorentina": 1695.54455566,
  "Fenerbahce": 1694.7043457,
  "Celta": 1687.95324707,
  "Nice": 1687.85595703,
  "Freiburg": 1687.3581543,
  "Wolverhampton": 1685.90686035,
  "Como": 1685.00268555,
  "Werder": 1682.26806641,
  "Olympiacos": 1675.57495117,
  "Torino": 1675.3260498,
  "Osasuna": 1673.67749023,
  "Mainz": 1671.35864258,
  "Slavia Prag": 1670.47888184,
  "Braga": 1667.51220703,
  "Rayo Vallecano": 1666.91052246,
  "Rennais": 1666.64208984,
  "Midtjylland": 1665.81469727,
  "Toulouse": 1661.7421875,
  "Real Sociedad": 1658.5378418,
  "Espanyol": 1658.07067871,
  "Valencia": 1655.3548584,
  "Brest": 1653.92370605,
  "Alaves": 1650.45178223,
  "Hoffenheim": 1650.20239258,
  "Getafe": 1648.48278809,
  "Sevilla": 1643.58654785,
  "Sunderland": 1641.640625,
  "Zenit": 1640.33081055,
  "Bodø/Glimt": 1637.58947754,
  "FC Krasnodar": 1631.63244629,
  "Mallorca": 1631.47912598,
  "Alkmaar": 1627.9465332,
  "Union Berlin": 1625.22412109,
  "Ajax": 1624.23535156,
  "Wolfsburg": 1624.06689453,
  "Udinese": 1622.10131836,
  "Gladbach": 1619.0020752,
  "Copenhagen": 1612.51013184,
  "Genoa": 1612.41308594,
  "CSKA Moskva": 1609.09484863,
  "Elche": 1607.3494873,
  "Genk": 1606.83898926,
  "PAOK": 1604.78796387,
  "Augsburg": 1603.03747559,
  "Levante": 1602.48486328,
  "Koeln": 1599.89758301,
  "Sassuolo": 1599.60205078,
  "Viktoria Plzen": 1592.67578125,
  "Auxerre": 1591.03381348,
  "Girona": 1589.3125,
  "Celtic": 1587.69250488,
  "Cagliari": 1586.98168945,
  "Sparta Praha": 1584.70568848,
  "Lorient": 1581.95617676,
  "Parma": 1577.20153809,
  "Le Havre": 1576.13476562,
  "Brondby": 1574.88134766,
  "Lecce": 1574.81640625,
  "Cremonese": 1574.68066406,
  "Nantes": 1570.50280762,
  "Paris FC": 1567.06384277,
  "Crvena Zvezda": 1565.70751953,
  "Viking": 1565.3737793,
  "Anderlecht": 1562.7310791,
  "Real Oviedo": 1562.64074707,
  "Verona": 1561.96459961,
  "Qarabag": 1561.56445312,
  "Metz": 1560.6550293,
  "Mjaellby": 1559.96459961,
  "Hamburg": 1558.81494141,
  "St Pauli": 1557.78588867,
  "Famalicao": 1554.59790039,
  "Spartak Moskva": 1554.22668457,
  "Twente": 1550.93920898,
  "Dinamo Zagreb": 1549.35864258,
  "Angers": 1548.38183594,
  "Shakhtar": 1548.30358887,
  "AEK": 1547.93933105,
  "Utrecht": 1546.63623047,
  "Brann": 1545.98876953,
  "Lok Moskva": 1545.93579102,
  "Heidenheim": 1545.30236816,
  "Guimaraes": 1543.75439453,
  "Aarhus": 1543.03747559,
  "Rakow": 1535.57006836,
  "Pafos": 1534.87036133,
  "Pisa": 1534.73168945,
  "Basel": 1528.8482666,
  "Dynamo Moskva": 1528.63293457,
  "Panathinaikos": 1524.11657715,
  "Ferencvaros": 1521.60461426,
  "RB Salzburg": 1518.56298828,
  "Jagiellonia": 1517.90185547,
  "Hammarby": 1517.79870605,
  "Rangers": 1517.46643066,
  "Trabzonspor": 1517.41589355,
  "Gil Vicente": 1512.46923828,
  "Sturm Graz": 1509.06066895,
  "M Tel Aviv": 1504.90637207,
  "Larnaca": 1504.02734375,
  "Lech": 1498.60803223,
  "Young Boys": 1498.48852539,
  "Nijmegen": 1497.89343262,
  "Moreirense": 1497.54699707,
  "Jablonec": 1495.78955078,
  "Beer-Sheva": 1495.36791992,
  "Djurgarden": 1494.72106934,
  "Besiktas": 1492.94165039,
  "Antwerp": 1489.9230957,
  "Nordsjaelland": 1487.38769531,
  "Samsunspor": 1486.98571777,
  "Mechelen": 1484.93164062,
  "Go Ahead Eagles": 1484.30249023,
  "Legia": 1482.94616699,
  "Gornik": 1482.27270508,
  "Gent": 1480.79943848,
  "Charleroi": 1479.75036621,
  "Sparta Rotterdam": 1478.7019043,
  "Aris Limassol": 1478.48193359,
  "Celje": 1477.98657227,
  "Omonia": 1475.0579834,
  "Estoril": 1472.48803711,
  "St Truiden": 1470.49450684,
  "Randers": 1464.64196777,
  "Bueyueksehir": 1464.48168945,
  "Santa Clara": 1464.09191895,
  "Malmoe": 1463.22290039,
  "Wolfsberg": 1459.58813477,
  "Hearts": 1457.78271484,
  "Silkeborg": 1456.94042969,
  "Westerlo": 1456.63452148,
  "Arouca": 1456.35632324,
  "Rio Ave": 1456.28039551,
  "Rubin Kazan": 1453.67578125,
  "Tromso": 1452.97363281,
  "Cracovia": 1451.06335449,
  "Lausanne": 1450.80883789,
  "Pogon": 1449.04333496,
  "Viborg": 1448.57421875,
  "Razgrad": 1446.70324707,
  "Dynamo Kyiv": 1445.8236084,
  "Steaua": 1443.52624512,
  "Goeztepe": 1442.78869629,
  "Heerenveen": 1440.52026367,
  "Craiova": 1439.9765625,
  "Standard": 1438.25097656,
  "Cercle Brugge": 1437.5690918,
  "Groningen": 1434.39794922,
  "Baltika": 1433.69958496,
  "StGallen": 1432.24377441,
  "GAIS": 1431.72509766,
  "Casa Pia": 1431.63635254,
  "Levski": 1430.63232422,
  "Slovan Liberec": 1429.32470703,
  "Rosenborg": 1428.97814941,
  "Rostov": 1428.76635742,
  "AIK": 1428.70849609,
  "Hradec Kralove": 1428.56591797,
  "Molde": 1426.89550781,
  "Alanyaspor": 1426.03381348,
  "Banik Ostrava": 1422.57958984,
  "Nacional": 1421.42785645,
  "Rapid Wien": 1421.04516602,
  "Servette": 1420.50964355,
  "Hajduk": 1419.86938477,
  "Korona": 1419.8416748,
  "Leuven": 1419.18603516,
  "Aris": 1414.85571289,
  "Rapid Bucuresti": 1414.24462891,
  "SonderjyskE": 1412.97387695,
  "Luzern": 1412.94873047,
  "Austria Wien": 1412.37609863,
  "Zwolle": 1412.33483887,
  "Sigma Olomouc": 1410.74328613,
  "Goeteborg": 1409.74157715,
  "Sittard": 1409.68566895,
  "Kasimpasa": 1409.60205078,
  "Fredrikstad": 1407.92370605,
  "Haecken": 1406.56506348,
  "Gaziantep FK": 1403.93395996,
  "Maccabi Haifa": 1403.00793457,
  "Paksi": 1401.69665527,
  "Elfsborg": 1400.66162109,
  "IK Sirius": 1400.54663086,
  "Kryliya Sovetov": 1398.45568848,
  "LASK": 1397.89245605,
  "Konyaspor": 1397.61413574,
  "Rizespor": 1396.82971191,
  "Hibernian": 1396.03552246,
  "Radomiak": 1393.35510254,
  "Katowice": 1392.28466797,
  "Rijeka": 1390.83312988,
  "Alverca": 1389.19567871,
  "Estrela Amadora": 1388.78198242,
  "Puskas Akademia": 1388.05566406,
  "Lubin": 1387.1607666,
  "Plock": 1386.58410645,
  "Lugano": 1386.11047363,
  "Terek Grozny": 1385.68811035,
  "Piast Gliwice": 1385.55712891,
  "Sandefjord": 1383.86206055,
  "Zulte Waregem": 1382.46972656,
  "Partizan": 1381.38867188,
  "Sarpsborg": 1381.19213867,
  "Levadeiakos": 1378.0,
  "Slovan Bratislava": 1375.46789551,
  "Valerenga": 1374.71936035,
  "Odense": 1374.6361084,
  "Gyoer": 1374.54760742,
  "Thun": 1374.29003906,
  "Ham-Kam": 1372.32861328,
  "Heracles": 1371.4609375,
  "Maribor": 1370.60424805,
  "Kayseri": 1368.80664062,
  "Tondela": 1368.41650391,
  "Hartberg": 1368.24328613,
  "RAAL": 1365.93762207,
  "Zuerich": 1365.41882324,
  "KFUM Oslo": 1364.47851562,
  "Karvina": 1363.96435547,
  "Widzew": 1363.02038574,