{
  "Real Madrid": 1946.42004395,
  "Barcelona": 1933.00744629,
  "Atlético": 1872.92443848,
  "Villarreal": 1792.23461914,
  "Betis": 1761.86303711,
  "Athletic": 1731.5213623,
  "Celta": 1694.89575195,
  "Rayo Vallecano": 1676.08117676,
  "Osasuna": 1667.5090332,
  "Real Sociedad": 1659.99365234,
  "Valencia": 1657.37634277,
  "Sevilla": 1651.71691895,
  "Espanyol": 1649.84179688,
  "Alaves": 1643.42382812,
  "Getafe": 1642.52050781,
  "Mallorca": 1639.40344238,
  "Elche": 1607.85546875,
  "Levante": 1601.07067871,
  "Girona": 1598.30236816,
  "Las Palmas": 1585.18200684,
  "Leganes": 1567.63781738,
  "Almeria": 1566.54467773,
  "Real Oviedo": 1560.58654785,
  "Racing": 1532.02209473,
  "Depor": 1527.99133301,
  "Burgos": 1517.20458984,
  "Cadiz": 1512.88195801,
  "Eibar": 1507.41357422,
  "Granada": 1503.15063477,
  "Mirandes": 1484.26318359,
  "Albacete": 1480.41345215,
  "Sporting": 1476.6854248,
  "Cordoba": 1475.9666748,
  "Valladolid": 1475.47631836,
  "Castellon": 1472.8380127,
  "Huesca": 1461.64807129,
  "Malaga": 1450.55627441,
  "Ceuta": 1442.71191406,
  "FC Andorra": 1437.00512695,
  "Sociedad B": 1430.84057617,
  "Leonesa": 1429.21936035,
  "Zaragoza": 1385.53637695
}