{
  "Barcelona": 1944.20166016,
  "Real Madrid": 1909.73815918,
  "Atlético": 1874.88549805,
  "Villarreal": 1764.84912109,
  "Betis": 1762.16015625,
  "Athletic": 1721.21533203,
  "Celta": 1691.20251465,
  "Espanyol": 1671.56237793,
  "Osasuna": 1659.30944824,
  "Valencia": 1646.3013916,
  "Real Sociedad": 1637.7869873,
  "Mallorca": 1634.89245605,
  "Sevilla": 1634.57446289,
  "Rayo Vallecano": 1634.11035156,
  "Elche": 1615.93920898,
  "Alaves": 1615.24645996,
  "Getafe": 1612.54785156,
  "Girona": 1594.15869141,
  "Las Palmas": 1570.6730957,
  "Levante": 1569.50488281,
  "Racing": 1549.97595215,
  "Almeria": 1543.3560791,
  "Real Oviedo": 1542.63830566,
  "Leganes": 1516.83081055,
  "Cadiz": 1507.80200195,
  "Castellon": 1497.90039062,
  "Depor": 1497.04101562,
  "Granada": 1484.78369141,
  "Burgos": 1482.46777344,
  "Sporting": 1480.67602539,
  "Eibar": 1475.86254883,
  "Cordoba": 1470.30969238,
  "Malaga": 1463.47375488,
  "Ceuta": 1463.41687012,
  "Huesca": 1461.95678711,
  "Valladolid": 1460.25854492,
  "Mirandes": 1457.62353516,
  "Albacete": 1457.14526367,
  "Sociedad B": 1421.12414551,
  "Leonesa": 1418.91271973,
  "FC Andorra": 1405.94116211,
  "Zaragoza": 1397.9197998
}