{
  "Arsenal": 2018.11584473,
  "Liverpool": 1987.67675781,
  "Manchester City": 1963.80187988,
  "Chelsea": 1897.49401855,
  "Newcastle": 1878.90722656,
  "Aston Villa": 1868.92077637,
  "Crystal Palace": 1861.45654297,
  "Bournemouth": 1835.78540039,
  "Brighton": 1832.16149902,
  "Tottenham": 1818.39123535,
  "Everton": 1810.43994141,
  "Manchester United": 1802.17944336,
  "Brentford": 1797.77233887,
  "Fulham": 1780.80578613,
  "Forest": 1760.24206543,
  "Leeds": 1734.20214844,
  "West Ham": 1724.65795898,
  "Burnley": 1712.84533691,
  "Wolverhampton": 1709.85534668,
  "Leicester": 1621.38330078,
  "Coventry": 1603.38293457,
  "Sunderland": 1602.29663086,
  "Ipswich": 1601.57250977,
  "Middlesbrough": 1565.56201172,
  "Southampton": 1546.0958252,
  "Sheffield United": 1538.02502441,
  "West Brom": 1535.85205078,
  "Bristol City": 1534.97473145,
  "Millwall": 1520.80969238,
  "Swansea": 1514.49206543,
  "QPR": 1509.5892334,
  "Stoke": 1508.80102539,
  "Preston": 1507.53063965,
  "Hull": 1495.18371582,
  "Norwich": 1493.60913086,
  "Blackburn": 1485.83044434,
  "Portsmouth": 1484.88549805,
  "Watford": 1479.88989258,
  "Derby": 1461.07214355,
  "Oxford": 1453.96398926,
  "Sheffield Weds": 1451.09814453,
  "Charlton": 1447.91357422,
  "Birmingham": 1440.83764648,
  "Wrexham": 1438.20507812
}