{
  "Borussia Dortmund": 1834.76879883,
  "Leverkusen": 1804.02624512,
  "RB Leipzig": 1761.90368652,
  "Freiburg": 1724.91333008,
  "Hoffenheim": 1700.35388184,
  "Mainz": 1671.92553711,
  "Frankfurt": 1663.77990723,
  "Gladbach": 1640.84326172,
  "Augsburg": 1636.44641113,
  "Union Berlin": 1619.43066406,
  "Werder": 1606.01940918,
  "Hamburg": 1602.14733887,
  "Koeln": 1568.16882324,
  "Heidenheim": 1552.56970215,
  "St Pauli": 1532.94165039,
  "Hannover": 1527.87036133,
  "Paderborn": 1525.36767578,
  "Elversberg": 1523.3984375,
  "Schalke": 1519.74243164,
  "Bochum": 1486.64135742,
  "Darmstadt": 1463.35742188,
  "Holstein": 1462.63537598,
  "Hertha": 1461.53955078,
  "Nuernberg": 1458.71105957,
  "Magdeburg": 1439.74841309,
  "Karlsruhe": 1435.78112793,
  "Dresden": 1414.3605957,
  "Bielefeld": 1404.89758301,
  "Fuerth": 1394.82666016,
  "Braunschweig": 1381.04882812,
  "Osnabrueck": 1342.63476562,
  "Cottbus": 1342.63476562
}