{
  "Bayern Munich": 2017.46264648,
  "Borussia Dortmund": 1839.16711426,
  "Leverkusen": 1812.73120117,
  "RB Leipzig": 1785.0736084,
  "Stuttgart": 1754.19995117,
  "Freiburg": 1720.71557617,
  "Hoffenheim": 1715.07336426,
  "Frankfurt": 1678.06506348,
  "Mainz": 1673.65222168,
  "Augsburg": 1631.3203125,
  "Werder": 1630.05029297,
  "Gladbach": 1620.8034668,
  "Union Berlin": 1589.13085938,
  "Wolfsburg": 1585.19421387,
  "Koeln": 1583.79541016,
  "Hamburg": 1574.8223877,
  "St Pauli": 1554.46911621,
  "Heidenheim": 1539.22192383,
  "Hannover": 1532.50817871,
  "Paderborn": 1531.88317871,
  "Schalke": 1528.48376465,
  "Elversberg": 1524.4967041,
  "Hertha": 1486.6217041,
  "Darmstadt": 1484.07678223,
  "Holstein": 1480.60131836,
  "Bochum": 1480.14611816,
  "Lautern": 1447.56799316,
  "Nuernberg": 1440.5682373,
  "Karlsruhe": 1433.84326172,
  "Magdeburg": 1426.65942383,
  "Duesseldorf": 1414.67468262,
  "Dresden": 1407.05358887,
  "Bielefeld": 1392.34777832,
  "Fuerth": 1386.66638184,
  "Braunschweig": 1384.34838867,
  "Muenster": 1353.73974609
}