{
  "PSG": 1974.93774414,
  "Manchester City": 1959.94421387,
  "Real Madrid": 1936.12731934,
  "Inter": 1933.2421875,
  "Bayern Munich": 1918.9979248,
  "Chelsea": 1902.80126953,
  "Atlético": 1855.34973145,
  "Borussia Dortmund": 1818.3503418,
  "Juventus": 1805.84667969,
  "Benfica": 1791.48046875,
  "Flamengo": 1758.6937451209174,
  "Palmeiras": 1756.5492654922868,
  "Botafogo": 1730.8892346802586,
  "Fluminense": 1716.6183558022221,
  "River Plate": 1697.694732759382,
  "Porto": 1678.19543457,
  "Boca Juniors": 1670.9255997672678,
  "Monterrey": 1619.7298457797017,
  "Pachuca": 1586.1274384602652,
  "Los Ángeles FC": 1580.9963790537768,
  "Seattle": 1571.3227228834128,
  "Inter Miami": 1563.1425764501696,
  "Al-Hilal": 1558.9377475752112,
  "RB Salzburg": 1558.85534668,
  "Urawa Reds": 1548.5354535449646,
  "Ahly SC": 1540.4572847535023,
  "Sundowns": 1497.6024911865075,
  "Al-Ain": 1473.3594699900432,
  "Ulsan HD": 1471.267636626511,
  "Esperance": 1447.9881480237318,
  "Wydad AC": 1436.6379218156603,
  "Auckland City": 1126.241232637866
}