{
  "Barcelona": 1958.25878906,
  "Real Madrid": 1947.64086914,
  "Atlético": 1836.48425293,
  "Athletic": 1782.80981445,
  "Villarreal": 1780.00610352,
  "Betis": 1732.0814209,
  "Osasuna": 1700.78747559,
  "Valencia": 1676.33337402,
  "Celta": 1670.44726562,
  "Rayo Vallecano": 1664.85925293,
  "Espanyol": 1661.59338379,
  "Alaves": 1661.17687988,
  "Real Sociedad": 1653.94177246,
  "Getafe": 1647.67236328,
  "Sevilla": 1633.55554199,
  "Mallorca": 1626.60180664,
  "Girona": 1606.68725586,
  "Elche": 1605.76171875,
  "Leganes": 1595.62011719,
  "Levante": 1593.94104004,
  "Real Oviedo": 1580.35778809,
  "Las Palmas": 1557.85595703,
  "Cadiz": 1541.00231934,
  "Mirandes": 1540.3079834,
  "Racing": 1533.79833984,
  "Eibar": 1527.29724121,
  "Almeria": 1524.1060791,
  "Huesca": 1515.27246094,
  "Depor": 1507.73803711,
  "Valladolid": 1492.7208252,
  "Burgos": 1487.78112793,
  "Sporting": 1486.60009766,
  "Granada": 1484.39282227,
  "Albacete": 1471.0513916,
  "Malaga": 1459.80883789,
  "FC Andorra": 1454.57348633,
  "Cordoba": 1449.49108887,
  "Castellon": 1433.69689941,
  "Zaragoza": 1428.60961914,
  "Leonesa": 1424.87670898,
  "Sociedad B": 1424.27502441,
  "Ceuta": 1413.37927246
}