{
  "Bayern Munich": 2000.0369873,
  "Borussia Dortmund": 1869.14465332,
  "Leverkusen": 1846.54821777,
  "RB Leipzig": 1787.0871582,
  "Stuttgart": 1730.12036133,
  "Frankfurt": 1726.84448242,
  "Freiburg": 1711.24682617,
  "Hoffenheim": 1680.78759766,
  "Werder": 1676.98864746,
  "Gladbach": 1661.14855957,
  "Mainz": 1647.56103516,
  "Wolfsburg": 1637.79602051,
  "Union Berlin": 1626.96850586,
  "Augsburg": 1624.29699707,
  "Koeln": 1596.63415527,
  "Hamburg": 1589.44726562,
  "Heidenheim": 1562.4765625,
  "St Pauli": 1557.70483398,
  "Elversberg": 1548.38183594,
  "Paderborn": 1521.07922363,
  "Hannover": 1518.73803711,
  "Bochum": 1517.87634277,
  "Darmstadt": 1511.30114746,
  "Schalke": 1507.57458496,
  "Holstein": 1500.57568359,
  "Hertha": 1493.44995117,
  "Lautern": 1491.64624023,
  "Karlsruhe": 1470.6739502,
  "Duesseldorf": 1445.66564941,
  "Nuernberg": 1436.03381348,
  "Magdeburg": 1434.81860352,
  "Muenster": 1424.83203125,
  "Bielefeld": 1390.60290527,
  "Fuerth": 1384.06518555,
  "Braunschweig": 1373.89306641,
  "Dresden": 1358.8503418
}