{
  "Barcelona": 1947.61572266,
  "Real Madrid": 1943.7154541,
  "Atlético": 1833.05200195,
  "Athletic": 1805.19506836,
  "Villarreal": 1794.06420898,
  "Betis": 1735.63439941,
  "Osasuna": 1693.84472656,
  "Valencia": 1681.89892578,
  "Celta": 1675.8046875,
  "Rayo Vallecano": 1674.80102539,
  "Real Sociedad": 1658.70446777,
  "Espanyol": 1657.13806152,
  "Alaves": 1649.07739258,
  "Getafe": 1641.69482422,
  "Sevilla": 1637.95288086,
  "Mallorca": 1634.05639648,
  "Elche": 1604.36352539,
  "Girona": 1604.32910156,
  "Levante": 1593.38708496,
  "Real Oviedo": 1589.33435059,
  "Leganes": 1586.48535156,
  "Mirandes": 1565.30700684,
  "Las Palmas": 1555.76318359,
  "Racing": 1553.75439453,
  "Almeria": 1536.21826172,
  "Cadiz": 1536.15356445,
  "Eibar": 1535.14526367,
  "Huesca": 1511.39465332,
  "Sporting": 1498.75891113,
  "Granada": 1496.5267334,
  "Depor": 1485.74084473,
  "Valladolid": 1483.60766602,
  "Burgos": 1478.62145996,
  "Albacete": 1471.7635498,
  "Malaga": 1466.68603516,
  "Cordoba": 1460.26257324,
  "FC Andorra": 1446.80126953,
  "Castellon": 1437.87963867,
  "Zaragoza": 1430.8939209,
  "Sociedad B": 1429.36706543,
  "Ceuta": 1412.19580078,
  "Leonesa": 1407.9197998
}