{
  "Inter": 1912.99462891,
  "Napoli": 1855.81982422,
  "Atalanta": 1833.8692627,
  "Juventus": 1825.78845215,
  "Roma": 1815.74206543,
  "Milan": 1785.6607666,
  "Lazio": 1752.3026123,
  "Bologna": 1744.81103516,
  "Fiorentina": 1744.45043945,
  "Torino": 1685.40222168,
  "Genoa": 1656.953125,
  "Como": 1656.91271973,
  "Udinese": 1641.47875977,
  "Cagliari": 1613.60510254,
  "Sassuolo": 1595.90270996,
  "Parma": 1594.55627441,
  "Verona": 1588.55773926,
  "Lecce": 1576.65209961,
  "Cremonese": 1566.76977539,
  "Empoli": 1562.82958984,
  "Venezia": 1556.09863281,
  "Pisa": 1530.24291992,
  "Monza": 1511.77990723,
  "Spezia": 1507.33044434,
  "Frosinone": 1485.44702148,
  "Palermo": 1484.89831543,
  "Catanzaro": 1460.25170898,
  "Juve Stabia": 1451.68041992,
  "Cesena": 1450.76867676,
  "Modena": 1446.33239746,
  "Suedtirol": 1444.515625,
  "Sampdoria": 1428.60766602,
  "Carrarese": 1428.04663086,
  "Bari": 1424.57641602,
  "Reggiana": 1420.91162109,
  "Mantova": 1405.87512207,
  "Entella": 1384.01721191,
  "Avellino": 1379.3828125,
  "Padova": 1364.31140137,
  "Pescara": 1359.63977051
}