{
  "Barcelona": 1937.07177734,
  "Real Madrid": 1936.08862305,
  "Atletico": 1848.22436523,
  "Athletic": 1802.53979492,
  "Villarreal": 1783.36645508,
  "Betis": 1756.5690918,
  "Osasuna": 1699.16955566,
  "Celta": 1682.99853516,
  "Valencia": 1677.82543945,
  "Sociedad": 1672.22521973,
  "Rayo Vallecano": 1663.4798584,
  "Girona": 1649.02893066,
  "Alaves": 1647.0411377,
  "Sevilla": 1644.17126465,
  "Mallorca": 1641.11022949,
  "Getafe": 1636.90454102,
  "Espanyol": 1629.9017334,
  "Levante": 1601.29541016,
  "Leganes": 1594.9407959,
  "Las Palmas": 1573.13256836,
  "Oviedo": 1570.60559082,
  "Elche": 1566.7520752,
  "Mirandes": 1548.68737793,
  "Almeria": 1544.48913574,
  "Granada": 1535.07958984,
  "Santander": 1530.97875977,
  "Eibar": 1522.88769531,
  "Cadiz": 1515.49304199,
  "Huesca": 1511.99865723,
  "Albacete": 1492.56213379,
  "Depor": 1483.02783203,
  "Burgos": 1481.11254883,
  "Cordoba": 1480.01013184,
  "Gijon": 1476.65856934,
  "Valladolid": 1476.28649902,
  "Malaga": 1458.21691895,
  "Castellon": 1457.30688477,
  "Zaragoza": 1456.82385254,
  "Tenerife": 1442.82373047,
  "Eldense": 1425.26647949,
  "Ferrol": 1368.12854004,
  "Cartagena": 1345.13574219
}