{
  "PSG": 1973.97595215,
  "Lille": 1753.45166016,
  "Lens": 1745.7364502,
  "Marseille": 1732.82055664,
  "Monaco": 1730.30749512,
  "Lyon": 1726.15527344,
  "Strasbourg": 1709.2376709,
  "Rennais": 1704.65576172,
  "Brest": 1643.16931152,
  "Toulouse": 1629.29504395,
  "Lorient": 1624.39733887,
  "Paris FC": 1591.56542969,
  "Auxerre": 1581.63916016,
  "Nice": 1572.59716797,
  "Le Havre": 1559.34545898,
  "Angers": 1546.81286621,
  "Saint-Etienne": 1535.73144531,
  "Reims": 1533.00793457,
  "Nantes": 1520.20568848,
  "Metz": 1500.46618652,
  "Troyes": 1496.40258789,
  "Le Mans": 1472.92211914,
  "Montpellier": 1470.68347168,
  "Rodez": 1469.4317627,
  "Annecy": 1437.00500488,
  "Dunkerque": 1436.24597168,
  "Red Star": 1424.01062012,
  "Guingamp": 1419.94091797,
  "Pau": 1391.69006348,
  "Boulogne": 1385.68115234,
  "Grenoble": 1381.14880371,
  "Clermont": 1370.07751465,
  "Laval": 1361.61022949,
  "Bastia": 1358.72314453,
  "Nancy": 1335.81164551,
  "Amiens": 1314.43457031
}