{
  "Barcelona": 1941.55664062,
  "Real Madrid": 1922.64147949,
  "Atlético": 1870.64086914,
  "Villarreal": 1754.06469727,
  "Betis": 1748.94580078,
  "Celta": 1723.41784668,
  "Athletic": 1714.61535645,
  "Real Sociedad": 1665.6081543,
  "Espanyol": 1661.65795898,
  "Osasuna": 1655.99963379,
  "Valencia": 1643.81860352,
  "Rayo Vallecano": 1631.28881836,
  "Girona": 1629.38378906,
  "Mallorca": 1627.16845703,
  "Sevilla": 1610.01330566,
  "Elche": 1609.14855957,
  "Alaves": 1605.57946777,
  "Getafe": 1597.31018066,
  "Levante": 1588.67248535,
  "Las Palmas": 1559.4317627,
  "Racing": 1549.39501953,
  "Real Oviedo": 1546.46520996,
  "Almeria": 1536.92224121,
  "Leganes": 1526.77416992,
  "Castellon": 1519.60791016,
  "Cadiz": 1506.75231934,
  "Depor": 1502.50219727,
  "Malaga": 1494.12414551,
  "Burgos": 1486.05822754,
  "Cordoba": 1479.95202637,
  "Granada": 1477.58081055,
  "Eibar": 1476.84619141,
  "Sporting": 1473.21984863,
  "Valladolid": 1459.93395996,
  "Albacete": 1455.53564453,
  "Mirandes": 1453.03649902,
  "Ceuta": 1445.83374023,
  "Huesca": 1437.68676758,
  "Sociedad B": 1423.41955566,
  "FC Andorra": 1420.73425293,
  "Leonesa": 1405.76501465,
  "Zaragoza": 1404.84265137
}