{
  "Barcelona": 1956.09680176,
  "Real Madrid": 1938.53674316,
  "Atletico": 1857.93688965,
  "Athletic": 1816.14929199,
  "Villarreal": 1770.64245605,
  "Betis": 1745.42553711,
  "Sociedad": 1696.61340332,
  "Valencia": 1685.35375977,
  "Osasuna": 1680.08447266,
  "Celta": 1673.17919922,
  "Girona": 1668.70617676,
  "Sevilla": 1667.33557129,
  "Mallorca": 1666.79675293,
  "Espanyol": 1666.47253418,
  "Getafe": 1662.33361816,
  "Rayo Vallecano": 1647.56005859,
  "Alaves": 1631.71655273,
  "Las Palmas": 1615.51855469,
  "Levante": 1604.02612305,
  "Elche": 1588.6932373,
  "Leganes": 1585.27258301,
  "Granada": 1559.69396973,
  "Oviedo": 1556.49536133,
  "Santander": 1555.8770752,
  "Almeria": 1538.90148926,
  "Cadiz": 1532.22790527,
  "Mirandes": 1527.99645996,
  "Huesca": 1527.62390137,
  "Eibar": 1522.57263184,
  "Albacete": 1506.97131348,
  "Valladolid": 1503.84924316,
  "Burgos": 1501.38549805,
  "Depor": 1498.15124512,
  "Gijon": 1497.60839844,
  "Cordoba": 1492.36938477,
  "Castellon": 1472.86901855,
  "Tenerife": 1459.6060791,
  "Zaragoza": 1457.14355469,
  "Malaga": 1446.58166504,
  "Eldense": 1431.23095703,
  "Ferrol": 1371.15222168,
  "Cartagena": 1339.53271484
}