{
  "Barcelona": 1950.50598145,
  "Real Madrid": 1938.07580566,
  "Atlético": 1843.46801758,
  "Athletic": 1792.48693848,
  "Villarreal": 1788.9831543,
  "Betis": 1739.73571777,
  "Osasuna": 1695.27612305,
  "Valencia": 1677.03747559,
  "Celta": 1672.92578125,
  "Rayo Vallecano": 1671.80883789,
  "Real Sociedad": 1669.69921875,
  "Alaves": 1649.66662598,
  "Espanyol": 1646.54370117,
  "Getafe": 1642.10522461,
  "Mallorca": 1636.17333984,
  "Sevilla": 1633.94470215,
  "Girona": 1623.70227051,
  "Levante": 1604.72802734,
  "Leganes": 1598.27416992,
  "Elche": 1587.31726074,
  "Real Oviedo": 1584.23510742,
  "Las Palmas": 1558.1159668,
  "Mirandes": 1553.3581543,
  "Almeria": 1540.53662109,
  "Santander": 1529.05249023,
  "Cadiz": 1527.75976562,
  "Eibar": 1524.98156738,
  "Granada": 1514.16503906,
  "Huesca": 1502.22277832,
  "Albacete": 1499.81213379,
  "Gijon": 1493.27929688,
  "Burgos": 1483.71520996,
  "Valladolid": 1476.47192383,
  "Depor": 1475.17407227,
  "Cordoba": 1461.45629883,
  "Castellon": 1455.16235352,
  "Malaga": 1448.81970215,
  "Zaragoza": 1443.25183105,
  "Sociedad B": 1432.39074707,
  "Andorra CF": 1430.93603516,
  "Ceuta": 1416.40563965,
  "Leonesa": 1415.05041504
}