{
  "Barcelona": 1957.65930176,
  "Real Madrid": 1941.76306152,
  "Atletico": 1862.24047852,
  "Athletic": 1818.83642578,
  "Betis": 1760.02893066,
  "Villarreal": 1759.55419922,
  "Celta": 1688.61157227,
  "Sociedad": 1688.1986084,
  "Osasuna": 1686.34631348,
  "Valencia": 1683.15319824,
  "Mallorca": 1665.1973877,
  "Espanyol": 1664.32641602,
  "Sevilla": 1661.07348633,
  "Getafe": 1659.07128906,
  "Girona": 1657.62658691,
  "Rayo Vallecano": 1643.26171875,
  "Alaves": 1640.14196777,
  "Las Palmas": 1612.85888672,
  "Levante": 1596.23181152,
  "Elche": 1589.63037109,
  "Leganes": 1585.625,
  "Oviedo": 1564.28857422,
  "Santander": 1560.97839355,
  "Granada": 1558.74584961,
  "Almeria": 1538.89562988,
  "Cadiz": 1537.98632812,
  "Mirandes": 1533.95617676,
  "Huesca": 1527.41442871,
  "Eibar": 1518.9621582,
  "Albacete": 1511.22009277,
  "Valladolid": 1499.94091797,
  "Burgos": 1495.41577148,
  "Depor": 1493.0378418,
  "Cordoba": 1492.38696289,
  "Gijon": 1491.85058594,
  "Castellon": 1465.85742188,
  "Tenerife": 1459.49145508,
  "Zaragoza": 1457.35668945,
  "Malaga": 1457.30871582,
  "Eldense": 1431.20874023,
  "Ferrol": 1371.15087891,
  "Cartagena": 1335.27429199
}