{
  "Real Madrid": 1944.89038086,
  "Barcelona": 1920.30419922,
  "Atlético": 1863.57971191,
  "Villarreal": 1776.07507324,
  "Betis": 1747.69116211,
  "Athletic": 1721.53662109,
  "Celta": 1681.98461914,
  "Osasuna": 1667.70874023,
  "Rayo Vallecano": 1660.94189453,
  "Real Sociedad": 1652.5690918,
  "Espanyol": 1652.10180664,
  "Valencia": 1649.3861084,
  "Alaves": 1644.48303223,
  "Getafe": 1642.51403809,
  "Sevilla": 1637.61791992,
  "Mallorca": 1625.51037598,
  "Elche": 1601.3807373,
  "Levante": 1596.51599121,
  "Girona": 1583.34375,
  "Leganes": 1563.71289062,
  "Las Palmas": 1562.74169922,
  "Real Oviedo": 1556.671875,
  "Almeria": 1550.19421387,
  "Racing": 1536.00439453,
  "Cadiz": 1518.55383301,
  "Depor": 1500.02966309,
  "Burgos": 1499.68933105,
  "Eibar": 1493.16943359,
  "Granada": 1487.89331055,
  "Mirandes": 1484.89221191,
  "Cordoba": 1481.06433105,
  "Albacete": 1479.52783203,
  "Sporting": 1477.12927246,
  "Valladolid": 1472.81970215,
  "Huesca": 1466.48706055,
  "Castellon": 1457.22741699,
  "Malaga": 1444.51306152,
  "Ceuta": 1442.93530273,
  "Leonesa": 1430.32763672,
  "FC Andorra": 1427.05480957,
  "Sociedad B": 1419.17785645,
  "Zaragoza": 1375.15112305
}