{
  "Bayern Munich": 1992.88439941,
  "Leverkusen": 1851.78125,
  "Borussia Dortmund": 1851.57019043,
  "RB Leipzig": 1767.06628418,
  "Frankfurt": 1761.95922852,
  "Stuttgart": 1737.49133301,
  "Freiburg": 1716.00488281,
  "Werder": 1698.31005859,
  "Mainz": 1682.75939941,
  "Hoffenheim": 1674.75024414,
  "Union Berlin": 1642.97192383,
  "Gladbach": 1638.82617188,
  "Wolfsburg": 1628.61865234,
  "Augsburg": 1609.09350586,
  "Koeln": 1600.66711426,
  "Hamburg": 1575.42102051,
  "St Pauli": 1564.15393066,
  "Paderborn": 1553.82727051,
  "Heidenheim": 1551.13061523,
  "Elversberg": 1534.63122559,
  "Holstein": 1527.02709961,
  "Bochum": 1516.89978027,
  "Hertha": 1496.94714355,
  "Darmstadt": 1496.80114746,
  "Karlsruhe": 1496.66027832,
  "Hannover": 1494.63635254,
  "Schalke": 1489.72924805,
  "Lautern": 1487.52246094,
  "Duesseldorf": 1461.52124023,
  "Nuernberg": 1444.78369141,
  "Muenster": 1421.83959961,
  "Bielefeld": 1413.20898438,
  "Magdeburg": 1410.82727051,
  "Fuerth": 1390.84460449,
  "Braunschweig": 1360.59985352,
  "Dresden": 1342.34973145
}