{
  "Arsenal": 2049.58813477,
  "Manchester City": 2002.05639648,
  "Bayern Munich": 1992.16503906,
  "PSG": 1967.70605469,
  "Liverpool": 1947.14904785,
  "Barcelona": 1944.2019043,
  "Aston Villa": 1930.91894531,
  "Inter": 1920.04638672,
  "Real Madrid": 1909.73815918,
  "Chelsea": 1894.07226562,
  "Atlético": 1874.88549805,
  "Borussia Dortmund": 1860.62231445,
  "Newcastle": 1860.01965332,
  "Leverkusen": 1855.72265625,
  "Manchester United": 1836.06384277,
  "Brighton": 1832.5826416,
  "Brentford": 1826.86523438,
  "Milan": 1825.45776367,
  "Napoli": 1824.82177734,
  "Sporting": 1824.81738281,
  "Crystal Palace": 1818.42590332,
  "Tottenham": 1817.15991211,
  "Juventus": 1815.83642578,
  "PSV": 1808.14355469,
  "Benfica": 1807.75830078,
  "Roma": 1805.53613281,
  "Everton": 1805.03259277,
  "Atalanta": 1802.30273438,
  "Fulham": 1799.2142334,
  "Bournemouth": 1794.2208252,
  "Marseille": 1785.77587891,
  "Forest": 1778.90136719,
  "Porto": 1771.31726074,
  "Villarreal": 1764.84899902,
  "Betis": 1762.16040039,
  "Lille": 1759.65002441,
  "RB Leipzig": 1759.54772949,
  "Lens": 1753.32165527,
  "Bologna": 1752.57861328,
  "Lazio": 1751.86462402,
  "Leeds": 1751.49279785,
  "Stuttgart": 1742.75134277,
  "Lyon": 1739.55053711,
  "Frankfurt": 1726.25061035,
  "West Ham": 1724.13952637,
  "Freiburg": 1721.71936035,
  "Galatasaray": 1720.04284668,
  "Como": 1715.04321289,
  "Monaco": 1713.39025879,
  "Athletic": 1710.07727051,
  "Brugge": 1707.49291992,
  "Saint-Gilloise": 1704.96105957,
  "Fenerbahce": 1704.26318359,
  "Burnley": 1701.00305176,
  "Strasbourg": 1699.46716309,
  "Rennais": 1691.50695801,
  "Celta": 1691.20251465,
  "Hoffenheim": 1689.58789062,
  "Slavia Prag": 1682.85046387,
  "Espanyol": 1682.70056152,
  "Midtjylland": 1678.73010254,
  "Sunderland": 1677.33862305,
  "Olympiacos": 1676.32458496,
  "Braga": 1676.00866699,
  "Toulouse": 1667.37255859,
  "Zenit": 1662.57800293,
  "Werder": 1660.12475586,
  "Osasuna": 1659.30957031,
  "Fiorentina": 1659.109375,
  "Torino": 1656.43017578,
  "Brest": 1655.85595703,
  "Bodø/Glimt": 1648.58691406,
  "Union Berlin": 1648.54418945,
  "Mainz": 1648.41308594,
  "Valencia": 1646.3013916,
  "Wolverhampton": 1643.73535156,
  "Gladbach": 1642.23388672,
  "Wolfsburg": 1641.89611816,
  "FC Krasnodar": 1639.16955566,
  "Real Sociedad": 1637.7869873,
  "Mallorca": 1634.89245605,
  "Sevilla": 1634.57458496,
  "Rayo Vallecano": 1634.11035156,
  "Sassuolo": 1633.95031738,
  "Genoa": 1628.01135254,
  "Feyenoord": 1623.11584473,
  "Udinese": 1620.39990234,
  "Augsburg": 1617.99523926,
  "Elche": 1615.93908691,
  "Alaves": 1615.24645996,
  "Getafe": 1612.54785156,
  "Cagliari": 1612.00683594,
  "PAOK": 1604.30578613,
  "Lorient": 1603.36083984,
  "Ajax": 1601.28979492,
  "Nice": 1600.8704834,
  "AEK": 1600.03845215,
  "Parma": 1597.63549805,
  "Copenhagen": 1596.06982422,
  "CSKA Moskva": 1595.08740234,
  "Girona": 1594.15856934,
  "Cremonese": 1592.32958984,
  "Genk": 1584.59423828,
  "Koeln": 1583.78613281,
  "Verona": 1582.62512207,
  "Hamburg": 1582.56970215,
  "Angers": 1581.89294434,
  "Auxerre": 1580.0489502,
  "Viking": 1579.44616699,
  "Sparta Praha": 1577.16333008,
  "Celtic": 1577.05932617,
  "Lok Moskva": 1576.38366699,
  "Anderlecht": 1575.08166504,
  "Lecce": 1570.81884766,
  "Crvena Zvezda": 1570.01831055,
  "Levante": 1569.50476074,
  "Aarhus": 1569.44262695,
  "Alkmaar": 1566.99047852,
  "St Pauli": 1566.50817871,
  "Viktoria Plzen": 1565.60778809,
  "Famalicao": 1556.95605469,
  "Le Havre": 1556.41552734,
  "Guimaraes": 1554.42468262,
  "Pafos": 1554.18640137,
  "Mjaellby": 1553.38671875,
  "Brondby": 1551.41638184,
  "Heidenheim": 1551.04199219,
  "Spartak Moskva": 1550.35668945,
  "Shakhtar": 1548.86914062,
  "Qarabag": 1545.95715332,
  "Twente": 1545.64160156,
  "Rakow": 1543.60241699,
  "Nantes": 1543.14379883,
  "Ferencvaros": 1542.79650879,
  "Real Oviedo": 1542.63830566,
  "Metz": 1542.47692871,
  "Paris FC": 1538.76696777,
  "Panathinaikos": 1537.40283203,
  "Pisa": 1534.76745605,
  "Antwerp": 1527.17211914,
  "Brann": 1523.38977051,
  "Utrecht": 1522.37805176,
  "Dinamo Zagreb": 1520.06677246,
  "Nijmegen": 1518.3293457,
  "Trabzonspor": 1516.43359375,
  "Hammarby": 1515.06994629,
  "Basel": 1511.0201416,
  "St Truiden": 1509.00842285,
  "Rangers": 1507.27490234,
  "Young Boys": 1505.54223633,
  "Besiktas": 1504.68249512,
  "Nordsjaelland": 1504.32434082,
  "Dynamo Moskva": 1504.17382812,
  "Larnaca": 1502.40771484,
  "Mechelen": 1499.04052734,
  "Gil Vicente": 1498.95874023,
  "Jablonec": 1498.09667969,
  "Omonia": 1497.99060059,
  "Jagiellonia": 1495.51257324,
  "Moreirense": 1494.78393555,
  "RB Salzburg": 1494.52246094,
  "Estoril": 1491.97045898,
  "Djurgarden": 1489.78796387,
  "Lech": 1489.40100098,
  "Beer-Sheva": 1486.8951416,
  "Aris Limassol": 1486.09631348,
  "Bueyueksehir": 1482.80090332,
  "Charleroi": 1481.89904785,
  "Viborg": 1481.81420898,
  "Baltika": 1477.88574219,
  "Westerlo": 1476.92541504,
  "Santa Clara": 1469.26098633,
  "Gent": 1467.92285156,
  "SonderjyskE": 1466.10339355,
  "Goeztepe": 1464.54211426,
  "Sturm Graz": 1461.94970703,
  "Rio Ave": 1460.6171875,
  "Randers": 1459.92504883,
  "Tromso": 1459.36474609,
  "Slovan Liberec": 1457.4831543,
  "Heerenveen": 1453.55200195,
  "Hearts": 1452.24255371,
  "M Tel Aviv": 1450.4876709,
  "Celje": 1449.2935791,
  "Go Ahead Eagles": 1449.21289062,
  "Samsunspor": 1448.35449219,
  "Craiova": 1448.28320312,
  "Standard": 1448.08276367,
  "Steaua": 1448.07922363,
  "Malmoe": 1447.74316406,
  "Razgrad": 1447.55969238,
  "Arouca": 1443.60864258,
  "Molde": 1443.29138184,
  "Silkeborg": 1441.70019531,
  "Sparta Rotterdam": 1437.44995117,
  "Rostov": 1435.1706543,
  "Rosenborg": 1435.16918945,
  "Casa Pia": 1434.61804199,
  "Hradec Kralove": 1431.44042969,
  "Pogon": 1430.78369141,
  "Rubin Kazan": 1430.16833496,
  "Lausanne": 1430.0546875,
  "Cracovia": 1429.24865723,
  "StGallen": 1428.68591309,
  "Gornik": 1428.40344238,
  "Aris": 1427.86535645,
  "Groningen": 1427.65026855,
  "Nacional": 1425.91210938,
  "Cercle Brugge": 1424.26391602,
  "Legia": 1424.02990723,
  "Alanyaspor": 1420.96606445,
  "LASK": 1417.94921875,
  "Servette": 1417.87451172,
  "Rapid Bucuresti": 1417.47814941,
  "Levski": 1417.18493652,
  "Wolfsberg": 1415.72363281,
  "Banik Ostrava": 1414.96813965,
  "GAIS": 1414.95629883,
  "Leuven": 1413.34265137,
  "Sandefjord": 1413.25305176,
  "Hajduk": 1412.86401367,
  "Odense": 1411.02819824,
  "Radomiak": 1410.97094727,
  "Fredrikstad": 1409.15246582,
  "Dynamo Kyiv": 1408.13500977,
  "Levadeiakos": 1408.10693359,
  "Zwolle": 1407.04577637,
  "Piast Gliwice": 1406.59118652,
  "Goeteborg": 1405.98010254,
  "Sigma Olomouc": 1404.2520752,
  "Estrela Amadora": 1403.8770752,
  "Hibernian": 1403.40576172,
  "Gyoer": 1402.9699707,
  "Sittard": 1402.28857422,
  "Korona": 1401.17749023,
  "Puskas Akademia": 1401.12744141,
  "AIK": 1400.67614746,
  "Alverca": 1398.44897461,
  "Austria Wien": 1398.24975586,
  "IK Sirius": 1395.75842285,
  "Maccabi Haifa": 1395.22668457,
  "Paksi": 1394.78393555,
  "Lugano": 1393.76208496,
  "Rijeka": 1392.95227051,
  "Sarpsborg": 1390.17102051,
  "Lubin": 1389.78625488,
  "Zuerich": 1389.09851074,
  "Partizan": 1388.98498535,
  "Plock": 1388.06030273,
  "Terek Grozny": 1387.92382812,
  "Gaziantep FK": 1387.91943359,
  "Kasimpasa": 1387.70263672,
  "Rizespor": 1387.16992188,
  "Zulte Waregem": 1384.68920898,
  "Elfsborg": 1383.08361816,
  "Haecken": 1381.72033691,
  "Thun": 1380.43078613,
  "Katowice": 1379.82775879,
  "Sion": 1378.84790039,
  "Kryliya Sovetov": 1378.48669434,
  "Akron Togliatti": 1374.86279297,
  "Karvina": 1374.26745605,
  "Lechia": 1373.94262695,
  "Luzern": 1372.75830078,
  "Dinamo Bucuresti": 1372.62658691,
  "CFR Cluj": 1371.71594238,
  "Ham-Kam": 1370.54064941,
  "Kocaelispor": 1369.92370605,
  "Hartberg": 1369.50048828,
  "Konyaspor": 1367.24255371,
  "Dender": 1362.94543457,
  "Tondela": 1362.60144043,
  "Heracles": 1362.54748535,