{
  "Bayern Munich": 1965.15270996,
  "Borussia Dortmund": 1842.84716797,
  "Leverkusen": 1823.80761719,
  "RB Leipzig": 1743.96459961,
  "Frankfurt": 1736.16418457,
  "Stuttgart": 1712.76062012,
  "Freiburg": 1689.3215332,
  "Mainz": 1673.31176758,
  "Werder": 1670.63378906,
  "Hoffenheim": 1629.58496094,
  "Union Berlin": 1625.53894043,
  "Wolfsburg": 1620.29711914,
  "Augsburg": 1614.5760498,
  "Gladbach": 1600.74243164,
  "Koeln": 1585.38293457,
  "St Pauli": 1574.1463623,
  "Hamburg": 1573.08105469,
  "Elversberg": 1547.56311035,
  "Heidenheim": 1543.05236816,
  "Paderborn": 1525.22753906,
  "Holstein": 1518.0690918,
  "Bochum": 1484.98669434,
  "Karlsruhe": 1484.87744141,
  "Lautern": 1483.93005371,
  "Darmstadt": 1483.79223633,
  "Hannover": 1476.36340332,
  "Schalke": 1464.50610352,
  "Hertha": 1459.61669922,
  "Duesseldorf": 1459.35009766,
  "Nuernberg": 1414.67138672,
  "Muenster": 1407.12011719,
  "Magdeburg": 1397.88623047,
  "Fuerth": 1389.84692383,
  "Braunschweig": 1369.1315918,
  "Bielefeld": 1356.71887207,
  "Dresden": 1343.82019043
}