{
  "Inter": 1930.94921875,
  "Napoli": 1823.7286377,
  "Atalanta": 1809.58361816,
  "Milan": 1804.52844238,
  "Roma": 1798.30688477,
  "Juventus": 1790.66101074,
  "Lazio": 1757.17749023,
  "Bologna": 1752.74499512,
  "Fiorentina": 1698.44787598,
  "Como": 1687.90600586,
  "Torino": 1678.22937012,
  "Udinese": 1625.00463867,
  "Genoa": 1615.31652832,
  "Sassuolo": 1602.50537109,
  "Cagliari": 1589.88513184,
  "Parma": 1580.1048584,
  "Lecce": 1577.71972656,
  "Cremonese": 1577.5838623,
  "Verona": 1564.86791992,
  "Venezia": 1542.98791504,
  "Monza": 1540.18615723,
  "Pisa": 1537.63500977,
  "Empoli": 1506.83300781,
  "Frosinone": 1497.73913574,
  "Palermo": 1479.33227539,
  "Modena": 1476.63867188,
  "Catanzaro": 1462.99633789,
  "Spezia": 1461.92834473,
  "Cesena": 1452.88562012,
  "Juve Stabia": 1445.86804199,
  "Suedtirol": 1423.40466309,
  "Carrarese": 1421.09057617,
  "Bari": 1418.78051758,
  "Reggiana": 1418.22875977,
  "Sampdoria": 1408.0958252,
  "Padova": 1385.58947754,
  "Avellino": 1377.94677734,
  "Entella": 1366.94726562,
  "Mantova": 1365.56506348,
  "Pescara": 1353.15917969
}