{
  "Barcelona": 1937.05529785,
  "Real Madrid": 1936.05700684,
  "Atletico": 1848.22436523,
  "Athletic": 1802.54602051,
  "Villarreal": 1783.36206055,
  "Betis": 1756.55432129,
  "Osasuna": 1699.16772461,
  "Celta": 1682.9876709,
  "Valencia": 1677.82006836,
  "Sociedad": 1672.24902344,
  "Rayo Vallecano": 1663.47521973,
  "Girona": 1649.02087402,
  "Alaves": 1647.03295898,
  "Sevilla": 1644.16748047,
  "Mallorca": 1641.10217285,
  "Getafe": 1636.90478516,
  "Espanyol": 1629.90759277,
  "Levante": 1601.29760742,
  "Leganes": 1594.93127441,
  "Las Palmas": 1573.12902832,
  "Oviedo": 1570.60424805,
  "Elche": 1566.74084473,
  "Mirandes": 1548.67651367,
  "Almeria": 1544.48254395,
  "Granada": 1535.07006836,
  "Santander": 1530.97473145,
  "Eibar": 1522.88671875,
  "Cadiz": 1515.49804688,
  "Huesca": 1511.99645996,
  "Albacete": 1492.55480957,
  "Depor": 1483.01647949,
  "Burgos": 1481.10119629,
  "Cordoba": 1480.01013184,
  "Gijon": 1476.64416504,
  "Valladolid": 1476.2755127,
  "Malaga": 1458.21398926,
  "Castellon": 1457.30651855,
  "Zaragoza": 1456.82556152,
  "Tenerife": 1442.81970215,
  "Eldense": 1425.26953125,
  "Ferrol": 1368.11962891,
  "Cartagena": 1345.1307373
}