{
  "PSG": 1974.8458252,
  "Manchester City": 1957.5880127,
  "Real Madrid": 1938.53039551,
  "Inter": 1933.51452637,
  "Bayern Munich": 1919.01647949,
  "Chelsea": 1892.48522949,
  "Atlético": 1857.78491211,
  "Borussia Dortmund": 1818.35058594,
  "Juventus": 1806.09155273,
  "Benfica": 1791.24438477,
  "Palmeiras": 1748.3517086582433,
  "Botafogo": 1748.3517086582433,
  "Flamengo": 1748.3517086582433,
  "Fluminense": 1748.3517086582433,
  "Boca Juniors": 1707.6910442866267,
  "River Plate": 1707.6910442866267,
  "Porto": 1690.73071289,
  "Seattle": 1667.03037991501,
  "Los Ángeles FC": 1667.03037991501,
  "Inter Miami": 1646.7000477292015,
  "Monterrey": 1646.7000477292015,
  "Urawa Reds": 1626.369715543393,
  "Pachuca": 1626.369715543393,
  "RB Salzburg": 1558.86682129,
  "Al-Ain": 1524.7180546143513,
  "Al-Hilal": 1524.7180546143513,
  "Ahly SC": 1504.3877224285432,
  "Ulsan HD": 1504.3877224285432,
  "Sundowns": 1463.7270580569264,
  "Wydad AC": 1443.396725871118,
  "Esperance": 1402.7360614995011,
  "Auckland City": 996.1294177833341
}