{
  "PSG": 1974.93774414,
  "Manchester City": 1959.94421387,
  "Real Madrid": 1936.12731934,
  "Inter": 1933.2421875,
  "Bayern Munich": 1918.9979248,
  "Chelsea": 1902.80126953,
  "Atlético": 1855.34973145,
  "Borussia Dortmund": 1818.3503418,
  "Juventus": 1805.84667969,
  "Benfica": 1791.48046875,
  "Flamengo": 1758.7626376121357,
  "Palmeiras": 1756.6158595868935,
  "Botafogo": 1730.9319868440998,
  "Fluminense": 1716.6680754395707,
  "River Plate": 1697.7375137031927,
  "Porto": 1678.19543457,
  "Boca Juniors": 1670.9802519477776,
  "Monterrey": 1619.8246648733702,
  "Pachuca": 1586.1002009420952,
  "Los Ángeles FC": 1581.104621143525,
  "Seattle": 1571.4404197536119,
  "Inter Miami": 1563.259702550195,
  "Al-Hilal": 1559.1709024875277,
  "RB Salzburg": 1558.85534668,
  "Urawa Reds": 1548.6164496131144,
  "Ahly SC": 1540.590080073119,
  "Sundowns": 1497.727705265976,
  "Al-Ain": 1473.5173710528857,
  "Ulsan HD": 1471.3159068408372,
  "Esperance": 1448.091787183257,
  "Wydad AC": 1436.5986401472892,
  "Auckland City": 1126.0431633591102
}