{
  "Bayern Munich": 1942.77661133,
  "Leverkusen": 1843.1282959,
  "Borussia Dortmund": 1829.61193848,
  "Frankfurt": 1759.3684082,
  "RB Leipzig": 1727.71582031,
  "Stuttgart": 1707.19287109,
  "Mainz": 1693.08044434,
  "Werder": 1691.39367676,
  "Freiburg": 1668.69055176,
  "Wolfsburg": 1657.16223145,
  "Hoffenheim": 1630.15698242,
  "Augsburg": 1627.73168945,
  "Gladbach": 1613.93676758,
  "Union Berlin": 1612.95483398,
  "St Pauli": 1607.20617676,
  "Koeln": 1589.8026123,
  "Hamburg": 1548.2956543,
  "Heidenheim": 1544.80004883,
  "Holstein": 1521.17724609,
  "Elversberg": 1512.77941895,
  "Bochum": 1507.96484375,
  "Karlsruhe": 1507.52331543,
  "Paderborn": 1500.09521484,
  "Hannover": 1495.77246094,
  "Duesseldorf": 1491.66308594,
  "Lautern": 1469.02148438,
  "Darmstadt": 1466.87927246,
  "Hertha": 1461.04284668,
  "Magdeburg": 1426.53674316,
  "Schalke": 1425.12609863,
  "Muenster": 1420.70556641,
  "Nuernberg": 1408.91223145,
  "Fuerth": 1395.40881348,
  "Bielefeld": 1389.21459961,
  "Braunschweig": 1384.56848145,
  "Dresden": 1343.16650391
}