{
  "PSG": 1972.28491211,
  "Lille": 1783.14575195,
  "Monaco": 1758.47277832,
  "Marseille": 1756.76696777,
  "Lyon": 1753.8449707,
  "Strasbourg": 1719.40820312,
  "Lens": 1708.08764648,
  "Nice": 1667.58581543,
  "Rennais": 1660.22741699,
  "Brest": 1657.31921387,
  "Toulouse": 1652.9987793,
  "Auxerre": 1616.39001465,
  "Lorient": 1584.09960938,
  "Nantes": 1580.08837891,
  "Reims": 1567.65063477,
  "Saint-Etienne": 1554.95654297,
  "Le Havre": 1549.64257812,
  "Metz": 1545.92089844,
  "Paris FC": 1541.24621582,
  "Angers": 1539.95935059,
  "Troyes": 1473.70776367,
  "Montpellier": 1457.69543457,
  "Guingamp": 1444.9083252,
  "Rodez": 1434.49584961,
  "Annecy": 1423.8848877,
  "Clermont": 1420.51062012,
  "Pau": 1418.83654785,
  "Dunkerque": 1415.56896973,
  "Laval": 1414.74963379,
  "Amiens": 1409.49645996,
  "Red Star": 1409.22790527,
  "Bastia": 1401.49072266,
  "Grenoble": 1391.60925293,
  "Nancy": 1389.58959961,
  "Le Mans": 1378.05212402,
  "Boulogne": 1360.42346191
}