{
  "Arsenal": 2013.34729004,
  "Liverpool": 2010.13317871,
  "Manchester City": 1961.53112793,
  "Chelsea": 1883.3236084,
  "Crystal Palace": 1866.96582031,
  "Newcastle": 1855.24560547,
  "Aston Villa": 1855.21105957,
  "Brighton": 1833.93005371,
  "Bournemouth": 1826.52038574,
  "Tottenham": 1812.53369141,
  "Everton": 1804.22265625,
  "Brentford": 1802.19335938,
  "Manchester United": 1797.26831055,
  "Fulham": 1788.79443359,
  "Forest": 1779.37805176,
  "Leeds": 1740.75036621,
  "West Ham": 1723.09143066,
  "Burnley": 1715.96166992,
  "Wolverhampton": 1706.8170166,
  "Leicester": 1616.74157715,
  "Sunderland": 1605.94274902,
  "Ipswich": 1594.63549805,
  "Middlesbrough": 1577.6673584,
  "Coventry": 1574.3984375,
  "Sheffield United": 1555.70117188,
  "Bristol City": 1544.54626465,
  "West Brom": 1541.44287109,
  "Southampton": 1537.23449707,
  "Millwall": 1521.14501953,
  "Swansea": 1514.8840332,
  "Norwich": 1507.81262207,
  "Stoke": 1504.39782715,
  "QPR": 1500.96044922,
  "Preston": 1497.35864258,
  "Blackburn": 1494.44750977,
  "Hull": 1486.78405762,
  "Portsmouth": 1476.08862305,
  "Watford": 1471.13842773,
  "Sheffield Weds": 1462.66296387,
  "Derby": 1460.49816895,
  "Oxford": 1457.72106934,
  "Charlton": 1454.43676758,
  "Birmingham": 1439.68127441,
  "Wrexham": 1432.9395752
}