{
  "Inter": 1903.515625,
  "Milan": 1813.37609863,
  "Atalanta": 1800.2746582,
  "Roma": 1798.27062988,
  "Napoli": 1788.51879883,
  "Juventus": 1776.73449707,
  "Como": 1741.11657715,
  "Bologna": 1703.95935059,
  "Lazio": 1686.83728027,
  "Fiorentina": 1642.40429688,
  "Sassuolo": 1637.04602051,
  "Genoa": 1626.80151367,
  "Torino": 1615.81469727,
  "Udinese": 1615.23339844,
  "Parma": 1609.76794434,
  "Cagliari": 1596.56152344,
  "Venezia": 1582.67651367,
  "Lecce": 1556.5723877,
  "Monza": 1548.80505371,
  "Cremonese": 1541.59729004,
  "Frosinone": 1529.67651367,
  "Palermo": 1511.48010254,
  "Verona": 1508.9083252,
  "Pisa": 1500.58300781,
  "Catanzaro": 1478.5324707,
  "Modena": 1456.15893555,
  "Empoli": 1452.98120117,
  "Juve Stabia": 1439.09960938,
  "Suedtirol": 1437.45324707,
  "Spezia": 1400.1505127,
  "Cesena": 1395.2956543,
  "Sampdoria": 1394.35119629,
  "Carrarese": 1391.12609863,
  "Reggiana": 1374.83703613,
  "Padova": 1374.67541504,
  "Bari": 1369.1784668,
  "Mantova": 1360.07983398,
  "Avellino": 1348.16040039,
  "Entella": 1344.42749023,
  "Pescara": 1326.40991211
}