{
  "PSG": 1979.0324707,
  "Lille": 1796.21459961,
  "Monaco": 1761.87817383,
  "Lyon": 1760.73864746,
  "Marseille": 1742.69189453,
  "Strasbourg": 1713.17492676,
  "Lens": 1696.51135254,
  "Nice": 1685.43017578,
  "Toulouse": 1666.83789062,
  "Brest": 1658.97265625,
  "Rennes": 1650.41870117,
  "Auxerre": 1616.65600586,
  "Lorient": 1591.82666016,
  "Nantes": 1586.01953125,
  "Reims": 1573.56091309,
  "Le Havre": 1555.98742676,
  "Metz": 1554.52038574,
  "Angers": 1542.69567871,
  "Saint-Etienne": 1537.05725098,
  "Paris FC": 1536.4498291,
  "Montpellier": 1477.93896484,
  "Guingamp": 1445.54602051,
  "Troyes": 1442.65539551,
  "Laval": 1434.984375,
  "Dunkerque": 1434.45947266,
  "Rodez": 1429.35131836,
  "Bastia": 1428.44519043,
  "Clermont": 1425.73132324,
  "Annecy": 1421.43261719,
  "Pau": 1417.2734375,
  "Grenoble": 1407.31286621,
  "Amiens": 1399.99084473,
  "Nancy": 1399.36291504,
  "Red Star": 1397.24462891,
  "Le Mans": 1378.21728516,
  "Boulogne": 1358.35119629
}