{
  "Inter": 1922.14074707,
  "Napoli": 1841.54577637,
  "Atalanta": 1836.71899414,
  "Roma": 1831.5958252,
  "Juventus": 1815.96606445,
  "Milan": 1802.1809082,
  "Lazio": 1743.17932129,
  "Bologna": 1740.49572754,
  "Fiorentina": 1727.0670166,
  "Torino": 1674.16296387,
  "Como": 1662.67248535,
  "Genoa": 1650.26611328,
  "Udinese": 1618.87548828,
  "Cagliari": 1616.70788574,
  "Sassuolo": 1604.23144531,
  "Parma": 1593.23693848,
  "Verona": 1588.45678711,
  "Lecce": 1570.3873291,
  "Cremonese": 1568.62097168,
  "Venezia": 1550.91918945,
  "Empoli": 1532.23339844,
  "Pisa": 1531.51586914,
  "Monza": 1502.4708252,
  "Frosinone": 1495.07946777,
  "Palermo": 1491.36523438,
  "Spezia": 1482.0213623,
  "Juve Stabia": 1466.3359375,
  "Modena": 1461.50769043,
  "Cesena": 1460.64453125,
  "Catanzaro": 1457.73779297,
  "Suedtirol": 1454.2800293,
  "Sampdoria": 1422.78466797,
  "Carrarese": 1420.14929199,
  "Bari": 1414.12243652,
  "Reggiana": 1410.10327148,
  "Avellino": 1388.23254395,
  "Padova": 1382.99584961,
  "Mantova": 1379.05883789,
  "Pescara": 1377.33605957,
  "Entella": 1374.76245117
}