{
  "Barcelona": 1934.08044434,
  "Real Madrid": 1914.1340332,
  "Atlético": 1859.00231934,
  "Villarreal": 1788.29907227,
  "Betis": 1750.87756348,
  "Athletic": 1729.53588867,
  "Celta": 1692.51708984,
  "Espanyol": 1663.81677246,
  "Valencia": 1651.96850586,
  "Osasuna": 1651.95214844,
  "Real Sociedad": 1650.49023438,
  "Rayo Vallecano": 1643.03320312,
  "Alaves": 1630.52258301,
  "Getafe": 1630.09460449,
  "Sevilla": 1628.65087891,
  "Mallorca": 1624.98828125,
  "Elche": 1610.03759766,
  "Girona": 1589.87280273,
  "Levante": 1570.43786621,
  "Las Palmas": 1566.22167969,
  "Almeria": 1559.43981934,
  "Racing": 1554.5435791,
  "Real Oviedo": 1550.80236816,
  "Leganes": 1526.86206055,
  "Depor": 1519.2364502,
  "Castellon": 1500.27001953,
  "Granada": 1496.0,
  "Cadiz": 1492.08972168,
  "Mirandes": 1476.90661621,
  "Burgos": 1476.03344727,
  "Valladolid": 1473.42749023,
  "Albacete": 1470.49487305,
  "Cordoba": 1463.60998535,
  "Eibar": 1463.41540527,
  "Sporting": 1463.19116211,
  "Ceuta": 1449.89733887,
  "Huesca": 1448.77490234,
  "Leonesa": 1440.95861816,
  "Malaga": 1440.95483398,
  "Sociedad B": 1414.40649414,
  "FC Andorra": 1413.03308105,
  "Zaragoza": 1402.33825684
}