{
  "Arsenal": 2065.75830078,
  "Bayern Munich": 2000.87036133,
  "Manchester City": 1969.96289062,
  "PSG": 1964.03881836,
  "Barcelona": 1953.3671875,
  "Real Madrid": 1924.69042969,
  "Aston Villa": 1920.07861328,
  "Manchester United": 1914.42504883,
  "Liverpool": 1909.90771484,
  "Inter": 1888.60253906,
  "Bournemouth": 1871.07885742,
  "Sporting": 1847.92773438,
  "Brighton": 1841.11914062,
  "Newcastle": 1836.64050293,
  "Brentford": 1835.69897461,
  "Borussia Dortmund": 1834.76843262,
  "Chelsea": 1830.21228027,
  "Atlético": 1829.4543457,
  "Benfica": 1823.50817871,
  "Forest": 1821.27905273,
  "Fulham": 1812.20422363,
  "Porto": 1805.94482422,
  "Leverkusen": 1804.0267334,
  "Everton": 1802.53942871,
  "Crystal Palace": 1796.8380127,
  "Leeds": 1796.49743652,
  "Roma": 1793.45117188,
  "Napoli": 1780.29614258,
  "Tottenham": 1776.4173584,
  "Juventus": 1772.25671387,
  "West Ham": 1767.91015625,
  "Lens": 1766.09521484,
  "Stuttgart": 1763.83459473,
  "Atalanta": 1763.5189209,
  "RB Leipzig": 1761.90344238,
  "Villarreal": 1761.12353516,
  "Como": 1760.02893066,
  "PSV": 1759.1348877,
  "Brugge": 1757.43811035,
  "Milan": 1750.0423584,
  "Betis": 1748.90966797,
  "Lille": 1742.76062012,
  "Sunderland": 1735.03881836,
  "Lyon": 1730.66918945,
  "Freiburg": 1724.91333008,
  "Saint-Gilloise": 1716.76147461,
  "Monaco": 1716.56994629,
  "Marseille": 1715.79406738,
  "Rayo Vallecano": 1715.21435547,
  "Rennais": 1715.17016602,
  "Strasbourg": 1709.85583496,
  "Bodø/Glimt": 1708.89208984,
  "Lazio": 1703.16967773,
  "Celta": 1702.5567627,
  "Bologna": 1701.27832031,
  "Hoffenheim": 1700.35375977,
  "Valencia": 1699.19384766,
  "Braga": 1698.91088867,
  "Midtjylland": 1687.38354492,
  "Galatasaray": 1684.27038574,
  "Athletic": 1679.6796875,
  "Wolverhampton": 1678.80200195,
  "Mainz": 1671.92541504,
  "Real Sociedad": 1671.24414062,
  "Fiorentina": 1670.17370605,
  "Getafe": 1665.85351562,
  "Burnley": 1665.44543457,
  "Frankfurt": 1663.77990723,
  "Olympiacos": 1663.37634277,
  "Zenit": 1657.19787598,
  "Fenerbahce": 1655.55810547,
  "Slavia Prag": 1654.11694336,
  "Toulouse": 1653.27770996,
  "Osasuna": 1652.03649902,
  "Udinese": 1645.94213867,
  "Mallorca": 1644.55151367,
  "Gladbach": 1640.84313965,
  "AEK": 1640.65917969,
  "Levante": 1640.51879883,
  "Lorient": 1638.10864258,
  "Girona": 1637.58398438,
  "Alaves": 1636.76062012,
  "Augsburg": 1636.44628906,
  "FC Krasnodar": 1632.22888184,
  "Viking": 1631.91113281,
  "Espanyol": 1631.23449707,
  "Paris FC": 1628.37878418,
  "Sevilla": 1627.70239258,
  "Elche": 1625.18237305,
  "Torino": 1624.05908203,
  "Auxerre": 1623.16296387,
  "Sassuolo": 1622.01745605,
  "Brest": 1619.89575195,
  "Union Berlin": 1619.43029785,
  "Genoa": 1618.22717285,
  "Werder": 1606.01928711,
  "PAOK": 1605.57629395,
  "Feyenoord": 1602.56115723,
  "Hamburg": 1602.14758301,
  "Parma": 1599.93139648,
  "Wolfsburg": 1599.57043457,
  "Cagliari": 1594.30480957,
  "Famalicao": 1590.96594238,
  "Crvena Zvezda": 1586.15527344,
  "Shakhtar": 1584.59191895,
  "Aarhus": 1582.55200195,
  "Nice": 1581.4239502,
  "Genk": 1581.32507324,
  "Le Havre": 1579.11999512,
  "Copenhagen": 1578.41003418,
  "Ajax": 1578.02807617,
  "Dinamo Zagreb": 1577.1184082,
  "Celtic": 1575.15283203,
  "Koeln": 1568.16845703,
  "Lecce": 1568.02075195,
  "Twente": 1567.74768066,
  "Pafos": 1561.03173828,
  "Real Oviedo": 1559.74768066,
  "Viktoria Plzen": 1556.39941406,
  "Lok Moskva": 1555.28369141,
  "CSKA Moskva": 1554.62353516,
  "St Truiden": 1554.60742188,
  "Qarabag FK": 1554.37573242,
  "Heidenheim": 1552.56994629,
  "Spartak Moskva": 1550.99328613,
  "Sparta Praha": 1547.84753418,
  "Panathinaikos": 1546.63867188,
  "Angers": 1546.59692383,
  "Nordsjaelland": 1541.77990723,
  "Nantes": 1541.57043457,
  "Alkmaar": 1539.21252441,
  "Dynamo Moskva": 1538.52526855,
  "St Pauli": 1532.94165039,
  "Nijmegen": 1531.59875488,
  "Cremonese": 1531.55651855,
  "Brondby": 1529.92529297,
  "Brann": 1528.17016602,
  "Trabzonspor": 1526.23754883,
  "Anderlecht": 1523.74450684,
  "Lech": 1520.91870117,
  "Bueyueksehir": 1520.4609375,
  "Utrecht": 1520.30114746,
  "Ferencvaros": 1520.05041504,
  "Rangers": 1517.05688477,
  "Besiktas": 1516.34118652,
  "Mjaellby": 1515.6463623,
  "Guimaraes": 1515.55163574,
  "Rakow": 1513.49890137,
  "Viborg": 1512.19689941,
  "Gil Vicente": 1507.84533691,
  "Hammarby": 1507.66418457,
  "Charleroi": 1504.9967041,
  "Verona": 1502.5567627,
  "Standard": 1502.06030273,
  "Arouca": 1500.69494629,
  "Gent": 1497.2244873,
  "Tromso": 1496.79077148,
  "Larnaca": 1494.35473633,
  "Estoril": 1493.87976074,
  "Metz": 1488.86120605,
  "Baltika": 1484.52722168,
  "Santa Clara": 1482.95800781,
  "RB Salzburg": 1482.40710449,
  "Antwerp": 1480.32434082,
  "Moreirense": 1478.99865723,
  "Mechelen": 1478.85229492,
  "Aris Limassol": 1478.18310547,
  "Westerlo": 1475.34985352,
  "Hearts": 1473.26843262,
  "Djurgarden": 1472.00256348,
  "Sturm Graz": 1471.63842773,
  "StGallen": 1469.69995117,
  "Heerenveen": 1468.30761719,
  "Molde": 1467.12438965,
  "Jagiellonia": 1466.60534668,
  "Beer-Sheva": 1466.13769531,
  "SonderjyskE": 1465.48193359,
  "Thun": 1463.22167969,
  "Samsunspor": 1461.57653809,
  "Craiova": 1458.68457031,
  "Omonia": 1456.90454102,
  "Pisa": 1455.703125,
  "Celje": 1455.52685547,
  "Gyoer": 1454.81445312,
  "LASK": 1452.54577637,
  "Gornik": 1452.04492188,
  "Rio Ave": 1451.29101562,
  "Nacional": 1451.03356934,
  "Goeztepe": 1450.39233398,
  "Lugano": 1450.06005859,
  "Rubin Kazan": 1449.72570801,
  "Cercle Brugge": 1445.62487793,
  "Hradec Kralove": 1445.51159668,
  "Silkeborg": 1445.33190918,
  "Jablonec": 1445.09533691,
  "Malmoe": 1444.68395996,
  "Alverca": 1443.62683105,
  "Levski": 1441.24865723,
  "Go Ahead Eagles": 1440.83349609,
  "Legia": 1440.72363281,
  "Dynamo Kyiv": 1440.28417969,
  "Groningen": 1438.96691895,
  "Aris": 1438.5291748,
  "M Tel Aviv": 1438.46252441,
  "CFR Cluj": 1437.53039551,
  "Basel": 1436.53796387,
  "Sion": 1433.71765137,
  "Universitatea Cluj": 1433.61621094,
  "Randers": 1432.48913574,
  "Razgrad": 1431.40698242,
  "Slovan Liberec": 1431.4029541,
  "Young Boys": 1431.35974121,
  "Odense": 1430.63183594,
  "Zulte Waregem": 1430.47888184,
  "Casa Pia": 1427.91760254,
  "IK Sirius": 1427.83239746,
  "Rosenborg": 1427.67468262,
  "Hajduk": 1426.87255859,
  "Steaua": 1426.69885254,
  "Katowice": 1426.26831055,
  "Pogon": 1424.82592773,
  "Rostov": 1424.74621582,
  "Sandefjord": 1423.67419434,
  "Leuven": 1422.09399414,
  "Servette": 1417.44897461,
  "Beitar": 1414.83410645,
  "Piast Gliwice": 1413.75854492,
  "Fredrikstad": 1412.80090332,
  "Sparta Rotterdam": 1411.77050781,
  "Terek Grozny": 1406.51855469,
  "Levadeiakos": 1405.93151855,
  "Sarpsborg": 1403.36486816,
  "Estrela Amadora": 1403.16467285,
  "Radomiak": 1402.66906738,
  "Rizespor": 1402.17822266,
  "Tondela": 1399.92529297,
  "Austria Wien": 1398.94262695,
  "Hibernian": 1398.91040039,
  "Alanyaspor": 1398.89428711,
  "Konyaspor": 1398.39013672,
  "Lubin": 1397.54785156,
  "Luzern": 1397.09790039,
  "Lechia": 1396.66125488,
  "Ham-Kam": 1395.87011719,
  "Telstar": 1394.69726562,
  "Cracovia": 1394.18835449,
  "Polissya Zhytomyr": 1391.21228027,
  "Korona": 1390.38647461,
  "Motherwell": 1389.70422363,
  "Zwolle": 1389.3717041,
  "Elfsborg": 1388.13415527,
  "Rijeka": 1387.49755859,
  "GAIS": 1387.08874512,
  "Haecken": 1383.42016602,
  "Sittard": 1383.1003418,
  "Kasimpasa": 1383.04492188,
  "Rapid Wien": 1381.19287109,
  "Mlada Boleslav": 1381.15002441,
  "AIK": 1381.11584473,
  "Motor Lublin": 1379.69750977,
  "Valerenga": 1377.26965332,
  "Excelsior": 1377.12561035,
  "Plock": 1375.22290039,
  "Lausanne": 1374.96191406,
  "Atromitos": 1372.44299316,
  "Sigma Olomouc": 1371.94628906,
  "Widzew": 1371.26379395,
  "Hartberg": 1370.59289551,
  "Eyupspor": 1370.07214355,
  "Goeteborg": 1368.79553223,
  "RAAL": 1368.53930664,
  "Rapid Bucuresti": 1368.5234375,
  "Dinamo Bucuresti": 1368.21936035,
  "Paksi": 1367.53369141,