{
  "Barcelona": 1981.92456055,
  "Real Madrid": 1960.14746094,
  "Atlético": 1869.68933105,
  "Villarreal": 1769.25183105,
  "Betis": 1756.59851074,
  "Celta": 1741.34606934,
  "Athletic": 1720.02050781,
  "Real Sociedad": 1703.09912109,
  "Osasuna": 1696.53796387,
  "Valencia": 1684.70117188,
  "Getafe": 1671.51452637,
  "Rayo Vallecano": 1668.8302002,
  "Girona": 1655.94433594,
  "Mallorca": 1633.14453125,
  "Espanyol": 1631.69372559,
  "Alaves": 1630.74780273,
  "Sevilla": 1624.47436523,
  "Levante": 1616.21862793,
  "Elche": 1609.88024902,
  "Las Palmas": 1571.17333984,
  "Almeria": 1568.4197998,
  "Real Oviedo": 1566.59790039,
  "Racing": 1560.21984863,
  "Eibar": 1554.60913086,
  "Malaga": 1542.66369629,
  "Depor": 1538.22167969,
  "Castellon": 1535.65673828,
  "Burgos": 1531.40246582,
  "Leganes": 1526.53637695,
  "Granada": 1524.5065918,
  "Albacete": 1512.13952637,
  "Sporting": 1490.56420898,
  "Ceuta": 1466.11633301,
  "Sociedad B": 1460.87182617,
  "FC Andorra": 1456.79443359,
  "Valladolid": 1456.09375,
  "Cordoba": 1454.70593262,
  "Zaragoza": 1446.58435059,
  "Mirandes": 1445.9552002,
  "Cadiz": 1445.21081543,
  "Huesca": 1426.46020508,
  "Leonesa": 1398.81298828
}