{
  "Barcelona": 1953.71411133,
  "Real Madrid": 1938.07202148,
  "Atlético": 1858.49829102,
  "Villarreal": 1793.27441406,
  "Athletic": 1749.99963379,
  "Betis": 1749.84448242,
  "Osasuna": 1683.78125,
  "Valencia": 1676.72473145,
  "Celta": 1664.44824219,
  "Espanyol": 1657.39660645,
  "Real Sociedad": 1651.3536377,
  "Rayo Vallecano": 1649.44433594,
  "Sevilla": 1647.95458984,
  "Alaves": 1643.82543945,
  "Getafe": 1639.79101562,
  "Mallorca": 1630.7154541,
  "Elche": 1622.54089355,
  "Levante": 1611.8215332,
  "Girona": 1591.52746582,
  "Real Oviedo": 1583.73303223,
  "Leganes": 1570.57861328,
  "Las Palmas": 1557.10766602,
  "Cadiz": 1542.68945312,
  "Almeria": 1539.2310791,
  "Eibar": 1528.20275879,
  "Mirandes": 1526.15515137,
  "Depor": 1522.08679199,
  "Racing": 1520.84020996,
  "Granada": 1495.70092773,
  "Huesca": 1490.95544434,
  "Burgos": 1490.43664551,
  "Albacete": 1489.32971191,
  "Sporting": 1470.7109375,
  "Valladolid": 1470.5369873,
  "FC Andorra": 1465.55639648,
  "Castellon": 1459.12438965,
  "Cordoba": 1450.06591797,
  "Malaga": 1445.3626709,
  "Zaragoza": 1433.64746094,
  "Ceuta": 1424.22509766,
  "Leonesa": 1422.10424805,
  "Sociedad B": 1418.14624023
}