{
  "Inter": 1888.60229492,
  "Roma": 1793.45080566,
  "Napoli": 1780.29589844,
  "Juventus": 1772.25634766,
  "Atalanta": 1763.51843262,
  "Como": 1760.02868652,
  "Milan": 1750.04211426,
  "Lazio": 1703.16967773,
  "Bologna": 1701.2779541,
  "Fiorentina": 1670.17321777,
  "Udinese": 1645.94152832,
  "Torino": 1624.05883789,
  "Sassuolo": 1622.01721191,
  "Genoa": 1618.22729492,
  "Parma": 1599.93139648,
  "Venezia": 1598.84887695,
  "Cagliari": 1594.3046875,
  "Lecce": 1568.02062988,
  "Frosinone": 1564.72619629,
  "Monza": 1543.9909668,
  "Cremonese": 1531.55651855,
  "Palermo": 1514.03564453,
  "Verona": 1502.5567627,
  "Catanzaro": 1458.62243652,
  "Pisa": 1455.70288086,
  "Modena": 1429.02441406,
  "Juve Stabia": 1425.40319824,
  "Empoli": 1422.83203125,
  "Mantova": 1399.96447754,
  "Sampdoria": 1390.78149414,
  "Carrarese": 1385.89782715,
  "Spezia": 1384.77941895,
  "Avellino": 1381.59423828,
  "Suedtirol": 1372.29541016,
  "Bari": 1366.16162109,
  "Cesena": 1365.54821777,
  "Padova": 1365.3984375,
  "Entella": 1358.08483887,
  "Pescara": 1351.91577148,
  "Reggiana": 1334.0456543
}