{
  "Inter": 1927.18920898,
  "Milan": 1822.3762207,
  "Juventus": 1819.59423828,
  "Roma": 1810.52856445,
  "Napoli": 1793.74023438,
  "Atalanta": 1787.92016602,
  "Como": 1736.35241699,
  "Lazio": 1717.43310547,
  "Bologna": 1711.93200684,
  "Fiorentina": 1651.20983887,
  "Genoa": 1631.53295898,
  "Torino": 1623.3248291,
  "Udinese": 1620.62841797,
  "Sassuolo": 1611.95153809,
  "Cagliari": 1610.46606445,
  "Parma": 1594.90869141,
  "Venezia": 1589.82971191,
  "Cremonese": 1562.81115723,
  "Lecce": 1553.18591309,
  "Verona": 1546.74536133,
  "Frosinone": 1537.09082031,
  "Monza": 1535.48596191,
  "Pisa": 1527.55981445,
  "Palermo": 1511.87097168,
  "Empoli": 1482.8380127,
  "Catanzaro": 1464.74389648,
  "Juve Stabia": 1458.5144043,
  "Modena": 1448.69470215,
  "Cesena": 1439.38696289,
  "Suedtirol": 1434.65612793,
  "Spezia": 1429.60107422,
  "Carrarese": 1425.77783203,
  "Sampdoria": 1400.97631836,
  "Bari": 1375.33972168,
  "Padova": 1372.03405762,
  "Reggiana": 1369.375,
  "Mantova": 1365.91149902,
  "Avellino": 1361.8684082,
  "Entella": 1352.75476074,
  "Pescara": 1328.08154297
}