{
  "Arsenal": 2062.50561523,
  "Bayern Munich": 2000.87036133,
  "Manchester City": 1980.94055176,
  "Barcelona": 1972.2019043,
  "PSG": 1964.03857422,
  "Real Madrid": 1921.88342285,
  "Liverpool": 1913.30371094,
  "Aston Villa": 1909.10083008,
  "Manchester United": 1900.83581543,
  "Inter": 1892.58398438,
  "Bournemouth": 1871.32067871,
  "Brighton": 1854.7076416,
  "Newcastle": 1848.13122559,
  "Sporting": 1847.92749023,
  "Atlético": 1846.84155273,
  "Chelsea": 1840.20410156,
  "Borussia Dortmund": 1834.76867676,
  "Brentford": 1832.30273438,
  "Benfica": 1823.50866699,
  "Forest": 1821.03662109,
  "Leeds": 1811.11755371,
  "Everton": 1810.62646484,
  "Porto": 1805.9453125,
  "Leverkusen": 1804.02624512,
  "Fulham": 1800.71276855,
  "Crystal Palace": 1800.09033203,
  "Roma": 1789.18969727,
  "Napoli": 1776.30615234,
  "Juventus": 1775.18249512,
  "Tottenham": 1768.33032227,
  "Lens": 1766.09484863,
  "Atalanta": 1764.87145996,
  "Stuttgart": 1763.83459473,
  "Milan": 1763.58178711,
  "RB Leipzig": 1761.90344238,
  "PSV": 1759.13476562,
  "West Ham": 1753.29016113,
  "Como": 1752.79907227,
  "Brugge": 1752.70996094,
  "Betis": 1744.9041748,
  "Villarreal": 1743.73608398,
  "Lille": 1742.76037598,
  "Lyon": 1730.66943359,
  "Sunderland": 1725.046875,
  "Freiburg": 1724.91308594,
  "Monaco": 1716.56970215,
  "Marseille": 1715.79418945,
  "Rennais": 1715.17016602,
  "Saint-Gilloise": 1710.34924316,
  "Strasbourg": 1709.85583496,
  "Bodø/Glimt": 1708.89245605,
  "Rayo Vallecano": 1706.79943848,
  "Lazio": 1700.96350098,
  "Hoffenheim": 1700.35375977,
  "Braga": 1698.91113281,
  "Celta": 1697.88110352,
  "Bologna": 1697.29626465,
  "Midtjylland": 1687.38391113,
  "Galatasaray": 1684.27087402,
  "Athletic": 1682.48632812,
  "Valencia": 1680.35900879,
  "Wolverhampton": 1677.93322754,
  "Mainz": 1671.92541504,
  "Real Sociedad": 1670.34985352,
  "Fiorentina": 1668.82006836,
  "Burnley": 1666.31396484,
  "Frankfurt": 1663.77978516,
  "Olympiacos": 1663.37597656,
  "Getafe": 1659.41259766,
  "Osasuna": 1658.47753906,
  "Zenit": 1657.19775391,
  "Fenerbahce": 1655.55847168,
  "Slavia Prag": 1654.11645508,
  "Toulouse": 1653.27758789,
  "Udinese": 1649.93127441,
  "Alaves": 1645.17492676,
  "Levante": 1644.52416992,
  "Gladbach": 1640.84313965,
  "AEK": 1640.65856934,
  "Girona": 1640.02844238,
  "Lorient": 1638.10888672,
  "Augsburg": 1636.44641113,
  "Mallorca": 1636.28857422,
  "Sevilla": 1632.37670898,
  "FC Krasnodar": 1632.22900391,
  "Espanyol": 1632.12878418,
  "Viking": 1631.9107666,
  "Sassuolo": 1629.87792969,
  "Paris FC": 1628.37866211,
  "Genoa": 1627.00500488,
  "Auxerre": 1623.16296387,
  "Elche": 1622.73815918,
  "Torino": 1621.13244629,
  "Brest": 1619.89599609,
  "Union Berlin": 1619.43054199,
  "Werder": 1606.01928711,
  "PAOK": 1605.57592773,
  "Feyenoord": 1602.56091309,
  "Hamburg": 1602.1472168,
  "Wolfsburg": 1599.56982422,
  "Parma": 1592.07055664,
  "Famalicao": 1590.96606445,
  "Crvena Zvezda": 1586.15527344,
  "Shakhtar": 1584.59082031,
  "Aarhus": 1582.55200195,
  "Nice": 1581.42382812,
  "Cagliari": 1580.76501465,
  "Le Havre": 1579.12011719,
  "Copenhagen": 1578.41003418,
  "Ajax": 1578.02770996,
  "Dinamo Zagreb": 1577.11853027,
  "Celtic": 1575.15283203,
  "Genk": 1573.55224609,
  "Koeln": 1568.1685791,
  "Real Oviedo": 1568.01049805,
  "Twente": 1567.7479248,
  "Pafos": 1561.03271484,
  "Lecce": 1559.24267578,
  "Viktoria Plzen": 1556.39916992,
  "Lok Moskva": 1555.28356934,
  "CSKA Moskva": 1554.62353516,
  "Qarabag FK": 1554.37609863,
  "Heidenheim": 1552.56982422,
  "Spartak Moskva": 1550.99316406,
  "Sparta Praha": 1547.84741211,
  "Panathinaikos": 1546.63830566,
  "Angers": 1546.59729004,
  "St Truiden": 1544.85961914,
  "Nordsjaelland": 1541.78015137,
  "Nantes": 1541.57055664,
  "Alkmaar": 1539.21289062,
  "Cremonese": 1538.78613281,
  "Dynamo Moskva": 1538.5255127,
  "St Pauli": 1532.94152832,
  "Nijmegen": 1531.59875488,
  "Anderlecht": 1530.15759277,
  "Brondby": 1529.92541504,
  "Brann": 1528.16906738,
  "Trabzonspor": 1526.23779297,
  "Lech": 1520.91870117,
  "Bueyueksehir": 1520.4609375,
  "Utrecht": 1520.30163574,
  "Ferencvaros": 1520.05029297,
  "Rangers": 1517.05712891,
  "Besiktas": 1516.3416748,
  "Standard": 1516.01867676,
  "Mjaellby": 1515.64575195,
  "Guimaraes": 1515.55175781,
  "Rakow": 1513.49890137,
  "Viborg": 1512.19702148,
  "Gil Vicente": 1507.84570312,
  "Hammarby": 1507.66369629,
  "Verona": 1506.81762695,
  "Gent": 1501.95336914,
  "Arouca": 1500.69470215,
  "Tromso": 1496.79089355,
  "Larnaca": 1494.35534668,
  "Estoril": 1493.87976074,
  "Charleroi": 1491.03894043,
  "Metz": 1488.86120605,
  "Mechelen": 1488.6003418,
  "Westerlo": 1485.83105469,
  "Baltika": 1484.52722168,
  "Santa Clara": 1482.95837402,
  "RB Salzburg": 1482.40710449,
  "Moreirense": 1478.9987793,
  "Aris Limassol": 1478.18310547,
  "Hearts": 1473.26843262,
  "Djurgarden": 1472.00244141,
  "Sturm Graz": 1471.63842773,
  "Antwerp": 1469.84436035,
  "StGallen": 1469.69934082,
  "Heerenveen": 1468.30737305,
  "Molde": 1467.12402344,
  "Jagiellonia": 1466.60534668,
  "Beer-Sheva": 1466.13769531,
  "SonderjyskE": 1465.48193359,
  "Thun": 1463.22155762,
  "Samsunspor": 1461.57702637,
  "Craiova": 1458.68530273,
  "Pisa": 1457.90905762,
  "Omonia": 1456.90466309,
  "Celje": 1455.5267334,
  "Gyoer": 1454.8145752,
  "LASK": 1452.54577637,
  "Gornik": 1452.04504395,
  "Rio Ave": 1451.29150391,
  "Nacional": 1451.03393555,
  "Goeztepe": 1450.39257812,
  "Lugano": 1450.05957031,
  "Rubin Kazan": 1449.72570801,
  "Cercle Brugge": 1445.62524414,
  "Hradec Kralove": 1445.51159668,
  "Silkeborg": 1445.33190918,
  "Jablonec": 1445.09521484,
  "Malmoe": 1444.68383789,
  "Alverca": 1443.62683105,
  "Levski": 1441.24829102,
  "Go Ahead Eagles": 1440.8338623,
  "Legia": 1440.72375488,
  "Dynamo Kyiv": 1440.28381348,
  "Groningen": 1438.96691895,
  "Aris": 1438.52868652,
  "M Tel Aviv": 1438.46240234,
  "CFR Cluj": 1437.53100586,
  "Basel": 1436.53771973,
  "Sion": 1433.71716309,
  "Universitatea Cluj": 1433.61633301,
  "Randers": 1432.4888916,
  "Razgrad": 1431.40698242,
  "Slovan Liberec": 1431.40258789,
  "Young Boys": 1431.359375,
  "Odense": 1430.63183594,
  "Zulte Waregem": 1430.47912598,
  "Leuven": 1429.86816406,
  "Casa Pia": 1427.91748047,
  "IK Sirius": 1427.83227539,
  "Rosenborg": 1427.67419434,
  "Hajduk": 1426.87280273,
  "Steaua": 1426.69921875,
  "Katowice": 1426.26794434,
  "Pogon": 1424.82568359,
  "Rostov": 1424.74597168,
  "Sandefjord": 1423.67443848,
  "Servette": 1417.44897461,
  "Beitar": 1414.83398438,
  "Piast Gliwice": 1413.75866699,
  "Fredrikstad": 1412.80065918,
  "Sparta Rotterdam": 1411.77026367,
  "Terek Grozny": 1406.51818848,
  "Levadeiakos": 1405.93103027,
  "Sarpsborg": 1403.36462402,
  "Estrela Amadora": 1403.16503906,
  "Radomiak": 1402.66918945,
  "Rizespor": 1402.17822266,
  "Tondela": 1399.92529297,
  "Austria Wien": 1398.9432373,
  "Hibernian": 1398.91040039,
  "Alanyaspor": 1398.89453125,
  "Konyaspor": 1398.39013672,
  "Lubin": 1397.54760742,
  "Luzern": 1397.09777832,
  "Lechia": 1396.66137695,
  "Ham-Kam": 1395.86999512,
  "Telstar": 1394.6973877,
  "Cracovia": 1394.18811035,
  "Polissya Zhytomyr": 1391.21179199,
  "Korona": 1390.38635254,
  "Motherwell": 1389.70422363,
  "Zwolle": 1389.37158203,
  "Elfsborg": 1388.13391113,
  "Rijeka": 1387.4979248,
  "GAIS": 1387.08850098,
  "Haecken": 1383.41943359,
  "Sittard": 1383.10009766,
  "Kasimpasa": 1383.04516602,
  "Rapid Wien": 1381.19372559,
  "Mlada Boleslav": 1381.14978027,
  "AIK": 1381.11547852,
  "Motor Lublin": 1379.69775391,
  "Valerenga": 1377.26916504,
  "Excelsior": 1377.12597656,
  "Plock": 1375.22253418,
  "Lausanne": 1374.96118164,
  "Atromitos": 1372.44250488,
  "Sigma Olomouc": 1371.94616699,
  "Widzew": 1371.26391602,
  "Hartberg": 1370.59338379,
  "Eyupspor": 1370.07275391,
  "Goeteborg": 1368.79516602,
  "RAAL": 1368.54003906,
  "Rapid Bucuresti": 1368.52368164,
  "Dinamo Bucuresti": 1368.21972656,
  "Paksi": 1367.53369141,