{
  "Bayern Munich": 1996.32861328,
  "Borussia Dortmund": 1836.36328125,
  "Leverkusen": 1803.96765137,
  "Stuttgart": 1760.80163574,
  "RB Leipzig": 1757.37915039,
  "Hoffenheim": 1705.52746582,
  "Freiburg": 1694.98962402,
  "Mainz": 1684.7833252,
  "Frankfurt": 1681.35083008,
  "Werder": 1629.99194336,
  "Gladbach": 1623.78149414,
  "Union Berlin": 1614.81054688,
  "Augsburg": 1611.36499023,
  "Hamburg": 1592.36584473,
  "Wolfsburg": 1582.13391113,
  "Koeln": 1566.64135742,
  "St Pauli": 1561.83935547,
  "Paderborn": 1524.29589844,
  "Elversberg": 1519.43969727,
  "Darmstadt": 1512.59851074,
  "Heidenheim": 1508.91149902,
  "Hannover": 1507.00671387,
  "Hertha": 1498.57421875,
  "Schalke": 1492.86279297,
  "Bochum": 1491.53210449,
  "Lautern": 1451.04626465,
  "Holstein": 1449.26159668,
  "Nuernberg": 1445.7902832,
  "Karlsruhe": 1444.70788574,
  "Duesseldorf": 1428.56665039,
  "Magdeburg": 1408.8984375,
  "Dresden": 1391.14282227,
  "Fuerth": 1384.5144043,
  "Bielefeld": 1378.47399902,
  "Braunschweig": 1367.96520996,
  "Muenster": 1362.06164551
}