{
  "Barcelona": 1945.43054199,
  "Real Madrid": 1936.12744141,
  "Atlético": 1855.34960938,
  "Athletic": 1789.30883789,
  "Villarreal": 1785.54626465,
  "Betis": 1742.14355469,
  "Osasuna": 1697.22412109,
  "Celta": 1689.27075195,
  "Valencia": 1679.41589355,
  "Sociedad": 1667.32043457,
  "Rayo Vallecano": 1658.47595215,
  "Alaves": 1644.11938477,
  "Mallorca": 1641.24829102,
  "Sevilla": 1637.12207031,
  "Girona": 1637.03479004,
  "Espanyol": 1634.66186523,
  "Getafe": 1625.75976562,
  "Levante": 1610.2755127,
  "Leganes": 1599.02893066,
  "Real Oviedo": 1587.67224121,
  "Elche": 1584.90917969,
  "Las Palmas": 1563.5020752,
  "Mirandes": 1560.61633301,
  "Almeria": 1543.83947754,
  "Granada": 1530.59692383,
  "Eibar": 1525.10351562,
  "Santander": 1522.47497559,
  "Cadiz": 1520.49926758,
  "Huesca": 1501.46838379,
  "Albacete": 1496.5090332,
  "Gijon": 1487.59094238,
  "Burgos": 1473.21582031,
  "Valladolid": 1467.32788086,
  "Cordoba": 1467.14416504,
  "Castellon": 1461.74108887,
  "Depor": 1458.74169922,
  "Zaragoza": 1450.09277344,
  "Malaga": 1448.69726562,
  "Tenerife": 1428.20349121,
  "Eldense": 1419.25427246,
  "Ferrol": 1350.68530273,
  "Cartagena": 1332.44958496
}