{
  "Liverpool": 2021.23205566,
  "Arsenal": 2007.88415527,
  "Manchester City": 1956.75708008,
  "Chelsea": 1899.05212402,
  "Newcastle": 1860.70910645,
  "Crystal Palace": 1855.8671875,
  "Aston Villa": 1847.10644531,
  "Bournemouth": 1827.83496094,
  "Brighton": 1818.2019043,
  "Tottenham": 1816.75939941,
  "Manchester United": 1807.52429199,
  "Everton": 1804.22277832,
  "Fulham": 1796.89916992,
  "Forest": 1793.29626465,
  "Brentford": 1791.93762207,
  "Leeds": 1739.43579102,
  "West Ham": 1723.0916748,
  "Burnley": 1720.73583984,
  "Wolverhampton": 1702.59143066,
  "Leicester": 1617.74316406,
  "Sunderland": 1592.02478027,
  "Ipswich": 1590.29040527,
  "Middlesbrough": 1577.60546875,
  "Coventry": 1567.17980957,
  "Sheffield United": 1548.66088867,
  "Bristol City": 1544.69067383,
  "West Brom": 1540.44140625,
  "Southampton": 1537.29663086,
  "Millwall": 1520.04418945,
  "Swansea": 1515.98486328,
  "Blackburn": 1510.00878906,
  "Norwich": 1506.6262207,
  "Stoke": 1505.58435059,
  "QPR": 1500.83337402,
  "Preston": 1497.21447754,
  "Hull": 1494.67480469,
  "Portsmouth": 1480.43383789,
  "Oxford": 1464.76159668,
  "Watford": 1463.2479248,
  "Sheffield Weds": 1462.79003906,
  "Derby": 1460.04345703,
  "Birmingham": 1446.90002441,
  "Charlton": 1438.87585449,
  "Wrexham": 1433.39440918
}