{
  "Arsenal": 2061.94604492,
  "Manchester City": 1987.3067627,
  "Bayern Munich": 1986.30944824,
  "Liverpool": 1961.0402832,
  "PSG": 1937.54064941,
  "Aston Villa": 1932.08361816,
  "Barcelona": 1930.51513672,
  "Inter": 1926.95471191,
  "Chelsea": 1922.14904785,
  "Real Madrid": 1913.12316895,
  "Manchester United": 1889.09558105,
  "Newcastle": 1875.23535156,
  "Borussia Dortmund": 1855.17236328,
  "Sporting": 1852.43884277,
  "Brentford": 1847.53979492,
  "Bournemouth": 1846.13806152,
  "Brighton": 1842.17346191,
  "Atlético": 1819.04589844,
  "Everton": 1818.14013672,
  "Leverkusen": 1815.66162109,
  "Fulham": 1814.70397949,
  "Benfica": 1811.93017578,
  "Milan": 1811.46765137,
  "Tottenham": 1809.08557129,
  "Roma": 1802.40405273,
  "Crystal Palace": 1801.03063965,
  "Atalanta": 1795.58837891,
  "Leeds": 1793.734375,
  "Forest": 1789.04736328,
  "Napoli": 1788.00756836,
  "Juventus": 1780.58508301,
  "Porto": 1778.47888184,
  "PSV": 1770.04663086,
  "Stuttgart": 1757.26464844,
  "Lyon": 1757.16149902,
  "Betis": 1752.64990234,
  "Lens": 1751.4786377,
  "West Ham": 1751.06298828,
  "RB Leipzig": 1744.64758301,
  "Villarreal": 1739.32958984,
  "Como": 1738.73278809,
  "Hoffenheim": 1734.89794922,
  "Brugge": 1732.12109375,
  "Saint-Gilloise": 1724.16101074,
  "Marseille": 1719.75256348,
  "Galatasaray": 1714.1340332,
  "Burnley": 1707.32629395,
  "Bodø/Glimt": 1705.78625488,
  "Strasbourg": 1705.34814453,
  "Athletic": 1704.75195312,
  "Celta": 1704.01379395,
  "Lazio": 1703.05078125,
  "Bologna": 1699.48986816,
  "Midtjylland": 1699.10205078,
  "Freiburg": 1699.05944824,
  "Sunderland": 1696.25195312,
  "Monaco": 1691.99243164,
  "Lille": 1690.49157715,
  "Braga": 1690.21740723,
  "Olympiacos": 1689.13122559,
  "Osasuna": 1684.89697266,
  "Rennais": 1681.50524902,
  "Fenerbahce": 1681.24206543,
  "Frankfurt": 1680.63183594,
  "Wolverhampton": 1680.11889648,
  "Real Sociedad": 1669.80187988,
  "Zenit": 1662.57800293,
  "Fiorentina": 1662.25769043,
  "Slavia Prag": 1661.36401367,
  "Mainz": 1659.22460938,
  "Brest": 1655.03820801,
  "Valencia": 1642.61791992,
  "FC Krasnodar": 1639.16955566,
  "Rayo Vallecano": 1636.23071289,
  "Toulouse": 1636.03393555,
  "AEK": 1634.20263672,
  "Union Berlin": 1632.67980957,
  "Genoa": 1632.04943848,
  "Girona": 1627.6361084,
  "Sassuolo": 1627.58093262,
  "Espanyol": 1625.28759766,
  "Augsburg": 1625.0020752,
  "Lorient": 1621.28979492,
  "Werder": 1614.57592773,
  "Parma": 1613.71557617,
  "Gladbach": 1613.50061035,
  "PAOK": 1612.78967285,
  "Mallorca": 1612.33422852,
  "Getafe": 1608.51208496,
  "Sevilla": 1608.44665527,
  "Feyenoord": 1605.68884277,
  "Wolfsburg": 1605.39819336,
  "Alaves": 1604.73181152,
  "Torino": 1604.43139648,
  "Crvena Zvezda": 1604.10522461,
  "Udinese": 1602.80895996,
  "Hamburg": 1600.59204102,
  "Cagliari": 1597.4440918,
  "Genk": 1596.27490234,
  "CSKA Moskva": 1595.08752441,
  "Viking": 1593.52612305,
  "Viktoria Plzen": 1591.6072998,
  "Ajax": 1591.55810547,
  "Sparta Praha": 1587.03051758,
  "Nice": 1582.20837402,
  "Elche": 1582.15197754,
  "Copenhagen": 1580.70654297,
  "Koeln": 1579.26757812,
  "Aarhus": 1579.13916016,
  "Lok Moskva": 1576.38354492,
  "Levante": 1568.39575195,
  "Pafos": 1567.75341797,
  "St Pauli": 1565.33850098,
  "Lecce": 1563.78637695,
  "Le Havre": 1560.48608398,
  "St Truiden": 1557.97558594,
  "Auxerre": 1556.36560059,
  "Qarabag FK": 1555.64477539,
  "Panathinaikos": 1555.22741699,
  "Angers": 1553.22973633,
  "Celtic": 1551.57849121,
  "Spartak Moskva": 1550.35656738,
  "Cremonese": 1548.3359375,
  "Shakhtar": 1547.77954102,
  "Mjaellby": 1546.16772461,
  "Guimaraes": 1546.15893555,
  "Real Oviedo": 1545.79138184,
  "Famalicao": 1543.16589355,
  "Dinamo Zagreb": 1541.72583008,
  "Anderlecht": 1541.49658203,
  "Gil Vicente": 1540.30249023,
  "Rangers": 1538.57897949,
  "Brondby": 1538.19958496,
  "Twente": 1534.51611328,
  "Rakow": 1533.60742188,
  "Trabzonspor": 1533.48657227,
  "Paris FC": 1533.46057129,
  "Alkmaar": 1532.10986328,
  "Brann": 1527.21862793,
  "Nantes": 1523.74047852,
  "Besiktas": 1523.15307617,
  "Nijmegen": 1522.71826172,
  "Heidenheim": 1521.48181152,
  "Estoril": 1519.19006348,
  "Nordsjaelland": 1517.81323242,
  "Mechelen": 1517.11938477,
  "Charleroi": 1516.11547852,
  "Verona": 1514.24987793,
  "Lech": 1509.07727051,
  "Antwerp": 1508.87121582,
  "Jagiellonia": 1508.38024902,
  "Hammarby": 1507.85095215,
  "Pisa": 1507.30883789,
  "RB Salzburg": 1506.01135254,
  "Metz": 1504.89233398,
  "Dynamo Moskva": 1504.17382812,
  "Gent": 1502.97619629,
  "Larnaca": 1502.88977051,
  "Ferencvaros": 1500.89807129,
  "Jablonec": 1498.90600586,
  "Moreirense": 1496.97790527,
  "Bueyueksehir": 1493.98547363,
  "Viborg": 1491.28747559,
  "Westerlo": 1486.78356934,
  "Aris Limassol": 1484.90368652,
  "Utrecht": 1484.48828125,
  "Djurgarden": 1482.56896973,
  "Baltika": 1477.88574219,
  "Omonia": 1477.53527832,
  "Tromso": 1473.44458008,
  "Standard": 1473.03076172,
  "SonderjyskE": 1471.73217773,
  "Arouca": 1470.4720459,
  "Cercle Brugge": 1469.47814941,
  "Beer-Sheva": 1468.04675293,
  "Craiova": 1466.27575684,
  "Hearts": 1464.7722168,
  "Thun": 1464.03186035,
  "Goeztepe": 1460.5168457,
  "Randers": 1459.7635498,
  "Slovan Liberec": 1458.63537598,
  "Razgrad": 1458.38964844,
  "Sparta Rotterdam": 1457.68615723,
  "Molde": 1457.37145996,
  "Basel": 1454.51794434,
  "Sturm Graz": 1452.91064453,
  "Leuven": 1451.88574219,
  "StGallen": 1449.53869629,
  "Rosenborg": 1449.24914551,
  "Lugano": 1444.93334961,
  "Cracovia": 1444.65625,
  "Casa Pia": 1443.23449707,
  "Heerenveen": 1440.62158203,
  "Steaua": 1440.14355469,
  "Pogon": 1439.84924316,
  "Santa Clara": 1439.36523438,
  "Levski": 1435.56542969,
  "Rostov": 1435.17077637,
  "Gyoer": 1434.53369141,
  "Celje": 1434.37536621,
  "Levadeiakos": 1431.74353027,
  "CFR Cluj": 1431.22729492,
  "Malmoe": 1430.48388672,
  "Aris": 1430.22509766,
  "Rubin Kazan": 1430.16821289,
  "Austria Wien": 1428.31005859,
  "Young Boys": 1428.16113281,
  "Sandefjord": 1427.33276367,
  "Go Ahead Eagles": 1426.44189453,
  "Rio Ave": 1425.47924805,
  "Silkeborg": 1423.50500488,
  "Fredrikstad": 1423.23242188,
  "Gornik": 1423.17907715,
  "Nacional": 1422.80957031,
  "Dynamo Kyiv": 1422.36474609,
  "Lubin": 1422.13928223,
  "Samsunspor": 1421.03662109,
  "Legia": 1420.42333984,
  "Hajduk": 1419.42834473,
  "Hibernian": 1418.10351562,
  "Alverca": 1417.46948242,
  "M Tel Aviv": 1417.34472656,
  "Korona": 1415.56982422,
  "LASK": 1414.66943359,
  "Radomiak": 1414.47485352,
  "Piast Gliwice": 1413.03857422,
  "Hradec Kralove": 1410.69592285,
  "Motherwell": 1409.66271973,
  "Odense": 1408.60852051,
  "Rijeka": 1408.38183594,
  "Lausanne": 1407.86791992,
  "GAIS": 1407.73730469,
  "Luzern": 1404.39550781,
  "Sarpsborg": 1404.25109863,
  "Alanyaspor": 1403.0177002,
  "Zwolle": 1403.01623535,
  "Servette": 1401.84814453,
  "Sion": 1401.72839355,
  "Estrela Amadora": 1401.46325684,
  "Goeteborg": 1398.76123047,
  "Katowice": 1397.74182129,
  "Tondela": 1397.06066895,
  "Sittard": 1396.77966309,
  "Maccabi Haifa": 1396.15612793,
  "Groningen": 1395.34228516,
  "Lechia": 1394.95019531,
  "Zulte Waregem": 1394.5859375,
  "AIK": 1393.45727539,
  "Universitatea Cluj": 1392.08117676,
  "Rizespor": 1388.9822998,
  "IK Sirius": 1388.53955078,
  "Terek Grozny": 1387.9239502,
  "Banik Ostrava": 1387.53613281,
  "Rapid Bucuresti": 1386.82189941,
  "Wolfsberg": 1386.53796387,
  "Ham-Kam": 1384.62036133,
  "Beitar": 1384.28881836,
  "Hartberg": 1381.4375,
  "CSKA Sofia": 1380.2578125,
  "Partizan": 1379.75537109,
  "Konyaspor": 1379.27832031,
  "Plock": 1378.89282227,
  "Kryliya Sovetov": 1378.48657227,
  "Puskas Akademia": 1378.30944824,
  "Kasimpasa": 1377.58422852,
  "RAAL": 1376.70288086,
  "Dinamo Bucuresti": 1376.66040039,
  "Sigma Olomouc": 1376.33178711,
  "Elfsborg": 1375.86462402,
  "Valerenga": 1375.45568848,
  "Dender": 1375.41796875,
  "Akron Togliatti": 1374.86291504,
  "Kocaelispor": 1374.49743652,