{
  "Inter": 1900.69006348,
  "Atalanta": 1812.16210938,
  "Milan": 1809.05981445,
  "Roma": 1799.99621582,
  "Napoli": 1785.59973145,
  "Juventus": 1775.02355957,
  "Como": 1736.32495117,
  "Lazio": 1700.64294434,
  "Bologna": 1697.08203125,
  "Fiorentina": 1659.84985352,
  "Genoa": 1629.64160156,
  "Sassuolo": 1625.1730957,
  "Parma": 1611.30773926,
  "Torino": 1602.02355957,
  "Udinese": 1600.40112305,
  "Cagliari": 1595.03625488,
  "Venezia": 1585.88208008,
  "Lecce": 1561.37854004,
  "Cremonese": 1545.92797852,
  "Monza": 1544.55004883,
  "Frosinone": 1530.16662598,
  "Palermo": 1523.9609375,
  "Verona": 1511.84204102,
  "Pisa": 1504.90100098,
  "Catanzaro": 1478.05700684,
  "Modena": 1467.90905762,
  "Empoli": 1455.78271484,
  "Juve Stabia": 1440.75463867,
  "Suedtirol": 1434.2623291,
  "Spezia": 1410.35766602,
  "Sampdoria": 1409.57788086,
  "Cesena": 1392.50866699,
  "Carrarese": 1391.00280762,
  "Reggiana": 1364.64453125,
  "Padova": 1362.93981934,
  "Mantova": 1360.21765137,
  "Bari": 1353.96630859,
  "Entella": 1348.69702148,
  "Avellino": 1346.52001953,
  "Pescara": 1313.94372559
}