{
  "Barcelona": 1952.84851074,
  "Real Madrid": 1932.93237305,
  "Atletico": 1869.3972168,
  "Athletic": 1814.69311523,
  "Villarreal": 1772.88439941,
  "Betis": 1742.07189941,
  "Sociedad": 1691.05810547,
  "Valencia": 1683.00732422,
  "Celta": 1673.11425781,
  "Osasuna": 1672.97851562,
  "Mallorca": 1669.20983887,
  "Sevilla": 1668.54772949,
  "Getafe": 1667.63037109,
  "Girona": 1667.04956055,
  "Espanyol": 1657.86254883,
  "Rayo Vallecano": 1646.59313965,
  "Alaves": 1627.19128418,
  "Las Palmas": 1600.74487305,
  "Levante": 1596.07849121,
  "Elche": 1591.1307373,
  "Leganes": 1579.54626465,
  "Oviedo": 1554.92834473,
  "Granada": 1553.6171875,
  "Almeria": 1552.75793457,
  "Santander": 1540.5513916,
  "Huesca": 1539.63635254,
  "Mirandes": 1537.70043945,
  "Cadiz": 1529.6706543,
  "Eibar": 1520.91601562,
  "Valladolid": 1507.64196777,
  "Albacete": 1501.22045898,
  "Burgos": 1500.6295166,
  "Depor": 1499.44470215,
  "Cordoba": 1490.62316895,
  "Gijon": 1484.59118652,
  "Zaragoza": 1461.7779541,
  "Castellon": 1455.69934082,
  "Tenerife": 1454.99938965,
  "Malaga": 1444.92504883,
  "Eldense": 1438.22827148,
  "Ferrol": 1360.8416748,
  "Cartagena": 1342.29638672
}