{
  "PSG": 1967.8302002,
  "Marseille": 1755.26123047,
  "Lille": 1740.80541992,
  "Lyon": 1726.73046875,
  "Lens": 1724.97607422,
  "Monaco": 1716.43432617,
  "Strasbourg": 1711.3223877,
  "Rennais": 1659.93774414,
  "Nice": 1650.4810791,
  "Toulouse": 1647.46228027,
  "Brest": 1633.45068359,
  "Lorient": 1569.0604248,
  "Auxerre": 1566.30981445,
  "Le Havre": 1560.74682617,
  "Nantes": 1558.7166748,
  "Metz": 1556.4329834,
  "Paris FC": 1546.58532715,
  "Angers": 1545.92211914,
  "Reims": 1543.31616211,
  "Saint-Etienne": 1520.90625,
  "Montpellier": 1475.56640625,
  "Troyes": 1475.54077148,
  "Dunkerque": 1446.83825684,
  "Guingamp": 1437.11877441,
  "Red Star": 1420.74487305,
  "Annecy": 1416.32067871,
  "Grenoble": 1408.60888672,
  "Pau": 1404.69506836,
  "Rodez": 1403.43395996,
  "Clermont": 1399.40966797,
  "Le Mans": 1397.921875,
  "Laval": 1392.85632324,
  "Bastia": 1375.74523926,
  "Amiens": 1370.3737793,
  "Nancy": 1351.68908691,
  "Boulogne": 1346.81359863
}