{
  "Barcelona": 1941.46325684,
  "Real Madrid": 1936.61022949,
  "Atletico": 1850.98681641,
  "Athletic": 1794.14172363,
  "Betis": 1763.68469238,
  "Villarreal": 1758.94042969,
  "Valencia": 1684.19555664,
  "Sociedad": 1682.56396484,
  "Celta": 1679.72167969,
  "Osasuna": 1672.89160156,
  "Girona": 1657.24963379,
  "Mallorca": 1651.5098877,
  "Sevilla": 1650.20495605,
  "Espanyol": 1650.04553223,
  "Getafe": 1645.05310059,
  "Rayo Vallecano": 1643.20507812,
  "Alaves": 1637.32421875,
  "Las Palmas": 1597.75598145,
  "Elche": 1590.11486816,
  "Levante": 1583.96911621,
  "Leganes": 1582.42175293,
  "Oviedo": 1566.24267578,
  "Almeria": 1543.4375,
  "Granada": 1542.62438965,
  "Santander": 1541.8293457,
  "Mirandes": 1536.4251709,
  "Cadiz": 1520.16662598,
  "Huesca": 1511.38391113,
  "Eibar": 1502.4251709,
  "Depor": 1499.67822266,
  "Cordoba": 1496.12670898,
  "Valladolid": 1491.74865723,
  "Albacete": 1490.51928711,
  "Burgos": 1480.87023926,
  "Gijon": 1477.8001709,
  "Castellon": 1465.83935547,
  "Malaga": 1459.36682129,
  "Zaragoza": 1457.80969238,
  "Tenerife": 1457.68322754,
  "Eldense": 1415.52624512,
  "Ferrol": 1353.69396973,
  "Cartagena": 1340.3560791
}