{
  "PSG": 1969.20373535,
  "Marseille": 1768.72436523,
  "Lille": 1744.61132812,
  "Lens": 1731.29833984,
  "Lyon": 1723.8626709,
  "Strasbourg": 1705.0,
  "Monaco": 1702.72570801,
  "Rennais": 1673.64624023,
  "Brest": 1638.10876465,
  "Nice": 1637.01794434,
  "Toulouse": 1635.28686523,
  "Lorient": 1570.42089844,
  "Auxerre": 1569.17773438,
  "Le Havre": 1559.37341309,
  "Angers": 1558.09790039,
  "Nantes": 1557.3560791,
  "Metz": 1551.77502441,
  "Reims": 1543.31616211,
  "Paris FC": 1542.77941895,
  "Saint-Etienne": 1523.90429688,
  "Troyes": 1483.00073242,
  "Montpellier": 1475.56652832,
  "Dunkerque": 1447.25317383,
  "Guingamp": 1444.7857666,
  "Annecy": 1422.02624512,
  "Red Star": 1418.53271484,
  "Le Mans": 1407.46289062,
  "Rodez": 1403.01916504,
  "Clermont": 1401.62194824,
  "Grenoble": 1396.89379883,
  "Pau": 1395.1541748,
  "Laval": 1385.39648438,
  "Bastia": 1370.03955078,
  "Amiens": 1362.70666504,
  "Boulogne": 1358.52880859,
  "Nancy": 1348.69116211
}