{
  "Arsenal": 2035.26098633,
  "Manchester City": 1963.13110352,
  "Liverpool": 1924.99902344,
  "Chelsea": 1914.14135742,
  "Aston Villa": 1882.00622559,
  "Newcastle": 1866.28393555,
  "Brighton": 1851.00109863,
  "Crystal Palace": 1831.68835449,
  "Manchester United": 1821.47375488,
  "Brentford": 1816.65966797,
  "Tottenham": 1802.07165527,
  "Everton": 1797.05969238,
  "Bournemouth": 1796.37683105,
  "Fulham": 1775.79052734,
  "Forest": 1767.1784668,
  "West Ham": 1722.95092773,
  "Burnley": 1702.98120117,
  "Leeds": 1701.42944336,
  "Wolverhampton": 1660.25744629,
  "Sunderland": 1645.07849121,
  "Coventry": 1637.77331543,
  "Ipswich": 1586.90100098,
  "Leicester": 1560.89746094,
  "Middlesbrough": 1552.80517578,
  "Sheffield United": 1546.50683594,
  "Southampton": 1544.1854248,
  "Bristol City": 1531.07519531,
  "Stoke": 1523.41711426,
  "Millwall": 1521.49414062,
  "West Brom": 1514.67492676,
  "Preston": 1514.38146973,
  "Hull": 1507.52575684,
  "Blackburn": 1494.05273438,
  "Watford": 1493.12841797,
  "Derby": 1492.37573242,
  "Birmingham": 1485.00134277,
  "QPR": 1483.80944824,
  "Wrexham": 1476.62963867,
  "Swansea": 1463.88977051,
  "Oxford": 1453.6697998,
  "Norwich": 1448.45043945,
  "Charlton": 1444.4050293,
  "Portsmouth": 1443.07214355,
  "Sheffield Weds": 1397.79907227
}