{
  "Bayern Munich": 1980.68786621,
  "Borussia Dortmund": 1830.56921387,
  "Leverkusen": 1811.27001953,
  "Stuttgart": 1751.15209961,
  "RB Leipzig": 1739.02600098,
  "Hoffenheim": 1729.27648926,
  "Freiburg": 1693.43786621,
  "Frankfurt": 1675.01049805,
  "Mainz": 1653.60302734,
  "Union Berlin": 1627.05822754,
  "Augsburg": 1619.38049316,
  "Werder": 1608.95446777,
  "Gladbach": 1607.87890625,
  "Wolfsburg": 1599.77661133,
  "Hamburg": 1594.97045898,
  "Koeln": 1573.64611816,
  "St Pauli": 1559.71704102,
  "Elversberg": 1523.94958496,
  "Darmstadt": 1522.84313965,
  "Paderborn": 1518.96264648,
  "Heidenheim": 1515.86022949,
  "Hannover": 1506.67138672,
  "Bochum": 1502.47265625,
  "Schalke": 1487.61804199,
  "Hertha": 1469.86157227,
  "Lautern": 1464.32824707,
  "Holstein": 1453.0,
  "Karlsruhe": 1437.65490723,
  "Nuernberg": 1436.2109375,
  "Duesseldorf": 1432.54321289,
  "Magdeburg": 1407.99902344,
  "Bielefeld": 1389.98474121,
  "Muenster": 1388.82104492,
  "Braunschweig": 1363.87792969,
  "Fuerth": 1360.21020508,
  "Dresden": 1356.17944336
}