{
  "PSG": 1987.77941895,
  "Lille": 1775.41711426,
  "Marseille": 1767.09350586,
  "Monaco": 1755.22338867,
  "Lyon": 1754.56665039,
  "Strasbourg": 1726.04943848,
  "Lens": 1715.30151367,
  "Nice": 1690.34570312,
  "Toulouse": 1666.87658691,
  "Brest": 1653.71984863,
  "Rennais": 1653.08398438,
  "Auxerre": 1597.26452637,
  "Lorient": 1589.48632812,
  "Nantes": 1586.72058105,
  "Le Havre": 1573.03759766,
  "Reims": 1562.12841797,
  "Paris FC": 1554.0637207,
  "Angers": 1551.73217773,
  "Metz": 1546.47436523,
  "Saint-Etienne": 1535.97094727,
  "Troyes": 1499.6282959,
  "Montpellier": 1477.10009766,
  "Dunkerque": 1453.56774902,
  "Guingamp": 1446.62280273,
  "Annecy": 1440.30981445,
  "Rodez": 1432.47375488,
  "Red Star": 1425.0814209,
  "Pau": 1415.9005127,
  "Clermont": 1415.07458496,
  "Le Mans": 1407.5032959,
  "Grenoble": 1406.91247559,
  "Laval": 1402.09863281,
  "Amiens": 1400.80517578,
  "Bastia": 1391.16931152,
  "Nancy": 1385.52697754,
  "Boulogne": 1352.97192383
}