{
  "Barcelona": 1953.36730957,
  "Real Madrid": 1924.69067383,
  "Atlético": 1829.45397949,
  "Villarreal": 1761.1237793,
  "Betis": 1748.90966797,
  "Rayo Vallecano": 1715.21398926,
  "Celta": 1702.5559082,
  "Valencia": 1699.19372559,
  "Athletic": 1679.67944336,
  "Real Sociedad": 1671.24414062,
  "Getafe": 1665.8536377,
  "Osasuna": 1652.03674316,
  "Mallorca": 1644.55163574,
  "Levante": 1640.51867676,
  "Girona": 1637.58459473,
  "Alaves": 1636.76049805,
  "Espanyol": 1631.23449707,
  "Sevilla": 1627.70202637,
  "Elche": 1625.18212891,
  "Las Palmas": 1586.8684082,
  "Racing": 1583.71105957,
  "Malaga": 1570.40661621,
  "Real Oviedo": 1559.74768066,
  "Almeria": 1558.04248047,
  "Eibar": 1551.5513916,
  "Castellon": 1548.10766602,
  "Depor": 1548.09240723,
  "Burgos": 1543.57470703,
  "Sporting": 1501.76782227,
  "Albacete": 1498.08837891,
  "FC Andorra": 1495.7565918,
  "Leganes": 1483.35803223,
  "Cordoba": 1476.7520752,
  "Granada": 1463.03540039,
  "Ceuta": 1456.44396973,
  "Mirandes": 1441.85888672,
  "Sociedad B": 1430.25927734,
  "Valladolid": 1427.11730957,
  "Cadiz": 1411.75646973,
  "Huesca": 1406.8170166,
  "Zaragoza": 1386.47680664,
  "Leonesa": 1369.58703613
}