{
  "PSG": 1955.02185059,
  "Lens": 1758.00097656,
  "Lyon": 1754.75036621,
  "Marseille": 1750.21557617,
  "Monaco": 1738.56958008,
  "Lille": 1724.75695801,
  "Strasbourg": 1711.97973633,
  "Rennais": 1703.51464844,
  "Brest": 1671.95092773,
  "Lorient": 1645.25085449,
  "Toulouse": 1642.68554688,
  "Nice": 1587.79150391,
  "Auxerre": 1572.22973633,
  "Le Havre": 1569.44873047,
  "Paris FC": 1566.14001465,
  "Angers": 1556.77075195,
  "Reims": 1536.58068848,
  "Saint-Etienne": 1530.11218262,
  "Nantes": 1524.98291016,
  "Metz": 1502.96313477,
  "Troyes": 1496.14550781,
  "Montpellier": 1475.87390137,
  "Rodez": 1469.04858398,
  "Le Mans": 1462.3046875,
  "Dunkerque": 1458.09020996,
  "Annecy": 1444.55981445,
  "Guingamp": 1443.41760254,
  "Red Star": 1417.20214844,
  "Pau": 1397.88830566,
  "Grenoble": 1392.63525391,
  "Boulogne": 1386.28430176,
  "Clermont": 1383.79101562,
  "Bastia": 1367.41113281,
  "Laval": 1351.03552246,
  "Nancy": 1330.53735352,
  "Amiens": 1329.43664551
}