{
  "PSG": 1989.25048828,
  "Lille": 1777.7487793,
  "Marseille": 1772.30566406,
  "Lyon": 1753.34423828,
  "Monaco": 1741.20471191,
  "Lens": 1721.81311035,
  "Strasbourg": 1711.47277832,
  "Nice": 1688.87463379,
  "Rennais": 1667.66064453,
  "Toulouse": 1662.76074219,
  "Brest": 1654.94226074,
  "Auxerre": 1592.05249023,
  "Lorient": 1582.97473145,
  "Le Havre": 1577.15332031,
  "Nantes": 1571.5213623,
  "Paris FC": 1568.08239746,
  "Metz": 1561.67358398,
  "Reims": 1549.76220703,
  "Angers": 1549.40039062,
  "Saint-Etienne": 1526.7598877,
  "Troyes": 1498.90539551,
  "Montpellier": 1484.76196289,
  "Dunkerque": 1465.93395996,
  "Guingamp": 1454.40405273,
  "Annecy": 1436.34057617,
  "Red Star": 1434.2923584,
  "Rodez": 1424.81201172,
  "Pau": 1416.62365723,
  "Grenoble": 1416.44555664,
  "Le Mans": 1413.58508301,
  "Clermont": 1407.73352051,
  "Bastia": 1398.51037598,
  "Laval": 1394.31738281,
  "Amiens": 1391.27209473,
  "Nancy": 1379.44519043,
  "Boulogne": 1356.94104004
}