{
  "Arsenal": 2037.34692383,
  "Bayern Munich": 1988.42089844,
  "PSG": 1982.4753418,
  "Manchester City": 1956.28100586,
  "Real Madrid": 1934.4354248,
  "Liverpool": 1918.48693848,
  "Barcelona": 1917.32617188,
  "Inter": 1916.79846191,
  "Chelsea": 1912.05566406,
  "Aston Villa": 1879.55371094,
  "Atlético": 1874.71496582,
  "Leverkusen": 1874.34533691,
  "Newcastle": 1855.70788574,
  "Borussia Dortmund": 1855.34008789,
  "Crystal Palace": 1841.87060547,
  "Brighton": 1840.19165039,
  "Napoli": 1823.52990723,
  "Bournemouth": 1817.69519043,
  "Roma": 1817.3605957,
  "Sporting": 1814.42199707,
  "Milan": 1813.5838623,
  "PSV": 1812.58044434,
  "Manchester United": 1811.29162598,
  "Brentford": 1810.51086426,
  "Tottenham": 1809.21228027,
  "Everton": 1801.13378906,
  "Atalanta": 1795.22790527,
  "Juventus": 1792.95495605,
  "Marseille": 1786.50146484,
  "Benfica": 1782.01513672,
  "Forest": 1777.98791504,
  "Villarreal": 1776.90002441,
  "RB Leipzig": 1773.68835449,
  "Bologna": 1772.62158203,
  "Fulham": 1770.13146973,
  "Lazio": 1758.49755859,
  "Lille": 1757.96630859,
  "Porto": 1756.30285645,
  "Betis": 1748.6595459,
  "Frankfurt": 1748.13305664,
  "Stuttgart": 1747.81958008,
  "Lyon": 1743.06286621,
  "Saint-Gilloise": 1741.01147461,
  "Lens": 1740.62634277,
  "Brugge": 1739.79174805,
  "West Ham": 1729.46313477,
  "Strasbourg": 1723.87402344,
  "Athletic": 1718.51599121,
  "Galatasaray": 1717.63146973,
  "Monaco": 1710.08581543,
  "Freiburg": 1709.87243652,
  "Burnley": 1709.13012695,
  "Como": 1703.96008301,
  "Leeds": 1703.43652344,
  "Fenerbahce": 1690.70825195,
  "Werder": 1689.58984375,
  "Slavia Prag": 1689.01171875,
  "Rennais": 1682.97412109,
  "Olympiacos": 1682.9543457,
  "Celta": 1681.13708496,
  "Fiorentina": 1680.20776367,
  "Hoffenheim": 1674.94726562,
  "Mainz": 1668.32373047,
  "Torino": 1664.87756348,
  "Real Sociedad": 1664.76525879,
  "Midtjylland": 1663.0435791,
  "Wolverhampton": 1662.71008301,
  "Braga": 1656.32910156,
  "Zenit": 1654.78491211,
  "Valencia": 1652.76184082,
  "Rayo Vallecano": 1651.25354004,
  "Gladbach": 1649.09387207,
  "Union Berlin": 1648.92724609,
  "Brest": 1647.43811035,
  "Espanyol": 1646.71240234,
  "Toulouse": 1644.60339355,
  "Feyenoord": 1644.01660156,
  "Osasuna": 1643.5526123,
  "Nice": 1640.02087402,
  "Bodø/Glimt": 1638.86291504,
  "Sevilla": 1635.65380859,
  "Sunderland": 1633.62390137,
  "FC Krasnodar": 1629.06811523,
  "Getafe": 1628.71630859,
  "Mallorca": 1626.69226074,
  "Alaves": 1625.15014648,
  "Sassuolo": 1624.40405273,
  "Wolfsburg": 1622.41333008,
  "Genoa": 1618.04943848,
  "Genk": 1615.22424316,
  "Augsburg": 1614.28088379,
  "Udinese": 1611.73681641,
  "Celtic": 1610.80517578,
  "PAOK": 1607.97290039,
  "CSKA Moskva": 1606.08630371,
  "Elche": 1604.79821777,
  "Copenhagen": 1602.77648926,
  "Parma": 1594.89355469,
  "Koeln": 1594.81469727,
  "Girona": 1594.5098877,
  "Cagliari": 1594.27270508,
  "Sparta Praha": 1591.58544922,
  "Viktoria Plzen": 1590.61083984,
  "Alkmaar": 1587.91271973,
  "Levante": 1586.48718262,
  "Anderlecht": 1586.19287109,
  "Lorient": 1579.7487793,
  "Auxerre": 1578.50561523,
  "Viking": 1577.35021973,
  "Brondby": 1576.71533203,
  "Lecce": 1572.63623047,
  "Crvena Zvezda": 1570.66101074,
  "AEK": 1568.77172852,
  "Le Havre": 1568.70129395,
  "Hamburg": 1568.12145996,
  "Qarabag": 1567.44592285,
  "Angers": 1567.43688965,
  "Ajax": 1567.29321289,
  "Nantes": 1566.68408203,
  "Cremonese": 1565.51184082,
  "Lok Moskva": 1562.22839355,
  "Metz": 1561.10144043,
  "Shakhtar": 1559.16442871,
  "Verona": 1558.84387207,
  "Panathinaikos": 1558.29931641,
  "St Pauli": 1556.08068848,
  "Pafos": 1555.39990234,
  "Spartak Moskva": 1554.91381836,
  "Mjaellby": 1553.49645996,
  "Real Oviedo": 1552.37402344,
  "Paris FC": 1552.1072998,
  "Pisa": 1550.26586914,
  "Famalicao": 1548.65930176,
  "Guimaraes": 1547.13647461,
  "Aarhus": 1542.48632812,
  "Heidenheim": 1538.75561523,
  "Utrecht": 1538.56872559,
  "Rakow": 1536.46875,
  "Brann": 1534.59387207,
  "Twente": 1527.85473633,
  "Rangers": 1526.16503906,
  "Dinamo Zagreb": 1522.53930664,
  "Ferencvaros": 1521.74035645,
  "Jagiellonia": 1521.35949707,
  "Trabzonspor": 1517.7923584,
  "Hammarby": 1515.1796875,
  "Jablonec": 1511.44848633,
  "Nijmegen": 1511.40979004,
  "Mechelen": 1510.1862793,
  "Basel": 1508.42041016,
  "Gil Vicente": 1506.84606934,
  "Dynamo Moskva": 1505.26538086,
  "RB Salzburg": 1504.29650879,
  "Young Boys": 1504.0057373,
  "Larnaca": 1501.90844727,
  "Besiktas": 1495.75708008,
  "Charleroi": 1493.90844727,
  "Lech": 1493.65734863,
  "Moreirense": 1492.60839844,
  "St Truiden": 1492.58837891,
  "Gent": 1491.5032959,
  "Nordsjaelland": 1490.25915527,
  "Antwerp": 1490.03027344,
  "Djurgarden": 1489.89770508,
  "Omonia": 1489.50170898,
  "Sturm Graz": 1487.13891602,
  "Samsunspor": 1485.20007324,
  "Aris Limassol": 1484.65136719,
  "Beer-Sheva": 1483.51855469,
  "Estoril": 1477.56811523,
  "Celje": 1472.43334961,
  "Viborg": 1468.7824707,
  "Baltika": 1464.58374023,
  "Gornik": 1464.50061035,
  "M Tel Aviv": 1462.69250488,
  "Santa Clara": 1460.56164551,
  "Slovan Liberec": 1459.36181641,
  "Randers": 1457.23937988,
  "Go Ahead Eagles": 1456.45117188,
  "Westerlo": 1455.22631836,
  "Craiova": 1454.61132812,
  "Sparta Rotterdam": 1454.40930176,
  "Rio Ave": 1454.13330078,
  "Molde": 1453.84802246,
  "Tromso": 1452.80981445,
  "Pogon": 1450.28027344,
  "Legia": 1450.16955566,
  "Malmoe": 1449.04858398,
  "Arouca": 1448.40661621,
  "Silkeborg": 1447.59436035,
  "Goeztepe": 1447.30578613,
  "Hearts": 1446.70288086,
  "Razgrad": 1446.28930664,
  "Rostov": 1446.07922363,
  "Bueyueksehir": 1442.73718262,
  "SonderjyskE": 1440.05444336,
  "Casa Pia": 1438.33361816,
  "Rubin Kazan": 1437.05541992,
  "Standard": 1437.05078125,
  "Sigma Olomouc": 1435.44055176,
  "Hradec Kralove": 1434.29821777,
  "Cercle Brugge": 1433.09069824,
  "Heerenveen": 1432.84399414,
  "StGallen": 1432.15454102,
  "Steaua": 1431.13415527,
  "Rosenborg": 1429.78125,
  "Leuven": 1428.47131348,
  "Wolfsberg": 1426.65563965,
  "Levski": 1426.14416504,
  "Lausanne": 1425.4921875,
  "Cracovia": 1424.74816895,
  "Dynamo Kyiv": 1422.68103027,
  "Nacional": 1420.24816895,
  "Korona": 1418.5892334,
  "Piast Gliwice": 1417.67785645,
  "Austria Wien": 1416.76989746,
  "Fredrikstad": 1416.69543457,
  "Alanyaspor": 1416.02929688,
  "GAIS": 1415.06616211,
  "LASK": 1414.18981934,
  "Aris": 1414.0411377,
  "Gaziantep FK": 1413.5045166,
  "Banik Ostrava": 1413.38110352,
  "Groningen": 1412.55407715,
  "Rapid Bucuresti": 1411.13964844,
  "Sittard": 1410.19897461,
  "Zwolle": 1409.67602539,
  "Hajduk": 1408.79150391,
  "Sandefjord": 1407.96166992,
  "Hibernian": 1406.56225586,
  "Goeteborg": 1406.08984375,
  "Servette": 1405.46899414,
  "Kasimpasa": 1404.33825684,
  "AIK": 1400.78601074,
  "Levadeiakos": 1399.12158203,
  "Luzern": 1398.01940918,
  "Radomiak": 1397.64489746,
  "Puskas Akademia": 1396.56994629,
  "IK Sirius": 1395.8684082,
  "Paksi": 1394.78466797,
  "Maccabi Haifa": 1394.43127441,
  "Zulte Waregem": 1394.1217041,
  "Plock": 1390.60437012,
  "Rizespor": 1390.27282715,
  "Lugano": 1389.64001465,
  "Alverca": 1388.49438477,
  "Lubin": 1387.66931152,
  "Estrela Amadora": 1387.09558105,
  "Rapid Wien": 1385.28845215,
  "Sarpsborg": 1384.62634277,
  "Akron Togliatti": 1384.13623047,
  "Elfsborg": 1383.19348145,
  "CFR Cluj": 1382.8581543,
  "Hartberg": 1381.86071777,
  "Odense": 1381.0682373,
  "Haecken": 1380.88464355,
  "Gyoer": 1380.17993164,
  "Heracles": 1380.07727051,
  "Konyaspor": 1378.17993164,
  "Slovan Bratislava": 1378.08483887,
  "Terek Grozny": 1378.05529785,
  "Kryliya Sovetov": 1377.54748535,
  "Ham-Kam": 1377.5045166,
  "Katowice": 1376.78991699,
  "Partizan": 1374.74511719,
  "Rijeka": 1374.55957031,
  "Dender": 1372.09570312,
  "Thun": 1370.07434082,
  "Motor Lublin": 1369.5255127,
  "KFUM Oslo": 1369.21325684,
  "Zuerich": 1368.56445312,
  "Valerenga": 1368.48327637,
  "Karvina": 1367.58044434,