{
  "Arsenal": 2042.26855469,
  "Manchester City": 1983.80944824,
  "Liverpool": 1933.28112793,
  "Aston Villa": 1912.16625977,
  "Chelsea": 1895.74694824,
  "Newcastle": 1880.37756348,
  "Crystal Palace": 1855.57458496,
  "Brighton": 1847.01574707,
  "Manchester United": 1835.53430176,
  "Tottenham": 1826.74462891,
  "Everton": 1817.23999023,
  "Brentford": 1812.33117676,
  "Bournemouth": 1806.94763184,
  "Fulham": 1777.05554199,
  "Forest": 1776.1595459,
  "West Ham": 1740.51953125,
  "Leeds": 1731.8605957,
  "Burnley": 1702.69274902,
  "Sunderland": 1658.86767578,
  "Wolverhampton": 1653.78991699,
  "Coventry": 1631.22912598,
  "Ipswich": 1614.40942383,
  "Middlesbrough": 1582.17602539,
  "Leicester": 1580.56640625,
  "Southampton": 1566.40002441,
  "Sheffield United": 1563.828125,
  "Millwall": 1540.24230957,
  "Bristol City": 1530.45812988,
  "Preston": 1522.74487305,
  "Stoke": 1515.14562988,
  "Hull": 1511.50756836,
  "QPR": 1510.09838867,
  "West Brom": 1507.21618652,
  "Watford": 1503.77062988,
  "Blackburn": 1500.26245117,
  "Derby": 1490.79309082,
  "Swansea": 1488.36828613,
  "Birmingham": 1480.1776123,
  "Wrexham": 1479.0625,
  "Norwich": 1456.27575684,
  "Oxford": 1456.17504883,
  "Charlton": 1447.23400879,
  "Portsmouth": 1446.09033203,
  "Sheffield Weds": 1410.99047852
}