{
  "Inter": 1901.2331543,
  "Juventus": 1793.69702148,
  "Roma": 1782.10253906,
  "Atalanta": 1776.57202148,
  "Napoli": 1771.6829834,
  "Milan": 1757.29077148,
  "Como": 1749.37097168,
  "Lazio": 1708.05065918,
  "Bologna": 1685.59570312,
  "Udinese": 1662.98327637,
  "Fiorentina": 1650.30578613,
  "Sassuolo": 1641.79675293,
  "Genoa": 1633.29614258,
  "Torino": 1629.3840332,
  "Venezia": 1598.84899902,
  "Parma": 1595.4987793,
  "Cagliari": 1572.5135498,
  "Frosinone": 1564.72619629,
  "Lecce": 1547.32385254,
  "Monza": 1543.9909668,
  "Cremonese": 1525.73413086,
  "Palermo": 1514.03564453,
  "Verona": 1498.16870117,
  "Pisa": 1462.53222656,
  "Catanzaro": 1458.62255859,
  "Modena": 1429.02441406,
  "Juve Stabia": 1425.40319824,
  "Empoli": 1422.83203125,
  "Mantova": 1399.96459961,
  "Sampdoria": 1390.78149414,
  "Carrarese": 1385.89770508,
  "Spezia": 1384.77954102,
  "Avellino": 1381.59423828,
  "Suedtirol": 1372.29528809,
  "Bari": 1366.16162109,
  "Cesena": 1365.5480957,
  "Padova": 1365.3984375,
  "Entella": 1358.0847168,
  "Pescara": 1351.91564941,
  "Reggiana": 1334.04577637
}