{
  "Arsenal": 2046.82849121,
  "Manchester City": 1999.296875,
  "Liverpool": 1944.39233398,
  "Aston Villa": 1928.16650391,
  "Chelsea": 1891.30847168,
  "Newcastle": 1857.26745605,
  "Manchester United": 1833.29650879,
  "Brighton": 1829.82409668,
  "Brentford": 1824.1138916,
  "Tottenham": 1814.06420898,
  "Crystal Palace": 1806.82299805,
  "Everton": 1802.27233887,
  "Fulham": 1796.44970703,
  "Bournemouth": 1791.45446777,
  "Forest": 1776.1418457,
  "Leeds": 1748.40881348,
  "West Ham": 1721.38195801,
  "Burnley": 1698.24462891,
  "Sunderland": 1674.57055664,
  "Wolverhampton": 1640.97424316,
  "Coventry": 1620.42785645,
  "Ipswich": 1618.58129883,
  "Leicester": 1566.83251953,
  "Middlesbrough": 1560.24499512,
  "Sheffield United": 1554.17102051,
  "Southampton": 1545.19616699,
  "Hull": 1538.32946777,
  "Bristol City": 1536.73291016,
  "Watford": 1528.64697266,
  "Millwall": 1520.53723145,
  "Preston": 1518.01672363,
  "QPR": 1508.78662109,
  "West Brom": 1507.48059082,
  "Blackburn": 1502.45947266,
  "Stoke": 1501.1673584,
  "Derby": 1493.67797852,
  "Swansea": 1491.60339355,
  "Wrexham": 1489.15307617,
  "Birmingham": 1466.24450684,
  "Norwich": 1463.85559082,
  "Portsmouth": 1460.85205078,
  "Charlton": 1440.99914551,
  "Oxford": 1439.53955078,
  "Sheffield Weds": 1395.45983887
}