{
  "Arsenal": 2062.50561523,
  "Bayern Munich": 2000.87023926,
  "Manchester City": 1980.94055176,
  "Barcelona": 1972.2019043,
  "PSG": 1964.03833008,
  "Real Madrid": 1921.88354492,
  "Liverpool": 1913.30383301,
  "Aston Villa": 1909.10083008,
  "Manchester United": 1900.8359375,
  "Inter": 1892.58398438,
  "Bournemouth": 1871.32067871,
  "Brighton": 1854.70776367,
  "Newcastle": 1848.13122559,
  "Sporting": 1847.92749023,
  "Atlético": 1846.84155273,
  "Chelsea": 1840.20410156,
  "Borussia Dortmund": 1834.76867676,
  "Brentford": 1832.30273438,
  "Benfica": 1823.50866699,
  "Forest": 1821.03686523,
  "Leeds": 1811.11755371,
  "Everton": 1810.62646484,
  "Porto": 1805.9453125,
  "Leverkusen": 1804.02612305,
  "Fulham": 1800.71289062,
  "Crystal Palace": 1800.0904541,
  "Roma": 1789.18969727,
  "Napoli": 1776.30615234,
  "Juventus": 1775.18261719,
  "Tottenham": 1768.33044434,
  "Lens": 1766.09460449,
  "Atalanta": 1764.87145996,
  "Stuttgart": 1763.83447266,
  "Milan": 1763.58178711,
  "RB Leipzig": 1761.90344238,
  "PSV": 1759.1348877,
  "West Ham": 1753.2902832,
  "Como": 1752.79919434,
  "Brugge": 1752.70983887,
  "Betis": 1744.9041748,
  "Villarreal": 1743.73620605,
  "Lille": 1742.76025391,
  "Lyon": 1730.66906738,
  "Sunderland": 1725.046875,
  "Freiburg": 1724.91308594,
  "Monaco": 1716.56945801,
  "Marseille": 1715.79406738,
  "Rennais": 1715.17004395,
  "Saint-Gilloise": 1710.34912109,
  "Strasbourg": 1709.85559082,
  "Bodø/Glimt": 1708.89233398,
  "Rayo Vallecano": 1706.79943848,
  "Lazio": 1700.96350098,
  "Hoffenheim": 1700.35375977,
  "Braga": 1698.91113281,
  "Celta": 1697.88122559,
  "Bologna": 1697.29626465,
  "Midtjylland": 1687.3840332,
  "Galatasaray": 1684.27075195,
  "Athletic": 1682.48632812,
  "Valencia": 1680.35900879,
  "Wolverhampton": 1677.93322754,
  "Mainz": 1671.92553711,
  "Real Sociedad": 1670.34985352,
  "Fiorentina": 1668.82006836,
  "Burnley": 1666.31396484,
  "Frankfurt": 1663.77978516,
  "Olympiacos": 1663.37609863,
  "Getafe": 1659.41271973,
  "Osasuna": 1658.47753906,
  "Zenit": 1657.19775391,
  "Fenerbahce": 1655.55859375,
  "Slavia Prag": 1654.11645508,
  "Toulouse": 1653.27734375,
  "Udinese": 1649.93127441,
  "Alaves": 1645.17492676,
  "Levante": 1644.52416992,
  "Gladbach": 1640.84313965,
  "AEK": 1640.65869141,
  "Girona": 1640.02844238,
  "Lorient": 1638.10864258,
  "Augsburg": 1636.44641113,
  "Mallorca": 1636.28869629,
  "Sevilla": 1632.37670898,
  "FC Krasnodar": 1632.22900391,
  "Espanyol": 1632.12878418,
  "Viking": 1631.9107666,
  "Sassuolo": 1629.87792969,
  "Paris FC": 1628.37854004,
  "Genoa": 1627.00512695,
  "Auxerre": 1623.1628418,
  "Elche": 1622.73828125,
  "Torino": 1621.13244629,
  "Brest": 1619.89575195,
  "Union Berlin": 1619.43054199,
  "Werder": 1606.01928711,
  "PAOK": 1605.5760498,
  "Feyenoord": 1602.56091309,
  "Hamburg": 1602.14733887,
  "Wolfsburg": 1599.56982422,
  "Parma": 1592.07055664,
  "Famalicao": 1590.96594238,
  "Crvena Zvezda": 1586.15527344,
  "Shakhtar": 1584.59069824,
  "Aarhus": 1582.55212402,
  "Nice": 1581.42358398,
  "Cagliari": 1580.76501465,
  "Le Havre": 1579.11987305,
  "Copenhagen": 1578.41003418,
  "Ajax": 1578.02783203,
  "Dinamo Zagreb": 1577.11853027,
  "Celtic": 1575.15283203,
  "Genk": 1573.55224609,
  "Koeln": 1568.16870117,
  "Real Oviedo": 1568.01062012,
  "Twente": 1567.74804688,
  "Pafos": 1561.03271484,
  "Lecce": 1559.24267578,
  "Viktoria Plzen": 1556.39904785,
  "Lok Moskva": 1555.28356934,
  "CSKA Moskva": 1554.62341309,
  "Qarabag FK": 1554.37609863,
  "Heidenheim": 1552.56970215,
  "Spartak Moskva": 1550.99316406,
  "Sparta Praha": 1547.84729004,
  "Panathinaikos": 1546.63842773,
  "Angers": 1546.59716797,
  "St Truiden": 1544.85961914,
  "Nordsjaelland": 1541.78015137,
  "Nantes": 1541.57043457,
  "Alkmaar": 1539.21313477,
  "Cremonese": 1538.78613281,
  "Dynamo Moskva": 1538.52539062,
  "St Pauli": 1532.94165039,
  "Nijmegen": 1531.59875488,
  "Anderlecht": 1530.15759277,
  "Brondby": 1529.92541504,
  "Brann": 1528.16906738,
  "Trabzonspor": 1526.23779297,
  "Lech": 1520.91870117,
  "Bueyueksehir": 1520.4609375,
  "Utrecht": 1520.30163574,
  "Ferencvaros": 1520.0501709,
  "Rangers": 1517.05712891,
  "Besiktas": 1516.34155273,
  "Standard": 1516.01867676,
  "Mjaellby": 1515.64575195,
  "Guimaraes": 1515.55175781,
  "Rakow": 1513.49890137,
  "Viborg": 1512.19714355,
  "Gil Vicente": 1507.8458252,
  "Hammarby": 1507.66381836,
  "Verona": 1506.81774902,
  "Gent": 1501.95336914,
  "Arouca": 1500.69482422,
  "Tromso": 1496.79089355,
  "Larnaca": 1494.35522461,
  "Estoril": 1493.87988281,
  "Charleroi": 1491.03894043,
  "Metz": 1488.86096191,
  "Mechelen": 1488.6003418,
  "Westerlo": 1485.83105469,
  "Baltika": 1484.52722168,
  "Santa Clara": 1482.95849609,
  "RB Salzburg": 1482.40698242,
  "Moreirense": 1478.99890137,
  "Aris Limassol": 1478.18310547,
  "Hearts": 1473.26843262,
  "Djurgarden": 1472.00256348,
  "Sturm Graz": 1471.63842773,
  "Antwerp": 1469.84423828,
  "StGallen": 1469.69934082,
  "Heerenveen": 1468.30749512,
  "Molde": 1467.12402344,
  "Jagiellonia": 1466.60546875,
  "Beer-Sheva": 1466.13769531,
  "SonderjyskE": 1465.48205566,
  "Thun": 1463.22167969,
  "Samsunspor": 1461.5769043,
  "Craiova": 1458.68530273,
  "Pisa": 1457.90905762,
  "Omonia": 1456.90454102,
  "Celje": 1455.5267334,
  "Gyoer": 1454.81445312,
  "LASK": 1452.54577637,
  "Gornik": 1452.04504395,
  "Rio Ave": 1451.29150391,
  "Nacional": 1451.03393555,
  "Goeztepe": 1450.39257812,
  "Lugano": 1450.05969238,
  "Rubin Kazan": 1449.72570801,
  "Cercle Brugge": 1445.62512207,
  "Hradec Kralove": 1445.51159668,
  "Silkeborg": 1445.33203125,
  "Jablonec": 1445.09509277,
  "Malmoe": 1444.68383789,
  "Alverca": 1443.62683105,
  "Levski": 1441.24841309,
  "Go Ahead Eagles": 1440.83398438,
  "Legia": 1440.72375488,
  "Dynamo Kyiv": 1440.28381348,
  "Groningen": 1438.96716309,
  "Aris": 1438.52880859,
  "M Tel Aviv": 1438.46240234,
  "CFR Cluj": 1437.53100586,
  "Basel": 1436.53759766,
  "Sion": 1433.71728516,
  "Universitatea Cluj": 1433.61633301,
  "Randers": 1432.4888916,
  "Razgrad": 1431.40698242,
  "Slovan Liberec": 1431.40258789,
  "Young Boys": 1431.359375,
  "Odense": 1430.63183594,
  "Zulte Waregem": 1430.47912598,
  "Leuven": 1429.86816406,
  "Casa Pia": 1427.9173584,
  "IK Sirius": 1427.83239746,
  "Rosenborg": 1427.67419434,
  "Hajduk": 1426.87268066,
  "Steaua": 1426.69909668,
  "Katowice": 1426.26806641,
  "Pogon": 1424.82580566,
  "Rostov": 1424.74609375,
  "Sandefjord": 1423.67443848,
  "Servette": 1417.44885254,
  "Beitar": 1414.83398438,
  "Piast Gliwice": 1413.75854492,
  "Fredrikstad": 1412.80065918,
  "Sparta Rotterdam": 1411.77038574,
  "Terek Grozny": 1406.51818848,
  "Levadeiakos": 1405.93115234,
  "Sarpsborg": 1403.36462402,
  "Estrela Amadora": 1403.16503906,
  "Radomiak": 1402.66918945,
  "Rizespor": 1402.17822266,
  "Tondela": 1399.92529297,
  "Austria Wien": 1398.9432373,
  "Hibernian": 1398.91027832,
  "Alanyaspor": 1398.89453125,
  "Konyaspor": 1398.39013672,
  "Lubin": 1397.54772949,
  "Luzern": 1397.09777832,
  "Lechia": 1396.66125488,
  "Ham-Kam": 1395.87011719,
  "Telstar": 1394.69750977,
  "Cracovia": 1394.18823242,
  "Polissya Zhytomyr": 1391.21166992,
  "Korona": 1390.38635254,
  "Motherwell": 1389.7043457,
  "Zwolle": 1389.3717041,
  "Elfsborg": 1388.13391113,
  "Rijeka": 1387.4979248,
  "GAIS": 1387.08850098,
  "Haecken": 1383.41943359,
  "Sittard": 1383.10021973,
  "Kasimpasa": 1383.04516602,
  "Rapid Wien": 1381.19360352,
  "Mlada Boleslav": 1381.1496582,
  "AIK": 1381.11547852,
  "Motor Lublin": 1379.69775391,
  "Valerenga": 1377.26928711,
  "Excelsior": 1377.12609863,
  "Plock": 1375.22253418,
  "Lausanne": 1374.96105957,
  "Atromitos": 1372.44250488,
  "Sigma Olomouc": 1371.94616699,
  "Widzew": 1371.26403809,
  "Hartberg": 1370.59338379,
  "Eyupspor": 1370.07275391,
  "Goeteborg": 1368.79516602,
  "RAAL": 1368.54003906,
  "Rapid Bucuresti": 1368.52368164,
  "Dinamo Bucuresti": 1368.21972656,
  "Paksi": 1367.53356934,