{
  "Barcelona": 1962.6307373,
  "Real Madrid": 1936.25524902,
  "Atlético": 1849.79772949,
  "Villarreal": 1794.36352539,
  "Athletic": 1756.03320312,
  "Betis": 1743.15002441,
  "Valencia": 1688.70153809,
  "Osasuna": 1682.95458984,
  "Celta": 1658.03637695,
  "Espanyol": 1656.56982422,
  "Real Sociedad": 1650.52685547,
  "Rayo Vallecano": 1647.76025391,
  "Sevilla": 1647.12792969,
  "Alaves": 1642.99865723,
  "Getafe": 1638.9642334,
  "Mallorca": 1629.88867188,
  "Elche": 1621.71411133,
  "Levante": 1610.99475098,
  "Girona": 1590.70068359,
  "Real Oviedo": 1570.1027832,
  "Leganes": 1569.75183105,
  "Las Palmas": 1556.28088379,
  "Cadiz": 1541.8626709,
  "Almeria": 1538.40441895,
  "Eibar": 1527.37597656,
  "Mirandes": 1525.32824707,
  "Depor": 1521.26013184,
  "Racing": 1520.01342773,
  "Granada": 1494.87402344,
  "Huesca": 1490.12866211,
  "Burgos": 1489.60986328,
  "Albacete": 1488.50292969,
  "Sporting": 1469.88415527,
  "Valladolid": 1469.71008301,
  "FC Andorra": 1464.72961426,
  "Castellon": 1458.29772949,
  "Cordoba": 1449.23913574,
  "Malaga": 1444.53588867,
  "Zaragoza": 1432.82055664,
  "Ceuta": 1423.3984375,
  "Leonesa": 1421.27746582,
  "Sociedad B": 1417.31945801
}