{
  "PSG": 1959.97692871,
  "Lille": 1750.01184082,
  "Lens": 1742.29638672,
  "Marseille": 1729.3807373,
  "Monaco": 1726.86755371,
  "Lyon": 1722.71533203,
  "Strasbourg": 1705.79772949,
  "Rennais": 1701.21594238,
  "Brest": 1639.72949219,
  "Toulouse": 1625.85510254,
  "Lorient": 1620.95751953,
  "Paris FC": 1588.12561035,
  "Auxerre": 1578.19921875,
  "Nice": 1569.15722656,
  "Le Havre": 1555.90563965,
  "Angers": 1543.37304688,
  "Saint-Etienne": 1532.29150391,
  "Reims": 1529.56799316,
  "Nantes": 1516.76586914,
  "Metz": 1497.02636719,
  "Troyes": 1492.96264648,
  "Le Mans": 1469.4822998,
  "Montpellier": 1467.24353027,
  "Rodez": 1465.99206543,
  "Annecy": 1433.56518555,
  "Dunkerque": 1432.80615234,
  "Red Star": 1420.57067871,
  "Guingamp": 1416.50097656,
  "Pau": 1388.25012207,
  "Boulogne": 1382.24133301,
  "Grenoble": 1377.7088623,
  "Clermont": 1366.63757324,
  "Laval": 1358.17041016,
  "Bastia": 1355.28320312,
  "Nancy": 1332.3717041,
  "Amiens": 1310.99462891
}