{
  "PSG": 1970.15661621,
  "Lille": 1760.53845215,
  "Lens": 1755.43591309,
  "Lyon": 1751.74780273,
  "Rennais": 1731.87219238,
  "Monaco": 1730.91833496,
  "Strasbourg": 1728.93151855,
  "Marseille": 1722.11730957,
  "Brest": 1650.18664551,
  "Lorient": 1637.53894043,
  "Toulouse": 1633.90844727,
  "Paris FC": 1603.14868164,
  "Auxerre": 1590.67236328,
  "Nice": 1590.65393066,
  "Le Havre": 1564.4576416,
  "Angers": 1550.53723145,
  "Reims": 1538.24523926,
  "Nantes": 1525.52099609,
  "Troyes": 1524.71789551,
  "Saint-Etienne": 1510.21240234,
  "Metz": 1501.08996582,
  "Montpellier": 1489.94372559,
  "Le Mans": 1483.1229248,
  "Rodez": 1478.73217773,
  "Annecy": 1468.91052246,
  "Dunkerque": 1444.25817871,
  "Red Star": 1433.58776855,
  "Guingamp": 1413.15100098,
  "Pau": 1395.30505371,
  "Laval": 1386.19592285,
  "Grenoble": 1385.22888184,
  "Bastia": 1383.16357422,
  "Boulogne": 1372.04187012,
  "Clermont": 1371.85412598,
  "Nancy": 1335.99621582,
  "Amiens": 1311.08007812
}