{
  "PSG": 1967.87902832,
  "Lens": 1767.04345703,
  "Lille": 1743.70910645,
  "Lyon": 1731.61804199,
  "Monaco": 1717.51831055,
  "Marseille": 1716.74291992,
  "Rennais": 1716.11889648,
  "Strasbourg": 1710.80456543,
  "Toulouse": 1654.22619629,
  "Lorient": 1639.05749512,
  "Paris FC": 1629.32727051,
  "Auxerre": 1624.11169434,
  "Brest": 1620.84472656,
  "Nice": 1582.37243652,
  "Le Havre": 1580.06872559,
  "Angers": 1547.54602051,
  "Nantes": 1542.51928711,
  "Reims": 1541.97424316,
  "Troyes": 1521.14318848,
  "Saint-Etienne": 1507.84057617,
  "Rodez": 1494.44543457,
  "Le Mans": 1492.42114258,
  "Metz": 1489.80981445,
  "Montpellier": 1477.11682129,
  "Annecy": 1465.85778809,
  "Red Star": 1441.0456543,
  "Dunkerque": 1423.47253418,
  "Grenoble": 1405.70898438,
  "Guingamp": 1394.87780762,
  "Clermont": 1390.66455078,
  "Laval": 1384.28747559,
  "Bastia": 1382.39306641,
  "Pau": 1374.34643555,
  "Nancy": 1359.40539551,
  "Boulogne": 1357.81347656,
  "Amiens": 1295.50195312
}