{
  "Bayern Munich": 1986.68920898,
  "Borussia Dortmund": 1855.55224609,
  "Leverkusen": 1817.2713623,
  "Stuttgart": 1757.64453125,
  "RB Leipzig": 1745.02734375,
  "Hoffenheim": 1735.27783203,
  "Freiburg": 1699.43920898,
  "Frankfurt": 1681.01184082,
  "Mainz": 1659.60437012,
  "Union Berlin": 1633.05957031,
  "Augsburg": 1625.38183594,
  "Werder": 1614.95581055,
  "Gladbach": 1613.88024902,
  "Wolfsburg": 1605.7779541,
  "Hamburg": 1600.97180176,
  "Koeln": 1579.64746094,
  "St Pauli": 1565.71826172,
  "Elversberg": 1529.95092773,
  "Darmstadt": 1528.84436035,
  "Paderborn": 1524.96398926,
  "Heidenheim": 1521.86157227,
  "Hannover": 1512.67260742,
  "Bochum": 1508.47387695,
  "Schalke": 1493.61938477,
  "Hertha": 1475.86291504,
  "Lautern": 1470.32958984,
  "Holstein": 1459.0012207,
  "Karlsruhe": 1443.65625,
  "Nuernberg": 1442.21228027,
  "Duesseldorf": 1438.54455566,
  "Magdeburg": 1414.00036621,
  "Bielefeld": 1395.98608398,
  "Muenster": 1394.8223877,
  "Braunschweig": 1369.87927246,
  "Fuerth": 1366.21154785,
  "Dresden": 1362.18078613
}