{
  "Barcelona": 1981.92480469,
  "Real Madrid": 1960.14807129,
  "Atlético": 1869.6895752,
  "Villarreal": 1769.2520752,
  "Betis": 1756.59875488,
  "Celta": 1741.34667969,
  "Athletic": 1720.02075195,
  "Real Sociedad": 1703.09936523,
  "Osasuna": 1696.53808594,
  "Valencia": 1684.70141602,
  "Getafe": 1671.51477051,
  "Rayo Vallecano": 1668.83056641,
  "Girona": 1655.94458008,
  "Mallorca": 1633.14477539,
  "Espanyol": 1631.69384766,
  "Alaves": 1630.74804688,
  "Sevilla": 1624.47460938,
  "Levante": 1616.21899414,
  "Elche": 1609.88049316,
  "Almeria": 1579.01538086,
  "Real Oviedo": 1566.5982666,
  "Las Palmas": 1563.11352539,
  "Racing": 1553.2487793,
  "Eibar": 1546.73327637,
  "Malaga": 1542.6640625,
  "Burgos": 1535.27807617,
  "Granada": 1532.56677246,
  "Depor": 1531.76318359,
  "Leganes": 1530.78259277,
  "Castellon": 1525.06152344,
  "Albacete": 1512.09411621,
  "Sporting": 1497.5357666,
  "Sociedad B": 1468.74816895,
  "Ceuta": 1462.24121094,
  "Cordoba": 1461.16491699,
  "FC Andorra": 1456.79455566,
  "Cadiz": 1456.77502441,
  "Mirandes": 1446.00109863,
  "Valladolid": 1444.5300293,
  "Zaragoza": 1442.33862305,
  "Huesca": 1429.32543945,
  "Leonesa": 1395.94824219
}