{
  "Barcelona": 1954.64782715,
  "Real Madrid": 1940.71984863,
  "Atletico": 1871.23156738,
  "Athletic": 1816.55908203,
  "Villarreal": 1774.71520996,
  "Betis": 1743.8807373,
  "Sociedad": 1692.90490723,
  "Valencia": 1684.83129883,
  "Celta": 1674.93896484,
  "Osasuna": 1674.80773926,
  "Mallorca": 1671.03430176,
  "Sevilla": 1670.37866211,
  "Getafe": 1669.45776367,
  "Girona": 1668.87841797,
  "Espanyol": 1659.70166016,
  "Rayo Vallecano": 1648.42565918,
  "Alaves": 1629.01599121,
  "Las Palmas": 1602.56518555,
  "Levante": 1597.90673828,
  "Elche": 1592.95471191,
  "Leganes": 1581.3729248,
  "Oviedo": 1556.76013184,
  "Granada": 1555.44396973,
  "Almeria": 1554.58947754,
  "Santander": 1542.3815918,
  "Huesca": 1541.46398926,
  "Mirandes": 1539.52233887,
  "Cadiz": 1531.50927734,
  "Eibar": 1522.7421875,
  "Valladolid": 1509.46777344,
  "Albacete": 1503.04272461,
  "Burgos": 1502.45336914,
  "Depor": 1501.2668457,
  "Cordoba": 1492.44946289,
  "Gijon": 1486.4185791,
  "Zaragoza": 1463.61010742,
  "Castellon": 1457.52600098,
  "Tenerife": 1456.82775879,
  "Malaga": 1446.74841309,
  "Eldense": 1440.05944824,
  "Ferrol": 1362.66894531,
  "Cartagena": 1344.12414551
}