{
  "PSG": 1974.93762207,
  "Manchester City": 1959.94421387,
  "Real Madrid": 1936.12731934,
  "Inter": 1933.2421875,
  "Bayern Munich": 1918.9979248,
  "Chelsea": 1902.8013916,
  "Atlético": 1855.34960938,
  "Borussia Dortmund": 1818.3503418,
  "Juventus": 1805.84655762,
  "Benfica": 1791.48046875,
  "Palmeiras": 1755.9700591228468,
  "Flamengo": 1741.2937264384416,
  "Botafogo": 1692.3726174904243,
  "River Plate": 1686.0389332282634,
  "Porto": 1678.19543457,
  "Fluminense": 1674.9007928661329,
  "Boca Juniors": 1635.0212053253313,
  "Ahly SC": 1602.6539110295546,
  "Al-Hilal": 1591.14442047623,
  "Monterrey": 1584.9860458037328,
  "Pachuca": 1565.7451250183037,
  "RB Salzburg": 1558.85534668,
  "Sundowns": 1536.9160230448012,
  "Esperance": 1507.847053072353,
  "Los Ángeles FC": 1504.987002723184,
  "Seattle": 1490.310670038779,
  "Urawa Reds": 1484.6758587615898,
  "Ulsan HD": 1462.8793140352197,
  "Inter Miami": 1457.791162538888,
  "Wydad AC": 1450.5832957020918,
  "Al-Ain": 1438.7901097524052,
  "Auckland City": 1306.1333594263513
}