{
  "Arsenal": 2038.40356445,
  "Manchester City": 1997.45532227,
  "Liverpool": 1979.05627441,
  "Chelsea": 1906.93029785,
  "Aston Villa": 1886.14819336,
  "Newcastle": 1866.8404541,
  "Crystal Palace": 1857.00524902,
  "Brighton": 1846.7109375,
  "Bournemouth": 1834.43688965,
  "Manchester United": 1834.21862793,
  "Tottenham": 1830.28137207,
  "Brentford": 1829.35717773,
  "Everton": 1803.57629395,
  "Fulham": 1778.92578125,
  "Forest": 1764.13146973,
  "West Ham": 1738.09777832,
  "Burnley": 1728.83862305,
  "Leeds": 1721.37988281,
  "Wolverhampton": 1682.49267578,
  "Sunderland": 1650.20422363,
  "Coventry": 1631.46105957,
  "Ipswich": 1606.4050293,
  "Leicester": 1592.22998047,
  "Middlesbrough": 1572.51306152,
  "Stoke": 1543.13769531,
  "Bristol City": 1538.38049316,
  "Millwall": 1534.39904785,
  "Southampton": 1534.23657227,
  "Preston": 1529.10437012,
  "West Brom": 1528.19250488,
  "Sheffield United": 1527.61828613,
  "Hull": 1527.4395752,
  "Derby": 1511.09399414,
  "Watford": 1504.94445801,
  "Blackburn": 1503.9420166,
  "Swansea": 1501.83789062,
  "QPR": 1490.68933105,
  "Charlton": 1486.84570312,
  "Birmingham": 1476.90136719,
  "Wrexham": 1473.2590332,
  "Norwich": 1461.85705566,
  "Portsmouth": 1459.79150391,
  "Oxford": 1452.33813477,
  "Sheffield Weds": 1433.76062012
}