{
  "Inter": 1923.11450195,
  "Napoli": 1822.68591309,
  "Roma": 1813.57116699,
  "Milan": 1812.73974609,
  "Juventus": 1792.11083984,
  "Atalanta": 1776.80322266,
  "Bologna": 1768.96435547,
  "Lazio": 1757.65356445,
  "Como": 1703.11608887,
  "Fiorentina": 1692.8145752,
  "Torino": 1664.03344727,
  "Sassuolo": 1623.55993652,
  "Genoa": 1617.20544434,
  "Udinese": 1610.8927002,
  "Parma": 1594.04956055,
  "Cagliari": 1593.42871094,
  "Lecce": 1571.79223633,
  "Cremonese": 1564.66772461,
  "Verona": 1557.99987793,
  "Venezia": 1555.87573242,
  "Monza": 1552.05200195,
  "Pisa": 1549.421875,
  "Empoli": 1522.70788574,
  "Frosinone": 1503.52624512,
  "Modena": 1476.03894043,
  "Palermo": 1470.33361816,
  "Cesena": 1457.13793945,
  "Catanzaro": 1453.234375,
  "Juve Stabia": 1445.64916992,
  "Spezia": 1443.84985352,
  "Suedtirol": 1425.19909668,
  "Carrarese": 1421.26806641,
  "Reggiana": 1417.37646484,
  "Bari": 1414.25952148,
  "Sampdoria": 1411.29858398,
  "Mantova": 1389.18469238,
  "Entella": 1371.57666016,
  "Padova": 1371.43371582,
  "Avellino": 1359.73254395,
  "Pescara": 1351.15222168
}