{
  "Bayern Munich": 1976.391263571972,
  "PSG": 1974.93774414,
  "Manchester City": 1959.9440918,
  "Real Madrid": 1936.12744141,
  "Inter": 1933.2421875,
  "Chelsea": 1902.80126953,
  "Atlético": 1855.34973145,
  "Borussia Dortmund": 1818.3503418,
  "Juventus": 1805.84655762,
  "Benfica": 1791.48046875,
  "Palmeiras": 1773.8580126954528,
  "Flamengo": 1753.275254285448,
  "Fluminense": 1721.1642110173198,
  "Botafogo": 1693.9535203408395,
  "River Plate": 1680.7517771451326,
  "Porto": 1678.19543457,
  "Boca Juniors": 1627.0174627917797,
  "Al-Hilal": 1610.7619289629215,
  "Monterrey": 1602.0357654210143,
  "Ahly SC": 1588.3097042380293,
  "RB Salzburg": 1558.85534668,
  "Sundowns": 1544.3555007151613,
  "Pachuca": 1530.3961332588042,
  "Esperance": 1498.9441327617792,
  "Los Ángeles FC": 1480.2436988375143,
  "Inter Miami": 1467.9925865693212,
  "Seattle": 1457.7015923649153,
  "Urawa Reds": 1445.59921805319,
  "Ulsan HD": 1435.0618658458702,
  "Al-Ain": 1430.2954701536355,
  "Wydad AC": 1421.0665444203619,
  "Auckland City": 1317.4364657368506
}