{
  "Arsenal": 2038.72399902,
  "Manchester City": 1963.13110352,
  "Liverpool": 1917.61193848,
  "Chelsea": 1896.86779785,
  "Aston Villa": 1890.53283691,
  "Newcastle": 1866.28393555,
  "Brighton": 1842.47436523,
  "Crystal Palace": 1837.82080078,
  "Manchester United": 1817.4720459,
  "Brentford": 1813.19665527,
  "Tottenham": 1802.0715332,
  "Everton": 1797.05969238,
  "Bournemouth": 1796.37683105,
  "Fulham": 1775.79052734,
  "Forest": 1773.69055176,
  "West Ham": 1726.95251465,
  "Leeds": 1718.70288086,
  "Burnley": 1696.84863281,
  "Wolverhampton": 1653.74536133,
  "Sunderland": 1652.46557617,
  "Coventry": 1637.7734375,
  "Ipswich": 1586.90100098,
  "Leicester": 1560.89746094,
  "Middlesbrough": 1552.80505371,
  "Sheffield United": 1546.50683594,
  "Southampton": 1544.18530273,
  "Bristol City": 1531.07519531,
  "Stoke": 1523.41699219,
  "Millwall": 1521.49414062,
  "West Brom": 1514.67492676,
  "Preston": 1514.38146973,
  "Hull": 1507.52575684,
  "Blackburn": 1494.0526123,
  "Watford": 1493.1282959,
  "Derby": 1492.37573242,
  "Birmingham": 1485.00134277,
  "QPR": 1483.80944824,
  "Wrexham": 1476.6295166,
  "Swansea": 1463.88977051,
  "Oxford": 1453.6697998,
  "Norwich": 1448.45043945,
  "Charlton": 1444.40490723,
  "Portsmouth": 1443.07214355,
  "Sheffield Weds": 1397.79907227
}