{
  "Bayern Munich": 1990.82531738,
  "Borussia Dortmund": 1830.67590332,
  "Leverkusen": 1806.66210938,
  "Stuttgart": 1754.2755127,
  "RB Leipzig": 1740.32128906,
  "Hoffenheim": 1715.41845703,
  "Frankfurt": 1684.71691895,
  "Mainz": 1671.21594238,
  "Freiburg": 1668.79724121,
  "Gladbach": 1620.37744141,
  "Augsburg": 1618.18505859,
  "Werder": 1617.86975098,
  "Union Berlin": 1613.14538574,
  "Hamburg": 1590.88452148,
  "Wolfsburg": 1587.08752441,
  "St Pauli": 1564.62719727,
  "Koeln": 1562.87683105,
  "Paderborn": 1516.87243652,
  "Darmstadt": 1511.14660645,
  "Elversberg": 1510.43518066,
  "Hannover": 1499.57714844,
  "Heidenheim": 1499.04833984,
  "Bochum": 1498.9597168,
  "Schalke": 1487.14611816,
  "Hertha": 1480.50610352,
  "Lautern": 1460.28320312,
  "Duesseldorf": 1439.46618652,
  "Holstein": 1434.66540527,
  "Karlsruhe": 1433.26281738,
  "Nuernberg": 1429.38220215,
  "Magdeburg": 1392.84692383,
  "Dresden": 1391.39733887,
  "Fuerth": 1388.79296875,
  "Bielefeld": 1380.30993652,
  "Muenster": 1370.94470215,
  "Braunschweig": 1368.22607422
}