{
  "Real Madrid": 1939.88598633,
  "Barcelona": 1937.70495605,
  "Atlético": 1877.15209961,
  "Villarreal": 1795.35620117,
  "Betis": 1756.05944824,
  "Athletic": 1726.82531738,
  "Celta": 1703.5925293,
  "Rayo Vallecano": 1674.69384766,
  "Real Sociedad": 1674.36254883,
  "Valencia": 1662.35913086,
  "Osasuna": 1653.14978027,
  "Sevilla": 1651.71887207,
  "Espanyol": 1649.84191895,
  "Getafe": 1638.31384277,
  "Mallorca": 1636.28979492,
  "Alaves": 1634.74743652,
  "Elche": 1614.39562988,
  "Girona": 1604.10717773,
  "Levante": 1596.0847168,
  "Las Palmas": 1589.2232666,
  "Almeria": 1583.60180664,
  "Real Oviedo": 1561.97155762,
  "Leganes": 1550.58557129,
  "Racing": 1545.23571777,
  "Depor": 1532.39099121,
  "Burgos": 1504.0,
  "Cadiz": 1501.02978516,
  "Granada": 1500.39318848,
  "Eibar": 1494.38256836,
  "Castellon": 1485.25292969,
  "Albacete": 1481.56164551,
  "Cordoba": 1478.71569824,
  "Mirandes": 1476.79956055,
  "Valladolid": 1475.47692871,
  "Huesca": 1471.30456543,
  "Sporting": 1467.04223633,
  "Malaga": 1451.12243652,
  "Leonesa": 1447.98999023,
  "Ceuta": 1438.3236084,
  "Sociedad B": 1430.83618164,
  "FC Andorra": 1419.41027832,
  "Zaragoza": 1398.57128906
}