{
  "Arsenal": 2049.85546875,
  "Manchester City": 1952.98376465,
  "Liverpool": 1914.78527832,
  "Aston Villa": 1887.2878418,
  "Manchester United": 1868.84143066,
  "Chelsea": 1856.92468262,
  "Brighton": 1850.41210938,
  "Bournemouth": 1836.5345459,
  "Everton": 1832.19494629,
  "Newcastle": 1832.00708008,
  "Brentford": 1831.18981934,
  "Crystal Palace": 1808.65344238,
  "Fulham": 1795.08947754,
  "Forest": 1788.96325684,
  "Leeds": 1776.54138184,
  "West Ham": 1752.77600098,
  "Tottenham": 1744.43798828,
  "Sunderland": 1712.67810059,
  "Wolverhampton": 1689.04675293,
  "Burnley": 1669.72790527,
  "Ipswich": 1640.14172363,
  "Coventry": 1632.91967773,
  "Southampton": 1611.52075195,
  "Millwall": 1574.80395508,
  "Middlesbrough": 1566.09228516,
  "Sheffield United": 1543.92358398,
  "Norwich": 1543.56188965,
  "Derby": 1532.73535156,
  "Hull": 1527.3112793,
  "Swansea": 1514.51342773,
  "Wrexham": 1506.93725586,
  "Bristol City": 1503.86242676,
  "QPR": 1501.73974609,
  "Leicester": 1490.0032959,
  "Watford": 1489.7220459,
  "Preston": 1486.43188477,
  "Stoke": 1482.71350098,
  "Blackburn": 1481.56396484,
  "Birmingham": 1480.19812012,
  "West Brom": 1479.97338867,
  "Oxford": 1464.66894531,
  "Portsmouth": 1462.53894043,
  "Charlton": 1449.39941406,
  "Sheffield Weds": 1328.5012207
}