{
  "Arsenal": 2046.26586914,
  "Bayern Munich": 1991.25305176,
  "Liverpool": 1991.08276367,
  "Manchester City": 1985.75512695,
  "PSG": 1974.46289062,
  "Real Madrid": 1944.89038086,
  "Inter": 1930.94921875,
  "Barcelona": 1920.30419922,
  "Chelsea": 1902.81506348,
  "Newcastle": 1878.71044922,
  "Aston Villa": 1872.78771973,
  "Atlético": 1863.57971191,
  "Crystal Palace": 1856.35205078,
  "Borussia Dortmund": 1848.79724121,
  "Bournemouth": 1846.91564941,
  "Brighton": 1845.04089355,
  "Leverkusen": 1838.23059082,
  "Manchester United": 1833.00927734,
  "Tottenham": 1831.81689453,
  "Napoli": 1823.7286377,
  "Brentford": 1817.81335449,
  "Atalanta": 1809.58361816,
  "Milan": 1804.52844238,
  "Sporting": 1802.35217285,
  "Roma": 1798.30688477,
  "Everton": 1794.14196777,
  "Juventus": 1790.66101074,
  "Fulham": 1788.68640137,
  "PSV": 1786.05749512,
  "Benfica": 1780.40600586,
  "Villarreal": 1776.07507324,
  "Lille": 1773.52575684,
  "RB Leipzig": 1772.23510742,
  "Forest": 1759.94689941,
  "Marseille": 1758.76159668,
  "Lazio": 1757.17749023,
  "Bologna": 1752.74499512,
  "Galatasaray": 1751.57751465,
  "Brugge": 1750.26879883,
  "Lyon": 1749.12121582,
  "Betis": 1747.69116211,
  "Frankfurt": 1747.47753906,
  "Porto": 1746.72302246,
  "Monaco": 1744.59094238,
  "Burnley": 1735.99780273,
  "West Ham": 1731.26464844,
  "Leeds": 1730.29956055,
  "Saint-Gilloise": 1726.14074707,
  "Athletic": 1721.53662109,
  "Lens": 1717.59020996,
  "Stuttgart": 1716.29602051,
  "Feyenoord": 1709.13830566,
  "Strasbourg": 1707.24975586,
  "Fenerbahce": 1699.6730957,
  "Fiorentina": 1698.44787598,
  "Freiburg": 1688.57287598,
  "Como": 1687.90600586,
  "Wolverhampton": 1686.93432617,
  "Nice": 1684.65161133,
  "Werder": 1683.48278809,
  "Celta": 1681.98461914,
  "Torino": 1678.22937012,
  "Olympiacos": 1675.57495117,
  "Mainz": 1672.57348633,
  "Slavia Prag": 1670.47888184,
  "Osasuna": 1667.70874023,
  "Midtjylland": 1665.81469727,
  "Braga": 1664.0625,
  "Rennais": 1663.43762207,
  "Rayo Vallecano": 1660.94189453,
  "Toulouse": 1658.53771973,
  "Real Sociedad": 1652.5690918,
  "Espanyol": 1652.10180664,
  "Hoffenheim": 1651.41723633,
  "Brest": 1650.71911621,
  "Valencia": 1649.3861084,
  "Alaves": 1644.48303223,
  "Sunderland": 1642.66833496,
  "Getafe": 1642.51403809,
  "Zenit": 1640.33081055,
  "Sevilla": 1637.61791992,
  "Bodø/Glimt": 1637.5892334,
  "FC Krasnodar": 1631.63244629,
  "Union Berlin": 1626.43896484,
  "Mallorca": 1625.51037598,
  "Wolfsburg": 1625.28186035,
  "Udinese": 1625.00463867,
  "Alkmaar": 1623.45617676,
  "Gladbach": 1620.21691895,
  "Genoa": 1615.31652832,
  "Copenhagen": 1612.51025391,
  "CSKA Moskva": 1609.09484863,
  "Genk": 1607.83044434,
  "Ajax": 1607.1340332,
  "PAOK": 1604.78796387,
  "Augsburg": 1604.25219727,
  "Sassuolo": 1602.50537109,
  "Elche": 1601.3807373,
  "Koeln": 1601.11230469,
  "Levante": 1596.51599121,
  "Viktoria Plzen": 1592.67578125,
  "Cagliari": 1589.88513184,
  "Auxerre": 1587.8293457,
  "Celtic": 1587.69250488,
  "Sparta Praha": 1584.70581055,
  "Girona": 1583.34375,
  "Parma": 1580.1048584,
  "Lorient": 1578.75170898,
  "Lecce": 1577.71972656,
  "Cremonese": 1577.5838623,
  "Brondby": 1574.88146973,
  "Le Havre": 1572.93029785,
  "Qarabag": 1571.18359375,
  "Nantes": 1567.29833984,
  "Crvena Zvezda": 1565.70739746,
  "Viking": 1565.37365723,
  "Verona": 1564.86791992,
  "Paris FC": 1563.859375,
  "Anderlecht": 1563.72265625,
  "Hamburg": 1560.02978516,
  "Mjaellby": 1559.96447754,
  "St Pauli": 1559.00073242,
  "Metz": 1557.45043945,
  "Real Oviedo": 1556.671875,
  "Spartak Moskva": 1554.22668457,
  "Pafos": 1552.60009766,
  "Famalicao": 1551.14831543,
  "Dinamo Zagreb": 1549.35876465,
  "Shakhtar": 1548.3034668,
  "AEK": 1547.93920898,
  "Heidenheim": 1546.51721191,
  "Twente": 1546.44885254,
  "Brann": 1545.98876953,
  "Lok Moskva": 1545.93579102,
  "Angers": 1545.17724609,
  "Aarhus": 1543.03747559,
  "Utrecht": 1542.14599609,
  "Guimaraes": 1540.30480957,
  "Pisa": 1537.63500977,
  "Rakow": 1535.5703125,
  "Basel": 1528.84814453,
  "Dynamo Moskva": 1528.63305664,
  "Panathinaikos": 1524.11657715,
  "Trabzonspor": 1522.38452148,
  "Ferencvaros": 1521.60473633,
  "RB Salzburg": 1518.56298828,
  "Jagiellonia": 1517.90185547,
  "Hammarby": 1517.79858398,
  "Rangers": 1517.46655273,
  "Larnaca": 1509.3651123,
  "Sturm Graz": 1509.06091309,
  "Gil Vicente": 1509.01965332,
  "M Tel Aviv": 1504.90637207,
  "Lech": 1498.6081543,
  "Young Boys": 1498.48840332,
  "Besiktas": 1497.91052246,
  "Jablonec": 1495.78955078,
  "Beer-Sheva": 1495.36791992,
  "Djurgarden": 1494.72094727,
  "Moreirense": 1494.09741211,
  "Nijmegen": 1493.40319824,
  "Samsunspor": 1491.95446777,
  "Antwerp": 1490.91479492,
  "Nordsjaelland": 1487.38781738,
  "Mechelen": 1485.92333984,
  "Aris Limassol": 1483.81982422,
  "Legia": 1482.94616699,
  "Gornik": 1482.27258301,
  "Gent": 1481.79101562,
  "Charleroi": 1480.74194336,
  "Omonia": 1480.39575195,
  "Go Ahead Eagles": 1479.81225586,
  "Celje": 1477.9864502,
  "Sparta Rotterdam": 1474.21166992,
  "St Truiden": 1471.48596191,
  "Bueyueksehir": 1469.45031738,
  "Estoril": 1469.03845215,
  "Randers": 1464.64196777,
  "Malmoe": 1463.22302246,
  "Santa Clara": 1460.64221191,
  "Wolfsberg": 1459.5880127,
  "Hearts": 1457.78283691,
  "Westerlo": 1457.6262207,
  "Silkeborg": 1456.94042969,
  "Rubin Kazan": 1453.67565918,
  "Tromso": 1452.97351074,
  "Arouca": 1452.90673828,
  "Rio Ave": 1452.83068848,
  "Cracovia": 1451.06335449,
  "Lausanne": 1450.80895996,
  "Pogon": 1449.04345703,
  "Viborg": 1448.57421875,
  "Goeztepe": 1447.75732422,
  "Razgrad": 1446.70324707,
  "Dynamo Kyiv": 1445.82348633,
  "Steaua": 1443.52612305,
  "Craiova": 1439.9765625,
  "Standard": 1439.24255371,
  "Cercle Brugge": 1438.56066895,
  "Heerenveen": 1436.0300293,
  "Baltika": 1433.69958496,
  "StGallen": 1432.24365234,
  "GAIS": 1431.72509766,
  "Alanyaspor": 1431.00244141,
  "Levski": 1430.63232422,
  "Groningen": 1429.90771484,
  "Slovan Liberec": 1429.32458496,
  "Rosenborg": 1428.97814941,
  "Rostov": 1428.76635742,
  "AIK": 1428.70849609,
  "Hradec Kralove": 1428.56591797,
  "Casa Pia": 1428.18688965,
  "Molde": 1426.89550781,
  "Banik Ostrava": 1422.57971191,
  "Rapid Wien": 1421.04528809,
  "Servette": 1420.50964355,
  "Leuven": 1420.17773438,
  "Hajduk": 1419.8692627,
  "Korona": 1419.84179688,
  "Nacional": 1417.97827148,
  "Aris": 1414.85571289,
  "Kasimpasa": 1414.57092285,
  "Rapid Bucuresti": 1414.24450684,
  "SonderjyskE": 1412.97375488,
  "Luzern": 1412.94873047,
  "Austria Wien": 1412.37609863,
  "Sigma Olomouc": 1410.74328613,
  "Goeteborg": 1409.74145508,
  "Gaziantep FK": 1408.90258789,
  "Fredrikstad": 1407.92358398,
  "Zwolle": 1407.84460449,
  "Haecken": 1406.56494141,
  "Sittard": 1405.19543457,
  "Maccabi Haifa": 1403.00793457,
  "Konyaspor": 1402.58276367,
  "Rizespor": 1401.79846191,
  "Paksi": 1401.69677734,
  "Elfsborg": 1400.66162109,
  "IK Sirius": 1400.54650879,
  "Kryliya Sovetov": 1398.45556641,
  "LASK": 1397.89245605,
  "Hibernian": 1396.03564453,
  "Radomiak": 1393.35534668,
  "Katowice": 1392.28491211,
  "Rijeka": 1390.83312988,
  "Puskas Akademia": 1388.05566406,
  "Lubin": 1387.16088867,
  "Plock": 1386.58410645,
  "Lugano": 1386.11047363,
  "Alverca": 1385.74597168,
  "Terek Grozny": 1385.68798828,
  "Piast Gliwice": 1385.55725098,
  "Estrela Amadora": 1385.33239746,
  "Partizan": 1384.2208252,
  "Sandefjord": 1383.86193848,
  "Zulte Waregem": 1383.46130371,
  "Sarpsborg": 1381.19213867,
  "Levadeiakos": 1378.0,
  "Slovan Bratislava": 1375.46789551,
  "Valerenga": 1374.71923828,
  "Odense": 1374.6361084,
  "Gyoer": 1374.54760742,
  "Thun": 1374.29016113,
  "Kayseri": 1373.77526855,
  "Ham-Kam": 1372.32861328,
  "Maribor": 1370.60424805,
  "Hartberg": 1368.2434082,
  "Heracles": 1366.97058105,
  "RAAL": 1366.92919922,
  "Zuerich": 1365.41870117,
  "Tondela": 1364.96691895,
  "KFUM Oslo": 1364.47851562,
  "Karvina": 1363.96447754,
  "Widzew": 1363.02038574,