{
  "Barcelona": 1948.26000977,
  "Real Madrid": 1948.22949219,
  "Atletico": 1870.3704834,
  "Athletic": 1811.96313477,
  "Villarreal": 1766.15454102,
  "Betis": 1751.98999023,
  "Sociedad": 1709.53308105,
  "Celta": 1691.06970215,
  "Getafe": 1687.65759277,
  "Valencia": 1678.98706055,
  "Sevilla": 1677.54089355,
  "Girona": 1676.19836426,
  "Osasuna": 1668.80322266,
  "Mallorca": 1655.70397949,
  "Rayo Vallecano": 1653.7298584,
  "Espanyol": 1644.88098145,
  "Alaves": 1632.45788574,
  "Levante": 1599.8560791,
  "Las Palmas": 1585.69628906,
  "Elche": 1584.89782715,
  "Leganes": 1583.97106934,
  "Almeria": 1552.74267578,
  "Oviedo": 1552.52490234,
  "Santander": 1547.16503906,
  "Granada": 1543.73669434,
  "Mirandes": 1543.07421875,
  "Cadiz": 1540.88256836,
  "Huesca": 1537.44152832,
  "Eibar": 1523.26306152,
  "Albacete": 1516.06494141,
  "Valladolid": 1511.64257812,
  "Burgos": 1502.58728027,
  "Depor": 1499.03381348,
  "Cordoba": 1491.81835938,
  "Gijon": 1478.19372559,
  "Zaragoza": 1464.40710449,
  "Tenerife": 1458.0333252,
  "Castellon": 1454.05847168,
  "Malaga": 1452.10437012,
  "Eldense": 1449.60083008,
  "Ferrol": 1368.21936035,
  "Cartagena": 1347.26831055
}