{
  "Barcelona": 1962.62390137,
  "Real Madrid": 1936.25512695,
  "Atlético": 1849.79760742,
  "Villarreal": 1794.36364746,
  "Athletic": 1756.0333252,
  "Betis": 1743.13208008,
  "Valencia": 1688.70153809,
  "Osasuna": 1682.97253418,
  "Celta": 1658.06469727,
  "Espanyol": 1656.56982422,
  "Real Sociedad": 1650.53369141,
  "Rayo Vallecano": 1647.72058105,
  "Sevilla": 1647.16748047,
  "Alaves": 1643.00036621,
  "Getafe": 1638.96398926,
  "Mallorca": 1629.88684082,
  "Elche": 1621.68603516,
  "Levante": 1610.99475098,
  "Girona": 1590.70068359,
  "Leganes": 1582.7791748,
  "Real Oviedo": 1570.10266113,
  "Las Palmas": 1556.28088379,
  "Cadiz": 1541.84436035,
  "Almeria": 1538.40429688,
  "Racing": 1531.52026367,
  "Eibar": 1527.37585449,
  "Mirandes": 1525.32836914,
  "Depor": 1521.26000977,
  "Granada": 1494.91210938,
  "Huesca": 1490.0904541,
  "Burgos": 1489.59179688,
  "Albacete": 1488.52709961,
  "Sporting": 1469.86010742,
  "Valladolid": 1469.69726562,
  "FC Andorra": 1453.22265625,
  "Cordoba": 1449.2635498,
  "Castellon": 1445.27038574,
  "Malaga": 1444.55395508,
  "Zaragoza": 1432.82055664,
  "Ceuta": 1423.41662598,
  "Leonesa": 1421.2902832,
  "Sociedad B": 1417.2947998
}