{
  "Liverpool": 2013.1072998,
  "Arsenal": 2000.4029541,
  "PSG": 1981.32275391,
  "Barcelona": 1951.68212891,
  "Real Madrid": 1946.97839355,
  "Manchester City": 1945.47949219,
  "Bayern Munich": 1931.81799316,
  "Chelsea": 1913.25280762,
  "Inter": 1912.96777344,
  "Newcastle": 1865.48754883,
  "Napoli": 1855.7800293,
  "Crystal Palace": 1846.80407715,
  "Aston Villa": 1845.84521484,
  "Atlético": 1840.44885254,
  "Leverkusen": 1839.78515625,
  "Atalanta": 1833.88476562,
  "Juventus": 1825.81542969,
  "Bournemouth": 1825.15515137,
  "Borussia Dortmund": 1823.70544434,
  "Brighton": 1816.60375977,
  "Roma": 1815.76000977,
  "Benfica": 1812.54577637,
  "Tottenham": 1807.2130127,
  "Everton": 1803.90881348,
  "Lille": 1799.87304688,
  "Brentford": 1799.19226074,
  "Sporting": 1796.39404297,
  "Manchester United": 1794.9630127,
  "Athletic": 1791.60290527,
  "PSV": 1790.37426758,
  "Forest": 1790.10888672,
  "Villarreal": 1786.6673584,
  "Milan": 1785.6842041,
  "Fulham": 1783.67016602,
  "Monaco": 1767.64929199,
  "Frankfurt": 1756.02539062,
  "Lazio": 1752.29150391,
  "Marseille": 1748.92919922,
  "Lyon": 1747.90356445,
  "Bologna": 1744.78759766,
  "Fiorentina": 1744.49023438,
  "Brugge": 1738.1784668,
  "Feyenoord": 1736.30456543,
  "Saint-Gilloise": 1735.23413086,
  "Betis": 1733.58093262,
  "Porto": 1727.42602539,
  "West Ham": 1726.18054199,
  "RB Leipzig": 1724.37304688,
  "Leeds": 1723.90734863,
  "Burnley": 1716.91992188,
  "Strasbourg": 1716.33776855,
  "Galatasaray": 1714.37695312,
  "Wolverhampton": 1712.14001465,
  "Stuttgart": 1703.84985352,
  "Osasuna": 1702.29150391,
  "Lens": 1694.22106934,
  "Olympiakos": 1692.30993652,
  "Mainz": 1689.73706055,
  "Nice": 1689.71032715,
  "Werder": 1688.04846191,
  "Torino": 1685.38439941,
  "Fenerbahce": 1684.81542969,
  "Slavia Praha": 1679.59594727,
  "Valencia": 1677.83251953,
  "Celta": 1671.94677734,
  "Rayo Vallecano": 1666.35437012,
  "Ajax": 1665.68725586,
  "Freiburg": 1665.34753418,
  "Copenhagen": 1663.46350098,
  "Rennais": 1663.25,
  "Toulouse": 1663.17492676,
  "Espanyol": 1663.11181641,
  "Alaves": 1662.66955566,
  "Como": 1656.93518066,
  "Genoa": 1656.93066406,
  "Real Sociedad": 1655.44152832,
  "Celtic": 1655.41357422,
  "Bodø/Glimt": 1654.71276855,
  "Wolfsburg": 1653.81921387,
  "Getafe": 1649.17211914,
  "Braga": 1646.92272949,
  "Brest": 1646.4420166,
  "Alkmaar": 1643.77600098,
  "Udinese": 1641.45263672,
  "Zenit": 1638.46472168,
  "Sevilla": 1635.05517578,
  "FC Krasnodar": 1630.45617676,
  "Genk": 1630.44946289,
  "Midtjylland": 1628.22241211,
  "Mallorca": 1628.0826416,
  "Hoffenheim": 1626.81396484,
  "Augsburg": 1624.38586426,
  "Cagliari": 1613.63537598,
  "Auxerre": 1610.8873291,
  "Gladbach": 1610.5958252,
  "CSKA Moskva": 1610.27111816,
  "Union Berlin": 1609.61181641,
  "Girona": 1608.18688965,
  "Elche": 1607.26123047,
  "St Pauli": 1603.8659668,
  "Utrecht": 1597.57592773,
  "Sassuolo": 1595.91394043,
  "Levante": 1595.44055176,
  "Parma": 1594.52612305,
  "Verona": 1588.57983398,
  "Crvena Zvezda": 1588.51708984,
  "Koeln": 1586.45959473,
  "PAOK": 1586.18408203,
  "Lorient": 1585.59765625,
  "Sunderland": 1583.44567871,
  "Sparta Praha": 1582.49841309,
  "Real Oviedo": 1581.85717773,
  "Nantes": 1581.74230957,
  "AEK": 1579.92443848,
  "Lecce": 1576.63671875,
  "Viktoria Plzen": 1571.03710938,
  "Anderlecht": 1567.77038574,
  "Cremonese": 1566.74768066,
  "Guimaraes": 1562.75463867,
  "Rangers": 1560.34338379,
  "RB Salzburg": 1560.10510254,
  "Shakhtar": 1557.58251953,
  "Le Havre": 1552.8190918,
  "Metz": 1552.45324707,
  "Twente": 1552.3125,
  "Spartak Moskva": 1551.93469238,
  "Lok Moskva": 1551.53686523,
  "Paris FC": 1548.97998047,
  "Hamburg": 1544.95178223,
  "Angers": 1544.76318359,
  "Mjaellby": 1544.3996582,
  "Brondby": 1542.11962891,
  "Heidenheim": 1541.45715332,
  "Dynamo Moskva": 1540.22814941,
  "Sturm Graz": 1540.02062988,
  "M Tel Aviv": 1537.76696777,
  "Viking": 1536.44458008,
  "Rakow": 1535.33117676,
  "Antwerp": 1532.56542969,
  "Famalicao": 1531.91003418,
  "Brann": 1530.29699707,
  "Pisa": 1530.26904297,
  "Panathinaikos": 1529.88781738,
  "Dinamo Zagreb": 1524.88317871,
  "Pafos": 1524.84204102,
  "Qarabag": 1524.16418457,
  "Malmoe": 1523.04089355,
  "Nijmegen": 1517.67993164,
  "Sparta Rotterdam": 1515.57666016,
  "Charleroi": 1513.52270508,
  "Lech": 1512.99816895,
  "Basel": 1512.21118164,
  "Hammarby": 1510.62194824,
  "Ferencvaros": 1507.26171875,
  "Jagiellonia": 1506.72973633,
  "Jablonec": 1506.29846191,
  "Nordsjaelland": 1504.44396973,
  "Young Boys": 1503.70983887,
  "Mechelen": 1497.69042969,
  "Djurgarden": 1496.26501465,
  "Beer-Sheva": 1495.56958008,
  "Legia": 1495.26452637,
  "Dynamo Kyiv": 1494.88989258,
  "Go Ahead Eagles": 1493.69970703,
  "Aarhus": 1492.93212891,
  "Moreirense": 1492.04077148,
  "Gent": 1491.10998535,
  "Craiova": 1477.88354492,
  "Westerlo": 1477.24621582,
  "Trabzonspor": 1477.04711914,
  "Razgrad": 1475.64941406,
  "Besiktas": 1475.41699219,
  "Gil Vicente": 1475.25305176,
  "Santa Clara": 1475.25048828,
  "Omonia": 1472.90856934,
  "Zwolle": 1470.60266113,
  "Rosenborg": 1469.00842285,
  "Pogon": 1468.87060547,
  "Arouca": 1467.95654297,
  "Aris Limassol": 1467.36364746,
  "Casa Pia": 1465.65307617,
  "Elfsborg": 1464.77331543,
  "Steaua": 1464.39587402,
  "St Truiden": 1462.35583496,
  "Rapid Wien": 1461.7154541,
  "Cercle Brugge": 1458.78234863,
  "Estoril": 1457.15002441,
  "Larnaca": 1457.03320312,
  "Viborg": 1455.90466309,
  "Banik Ostrava": 1455.90100098,
  "Rubin Kazan": 1455.03417969,
  "Wolfsberg": 1454.22277832,
  "Randers": 1452.44958496,
  "AIK": 1451.43103027,
  "Celje": 1451.3848877,
  "Molde": 1450.91137695,
  "Rio Ave": 1450.60778809,
  "Cracovia": 1446.20654297,
  "Bueyueksehir": 1444.21838379,
  "Groningen": 1440.69494629,
  "Aris": 1439.71496582,
  "Silkeborg": 1438.3092041,
  "Tromso": 1437.84411621,
  "Gornik": 1436.16223145,
  "Sittard": 1436.01379395,
  "Hearts": 1435.41723633,
  "Maccabi Haifa": 1433.77526855,
  "Rostov": 1431.8380127,
  "StGallen": 1429.22900391,
  "Heerenveen": 1428.64355469,
  "Samsunspor": 1427.96765137,
  "Austria Wien": 1427.11352539,
  "Standard": 1425.07763672,
  "Hajduk": 1423.34411621,
  "Baltika": 1422.26721191,
  "GAIS": 1421.26916504,
  "Leuven": 1420.56164551,
  "Servette": 1418.17749023,
  "Korona": 1417.26293945,
  "Hibernian": 1417.06970215,
  "Alanyaspor": 1416.36657715,
  "Lausanne": 1415.0736084,
  "Goeztepe": 1414.6315918,
  "Levski": 1410.28491211,
  "Goeteborg": 1410.27709961,
  "Piast Gliwice": 1410.11096191,
  "Haecken": 1408.54821777,
  "Nacional": 1406.5958252,
  "CFR Cluj": 1406.47802734,
  "Konyaspor": 1403.17175293,
  "Rapid Bucuresti": 1401.42333984,
  "Kasimpasa": 1401.3548584,
  "SonderjyskE": 1400.42224121,
  "Rijeka": 1399.66821289,
  "LASK": 1397.30859375,
  "Kryliya Sovetov": 1392.85461426,
  "Luzern": 1392.45275879,
  "Slovan Liberec": 1391.90527344,
  "Puskas Akademia": 1391.07287598,
  "Hradec Kralove": 1390.9440918,
  "Partizan": 1390.40246582,
  "Fredrikstad": 1390.27514648,
  "KFUM Oslo": 1387.15881348,
  "Kayseri": 1384.05432129,
  "Sandefjord": 1383.5994873,
  "Terek Grozny": 1382.61645508,
  "Slovan Bratislava": 1382.40661621,
  "Radomiak": 1381.44372559,
  "Paksi": 1381.00280762,
  "Katowice": 1379.4440918,
  "Alverca": 1379.2409668,
  "Estrela Amadora": 1379.0579834,
  "Zuerich": 1378.6048584,
  "Heracles": 1377.32751465,
  "Sarpsborg": 1375.65844727,
  "IK Sirius": 1375.55090332,
  "Gaziantep FK": 1374.94458008,
  "Rizespor": 1374.92041016,
  "St Mirren": 1373.77282715,
  "Dender": 1373.13598633,
  "Sigma Olomouc": 1371.91015625,
  "Fredericia": 1369.85632324,
  "Plock": 1369.69799805,
  "Hartberg": 1369.19189453,
  "Tondela": 1366.34716797,
  "Antalyaspor": 1366.32202148,
  "Lugano": 1365.75024414,
  "Motor Lublin": 1363.53271484,
  "Gyoer": 1362.58850098,
  "Akron Togliatti": 1361.3848877,
  "Volendam": 1360.90649414,
  "Breda": 1359.11279297,
  "Universitatea Cluj": 1357.29919434,