{
  "PSG": 1981.32202148,
  "Lille": 1799.8729248,
  "Monaco": 1767.64929199,
  "Marseille": 1748.92919922,
  "Lyon": 1747.90686035,
  "Strasbourg": 1716.33886719,
  "Lens": 1694.22155762,
  "Nice": 1689.71032715,
  "Rennais": 1663.24682617,
  "Toulouse": 1663.17480469,
  "Brest": 1646.43310547,
  "Auxerre": 1610.8873291,
  "Lorient": 1585.59753418,
  "Nantes": 1581.74230957,
  "Reims": 1570.99487305,
  "Le Havre": 1552.81799316,
  "Metz": 1552.45324707,
  "Paris FC": 1548.9888916,
  "Angers": 1544.76306152,
  "Saint-Etienne": 1543.81188965,
  "Montpellier": 1470.7208252,
  "Guingamp": 1452.76428223,
  "Troyes": 1452.23925781,
  "Laval": 1442.6953125,
  "Rodez": 1437.70751953,
  "Bastia": 1429.41760254,
  "Dunkerque": 1427.20581055,
  "Annecy": 1423.99853516,
  "Clermont": 1418.9765625,
  "Red Star": 1414.82800293,
  "Grenoble": 1414.56677246,
  "Pau": 1399.68981934,
  "Amiens": 1399.01831055,
  "Nancy": 1389.77880859,
  "Le Mans": 1369.86108398,
  "Boulogne": 1350.64013672
}