{
  "Bayern Munich": 2005.36010742,
  "Borussia Dortmund": 1865.44482422,
  "Leverkusen": 1826.51623535,
  "Stuttgart": 1769.89916992,
  "RB Leipzig": 1762.06555176,
  "Frankfurt": 1723.23620605,
  "Freiburg": 1717.890625,
  "Hoffenheim": 1712.64196777,
  "Werder": 1657.06054688,
  "Mainz": 1649.23840332,
  "Union Berlin": 1648.53161621,
  "Gladbach": 1643.47570801,
  "Wolfsburg": 1641.2734375,
  "Augsburg": 1606.23742676,
  "Koeln": 1592.16601562,
  "Hamburg": 1580.45751953,
  "St Pauli": 1560.65185547,
  "Heidenheim": 1551.08642578,
  "Elversberg": 1539.58862305,
  "Paderborn": 1533.62341309,
  "Darmstadt": 1517.04492188,
  "Bochum": 1515.24951172,
  "Hannover": 1507.41064453,
  "Holstein": 1502.52697754,
  "Schalke": 1502.35961914,
  "Hertha": 1485.98254395,
  "Lautern": 1478.44580078,
  "Magdeburg": 1458.3548584,
  "Karlsruhe": 1457.4588623,
  "Duesseldorf": 1451.58532715,
  "Nuernberg": 1448.72949219,
  "Muenster": 1421.62145996,
  "Bielefeld": 1389.45129395,
  "Braunschweig": 1378.80529785,
  "Fuerth": 1368.58898926,
  "Dresden": 1356.55566406
}