{
  "PSG": 1974.93774414,
  "Manchester City": 1959.94421387,
  "Real Madrid": 1936.12731934,
  "Inter": 1933.2421875,
  "Bayern Munich": 1918.9979248,
  "Chelsea": 1902.80126953,
  "Atlético": 1855.34960938,
  "Borussia Dortmund": 1818.3503418,
  "Juventus": 1805.84667969,
  "Benfica": 1791.48046875,
  "Palmeiras": 1758.7786119722632,
  "Flamengo": 1749.0228103036927,
  "Botafogo": 1719.6525757399259,
  "Fluminense": 1713.1832992181771,
  "River Plate": 1693.8339607376072,
  "Porto": 1678.19543457,
  "Boca Juniors": 1667.0285559865947,
  "Monterrey": 1625.4147963606852,
  "Pachuca": 1579.3734775021765,
  "Los Ángeles FC": 1578.877686700418,
  "Al-Hilal": 1570.752906959188,
  "Seattle": 1565.3045205807339,
  "Inter Miami": 1561.036977146694,
  "RB Salzburg": 1558.85534668,
  "Ahly SC": 1549.0077506964694,
  "Urawa Reds": 1538.1305413819998,
  "Sundowns": 1507.1979825556282,
  "Al-Ain": 1479.0471894468992,
  "Ulsan HD": 1472.2861511578112,
  "Esperance": 1454.2747994917895,
  "Wydad AC": 1435.8733861151159,
  "Auckland City": 1155.4118241084243
}