{
  "PSG": 1967.70617676,
  "Marseille": 1785.77587891,
  "Lille": 1759.65014648,
  "Lens": 1753.32177734,
  "Lyon": 1739.55053711,
  "Monaco": 1713.39025879,
  "Strasbourg": 1699.46716309,
  "Rennais": 1691.50695801,
  "Toulouse": 1667.37255859,
  "Brest": 1655.85595703,
  "Lorient": 1603.36096191,
  "Nice": 1600.8704834,
  "Angers": 1581.89306641,
  "Auxerre": 1580.0489502,
  "Reims": 1561.72509766,
  "Le Havre": 1556.41564941,
  "Nantes": 1543.1439209,
  "Metz": 1542.47705078,
  "Paris FC": 1538.76696777,
  "Saint-Etienne": 1516.69873047,
  "Troyes": 1492.54443359,
  "Dunkerque": 1470.45837402,
  "Montpellier": 1464.01013184,
  "Annecy": 1435.86816406,
  "Le Mans": 1430.18273926,
  "Red Star": 1427.60620117,
  "Guingamp": 1427.18530273,
  "Rodez": 1420.57885742,
  "Grenoble": 1409.09619141,
  "Pau": 1402.42736816,
  "Clermont": 1397.48522949,
  "Laval": 1390.69104004,
  "Amiens": 1374.76660156,
  "Bastia": 1369.17297363,
  "Boulogne": 1361.61938477,
  "Nancy": 1358.11218262
}