{
  "Arsenal": 2062.10424805,
  "Manchester City": 1987.46496582,
  "Liverpool": 1961.19848633,
  "Aston Villa": 1932.24182129,
  "Chelsea": 1922.30725098,
  "Manchester United": 1889.25378418,
  "Newcastle": 1876.22631836,
  "Brentford": 1847.69799805,
  "Bournemouth": 1846.29614258,
  "Brighton": 1842.33166504,
  "Everton": 1818.29833984,
  "Fulham": 1814.86218262,
  "Tottenham": 1809.24377441,
  "Crystal Palace": 1801.859375,
  "Leeds": 1793.89245605,
  "Forest": 1788.25158691,
  "West Ham": 1751.22119141,
  "Burnley": 1707.48449707,
  "Sunderland": 1696.41015625,
  "Wolverhampton": 1680.27709961,
  "Ipswich": 1636.27819824,
  "Coventry": 1635.57336426,
  "Middlesbrough": 1602.21728516,
  "Southampton": 1582.08813477,
  "Sheffield United": 1576.63269043,
  "Millwall": 1574.02233887,
  "Hull": 1563.32751465,
  "Wrexham": 1543.63439941,
  "Bristol City": 1535.61657715,
  "Norwich": 1533.40270996,
  "Leicester": 1532.55712891,
  "Derby": 1530.33056641,
  "Swansea": 1528.43530273,
  "Watford": 1523.71081543,
  "Preston": 1521.40112305,
  "Stoke": 1515.5246582,
  "Birmingham": 1513.17211914,
  "QPR": 1510.71411133,
  "Portsmouth": 1501.109375,
  "Blackburn": 1490.6809082,
  "Charlton": 1473.18237305,
  "West Brom": 1467.12487793,
  "Oxford": 1441.89660645,
  "Sheffield Weds": 1349.18029785
}