{
  "Barcelona": 1938.57006836,
  "Real Madrid": 1915.88037109,
  "Atlético": 1809.41723633,
  "Betis": 1753.6282959,
  "Villarreal": 1725.25292969,
  "Athletic": 1696.77185059,
  "Celta": 1687.44396973,
  "Real Sociedad": 1670.95007324,
  "Osasuna": 1668.02746582,
  "Valencia": 1642.7298584,
  "Rayo Vallecano": 1627.03601074,
  "Espanyol": 1624.93652344,
  "Getafe": 1615.03393555,
  "Mallorca": 1614.56274414,
  "Girona": 1608.30761719,
  "Alaves": 1602.03845215,
  "Sevilla": 1593.7220459,
  "Elche": 1581.90515137,
  "Levante": 1571.65161133,
  "Real Oviedo": 1536.42565918,
  "Castellon": 1535.8671875,
  "Racing": 1533.99291992,
  "Almeria": 1532.54174805,
  "Las Palmas": 1529.76501465,
  "Leganes": 1511.78662109,
  "Cordoba": 1495.63952637,
  "Malaga": 1489.89050293,
  "Granada": 1489.12634277,
  "Depor": 1487.87670898,
  "Eibar": 1487.42907715,
  "Burgos": 1473.26855469,
  "Sporting": 1472.76733398,
  "Cadiz": 1470.35107422,
  "Albacete": 1454.00952148,
  "Huesca": 1439.44958496,
  "Mirandes": 1426.76782227,
  "Ceuta": 1426.69812012,
  "Sociedad B": 1417.79797363,
  "Valladolid": 1406.01208496,
  "FC Andorra": 1400.95251465,
  "Zaragoza": 1390.12927246,
  "Leonesa": 1375.44787598
}