{
  "Barcelona": 1970.1628418,
  "Real Madrid": 1937.84924316,
  "Atlético": 1877.32507324,
  "Villarreal": 1758.20336914,
  "Betis": 1751.6730957,
  "Celta": 1733.8482666,
  "Real Sociedad": 1707.09985352,
  "Athletic": 1706.94934082,
  "Osasuna": 1694.54052734,
  "Rayo Vallecano": 1682.63586426,
  "Getafe": 1680.45996094,
  "Valencia": 1674.26281738,
  "Girona": 1662.8671875,
  "Mallorca": 1645.07751465,
  "Espanyol": 1634.68981934,
  "Alaves": 1628.61950684,
  "Sevilla": 1614.50158691,
  "Levante": 1608.09228516,
  "Elche": 1602.78063965,
  "Las Palmas": 1572.49194336,
  "Real Oviedo": 1572.44519043,
  "Almeria": 1571.65270996,
  "Eibar": 1560.04345703,
  "Malaga": 1542.38513184,
  "Racing": 1541.37438965,
  "Castellon": 1539.59606934,
  "Burgos": 1538.87634277,
  "Depor": 1534.375,
  "Leganes": 1519.16162109,
  "Granada": 1516.43713379,
  "Albacete": 1500.53430176,
  "Sporting": 1494.05065918,
  "FC Andorra": 1488.05114746,
  "Cordoba": 1466.0592041,
  "Ceuta": 1456.48828125,
  "Mirandes": 1453.72216797,
  "Sociedad B": 1453.24645996,
  "Valladolid": 1445.89648438,
  "Zaragoza": 1434.69799805,
  "Cadiz": 1429.62353516,
  "Huesca": 1420.66870117,
  "Leonesa": 1388.90429688
}