{
  "Inter": 1903.515625,
  "Milan": 1813.37609863,
  "Atalanta": 1800.27453613,
  "Roma": 1798.27062988,
  "Napoli": 1788.51879883,
  "Juventus": 1776.73449707,
  "Como": 1741.11657715,
  "Bologna": 1703.95935059,
  "Lazio": 1686.83728027,
  "Fiorentina": 1642.40429688,
  "Sassuolo": 1637.04602051,
  "Genoa": 1626.8013916,
  "Torino": 1615.81469727,
  "Udinese": 1615.23339844,
  "Parma": 1609.76794434,
  "Cagliari": 1596.56152344,
  "Venezia": 1582.67651367,
  "Lecce": 1556.57226562,
  "Monza": 1556.20422363,
  "Cremonese": 1541.59716797,
  "Frosinone": 1523.67590332,
  "Palermo": 1515.15112305,
  "Verona": 1508.90820312,
  "Pisa": 1500.58300781,
  "Catanzaro": 1477.10852051,
  "Suedtirol": 1452.41723633,
  "Modena": 1446.10131836,
  "Empoli": 1443.61169434,
  "Juve Stabia": 1436.77294922,
  "Spezia": 1400.52661133,
  "Sampdoria": 1396.67785645,
  "Carrarese": 1392.54992676,
  "Cesena": 1387.89648438,
  "Bari": 1378.54797363,
  "Padova": 1374.29931641,
  "Reggiana": 1359.87304688,
  "Mantova": 1356.40881348,
  "Entella": 1354.48510742,
  "Avellino": 1348.16040039,
  "Pescara": 1332.41052246
}