{
  "PSG": 1940.484375,
  "Lens": 1764.65795898,
  "Lyon": 1755.14660645,
  "Marseille": 1746.63818359,
  "Monaco": 1727.10388184,
  "Strasbourg": 1713.67102051,
  "Lille": 1711.9666748,
  "Rennais": 1709.15002441,
  "Brest": 1676.26171875,
  "Toulouse": 1633.13000488,
  "Lorient": 1631.43896484,
  "Nice": 1571.17431641,
  "Auxerre": 1568.65234375,
  "Angers": 1566.23327637,
  "Le Havre": 1561.89782715,
  "Paris FC": 1557.29406738,
  "Reims": 1544.61328125,
  "Saint-Etienne": 1529.23156738,
  "Nantes": 1521.40551758,
  "Metz": 1505.3638916,
  "Troyes": 1484.11950684,
  "Montpellier": 1472.29650879,
  "Dunkerque": 1462.97351074,
  "Le Mans": 1458.72741699,
  "Rodez": 1453.86108398,
  "Annecy": 1449.43103027,
  "Guingamp": 1439.84020996,
  "Red Star": 1405.16394043,
  "Pau": 1394.31091309,
  "Grenoble": 1386.36120605,
  "Boulogne": 1382.70690918,
  "Clermont": 1380.21362305,
  "Bastia": 1363.8338623,
  "Laval": 1347.45812988,
  "Nancy": 1326.95996094,
  "Amiens": 1325.85925293
}