{
  "PSG": 1959.97692871,
  "Monaco": 1746.42236328,
  "Lens": 1742.29638672,
  "Lille": 1736.13867188,
  "Marseille": 1726.08703613,
  "Lyon": 1716.24987793,
  "Strasbourg": 1705.79785156,
  "Rennais": 1697.7010498,
  "Brest": 1639.72949219,
  "Toulouse": 1639.72839355,
  "Lorient": 1627.42297363,
  "Auxerre": 1581.42907715,
  "Nice": 1571.04541016,
  "Paris FC": 1568.57104492,
  "Le Havre": 1554.01745605,
  "Angers": 1546.88781738,
  "Reims": 1533.17285156,
  "Saint-Etienne": 1527.69958496,
  "Nantes": 1513.53613281,
  "Troyes": 1500.90405273,
  "Metz": 1500.32006836,
  "Le Mans": 1470.66003418,
  "Montpellier": 1466.82263184,
  "Rodez": 1458.05078125,
  "Dunkerque": 1437.39807129,
  "Annecy": 1433.98620605,
  "Guingamp": 1419.07287598,
  "Red Star": 1414.83337402,
  "Boulogne": 1381.06359863,
  "Pau": 1380.76293945,
  "Grenoble": 1375.13708496,
  "Clermont": 1369.08044434,
  "Bastia": 1361.02062988,
  "Laval": 1354.56555176,
  "Nancy": 1329.92895508,
  "Amiens": 1318.48193359
}