{
  "Real Madrid": 1953.27709961,
  "Barcelona": 1927.42053223,
  "Atlético": 1861.33959961,
  "Villarreal": 1786.76660156,
  "Betis": 1746.89550781,
  "Athletic": 1741.15759277,
  "Celta": 1680.40209961,
  "Osasuna": 1675.28771973,
  "Rayo Vallecano": 1675.07897949,
  "Espanyol": 1665.47009277,
  "Valencia": 1658.65283203,
  "Real Sociedad": 1649.70776367,
  "Sevilla": 1647.88415527,
  "Alaves": 1643.55126953,
  "Getafe": 1643.32495117,
  "Mallorca": 1638.74243164,
  "Levante": 1610.53527832,
  "Elche": 1609.39501953,
  "Girona": 1594.96948242,
  "Leganes": 1582.02514648,
  "Las Palmas": 1569.58532715,
  "Real Oviedo": 1561.52954102,
  "Almeria": 1548.67797852,
  "Racing": 1538.5489502,
  "Cadiz": 1525.57617188,
  "Eibar": 1507.12231445,
  "Granada": 1501.25805664,
  "Mirandes": 1499.48901367,
  "Depor": 1496.31945801,
  "Burgos": 1493.81359863,
  "Huesca": 1491.23803711,
  "Sporting": 1482.72216797,
  "Cordoba": 1478.94140625,
  "Albacete": 1478.93408203,
  "Valladolid": 1471.89172363,
  "Ceuta": 1457.49475098,
  "Malaga": 1457.17370605,
  "Castellon": 1457.00305176,
  "FC Andorra": 1432.46875,
  "Leonesa": 1428.16784668,
  "Sociedad B": 1417.34924316,
  "Zaragoza": 1391.29760742
}