{
  "Bayern Munich": 1979.08618164,
  "Borussia Dortmund": 1850.47424316,
  "Leverkusen": 1804.8260498,
  "Stuttgart": 1757.78234863,
  "RB Leipzig": 1757.42565918,
  "Hoffenheim": 1713.64013672,
  "Freiburg": 1709.79870605,
  "Frankfurt": 1689.03771973,
  "Mainz": 1647.03063965,
  "Werder": 1642.046875,
  "Union Berlin": 1633.96435547,
  "Gladbach": 1621.5402832,
  "Wolfsburg": 1620.19921875,
  "Augsburg": 1612.96154785,
  "Koeln": 1576.43908691,
  "Hamburg": 1569.52124023,
  "St Pauli": 1548.30615234,
  "Heidenheim": 1532.44421387,
  "Elversberg": 1526.0246582,
  "Darmstadt": 1513.89501953,
  "Paderborn": 1511.13598633,
  "Bochum": 1504.3515625,
  "Holstein": 1499.48083496,
  "Hannover": 1490.76477051,
  "Schalke": 1489.14257812,
  "Lautern": 1479.21166992,
  "Hertha": 1475.14624023,
  "Karlsruhe": 1456.55981445,
  "Magdeburg": 1435.10925293,
  "Duesseldorf": 1434.1184082,
  "Nuernberg": 1429.77734375,
  "Muenster": 1398.43383789,
  "Bielefeld": 1380.06176758,
  "Braunschweig": 1368.1619873,
  "Dresden": 1356.51928711,
  "Fuerth": 1355.95031738
}