{
  "Real Madrid": 1953.70715332,
  "Barcelona": 1932.63708496,
  "Atletico": 1877.0222168,
  "Athletic": 1791.62194824,
  "Villarreal": 1758.45874023,
  "Betis": 1714.49816895,
  "Sociedad": 1702.64013672,
  "Sevilla": 1689.69848633,
  "Girona": 1688.63110352,
  "Celta": 1675.1315918,
  "Osasuna": 1671.55627441,
  "Getafe": 1668.84558105,
  "Mallorca": 1661.63623047,
  "Rayo Vallecano": 1659.60229492,
  "Valencia": 1648.22631836,
  "Alaves": 1628.39526367,
  "Espanyol": 1617.70361328,
  "Las Palmas": 1587.17980957,
  "Leganes": 1585.45080566,
  "Levante": 1581.71435547,
  "Elche": 1562.88208008,
  "Almeria": 1555.20922852,
  "Huesca": 1551.58947754,
  "Cadiz": 1550.83129883,
  "Oviedo": 1550.26611328,
  "Mirandes": 1549.63293457,
  "Santander": 1546.87536621,
  "Granada": 1537.60974121,
  "Valladolid": 1527.33032227,
  "Eibar": 1511.20080566,
  "Gijon": 1508.49963379,
  "Cordoba": 1485.52087402,
  "Depor": 1483.2677002,
  "Albacete": 1479.84118652,
  "Burgos": 1470.00744629,
  "Zaragoza": 1464.82006836,
  "Malaga": 1462.67614746,
  "Castellon": 1454.73974609,
  "Eldense": 1441.77185059,
  "Tenerife": 1421.4005127,
  "Ferrol": 1377.59924316,
  "Cartagena": 1350.47717285
}