{
  "Arsenal": 2047.68530273,
  "Bayern Munich": 1979.08618164,
  "PSG": 1957.47351074,
  "Manchester City": 1956.37817383,
  "Barcelona": 1943.00964355,
  "Liverpool": 1938.70373535,
  "Aston Villa": 1933.20471191,
  "Real Madrid": 1929.95910645,
  "Inter": 1916.19116211,
  "Chelsea": 1906.25915527,
  "Atlético": 1874.28149414,
  "Newcastle": 1872.20092773,
  "Manchester United": 1858.47680664,
  "Borussia Dortmund": 1850.47424316,
  "Sporting": 1835.8782959,
  "Brighton": 1833.65625,
  "Milan": 1823.60205078,
  "Brentford": 1822.74194336,
  "Juventus": 1822.51257324,
  "Bournemouth": 1817.0703125,
  "Roma": 1816.52758789,
  "Everton": 1814.36157227,
  "Fulham": 1813.98937988,
  "Tottenham": 1806.09631348,
  "Leverkusen": 1804.8260498,
  "Benfica": 1803.5904541,
  "Napoli": 1802.72473145,
  "Atalanta": 1797.45703125,
  "PSV": 1790.51721191,
  "Forest": 1785.27453613,
  "Crystal Palace": 1784.8939209,
  "Porto": 1779.21240234,
  "Marseille": 1765.11669922,
  "Leeds": 1764.09155273,
  "Lyon": 1759.47875977,
  "Stuttgart": 1757.78234863,
  "RB Leipzig": 1757.42565918,
  "Lens": 1751.92871094,
  "Villarreal": 1746.74719238,
  "Betis": 1738.56115723,
  "Como": 1737.59069824,
  "West Ham": 1725.58569336,
  "Hoffenheim": 1713.64013672,
  "Lazio": 1713.36376953,
  "Galatasaray": 1713.33764648,
  "Strasbourg": 1712.69384766,
  "Celta": 1711.99438477,
  "Brugge": 1709.80444336,
  "Freiburg": 1709.79870605,
  "Lille": 1708.90612793,
  "Bologna": 1707.07507324,
  "Olympiacos": 1706.63427734,
  "Athletic": 1705.33007812,
  "Burnley": 1701.35754395,
  "Saint-Gilloise": 1699.47387695,
  "Fenerbahce": 1693.05834961,
  "Braga": 1690.56835938,
  "Frankfurt": 1689.03771973,
  "Sunderland": 1686.23156738,
  "Rennais": 1678.90087891,
  "Midtjylland": 1678.02514648,
  "Slavia Prag": 1677.25671387,
  "Real Sociedad": 1677.03161621,
  "Bodø/Glimt": 1676.68579102,
  "Wolverhampton": 1673.58581543,
  "Monaco": 1671.62487793,
  "Toulouse": 1671.26867676,
  "Osasuna": 1668.85412598,
  "Zenit": 1662.57800293,
  "Espanyol": 1654.51013184,
  "Fiorentina": 1652.45019531,
  "Valencia": 1650.96655273,
  "Mainz": 1647.03063965,
  "Werder": 1642.046875,
  "FC Krasnodar": 1639.16955566,
  "Genoa": 1638.08532715,
  "Brest": 1638.0300293,
  "PAOK": 1637.54016113,
  "Union Berlin": 1633.96435547,
  "Girona": 1629.38378906,
  "AEK": 1625.79736328,
  "Lorient": 1625.54492188,
  "Torino": 1624.56298828,
  "Mallorca": 1623.52783203,
  "Gladbach": 1621.5402832,
  "Wolfsburg": 1620.19921875,
  "Sevilla": 1619.29858398,
  "Rayo Vallecano": 1618.43432617,
  "Alaves": 1615.96411133,
  "Sassuolo": 1613.19543457,
  "Augsburg": 1612.96154785,
  "Cagliari": 1611.70202637,
  "Ajax": 1611.39099121,
  "Udinese": 1610.81811523,
  "Feyenoord": 1610.01086426,
  "Nice": 1602.90991211,
  "Elche": 1601.9473877,
  "Copenhagen": 1600.8972168,
  "Getafe": 1597.31018066,
  "Parma": 1596.13452148,
  "Levante": 1595.87353516,
  "CSKA Moskva": 1595.08752441,
  "Viking": 1588.37524414,
  "Genk": 1577.16711426,
  "Koeln": 1576.43908691,
  "Lok Moskva": 1576.38354492,
  "Crvena Zvezda": 1575.15490723,
  "Sparta Praha": 1572.69287109,
  "Aarhus": 1570.41027832,
  "Hamburg": 1569.52124023,
  "Viktoria Plzen": 1568.83728027,
  "Cremonese": 1564.04370117,
  "Le Havre": 1563.55639648,
  "Auxerre": 1561.7010498,
  "Qarabag FK": 1561.08630371,
  "Angers": 1560.06213379,
  "Celtic": 1559.37133789,
  "Verona": 1559.03198242,
  "Lecce": 1554.42407227,
  "Brondby": 1552.38391113,
  "Spartak Moskva": 1550.35656738,
  "Anderlecht": 1549.96374512,
  "Rakow": 1549.48986816,
  "Pafos": 1549.42944336,
  "Famalicao": 1548.43579102,
  "St Pauli": 1548.30615234,
  "Mjaellby": 1547.41955566,
  "Real Oviedo": 1545.01220703,
  "Guimaraes": 1544.9576416,
  "Shakhtar": 1544.38671875,
  "Rangers": 1544.2824707,
  "Alkmaar": 1544.23522949,
  "Panathinaikos": 1540.21264648,
  "Paris FC": 1540.03674316,
  "Twente": 1537.1385498,
  "Dinamo Zagreb": 1534.59069824,
  "Brann": 1533.99133301,
  "Heidenheim": 1532.44421387,
  "Nantes": 1532.37890625,
  "St Truiden": 1532.19250488,
  "Pisa": 1528.79797363,
  "Ferencvaros": 1528.63513184,
  "Metz": 1528.27661133,
  "Nijmegen": 1523.50964355,
  "Trabzonspor": 1523.19238281,
  "Charleroi": 1521.11450195,
  "Estoril": 1519.82336426,
  "Gil Vicente": 1512.72521973,
  "Antwerp": 1511.01159668,
  "RB Salzburg": 1510.26635742,
  "Hammarby": 1509.1027832,
  "Jagiellonia": 1507.79370117,
  "Lech": 1506.54089355,
  "Besiktas": 1505.67382812,
  "Nordsjaelland": 1505.29187012,
  "Dynamo Moskva": 1504.17382812,
  "Moreirense": 1503.0201416,
  "Larnaca": 1500.31872559,
  "Gent": 1495.53991699,
  "Basel": 1495.1953125,
  "Mechelen": 1494.0592041,
  "Bueyueksehir": 1493.62109375,
  "Jablonec": 1492.48413086,
  "Omonia": 1484.60827637,
  "Djurgarden": 1483.82067871,
  "Utrecht": 1483.56311035,
  "Viborg": 1482.78173828,
  "Aris Limassol": 1482.3326416,
  "Baltika": 1477.88574219,
  "Goeztepe": 1475.52587891,
  "Tromso": 1468.29370117,
  "SonderjyskE": 1467.07080078,
  "Hearts": 1466.84155273,
  "Sparta Rotterdam": 1464.66540527,
  "Beer-Sheva": 1464.38598633,
  "Randers": 1460.89245605,
  "Craiova": 1460.88598633,
  "Westerlo": 1460.47521973,
  "Slovan Liberec": 1459.39477539,
  "Cercle Brugge": 1454.96972656,
  "Santa Clara": 1454.65686035,
  "StGallen": 1454.55761719,
  "Molde": 1452.22058105,
  "Rio Ave": 1450.05541992,
  "Young Boys": 1449.65429688,
  "Razgrad": 1446.65087891,
  "Steaua": 1446.62084961,
  "Sturm Graz": 1446.39575195,
  "Lausanne": 1446.37878418,
  "Rosenborg": 1444.0982666,
  "Go Ahead Eagles": 1443.74743652,
  "Silkeborg": 1442.66772461,
  "Lugano": 1441.27856445,
  "Pogon": 1440.42907715,
  "Cracovia": 1438.89404297,
  "Celje": 1438.73840332,
  "Levadeiakos": 1438.46166992,
  "Gornik": 1438.04870605,
  "Samsunspor": 1437.84912109,
  "Heerenveen": 1437.6072998,
  "Standard": 1437.47216797,
  "Arouca": 1437.3203125,
  "Rostov": 1435.17077637,
  "Malmoe": 1434.55712891,
  "Nacional": 1433.39477539,
  "Aris": 1430.71154785,
  "Rubin Kazan": 1430.16821289,
  "M Tel Aviv": 1426.98327637,
  "Piast Gliwice": 1426.75805664,
  "Casa Pia": 1426.08508301,
  "Legia": 1424.8482666,
  "LASK": 1424.5279541,
  "Hradec Kralove": 1424.41723633,
  "Groningen": 1423.71044922,
  "Maccabi Haifa": 1423.58410645,
  "Sandefjord": 1422.18200684,
  "Radomiak": 1420.61621094,
  "Leuven": 1419.96508789,
  "Hajduk": 1419.96081543,
  "Zwolle": 1418.91821289,
  "Dynamo Kyiv": 1418.65649414,
  "Fredrikstad": 1418.08154297,
  "Gyoer": 1416.24536133,
  "Alverca": 1416.14819336,
  "Alanyaspor": 1415.9543457,
  "Levski": 1415.16748047,
  "Austria Wien": 1412.96704102,
  "Lubin": 1412.80822754,
  "Wolfsberg": 1412.16320801,
  "Odense": 1411.99572754,
  "Sittard": 1410.91357422,
  "Korona": 1410.82287598,
  "GAIS": 1408.98901367,
  "Estrela Amadora": 1408.01831055,
  "Rijeka": 1406.14208984,
  "Paksi": 1403.26757812,
  "Thun": 1402.49157715,
  "Servette": 1400.24987793,
  "Goeteborg": 1400.01293945,
  "Hibernian": 1399.29785156,
  "Sarpsborg": 1399.10021973,
  "Plock": 1397.70581055,
  "Zulte Waregem": 1396.57348633,
  "AIK": 1394.70898438,
  "Rapid Bucuresti": 1392.6282959,
  "Gaziantep FK": 1391.078125,
  "Puskas Akademia": 1390.51049805,
  "Banik Ostrava": 1390.45080566,
  "Dender": 1389.89868164,
  "IK Sirius": 1389.79138184,
  "Katowice": 1389.47314453,
  "Terek Grozny": 1387.9239502,
  "Sion": 1387.66589355,
  "Karvina": 1386.75024414,
  "Beitar": 1386.62194824,
  "CFR Cluj": 1386.33654785,
  "Lechia": 1383.5880127,
  "Motherwell": 1381.28747559,
  "Partizan": 1380.56408691,
  "Ham-Kam": 1379.46948242,
  "Kasimpasa": 1378.49658203,
  "Kryliya Sovetov": 1378.48657227,
  "Rizespor": 1377.38012695,
  "Elfsborg": 1377.11645508,
  "Hartberg": 1376.91931152,
  "Akron Togliatti": 1374.86291504,
  "Sigma Olomouc": 1372.81726074,
  "Luzern": 1370.4630127,
  "Valerenga": 1370.30480957,
  "Haecken": 1369.46630859,
  "Zuerich": 1369.25976562,
  "Motor Lublin": 1368.35766602,
  "KFUM Oslo": 1367.8392334,
  "RAAL": 1367.6607666,