{
  "Bayern Munich": 1955.02783203,
  "Borussia Dortmund": 1848.7479248,
  "Leverkusen": 1834.04870605,
  "Frankfurt": 1756.97033691,
  "RB Leipzig": 1741.40393066,
  "Stuttgart": 1709.29553223,
  "Mainz": 1703.89697266,
  "Freiburg": 1690.01989746,
  "Werder": 1672.67553711,
  "Wolfsburg": 1648.51062012,
  "Hoffenheim": 1630.29638672,
  "Union Berlin": 1624.1574707,
  "Gladbach": 1614.19042969,
  "Augsburg": 1607.2734375,
  "St Pauli": 1598.21179199,
  "Koeln": 1580.08337402,
  "Hamburg": 1559.43017578,
  "Heidenheim": 1548.35595703,
  "Elversberg": 1531.20715332,
  "Holstein": 1526.80041504,
  "Paderborn": 1521.37084961,
  "Karlsruhe": 1502.24938965,
  "Hannover": 1500.13305664,
  "Bochum": 1490.45446777,
  "Darmstadt": 1489.96887207,
  "Duesseldorf": 1486.23999023,
  "Lautern": 1471.7208252,
  "Hertha": 1465.03125,
  "Schalke": 1445.21728516,
  "Muenster": 1420.72058105,
  "Magdeburg": 1410.33483887,
  "Nuernberg": 1406.27319336,
  "Fuerth": 1402.42431641,
  "Bielefeld": 1371.88061523,
  "Braunschweig": 1367.11621094,
  "Dresden": 1342.09521484
}