{
  "Barcelona": 1934.81433105,
  "Real Madrid": 1903.95690918,
  "Atlético": 1866.81896973,
  "Villarreal": 1772.01977539,
  "Betis": 1756.21105957,
  "Athletic": 1732.52612305,
  "Celta": 1682.56982422,
  "Espanyol": 1662.6151123,
  "Valencia": 1650.76879883,
  "Osasuna": 1650.75915527,
  "Real Sociedad": 1649.27856445,
  "Rayo Vallecano": 1648.80200195,
  "Alaves": 1629.31103516,
  "Getafe": 1628.88305664,
  "Sevilla": 1627.42749023,
  "Mallorca": 1623.7767334,
  "Elche": 1608.84301758,
  "Girona": 1588.64428711,
  "Levante": 1569.2076416,
  "Las Palmas": 1565.02026367,
  "Almeria": 1564.10864258,
  "Racing": 1553.32080078,
  "Real Oviedo": 1549.59094238,
  "Leganes": 1525.66137695,
  "Depor": 1518.03820801,
  "Castellon": 1499.04504395,
  "Granada": 1494.79968262,
  "Cadiz": 1490.88952637,
  "Mirandes": 1475.68493652,
  "Burgos": 1474.8425293,
  "Valladolid": 1472.21606445,
  "Albacete": 1469.26269531,
  "Cordoba": 1462.38745117,
  "Eibar": 1462.21447754,
  "Sporting": 1461.9798584,
  "Ceuta": 1448.67456055,
  "Huesca": 1447.56335449,
  "Malaga": 1439.75463867,
  "Leonesa": 1439.73632812,
  "Sociedad B": 1413.19445801,
  "FC Andorra": 1405.94116211,
  "Zaragoza": 1401.11535645
}