{
  "Bayern Munich": 2016.63781738,
  "Borussia Dortmund": 1844.94543457,
  "Leverkusen": 1827.10864258,
  "RB Leipzig": 1775.65490723,
  "Stuttgart": 1766.18078613,
  "Freiburg": 1724.22180176,
  "Hoffenheim": 1703.65063477,
  "Mainz": 1702.83312988,
  "Frankfurt": 1692.27526855,
  "Gladbach": 1624.64196777,
  "Augsburg": 1622.04638672,
  "Werder": 1621.17370605,
  "Union Berlin": 1607.54675293,
  "Hamburg": 1593.70678711,
  "Koeln": 1591.51367188,
  "Wolfsburg": 1580.28723145,
  "St Pauli": 1570.81530762,
  "Paderborn": 1545.18066406,
  "Heidenheim": 1535.31213379,
  "Hannover": 1527.75756836,
  "Elversberg": 1519.59887695,
  "Schalke": 1516.89697266,
  "Hertha": 1503.27050781,
  "Darmstadt": 1498.21777344,
  "Bochum": 1492.5546875,
  "Lautern": 1480.89416504,
  "Holstein": 1462.88623047,
  "Karlsruhe": 1457.54125977,
  "Nuernberg": 1438.46105957,
  "Magdeburg": 1428.78649902,
  "Duesseldorf": 1418.2232666,
  "Dresden": 1408.87902832,
  "Bielefeld": 1387.86682129,
  "Fuerth": 1385.44274902,
  "Muenster": 1374.59887695,
  "Braunschweig": 1370.05187988
}