{
  "Arsenal": 2037.34692383,
  "Manchester City": 1956.28100586,
  "Liverpool": 1918.48693848,
  "Chelsea": 1912.05566406,
  "Aston Villa": 1879.55371094,
  "Newcastle": 1855.70788574,
  "Crystal Palace": 1841.87060547,
  "Brighton": 1840.19165039,
  "Bournemouth": 1817.69519043,
  "Manchester United": 1811.29162598,
  "Brentford": 1810.51086426,
  "Tottenham": 1809.21228027,
  "Everton": 1801.13378906,
  "Forest": 1777.98791504,
  "Fulham": 1770.13146973,
  "West Ham": 1729.46313477,
  "Burnley": 1709.13012695,
  "Leeds": 1703.43652344,
  "Wolverhampton": 1662.71008301,
  "Coventry": 1633.75524902,
  "Sunderland": 1633.62390137,
  "Ipswich": 1598.91870117,
  "Leicester": 1571.34362793,
  "Southampton": 1551.97705078,
  "Middlesbrough": 1547.22546387,
  "Sheffield United": 1536.06091309,
  "Stoke": 1533.96081543,
  "Bristol City": 1523.63110352,
  "Millwall": 1513.70239258,
  "West Brom": 1508.78173828,
  "Preston": 1507.62609863,
  "Watford": 1500.55029297,
  "Derby": 1497.95544434,
  "Hull": 1496.98217773,
  "QPR": 1495.39709473,
  "Blackburn": 1491.67248535,
  "Wrexham": 1477.72668457,
  "Birmingham": 1477.57946777,
  "Swansea": 1469.78295898,
  "Portsmouth": 1450.51611328,
  "Charlton": 1448.42321777,
  "Oxford": 1442.9354248,
  "Norwich": 1436.86303711,
  "Sheffield Weds": 1404.5546875
}