{
  "Arsenal": 2059.18066406,
  "Bayern Munich": 1987.8939209,
  "Barcelona": 1953.86767578,
  "Manchester City": 1952.0994873,
  "PSG": 1940.484375,
  "Real Madrid": 1931.46374512,
  "Liverpool": 1928.92236328,
  "Chelsea": 1897.28601074,
  "Inter": 1889.01538086,
  "Manchester United": 1882.92102051,
  "Aston Villa": 1876.26708984,
  "Newcastle": 1866.95690918,
  "Atlético": 1858.59130859,
  "Brentford": 1839.59057617,
  "Brighton": 1835.64941406,
  "Borussia Dortmund": 1830.71520996,
  "Sporting": 1829.02770996,
  "Bournemouth": 1823.1394043,
  "Everton": 1817.17272949,
  "Milan": 1811.26171875,
  "Leverkusen": 1809.79504395,
  "Benfica": 1805.76245117,
  "Fulham": 1796.5345459,
  "Napoli": 1793.23876953,
  "Atalanta": 1791.96899414,
  "Crystal Palace": 1790.62207031,
  "Porto": 1785.69360352,
  "Juventus": 1784.6628418,
  "Roma": 1779.02563477,
  "Tottenham": 1770.95898438,
  "Leeds": 1765.62097168,
  "Forest": 1764.39599609,
  "PSV": 1762.46691895,
  "Bodø/Glimt": 1760.20251465,
  "Lens": 1754.42358398,
  "Stuttgart": 1754.31481934,
  "Como": 1753.55541992,
  "Lyon": 1751.17297363,
  "West Ham": 1747.84753418,
  "Villarreal": 1747.27111816,
  "Marseille": 1746.63818359,
  "RB Leipzig": 1740.3605957,
  "Betis": 1738.39990234,
  "Galatasaray": 1735.46264648,
  "Monaco": 1734.9921875,
  "Saint-Gilloise": 1723.69567871,
  "Brugge": 1723.02233887,
  "Celta": 1721.67333984,
  "Lille": 1721.17956543,
  "Hoffenheim": 1715.45788574,
  "Strasbourg": 1708.40246582,
  "Midtjylland": 1707.78039551,
  "Lazio": 1701.90527344,
  "Rennais": 1699.93737793,
  "Wolverhampton": 1698.38549805,
  "Athletic": 1697.37329102,
  "Real Sociedad": 1695.4050293,
  "Bologna": 1695.39440918,
  "Sunderland": 1692.71960449,
  "Olympiacos": 1692.21838379,
  "Frankfurt": 1684.75622559,
  "Burnley": 1684.59667969,
  "Braga": 1678.79650879,
  "Osasuna": 1676.0267334,
  "Slavia Prag": 1673.00549316,
  "Mainz": 1671.25524902,
  "Freiburg": 1668.8371582,
  "Brest": 1668.37353516,
  "Rayo Vallecano": 1659.6895752,
  "Fenerbahce": 1659.53710938,
  "Valencia": 1657.23681641,
  "Zenit": 1651.2767334,
  "Getafe": 1647.21496582,
  "Girona": 1646.77990723,
  "Genoa": 1646.11914062,
  "Lorient": 1641.67346191,
  "Fiorentina": 1641.15087891,
  "Toulouse": 1639.1081543,
  "AEK": 1630.8605957,
  "FC Krasnodar": 1629.65258789,
  "PAOK": 1626.42016602,
  "Espanyol": 1626.32019043,
  "Mallorca": 1625.70178223,
  "Torino": 1623.69238281,
  "Sassuolo": 1622.43286133,
  "Sevilla": 1622.26342773,
  "Gladbach": 1620.41674805,
  "Augsburg": 1618.22436523,
  "Werder": 1617.90905762,
  "Udinese": 1614.63244629,
  "Union Berlin": 1613.18395996,
  "Genk": 1609.3807373,
  "Viking": 1608.96716309,
  "Alaves": 1602.70947266,
  "Parma": 1598.38562012,
  "Feyenoord": 1594.44799805,
  "Hamburg": 1590.92382812,
  "Levante": 1589.57043457,
  "Elche": 1587.64575195,
  "Aarhus": 1587.15881348,
  "Wolfsburg": 1587.12683105,
  "Nice": 1584.2142334,
  "Sparta Praha": 1583.55786133,
  "Ajax": 1583.34362793,
  "Crvena Zvezda": 1582.77990723,
  "Panathinaikos": 1578.27966309,
  "Cagliari": 1576.83032227,
  "Viktoria Plzen": 1576.82250977,
  "Copenhagen": 1572.83618164,
  "Lok Moskva": 1572.06103516,
  "Auxerre": 1568.65246582,
  "Shakhtar": 1565.99633789,
  "Le Havre": 1565.87145996,
  "St Pauli": 1564.66650391,
  "CSKA Moskva": 1563.29846191,
  "Pafos": 1563.08483887,
  "Koeln": 1562.9161377,
  "Paris FC": 1562.56262207,
  "Celtic": 1561.3034668,
  "Lecce": 1559.85766602,
  "Real Oviedo": 1559.80615234,
  "Dinamo Zagreb": 1556.9395752,
  "Spartak Moskva": 1556.91418457,
  "Qarabag FK": 1554.37609863,
  "Angers": 1553.19335938,
  "Trabzonspor": 1550.54016113,
  "Famalicao": 1548.01611328,
  "Brondby": 1547.77416992,
  "St Truiden": 1547.3548584,
  "Anderlecht": 1547.13574219,
  "Mjaellby": 1546.16772461,
  "Twente": 1545.99401855,
  "Ferencvaros": 1540.96704102,
  "Rangers": 1540.54724121,
  "Brann": 1540.08581543,
  "Alkmaar": 1539.67456055,
  "Besiktas": 1535.08850098,
  "Nijmegen": 1534.5098877,
  "Cremonese": 1533.61523438,
  "Dynamo Moskva": 1531.32507324,
  "Rakow": 1527.82055664,
  "Gil Vicente": 1522.80603027,
  "Nantes": 1521.40551758,
  "Mechelen": 1517.12768555,
  "Nordsjaelland": 1514.62817383,
  "Estoril": 1513.11865234,
  "Utrecht": 1512.58129883,
  "Verona": 1512.55725098,
  "Guimaraes": 1511.55004883,
  "Antwerp": 1510.59753418,
  "Gent": 1509.85058594,
  "Pisa": 1508.81188965,
  "Hammarby": 1507.85095215,
  "Bueyueksehir": 1505.23547363,
  "Viborg": 1503.0546875,
  "Larnaca": 1501.20178223,
  "Metz": 1499.38574219,
  "Heidenheim": 1499.08752441,
  "Lech": 1494.58959961,
  "Westerlo": 1494.3157959,
  "Charleroi": 1491.98571777,
  "RB Salzburg": 1490.87365723,
  "Tromso": 1488.88574219,
  "Jagiellonia": 1488.03942871,
  "Randers": 1487.6920166,
  "Moreirense": 1483.13476562,
  "Djurgarden": 1482.56896973,
  "SonderjyskE": 1481.35534668,
  "Aris Limassol": 1480.23510742,
  "Standard": 1477.28601074,
  "Thun": 1476.8795166,
  "Baltika": 1475.85229492,
  "Molde": 1472.8125,
  "Jablonec": 1470.60070801,
  "Beer-Sheva": 1468.04675293,
  "Craiova": 1466.78466797,
  "Heerenveen": 1465.37695312,
  "Rosenborg": 1464.69018555,
  "StGallen": 1460.68774414,
  "Omonia": 1458.95666504,
  "Sturm Graz": 1457.72058105,
  "Hearts": 1455.41455078,
  "Arouca": 1453.83654785,
  "Goeztepe": 1451.4140625,
  "Leuven": 1448.67272949,
  "Basel": 1448.6262207,
  "Slovan Liberec": 1448.10400391,
  "Santa Clara": 1445.69934082,
  "CFR Cluj": 1445.15795898,
  "Sparta Rotterdam": 1444.40637207,
  "Razgrad": 1443.57836914,
  "Cercle Brugge": 1443.24169922,
  "Sandefjord": 1442.77392578,
  "Dynamo Kyiv": 1440.70935059,
  "Lubin": 1440.5357666,
  "Casa Pia": 1439.40307617,
  "Fredrikstad": 1438.67346191,
  "Go Ahead Eagles": 1436.29443359,
  "Rijeka": 1435.57653809,
  "Pogon": 1434.94555664,
  "Austria Wien": 1434.93713379,
  "Gyoer": 1434.44055176,
  "Steaua": 1433.52307129,
  "Rubin Kazan": 1432.94824219,
  "Rostov": 1431.94628906,
  "Malmoe": 1430.48388672,
  "Young Boys": 1430.390625,
  "Legia": 1429.3269043,
  "Rio Ave": 1428.72558594,
  "Levski": 1427.54553223,
  "Samsunspor": 1427.12036133,
  "Cracovia": 1424.15551758,
  "LASK": 1423.07507324,
  "Celje": 1421.67150879,
  "Aris": 1420.66479492,
  "Lugano": 1420.53125,
  "Sarpsborg": 1419.6920166,
  "Silkeborg": 1419.48376465,
  "Universitatea Cluj": 1418.35534668,
  "M Tel Aviv": 1417.34472656,
  "Alverca": 1415.36730957,
  "Hajduk": 1414.88085938,
  "Katowice": 1414.59448242,
  "Hradec Kralove": 1413.79699707,
  "Zwolle": 1411.67907715,
  "Gornik": 1410.92883301,
  "Rizespor": 1410.42114258,
  "Levadeiakos": 1410.0637207,
  "Groningen": 1409.62548828,
  "Sigma Olomouc": 1409.17407227,
  "Nacional": 1408.88439941,
  "Hibernian": 1408.18078613,
  "GAIS": 1407.73730469,
  "Odense": 1407.56750488,
  "Lechia": 1407.43151855,
  "Piast Gliwice": 1407.03991699,
  "Korona": 1406.11242676,
  "Terek Grozny": 1405.74511719,
  "Radomiak": 1405.66296387,
  "Alanyaspor": 1404.73364258,
  "Sittard": 1401.88354492,
  "Luzern": 1400.71191406,
  "Motherwell": 1400.39599609,
  "Ham-Kam": 1400.06140137,
  "Goeteborg": 1398.76123047,
  "RAAL": 1397.54614258,
  "Servette": 1396.92712402,
  "Lausanne": 1396.88452148,
  "Maccabi Haifa": 1396.15625,
  "Banik Ostrava": 1396.15405273,
  "Estrela Amadora": 1395.8269043,
  "AIK": 1393.45727539,
  "Rapid Bucuresti": 1392.07055664,
  "Valerenga": 1390.89672852,
  "Gaziantep FK": 1390.04187012,
  "IK Sirius": 1388.53955078,
  "KFUM Oslo": 1388.43115234,
  "Motor Lublin": 1386.68554688,
  "Sion": 1386.5065918,
  "Konyaspor": 1385.4029541,
  "Beitar": 1384.28881836,
  "Hartberg": 1383.32922363,
  "Atromitos": 1380.95019531,
  "Tondela": 1380.71789551,
  "Kryliya Sovetov": 1379.50891113,
  "Wolfsberg": 1378.29821777,
  "Dender": 1378.26574707,
  "Zulte Waregem": 1375.984375,
  "Elfsborg": 1375.86462402,
  "Paksi": 1374.61828613,
  "Kasimpasa": 1373.87597656,
  "Polissya Zhytomyr": 1373.37023926,
  "Kocaelispor": 1372.35681152,
  "Fredericia": 1368.81140137,