{
  "Barcelona": 1945.43054199,
  "Real Madrid": 1936.12744141,
  "Atlético": 1855.34973145,
  "Athletic": 1789.30908203,
  "Villarreal": 1785.54638672,
  "Betis": 1742.14355469,
  "Osasuna": 1697.22412109,
  "Celta": 1689.27087402,
  "Valencia": 1679.41589355,
  "Real Sociedad": 1667.32019043,
  "Rayo Vallecano": 1658.47595215,
  "Alaves": 1644.1192627,
  "Mallorca": 1641.24829102,
  "Sevilla": 1637.12219238,
  "Girona": 1637.03479004,
  "Espanyol": 1634.6619873,
  "Getafe": 1625.7598877,
  "Levante": 1610.27514648,
  "Leganes": 1599.02893066,
  "Real Oviedo": 1587.67175293,
  "Elche": 1584.90917969,
  "Las Palmas": 1563.5020752,
  "Mirandes": 1560.61938477,
  "Almeria": 1543.83947754,
  "Granada": 1530.5970459,
  "Eibar": 1525.10388184,
  "Santander": 1522.47351074,
  "Cadiz": 1520.49841309,
  "Huesca": 1501.46765137,
  "Albacete": 1496.5090332,
  "Gijon": 1487.59094238,
  "Burgos": 1473.21582031,
  "Valladolid": 1467.32788086,
  "Cordoba": 1467.14428711,
  "Castellon": 1461.7409668,
  "Depor": 1458.74157715,
  "Zaragoza": 1450.09289551,
  "Malaga": 1448.69714355,
  "Ceuta": 1425.54943848,
  "Andorra CF": 1425.54943848,
  "Sociedad B": 1425.54943848,
  "Leonesa": 1425.54943848
}