{
  "PSG": 1979.07189941,
  "Lille": 1761.54614258,
  "Lyon": 1749.16674805,
  "Lens": 1747.59729004,
  "Rennais": 1725.45739746,
  "Monaco": 1723.99060059,
  "Marseille": 1705.50695801,
  "Strasbourg": 1702.43481445,
  "Lorient": 1654.44018555,
  "Toulouse": 1653.27746582,
  "Brest": 1623.33825684,
  "Paris FC": 1613.34509277,
  "Auxerre": 1604.37695312,
  "Nice": 1585.36975098,
  "Le Havre": 1562.78869629,
  "Angers": 1543.15490723,
  "Nantes": 1541.57055664,
  "Reims": 1541.02563477,
  "Troyes": 1520.19445801,
  "Saint-Etienne": 1506.8918457,
  "Rodez": 1493.4967041,
  "Le Mans": 1491.47241211,
  "Metz": 1484.91516113,
  "Montpellier": 1476.16809082,
  "Annecy": 1464.90905762,
  "Red Star": 1440.09692383,
  "Dunkerque": 1422.52380371,
  "Grenoble": 1404.76025391,
  "Guingamp": 1393.92919922,
  "Clermont": 1389.71582031,
  "Laval": 1383.33862305,
  "Bastia": 1381.44433594,
  "Pau": 1373.39770508,
  "Nancy": 1358.45678711,
  "Boulogne": 1356.86486816,
  "Amiens": 1294.55322266
}