{
  "PSG": 1974.93762207,
  "Manchester City": 1959.94421387,
  "Real Madrid": 1936.12731934,
  "Inter": 1933.2421875,
  "Bayern Munich": 1918.99780273,
  "Chelsea": 1902.8013916,
  "Atlético": 1855.34960938,
  "Borussia Dortmund": 1818.35009766,
  "Juventus": 1805.84667969,
  "Benfica": 1791.48046875,
  "Palmeiras": 1746.9512602172767,
  "Botafogo": 1746.9512602172767,
  "Flamengo": 1746.9512602172767,
  "Fluminense": 1746.9512602172767,
  "Boca Juniors": 1705.8736092968318,
  "River Plate": 1705.8736092968318,
  "Porto": 1678.19543457,
  "Seattle": 1664.795958376387,
  "Los Ángeles FC": 1664.795958376387,
  "Inter Miami": 1644.2571329161647,
  "Monterrey": 1644.2571329161647,
  "Urawa Reds": 1623.7183074559423,
  "Pachuca": 1623.7183074559423,
  "RB Salzburg": 1558.85534668,
  "Al-Ain": 1521.0241801548302,
  "Al-Hilal": 1521.0241801548302,
  "Ahly SC": 1500.4853546946076,
  "Ulsan HD": 1500.4853546946076,
  "Sundowns": 1459.4077037741629,
  "Wydad AC": 1438.8688783139405,
  "Esperance": 1397.7912273934958,
  "Auckland City": 987.0147181890475
}