{
  "Arsenal": 2038.04553223,
  "Manchester City": 1964.17443848,
  "Liverpool": 1949.6784668,
  "Chelsea": 1919.94909668,
  "Aston Villa": 1886.61572266,
  "Newcastle": 1863.60144043,
  "Crystal Palace": 1859.31030273,
  "Brighton": 1848.08496094,
  "Bournemouth": 1825.58862305,
  "Tottenham": 1821.04943848,
  "Manchester United": 1819.18493652,
  "Brentford": 1818.4041748,
  "Everton": 1809.02709961,
  "Forest": 1783.9239502,
  "Fulham": 1778.02490234,
  "West Ham": 1737.35656738,
  "Burnley": 1717.02355957,
  "Leeds": 1711.32995605,
  "Wolverhampton": 1670.60351562,
  "Coventry": 1641.64855957,
  "Sunderland": 1641.51721191,
  "Ipswich": 1606.81201172,
  "Leicester": 1579.23706055,
  "Southampton": 1559.8704834,
  "Middlesbrough": 1555.11889648,
  "Bristol City": 1543.7878418,
  "Stoke": 1541.85424805,
  "Sheffield United": 1534.91662598,
  "West Brom": 1519.11376953,
  "Millwall": 1517.1574707,
  "Preston": 1515.51953125,
  "Blackburn": 1509.27038574,
  "Watford": 1508.44384766,
  "Derby": 1505.84887695,
  "Hull": 1504.87561035,
  "QPR": 1493.5859375,
  "Birmingham": 1483.03417969,
  "Swansea": 1477.67626953,
  "Wrexham": 1473.35705566,
  "Portsmouth": 1467.44702148,
  "Charlton": 1456.31677246,
  "Oxford": 1450.82885742,
  "Norwich": 1444.75646973,
  "Sheffield Weds": 1416.88623047
}