{
  "Barcelona": 1961.31530762,
  "Real Madrid": 1952.29431152,
  "Atlético": 1833.75830078,
  "Villarreal": 1788.64562988,
  "Athletic": 1761.75146484,
  "Betis": 1735.64086914,
  "Osasuna": 1690.46386719,
  "Valencia": 1688.70153809,
  "Celta": 1665.7611084,
  "Rayo Vallecano": 1658.33337402,
  "Espanyol": 1656.50231934,
  "Real Sociedad": 1651.84240723,
  "Alaves": 1650.30187988,
  "Getafe": 1641.78466797,
  "Sevilla": 1636.55456543,
  "Mallorca": 1622.58544922,
  "Elche": 1613.98962402,
  "Levante": 1608.17407227,
  "Girona": 1590.76806641,
  "Leganes": 1582.77929688,
  "Real Oviedo": 1570.10266113,
  "Las Palmas": 1567.09216309,
  "Cadiz": 1546.97155762,
  "Mirandes": 1538.05407715,
  "Racing": 1531.52026367,
  "Eibar": 1529.57373047,
  "Almeria": 1527.59289551,
  "Depor": 1519.06225586,
  "Huesca": 1500.34387207,
  "Granada": 1484.65869141,
  "Burgos": 1483.91052246,
  "Valladolid": 1481.2890625,
  "Sporting": 1479.50854492,
  "Albacete": 1478.87878418,
  "FC Andorra": 1453.22253418,
  "Malaga": 1450.23510742,
  "Cordoba": 1448.16455078,
  "Castellon": 1445.27038574,
  "Zaragoza": 1420.0949707,
  "Sociedad B": 1418.3939209,
  "Ceuta": 1418.28942871,
  "Leonesa": 1409.6986084
}