{
  "Bayern Munich": 1992.88427734,
  "Leverkusen": 1851.78125,
  "Borussia Dortmund": 1851.57019043,
  "RB Leipzig": 1767.06628418,
  "Frankfurt": 1761.95996094,
  "Stuttgart": 1737.49121094,
  "Freiburg": 1716.00341797,
  "Werder": 1698.31005859,
  "Mainz": 1682.75866699,
  "Hoffenheim": 1674.75024414,
  "Union Berlin": 1642.97192383,
  "Gladbach": 1638.82617188,
  "Wolfsburg": 1628.61877441,
  "Augsburg": 1609.09350586,
  "Koeln": 1600.66711426,
  "Hamburg": 1575.42089844,
  "St Pauli": 1564.15527344,
  "Paderborn": 1553.82836914,
  "Heidenheim": 1551.1307373,
  "Elversberg": 1534.63293457,
  "Holstein": 1527.02709961,
  "Bochum": 1516.89929199,
  "Hertha": 1496.94726562,
  "Darmstadt": 1496.80114746,
  "Karlsruhe": 1496.66027832,
  "Hannover": 1494.63635254,
  "Schalke": 1489.72729492,
  "Lautern": 1487.52246094,
  "Duesseldorf": 1461.52124023,
  "Nuernberg": 1444.78369141,
  "Muenster": 1421.83947754,
  "Bielefeld": 1413.20898438,
  "Magdeburg": 1410.82629395,
  "Fuerth": 1390.84448242,
  "Braunschweig": 1360.6003418,
  "Dresden": 1342.34973145
}