{
  "Liverpool": 2010.31140137,
  "Arsenal": 1995.59594727,
  "Manchester City": 1938.97644043,
  "Chelsea": 1915.28540039,
  "Newcastle": 1861.95129395,
  "Crystal Palace": 1854.12878418,
  "Aston Villa": 1845.70556641,
  "Brighton": 1823.54296875,
  "Bournemouth": 1818.21606445,
  "Everton": 1804.04858398,
  "Man United": 1801.46643066,
  "Brentford": 1797.15979004,
  "Forest": 1794.9161377,
  "Tottenham": 1793.8939209,
  "Fulham": 1777.9810791,
  "West Ham": 1739.49963379,
  "Leeds": 1729.59655762,
  "Burnley": 1719.71606445,
  "Wolverhampton": 1715.67651367,
  "Leicester": 1621.23583984,
  "Sunderland": 1576.12109375,
  "Sheffield United": 1573.8223877,
  "Ipswich": 1571.74853516,
  "Middlesbrough": 1569.34130859,
  "Coventry": 1564.13256836,
  "West Brom": 1555.68249512,
  "Southampton": 1549.60339355,
  "Bristol City": 1546.63378906,
  "Swansea": 1524.92199707,
  "Norwich": 1512.28149414,
  "Millwall": 1512.27612305,
  "Stoke": 1504.67126465,
  "Blackburn": 1498.30395508,
  "Portsmouth": 1489.56970215,
  "Preston": 1484.37475586,
  "QPR": 1479.08630371,
  "Hull": 1476.63208008,
  "Watford": 1475.00744629,
  "Sheffield Weds": 1456.75805664,
  "Derby": 1453.95214844,
  "Oxford": 1441.19250488,
  "Birmingham": 1440.04260254,
  "Wrexham": 1430.2935791,
  "Charlton": 1422.03894043
}