{
  "Inter": 1926.4942627,
  "Napoli": 1828.8729248,
  "Milan": 1816.52856445,
  "Atalanta": 1816.09460449,
  "Juventus": 1813.92858887,
  "Roma": 1809.36682129,
  "Lazio": 1739.453125,
  "Bologna": 1734.66015625,
  "Como": 1723.64123535,
  "Fiorentina": 1657.69335938,
  "Torino": 1649.96887207,
  "Genoa": 1622.53625488,
  "Udinese": 1618.97705078,
  "Sassuolo": 1615.45007324,
  "Cagliari": 1605.10803223,
  "Parma": 1601.87780762,
  "Venezia": 1583.41638184,
  "Cremonese": 1582.8302002,
  "Verona": 1568.23449707,
  "Lecce": 1559.79174805,
  "Frosinone": 1539.29711914,
  "Monza": 1538.5567627,
  "Pisa": 1530.50500488,
  "Empoli": 1517.72705078,
  "Palermo": 1502.86157227,
  "Catanzaro": 1481.04553223,
  "Juve Stabia": 1453.00280762,
  "Cesena": 1449.96618652,
  "Modena": 1445.87194824,
  "Spezia": 1436.19555664,
  "Suedtirol": 1419.16955566,
  "Sampdoria": 1415.40063477,
  "Carrarese": 1407.85961914,
  "Padova": 1399.46289062,
  "Bari": 1389.44812012,
  "Reggiana": 1387.27966309,
  "Avellino": 1374.95202637,
  "Mantova": 1369.87695312,
  "Entella": 1361.96447754,
  "Pescara": 1349.29724121
}