{
  "Liverpool": 2019.72473145,
  "Arsenal": 2006.37683105,
  "Manchester City": 1955.24975586,
  "Chelsea": 1897.5447998,
  "Newcastle": 1859.20178223,
  "Crystal Palace": 1854.35986328,
  "Aston Villa": 1841.73596191,
  "Bournemouth": 1826.32763672,
  "Brighton": 1816.69458008,
  "Tottenham": 1815.2520752,
  "Manchester United": 1806.01696777,
  "Everton": 1802.7154541,
  "Fulham": 1795.3918457,
  "Forest": 1790.76269531,
  "Brentford": 1790.43029785,
  "Leeds": 1737.92858887,
  "West Ham": 1721.58435059,
  "Burnley": 1719.22851562,
  "Wolverhampton": 1701.08422852,
  "Leicester": 1616.23583984,
  "Sunderland": 1590.51745605,
  "Ipswich": 1588.78308105,
  "Middlesbrough": 1576.09814453,
  "Coventry": 1565.67248535,
  "Sheffield United": 1547.15356445,
  "Bristol City": 1543.18334961,
  "West Brom": 1538.93408203,
  "Southampton": 1535.78918457,
  "Millwall": 1518.5369873,
  "Swansea": 1514.47766113,
  "Blackburn": 1508.50134277,
  "Norwich": 1505.11877441,
  "Stoke": 1504.07714844,
  "QPR": 1499.3260498,
  "Preston": 1495.70703125,
  "Hull": 1493.16760254,
  "Portsmouth": 1478.92663574,
  "Oxford": 1463.25427246,
  "Watford": 1461.74047852,
  "Sheffield Weds": 1461.28271484,
  "Derby": 1458.53625488,
  "Birmingham": 1445.3927002,
  "Charlton": 1437.36853027,
  "Wrexham": 1431.88708496
}