{
  "Inter": 1894.18688965,
  "Milan": 1822.70483398,
  "Atalanta": 1794.59924316,
  "Napoli": 1791.85253906,
  "Roma": 1786.71594238,
  "Juventus": 1780.59143066,
  "Como": 1746.55432129,
  "Lazio": 1692.67248535,
  "Bologna": 1690.33398438,
  "Fiorentina": 1640.36865234,
  "Genoa": 1638.3560791,
  "Sassuolo": 1631.21081543,
  "Udinese": 1620.90869141,
  "Torino": 1612.48095703,
  "Parma": 1611.8034668,
  "Cagliari": 1591.12365723,
  "Venezia": 1591.00195312,
  "Lecce": 1563.44873047,
  "Monza": 1540.40649414,
  "Cremonese": 1534.72070312,
  "Frosinone": 1530.8515625,
  "Verona": 1522.53369141,
  "Palermo": 1521.02502441,
  "Pisa": 1496.72595215,
  "Catanzaro": 1483.34777832,
  "Modena": 1443.38330078,
  "Suedtirol": 1440.78637695,
  "Empoli": 1437.3894043,
  "Juve Stabia": 1423.75732422,
  "Spezia": 1416.32421875,
  "Cesena": 1390.61450195,
  "Sampdoria": 1389.50512695,
  "Carrarese": 1386.65966797,
  "Mantova": 1369.42077637,
  "Padova": 1366.3770752,
  "Entella": 1366.1159668,
  "Bari": 1361.89758301,
  "Reggiana": 1356.3380127,
  "Avellino": 1351.29199219,
  "Pescara": 1349.06091309
}