{
  "PSG": 1976.15307617,
  "Lille": 1775.12316895,
  "Marseille": 1774.38806152,
  "Lyon": 1766.63671875,
  "Monaco": 1745.59375,
  "Strasbourg": 1713.28295898,
  "Lens": 1710.81848145,
  "Brest": 1668.93908691,
  "Nice": 1665.07055664,
  "Rennais": 1662.265625,
  "Toulouse": 1651.74719238,
  "Auxerre": 1617.2911377,
  "Lorient": 1601.74804688,
  "Nantes": 1586.109375,
  "Reims": 1575.22924805,
  "Le Havre": 1553.63000488,
  "Paris FC": 1548.53063965,
  "Metz": 1546.70263672,
  "Saint-Etienne": 1545.26196289,
  "Angers": 1533.10864258,
  "Troyes": 1483.70983887,
  "Montpellier": 1468.59008789,
  "Guingamp": 1459.37219238,
  "Pau": 1431.04467773,
  "Dunkerque": 1430.90148926,
  "Rodez": 1427.0567627,
  "Red Star": 1420.03845215,
  "Clermont": 1420.00244141,
  "Annecy": 1418.6517334,
  "Laval": 1408.62390137,
  "Bastia": 1405.33630371,
  "Amiens": 1398.93334961,
  "Grenoble": 1392.53308105,
  "Nancy": 1386.78039551,
  "Le Mans": 1383.32983398,
  "Boulogne": 1354.38232422
}