{
  "Bayern Munich": 1987.62670898,
  "Borussia Dortmund": 1828.59387207,
  "Leverkusen": 1807.72875977,
  "Stuttgart": 1756.40393066,
  "RB Leipzig": 1748.60864258,
  "Hoffenheim": 1721.92895508,
  "Freiburg": 1685.44494629,
  "Frankfurt": 1683.37731934,
  "Mainz": 1660.38244629,
  "Werder": 1631.70605469,
  "Augsburg": 1623.48535156,
  "Gladbach": 1613.44812012,
  "Union Berlin": 1603.38171387,
  "Hamburg": 1594.77880859,
  "Wolfsburg": 1583.79528809,
  "St Pauli": 1574.77502441,
  "Koeln": 1562.20227051,
  "Elversberg": 1527.19262695,
  "Paderborn": 1521.11315918,
  "Darmstadt": 1514.92224121,
  "Heidenheim": 1503.60766602,
  "Hannover": 1500.08874512,
  "Bochum": 1499.66320801,
  "Schalke": 1489.85339355,
  "Hertha": 1483.02111816,
  "Lautern": 1450.70629883,
  "Duesseldorf": 1450.19116211,
  "Karlsruhe": 1446.05847168,
  "Holstein": 1445.95654297,
  "Nuernberg": 1421.30664062,
  "Magdeburg": 1392.29223633,
  "Muenster": 1390.35693359,
  "Bielefeld": 1379.28747559,
  "Fuerth": 1375.2545166,
  "Dresden": 1375.20385742,
  "Braunschweig": 1360.71972656
}