{
  "PSG": 1951.68554688,
  "Lyon": 1765.05651855,
  "Lens": 1750.25634766,
  "Marseille": 1743.97277832,
  "Lille": 1704.4708252,
  "Strasbourg": 1704.4473877,
  "Monaco": 1682.36376953,
  "Toulouse": 1662.38171387,
  "Rennais": 1660.49914551,
  "Brest": 1633.43908691,
  "Lorient": 1625.42663574,
  "Nice": 1588.73168945,
  "Angers": 1561.49279785,
  "Auxerre": 1561.27001953,
  "Reims": 1556.28759766,
  "Le Havre": 1555.90112305,
  "Paris FC": 1539.78369141,
  "Nantes": 1523.17822266,
  "Metz": 1517.5201416,
  "Saint-Etienne": 1489.44909668,
  "Troyes": 1470.61376953,
  "Dunkerque": 1459.74597168,
  "Montpellier": 1451.11853027,
  "Le Mans": 1444.49060059,
  "Annecy": 1443.70471191,
  "Guingamp": 1435.67199707,
  "Red Star": 1423.89648438,
  "Rodez": 1418.02990723,
  "Pau": 1389.85693359,
  "Grenoble": 1381.67907715,
  "Clermont": 1381.63989258,
  "Boulogne": 1366.5703125,
  "Bastia": 1364.97143555,
  "Laval": 1346.3762207,
  "Amiens": 1338.3001709,
  "Nancy": 1334.58374023
}