{
  "Arsenal": 2062.5168457,
  "Manchester City": 1964.84411621,
  "Liverpool": 1958.13635254,
  "Aston Villa": 1930.51379395,
  "Chelsea": 1925.48876953,
  "Newcastle": 1876.71887207,
  "Manchester United": 1872.81311035,
  "Brentford": 1843.37268066,
  "Brighton": 1840.2010498,
  "Bournemouth": 1833.76049805,
  "Tottenham": 1827.49755859,
  "Everton": 1822.26306152,
  "Fulham": 1817.02905273,
  "Crystal Palace": 1795.08312988,
  "Forest": 1784.70263672,
  "Leeds": 1780.1907959,
  "West Ham": 1731.49584961,
  "Sunderland": 1707.78369141,
  "Burnley": 1697.18115234,
  "Wolverhampton": 1674.27148438,
  "Ipswich": 1630.35681152,
  "Coventry": 1611.78552246,
  "Middlesbrough": 1608.95544434,
  "Sheffield United": 1580.13330078,
  "Hull": 1576.50085449,
  "Millwall": 1559.64111328,
  "Southampton": 1554.67773438,
  "Derby": 1544.95373535,
  "Leicester": 1541.33276367,
  "Wrexham": 1530.48217773,
  "Watford": 1522.95666504,
  "Swansea": 1521.75219727,
  "Bristol City": 1521.67724609,
  "QPR": 1520.27478027,
  "Preston": 1520.01428223,
  "Stoke": 1515.08105469,
  "Norwich": 1513.65209961,
  "Birmingham": 1505.63574219,
  "Portsmouth": 1487.13977051,
  "Blackburn": 1480.92211914,
  "West Brom": 1469.95776367,
  "Charlton": 1469.60656738,
  "Oxford": 1445.96081543,
  "Sheffield Weds": 1363.45373535
}