{
  "Arsenal": 2038.40356445,
  "Manchester City": 1997.4552002,
  "Bayern Munich": 1992.88427734,
  "Liverpool": 1979.05639648,
  "PSG": 1967.81738281,
  "Real Madrid": 1946.42456055,
  "Barcelona": 1933.01391602,
  "Inter": 1932.87902832,
  "Chelsea": 1906.93029785,
  "Aston Villa": 1886.14904785,
  "Atlético": 1872.92456055,
  "Newcastle": 1866.84265137,
  "Crystal Palace": 1857.00512695,
  "Leverkusen": 1851.78125,
  "Borussia Dortmund": 1851.57019043,
  "Brighton": 1846.7109375,
  "Bournemouth": 1834.43603516,
  "Manchester United": 1834.21862793,
  "Tottenham": 1830.28137207,
  "Brentford": 1829.35498047,
  "Napoli": 1808.49816895,
  "Roma": 1805.46386719,
  "Everton": 1803.57629395,
  "Sporting": 1798.91296387,
  "Milan": 1797.34008789,
  "Villarreal": 1792.23449707,
  "PSV": 1791.48901367,
  "Juventus": 1783.88879395,
  "Atalanta": 1782.88745117,
  "Fulham": 1778.92578125,
  "RB Leipzig": 1767.06628418,
  "Benfica": 1766.74682617,
  "Forest": 1764.13220215,
  "Frankfurt": 1761.95996094,
  "Betis": 1761.86950684,
  "Bologna": 1756.1328125,
  "Marseille": 1755.25231934,
  "Lazio": 1750.2833252,
  "Brugge": 1743.33496094,
  "Porto": 1742.41601562,
  "Lille": 1740.80639648,
  "West Ham": 1738.09765625,
  "Stuttgart": 1737.49121094,
  "Galatasaray": 1736.36621094,
  "Athletic": 1731.51806641,
  "Burnley": 1728.83850098,
  "Lyon": 1726.72680664,
  "Saint-Gilloise": 1725.67602539,
  "Lens": 1724.97424316,
  "Leeds": 1721.37902832,
  "Monaco": 1716.42932129,
  "Freiburg": 1716.00341797,
  "Strasbourg": 1711.31921387,
  "Fenerbahce": 1701.22497559,
  "Werder": 1698.31005859,
  "Celta": 1694.88916016,
  "Fiorentina": 1688.64208984,
  "Feyenoord": 1684.14355469,
  "Mainz": 1682.75866699,
  "Slavia Prag": 1682.69824219,
  "Wolverhampton": 1682.49267578,
  "Como": 1681.47827148,
  "Olympiacos": 1681.08996582,
  "Torino": 1680.03723145,
  "Midtjylland": 1679.66149902,
  "Rayo Vallecano": 1676.07653809,
  "Hoffenheim": 1674.75024414,
  "Osasuna": 1667.5090332,
  "Real Sociedad": 1659.99377441,
  "Rennais": 1659.93322754,
  "Valencia": 1657.36999512,
  "Sevilla": 1651.71691895,
  "Nice": 1650.47180176,
  "Braga": 1650.28527832,
  "Sunderland": 1650.20422363,
  "Espanyol": 1649.84179688,
  "Toulouse": 1647.45605469,
  "Alaves": 1643.42590332,
  "Bodø/Glimt": 1643.30688477,
  "Union Berlin": 1642.97192383,
  "Getafe": 1642.52526855,
  "Zenit": 1640.33081055,
  "Mallorca": 1639.3984375,
  "Gladbach": 1638.82617188,
  "Brest": 1633.45166016,
  "FC Krasnodar": 1631.63244629,
  "Wolfsburg": 1628.61877441,
  "Sassuolo": 1624.23730469,
  "Genk": 1621.68078613,
  "Udinese": 1618.09375,
  "Genoa": 1613.65466309,
  "CSKA Moskva": 1609.09484863,
  "Augsburg": 1609.09350586,
  "Elche": 1607.85546875,
  "PAOK": 1606.35070801,
  "Alkmaar": 1605.35668945,
  "Levante": 1601.07055664,
  "Koeln": 1600.66711426,
  "Girona": 1598.30041504,
  "Copenhagen": 1595.49035645,
  "Ajax": 1594.15270996,
  "Cagliari": 1591.34863281,
  "Viktoria Plzen": 1584.44714355,
  "Brondby": 1584.06884766,
  "Celtic": 1583.46081543,
  "Crvena Zvezda": 1583.10827637,
  "Parma": 1582.32897949,
  "Anderlecht": 1579.2833252,
  "Sparta Praha": 1575.61901855,
  "Hamburg": 1575.42089844,
  "Lecce": 1573.53369141,
  "Qarabag": 1571.18359375,
  "Lorient": 1569.05627441,
  "Viking": 1568.27941895,
  "Cremonese": 1567.13500977,
  "Auxerre": 1566.30334473,
  "St Pauli": 1564.15527344,
  "Verona": 1564.08959961,
  "Le Havre": 1560.74304199,
  "Real Oviedo": 1560.58972168,
  "Nantes": 1558.70874023,
  "Mjaellby": 1558.29760742,
  "Metz": 1556.43225098,
  "Shakhtar": 1555.30322266,
  "Spartak Moskva": 1554.22668457,
  "Heidenheim": 1551.1307373,
  "Pafos": 1550.25427246,
  "Brann": 1549.59265137,
  "Utrecht": 1548.38354492,
  "AEK": 1547.48669434,
  "Rakow": 1546.88977051,
  "Paris FC": 1546.58679199,
  "Lok Moskva": 1545.93579102,
  "Angers": 1545.92651367,
  "Panathinaikos": 1545.45568848,
  "Pisa": 1543.11962891,
  "Famalicao": 1541.0994873,
  "Guimaraes": 1539.57067871,
  "Twente": 1534.66394043,
  "Ferencvaros": 1534.34631348,
  "Aarhus": 1533.19714355,
  "Dynamo Moskva": 1528.63305664,
  "Dinamo Zagreb": 1528.07141113,
  "RB Salzburg": 1526.6842041,
  "Basel": 1520.17700195,
  "Hammarby": 1519.97570801,
  "Trabzonspor": 1518.59875488,
  "Rangers": 1516.57971191,
  "Jagiellonia": 1516.25390625,
  "Sturm Graz": 1513.82800293,
  "Besiktas": 1506.59411621,
  "Young Boys": 1504.36767578,
  "Antwerp": 1500.73205566,
  "Larnaca": 1499.90429688,
  "Gil Vicente": 1499.27783203,
  "Jablonec": 1497.48925781,
  "Samsunspor": 1497.39135742,
  "Nijmegen": 1495.28051758,
  "Mechelen": 1495.01501465,
  "Beer-Sheva": 1494.78027344,
  "Djurgarden": 1494.70019531,
  "Charleroi": 1493.4407959,
  "Gent": 1488.32067871,
  "Moreirense": 1485.04162598,
  "Nordsjaelland": 1483.15966797,
  "St Truiden": 1481.66931152,
  "Aris Limassol": 1481.47399902,
  "Celje": 1481.05883789,
  "Go Ahead Eagles": 1479.92272949,
  "Omonia": 1479.67163086,
  "M Tel Aviv": 1477.3918457,
  "Lech": 1476.05651855,
  "Estoril": 1470.01342773,
  "Gornik": 1465.44995117,
  "Viborg": 1461.7545166,
  "Randers": 1461.4510498,
  "Sparta Rotterdam": 1461.03637695,
  "Goeztepe": 1460.40112305,
  "Wolfsberg": 1460.33129883,
  "Bueyueksehir": 1459.65600586,
  "Legia": 1458.79248047,
  "Silkeborg": 1458.2824707,
  "Malmoe": 1455.82348633,
  "Rubin Kazan": 1453.67578125,
  "Westerlo": 1453.55444336,
  "Santa Clara": 1453.00134277,
  "Hearts": 1450.59130859,
  "Tromso": 1447.6439209,
  "Rio Ave": 1446.5625,
  "Lausanne": 1443.73059082,
  "Slovan Liberec": 1443.62841797,
  "Dynamo Kyiv": 1442.17565918,
  "Arouca": 1440.85144043,
  "Craiova": 1438.12133789,
  "Standard": 1437.68640137,
  "Rosenborg": 1436.99389648,
  "Pogon": 1436.52355957,
  "Molde": 1436.50268555,
  "Steaua": 1436.22729492,
  "Alanyaspor": 1435.47900391,
  "Leuven": 1434.51599121,
  "Baltika": 1433.69970703,
  "Cracovia": 1433.2845459,
  "Cercle Brugge": 1432.84936523,
  "Casa Pia": 1430.765625,
  "Hradec Kralove": 1430.26550293,
  "Rostov": 1428.76635742,
  "SonderjyskE": 1427.77368164,
  "Sigma Olomouc": 1424.94726562,
  "Banik Ostrava": 1424.27929688,
  "Razgrad": 1423.5201416,
  "Heerenveen": 1420.86303711,
  "GAIS": 1419.86279297,
  "Servette": 1419.25109863,
  "Groningen": 1418.01159668,
  "StGallen": 1416.75744629,
  "Rapid Bucuresti": 1416.16015625,
  "Levski": 1415.72302246,
  "Aris": 1414.19274902,
  "Austria Wien": 1413.11938477,
  "Nacional": 1412.43811035,
  "Luzern": 1411.69018555,
  "Zwolle": 1411.0012207,
  "Goeteborg": 1410.88659668,
  "Fredrikstad": 1410.82946777,
  "Sittard": 1410.34375,
  "Hajduk": 1410.29711914,
  "Rapid Wien": 1409.26452637,
  "Hibernian": 1407.95056152,
  "Gaziantep FK": 1407.30493164,
  "AIK": 1405.59179688,
  "Paksi": 1404.68811035,
  "Rizespor": 1404.08666992,
  "Korona": 1403.46374512,
  "LASK": 1403.17675781,
  "Kasimpasa": 1402.61755371,
  "Maccabi Haifa": 1402.42028809,
  "Radomiak": 1402.36047363,
  "IK Sirius": 1400.66503906,
  "Kryliya Sovetov": 1398.45568848,
  "Lugano": 1397.85791016,
  "Piast Gliwice": 1395.3873291,
  "Lubin": 1395.21008301,
  "Sandefjord": 1395.00305176,
  "Haecken": 1394.62194824,
  "Partizan": 1393.6204834,
  "Konyaspor": 1389.92224121,
  "Zulte Waregem": 1388.60327148,
  "Elfsborg": 1387.99951172,
  "Puskas Akademia": 1387.92102051,
  "Levadeiakos": 1387.79016113,
  "Terek Grozny": 1385.68798828,
  "Sarpsborg": 1384.09777832,
  "Plock": 1383.44030762,
  "Alverca": 1380.93408203,
  "Estrela Amadora": 1379.79223633,
  "Odense": 1378.25354004,
  "Gyoer": 1377.5390625,
  "Ham-Kam": 1375.234375,
  "Rijeka": 1374.89196777,
  "Katowice": 1373.68115234,
  "KFUM Oslo": 1373.56445312,
  "Thun": 1373.03149414,
  "Valerenga": 1372.51501465,
  "Kayseri": 1372.32263184,
  "Heracles": 1370.72729492,
  "Maribor": 1368.99450684,
  "Hartberg": 1368.98657227,
  "RAAL": 1365.7388916,
  "CFR Cluj": 1364.50036621,
  "Sion": 1364.33227539,
  "Zuerich": 1364.16015625,
  "Kocaelispor": 1364.01098633,
  "Vejle": 1357.37463379,