{
  "PSG": 1953.50317383,
  "Monaco": 1746.99047852,
  "Lens": 1742.86767578,
  "Lille": 1736.70324707,
  "Marseille": 1726.65490723,
  "Lyon": 1716.81774902,
  "Strasbourg": 1715.16589355,
  "Rennais": 1698.27416992,
  "Toulouse": 1640.29626465,
  "Brest": 1640.2923584,
  "Lorient": 1627.9909668,
  "Auxerre": 1581.99694824,
  "Nice": 1571.61328125,
  "Paris FC": 1569.13891602,
  "Le Havre": 1554.58532715,
  "Angers": 1547.45581055,
  "Reims": 1533.74072266,
  "Saint-Etienne": 1528.26757812,
  "Nantes": 1514.10412598,
  "Troyes": 1501.47192383,
  "Metz": 1500.88806152,
  "Montpellier": 1467.390625,
  "Le Mans": 1460.92590332,
  "Rodez": 1458.61865234,
  "Dunkerque": 1437.96594238,
  "Annecy": 1434.55456543,
  "Guingamp": 1419.64038086,
  "Red Star": 1415.40124512,
  "Pau": 1391.63293457,
  "Boulogne": 1381.63146973,
  "Grenoble": 1375.70507812,
  "Clermont": 1369.64831543,
  "Bastia": 1361.58862305,
  "Laval": 1355.13342285,
  "Nancy": 1330.49682617,
  "Amiens": 1319.04980469
}