{
  "Arsenal": 2060.58569336,
  "Manchester City": 1940.9543457,
  "Liverpool": 1926.35253906,
  "Aston Villa": 1884.63342285,
  "Manchester United": 1880.53735352,
  "Chelsea": 1868.98388672,
  "Brighton": 1843.56860352,
  "Newcastle": 1840.26281738,
  "Brentford": 1832.27941895,
  "Everton": 1831.13537598,
  "Bournemouth": 1822.14819336,
  "Fulham": 1801.1529541,
  "Crystal Palace": 1793.72802734,
  "Forest": 1784.46362305,
  "Leeds": 1764.87524414,
  "Tottenham": 1752.9954834,
  "West Ham": 1740.47595215,
  "Sunderland": 1704.15039062,
  "Wolverhampton": 1701.37670898,
  "Burnley": 1676.60119629,
  "Coventry": 1642.78491211,
  "Ipswich": 1626.70617676,
  "Southampton": 1591.40356445,
  "Millwall": 1586.64318848,
  "Middlesbrough": 1579.37744141,
  "Sheffield United": 1545.35412598,
  "Norwich": 1543.32910156,
  "Wrexham": 1533.66662598,
  "Hull": 1532.24560547,
  "Derby": 1529.27905273,
  "Swansea": 1504.59594727,
  "Watford": 1504.16210938,
  "Leicester": 1502.90869141,
  "QPR": 1502.4786377,
  "Bristol City": 1494.37609863,
  "Stoke": 1492.7878418,
  "Blackburn": 1481.5826416,
  "Preston": 1478.12475586,
  "West Brom": 1477.04724121,
  "Birmingham": 1471.85375977,
  "Charlton": 1455.68066406,
  "Oxford": 1451.61779785,
  "Portsmouth": 1451.42224121,
  "Sheffield Weds": 1316.70861816
}