{
  "Arsenal": 2058.22680664,
  "Manchester City": 1959.43322754,
  "Liverpool": 1936.78967285,
  "Chelsea": 1910.10266113,
  "Aston Villa": 1886.10009766,
  "Manchester United": 1874.85925293,
  "Newcastle": 1859.37561035,
  "Brentford": 1842.20446777,
  "Brighton": 1832.56396484,
  "Bournemouth": 1828.78466797,
  "Everton": 1823.34802246,
  "Fulham": 1799.06591797,
  "Crystal Palace": 1798.02307129,
  "Forest": 1776.76318359,
  "Tottenham": 1768.3380127,
  "Leeds": 1766.42980957,
  "West Ham": 1745.74987793,
  "Sunderland": 1701.03271484,
  "Wolverhampton": 1700.99951172,
  "Burnley": 1684.17944336,
  "Coventry": 1636.46630859,
  "Ipswich": 1633.04382324,
  "Middlesbrough": 1612.06274414,
  "Millwall": 1585.38879395,
  "Southampton": 1575.43347168,
  "Sheffield United": 1570.81750488,
  "Hull": 1541.58557129,
  "Wrexham": 1539.11547852,
  "Norwich": 1534.34228516,
  "Derby": 1530.28137207,
  "Watford": 1521.38977051,
  "Swansea": 1519.01831055,
  "Leicester": 1512.48388672,
  "Bristol City": 1506.00073242,
  "Stoke": 1489.47399902,
  "Birmingham": 1483.6081543,
  "Preston": 1483.2857666,
  "Portsmouth": 1482.61022949,
  "QPR": 1476.58251953,
  "Blackburn": 1469.55065918,
  "Charlton": 1462.4017334,
  "Oxford": 1453.28051758,
  "West Brom": 1451.89050293,
  "Sheffield Weds": 1329.28393555
}