{
  "Inter": 1927.87036133,
  "Napoli": 1820.82531738,
  "Milan": 1801.62512207,
  "Atalanta": 1797.359375,
  "Roma": 1795.40356445,
  "Juventus": 1787.75769043,
  "Lazio": 1754.27416992,
  "Bologna": 1749.84179688,
  "Fiorentina": 1695.54455566,
  "Como": 1685.00268555,
  "Torino": 1675.3260498,
  "Udinese": 1622.10131836,
  "Genoa": 1612.41308594,
  "Sassuolo": 1599.60205078,
  "Cagliari": 1586.98168945,
  "Parma": 1577.20153809,
  "Lecce": 1574.81640625,
  "Cremonese": 1574.68066406,
  "Verona": 1561.96459961,
  "Venezia": 1540.0847168,
  "Monza": 1537.28283691,
  "Pisa": 1534.73168945,
  "Empoli": 1503.92956543,
  "Frosinone": 1494.83569336,
  "Palermo": 1476.42895508,
  "Modena": 1473.73535156,
  "Catanzaro": 1460.09289551,
  "Spezia": 1459.02502441,
  "Cesena": 1449.98242188,
  "Juve Stabia": 1442.96472168,
  "Suedtirol": 1420.50134277,
  "Carrarese": 1418.18737793,
  "Bari": 1415.87731934,
  "Reggiana": 1415.32556152,
  "Sampdoria": 1405.19250488,
  "Padova": 1382.6862793,
  "Avellino": 1375.0435791,
  "Entella": 1364.04394531,
  "Mantova": 1362.66174316,
  "Pescara": 1350.25585938
}