{
  "Arsenal": 2066.01416016,
  "Manchester City": 1991.76306152,
  "Liverpool": 1965.82568359,
  "Chelsea": 1918.39746094,
  "Aston Villa": 1913.37890625,
  "Manchester United": 1894.28820801,
  "Newcastle": 1865.42480469,
  "Brentford": 1853.22045898,
  "Brighton": 1848.19030762,
  "Bournemouth": 1841.30322266,
  "Everton": 1829.09997559,
  "Fulham": 1821.75646973,
  "Tottenham": 1802.34960938,
  "Crystal Palace": 1796.8248291,
  "Leeds": 1789.59423828,
  "Forest": 1782.39282227,
  "West Ham": 1746.59399414,
  "Burnley": 1701.96203613,
  "Sunderland": 1701.40307617,
  "Wolverhampton": 1699.14001465,
  "Ipswich": 1643.95300293,
  "Coventry": 1639.8314209,
  "Middlesbrough": 1611.77880859,
  "Southampton": 1587.20068359,
  "Sheffield United": 1586.94580078,
  "Millwall": 1585.04724121,
  "Hull": 1570.7208252,
  "Wrexham": 1550.8828125,
  "Norwich": 1546.10949707,
  "Derby": 1539.03222656,
  "Watford": 1533.15710449,
  "Bristol City": 1526.17028809,
  "Swansea": 1520.76049805,
  "Leicester": 1519.85021973,
  "Stoke": 1511.26647949,
  "Preston": 1510.37634277,
  "Birmingham": 1503.6105957,
  "QPR": 1500.40100098,
  "Portsmouth": 1493.71618652,
  "Blackburn": 1481.97924805,
  "Charlton": 1465.93395996,
  "West Brom": 1459.29675293,
  "Oxford": 1449.72473145,
  "Sheffield Weds": 1344.06762695
}