{
  "PSG": 1972.5456543,
  "Lille": 1760.16967773,
  "Lens": 1755.06713867,
  "Lyon": 1751.37902832,
  "Rennais": 1731.50341797,
  "Monaco": 1730.54968262,
  "Strasbourg": 1724.66882324,
  "Marseille": 1721.74853516,
  "Brest": 1649.81787109,
  "Lorient": 1637.17016602,
  "Toulouse": 1633.53979492,
  "Paris FC": 1602.77990723,
  "Auxerre": 1590.30371094,
  "Nice": 1590.28515625,
  "Le Havre": 1564.08898926,
  "Angers": 1550.1685791,
  "Reims": 1537.87646484,
  "Nantes": 1525.15222168,
  "Troyes": 1524.34912109,
  "Saint-Etienne": 1509.84375,
  "Metz": 1500.72119141,
  "Montpellier": 1489.57495117,
  "Le Mans": 1482.75427246,
  "Rodez": 1478.36352539,
  "Annecy": 1468.54174805,
  "Dunkerque": 1443.88952637,
  "Red Star": 1433.21899414,
  "Guingamp": 1412.78234863,
  "Pau": 1394.9362793,
  "Laval": 1385.82714844,
  "Grenoble": 1384.86010742,
  "Bastia": 1382.79492188,
  "Boulogne": 1371.6730957,
  "Clermont": 1371.48535156,
  "Nancy": 1335.62756348,
  "Amiens": 1310.71142578
}