{
  "Arsenal": 2013.34729004,
  "Liverpool": 2010.13317871,
  "PSG": 1973.76855469,
  "Barcelona": 1962.62390137,
  "Manchester City": 1961.53112793,
  "Bayern Munich": 1954.95300293,
  "Real Madrid": 1936.25512695,
  "Inter": 1922.14074707,
  "Chelsea": 1883.3236084,
  "Crystal Palace": 1866.96582031,
  "Newcastle": 1855.24560547,
  "Aston Villa": 1855.21105957,
  "Atlético": 1849.79760742,
  "Borussia Dortmund": 1845.07678223,
  "Leverkusen": 1841.94873047,
  "Napoli": 1841.54577637,
  "Atalanta": 1836.71899414,
  "Brighton": 1833.93005371,
  "Roma": 1831.5958252,
  "Bournemouth": 1826.52038574,
  "Juventus": 1815.96606445,
  "Tottenham": 1812.53369141,
  "Everton": 1804.22265625,
  "Brentford": 1802.19335938,
  "Milan": 1802.1809082,
  "Sporting": 1800.99182129,
  "Manchester United": 1797.26831055,
  "Villarreal": 1794.36364746,
  "Benfica": 1790.98706055,
  "Fulham": 1788.79443359,
  "Forest": 1779.37805176,
  "Saint-Gilloise": 1773.08007812,
  "Lille": 1772.7388916,
  "Frankfurt": 1768.0333252,
  "Marseille": 1765.27685547,
  "Lyon": 1764.2520752,
  "Brugge": 1760.02709961,
  "Athletic": 1756.0333252,
  "PSV": 1753.61022949,
  "RB Leipzig": 1744.59313965,
  "Monaco": 1743.20910645,
  "Lazio": 1743.17932129,
  "Betis": 1743.13208008,
  "Leeds": 1740.75036621,
  "Bologna": 1740.49572754,
  "Porto": 1737.03369141,
  "Stuttgart": 1728.52111816,
  "Fiorentina": 1727.0670166,
  "West Ham": 1723.09143066,
  "Burnley": 1715.96166992,
  "Feyenoord": 1715.07580566,
  "Strasbourg": 1710.8984375,
  "Lens": 1708.43395996,
  "Wolverhampton": 1706.8170166,
  "Mainz": 1702.41186523,
  "Galatasaray": 1701.02026367,
  "Freiburg": 1689.27648926,
  "Valencia": 1688.70153809,
  "Olympiacos": 1687.41503906,
  "Osasuna": 1682.97253418,
  "Werder": 1675.86462402,
  "Torino": 1674.16296387,
  "Slavia Prag": 1671.80566406,
  "Brest": 1666.55236816,
  "Nice": 1662.68603516,
  "Como": 1662.67248535,
  "Rennais": 1659.88098145,
  "Celta": 1658.06469727,
  "Bodø/Glimt": 1657.8782959,
  "Espanyol": 1656.56982422,
  "Copenhagen": 1653.71630859,
  "Fenerbahce": 1651.75927734,
  "Wolfsburg": 1651.69995117,
  "Real Sociedad": 1650.53369141,
  "Genoa": 1650.26611328,
  "Toulouse": 1649.36254883,
  "Ajax": 1648.79541016,
  "Rayo Vallecano": 1647.72058105,
  "Sevilla": 1647.16748047,
  "Celtic": 1645.78063965,
  "Alaves": 1643.00036621,
  "Zenit": 1640.33081055,
  "Genk": 1639.33203125,
  "Getafe": 1638.96398926,
  "Braga": 1638.29882812,
  "Hoffenheim": 1633.48571777,
  "Midtjylland": 1632.08056641,
  "FC Krasnodar": 1631.63244629,
  "Mallorca": 1629.88684082,
  "Union Berlin": 1627.34667969,
  "Elche": 1621.68603516,
  "Udinese": 1618.87548828,
  "Gladbach": 1617.3795166,
  "Cagliari": 1616.70788574,
  "Auxerre": 1614.90661621,
  "Alkmaar": 1611.80639648,
  "Levante": 1610.99475098,
  "Augsburg": 1610.46252441,
  "CSKA Moskva": 1609.09484863,
  "Sunderland": 1605.94274902,
  "Sassuolo": 1604.23144531,
  "St Pauli": 1601.40112305,
  "Lorient": 1599.36340332,
  "Crvena Zvezda": 1593.53112793,
  "Parma": 1593.23693848,
  "Girona": 1590.70068359,
  "Verona": 1588.45678711,
  "Nantes": 1583.72485352,
  "Koeln": 1583.27233887,
  "Anderlecht": 1580.62854004,
  "AEK": 1577.76098633,
  "Sparta Praha": 1576.65942383,
  "PAOK": 1572.85998535,
  "Lecce": 1570.3873291,
  "Real Oviedo": 1570.10266113,
  "Cremonese": 1568.62097168,
  "Viktoria Plzen": 1566.83105469,
  "Hamburg": 1562.61950684,
  "Utrecht": 1558.35021973,
  "Panathinaikos": 1556.88232422,
  "Twente": 1556.03881836,
  "Spartak Moskva": 1554.2265625,
  "Shakhtar": 1553.24475098,
  "Guimaraes": 1552.78076172,
  "Heidenheim": 1551.54516602,
  "Le Havre": 1551.2454834,
  "Rangers": 1550.46972656,
  "M Tel Aviv": 1548.72558594,
  "Qarabag": 1548.5480957,
  "Brondby": 1547.64892578,
  "Paris FC": 1546.14611816,
  "Lok Moskva": 1545.93591309,
  "Metz": 1544.31799316,
  "Brann": 1541.23583984,
  "Dinamo Zagreb": 1539.73339844,
  "Viking": 1538.61828613,
  "Famalicao": 1535.10437012,
  "Mjaellby": 1534.45947266,
  "Pafos": 1533.78552246,
  "Antwerp": 1532.6229248,
  "Pisa": 1531.51586914,
  "Sturm Graz": 1531.26599121,
  "Angers": 1530.72619629,
  "Dynamo Moskva": 1528.63293457,
  "RB Salzburg": 1523.10339355,
  "Mechelen": 1522.24938965,
  "Rakow": 1518.56201172,
  "Gent": 1518.24841309,
  "Hammarby": 1514.80419922,
  "Jagiellonia": 1513.46960449,
  "Aarhus": 1513.09362793,
  "Jablonec": 1512.49694824,
  "Charleroi": 1511.47509766,
  "Lech": 1509.92089844,
  "Beer-Sheva": 1508.64672852,
  "Basel": 1508.59863281,
  "Nordsjaelland": 1503.75488281,
  "Legia": 1502.64746094,
  "Nijmegen": 1501.0871582,
  "Djurgarden": 1500.25354004,
  "Ferencvaros": 1499.49084473,
  "Malmoe": 1496.17321777,
  "Moreirense": 1494.75512695,
  "Razgrad": 1487.15734863,
  "Young Boys": 1485.42211914,
  "Dynamo Kyiv": 1483.71289062,
  "Gil Vicente": 1482.22216797,
  "Westerlo": 1480.47058105,
  "Rosenborg": 1479.79992676,
  "Randers": 1478.04162598,
  "Craiova": 1476.70678711,
  "Omonia": 1475.61706543,
  "Arouca": 1474.73718262,
  "Aris Limassol": 1470.07214355,
  "Trabzonspor": 1468.94714355,
  "Besiktas": 1468.07324219,
  "St Truiden": 1468.0078125,
  "Santa Clara": 1466.95251465,
  "Sparta Rotterdam": 1464.11169434,
  "Go Ahead Eagles": 1462.96887207,
  "Cercle Brugge": 1462.53894043,
  "Wolfsberg": 1462.08496094,
  "Steaua": 1460.42407227,
  "Larnaca": 1459.74182129,
  "Cracovia": 1459.3079834,
  "Rapid Wien": 1458.52709961,
  "Rio Ave": 1456.40466309,
  "Rubin Kazan": 1453.67578125,
  "Silkeborg": 1453.14099121,
  "Gornik": 1452.91320801,
  "Celje": 1451.23657227,
  "Casa Pia": 1451.09301758,
  "Estoril": 1451.06604004,
  "Standard": 1451.01501465,
  "Tromso": 1450.68933105,
  "Pogon": 1448.65783691,
  "Elfsborg": 1448.05407715,
  "Viborg": 1446.98022461,
  "Aris": 1441.09692383,
  "Maccabi Haifa": 1440.52966309,
  "Austria Wien": 1437.97619629,
  "Banik Ostrava": 1437.81396484,
  "Zwolle": 1437.33605957,
  "AIK": 1436.20422363,
  "Molde": 1436.0345459,
  "Hearts": 1435.86230469,
  "Bueyueksehir": 1433.81616211,
  "Baltika": 1433.69970703,
  "Rostov": 1428.76623535,
  "Groningen": 1426.47216797,
  "StGallen": 1426.03857422,
  "Heerenveen": 1425.28955078,
  "Leuven": 1425.24462891,
  "Korona": 1423.67504883,
  "Sittard": 1423.60559082,
  "Samsunspor": 1420.5567627,
  "Levski": 1420.19250488,
  "Goeztepe": 1418.98754883,
  "Hibernian": 1416.36108398,
  "Servette": 1414.74536133,
  "Alanyaspor": 1414.28601074,
  "GAIS": 1414.0222168,
  "Nacional": 1413.17492676,
  "Slovan Liberec": 1412.32556152,
  "Kasimpasa": 1408.95275879,
  "Hradec Kralove": 1408.09680176,
  "Hajduk": 1406.76208496,
  "Piast Gliwice": 1403.59887695,
  "CFR Cluj": 1403.49560547,
  "Goeteborg": 1403.0637207,
  "Konyaspor": 1399.80810547,
  "Kryliya Sovetov": 1398.45568848,
  "Fredrikstad": 1397.55615234,
  "SonderjyskE": 1396.60998535,
  "Lausanne": 1395.48986816,
  "Rapid Bucuresti": 1395.11047363,
  "KFUM Oslo": 1390.85998535,
  "Partizan": 1390.80029297,
  "Alverca": 1390.69494629,
  "LASK": 1390.59814453,
  "Rijeka": 1389.1385498,
  "Haecken": 1385.9642334,
  "Terek Grozny": 1385.68811035,
  "Zulte Waregem": 1383.17626953,
  "Slovan Bratislava": 1382.40661621,
  "Radomiak": 1382.33776855,
  "Zuerich": 1377.92431641,
  "Dender": 1377.73474121,
  "Luzern": 1377.67663574,
  "Paksi": 1377.38928223,
  "Tondela": 1376.64526367,
  "Puskas Akademia": 1376.52990723,
  "Gyoer": 1376.45947266,
  "Hartberg": 1376.2388916,
  "St Mirren": 1374.64318848,
  "Sarpsborg": 1374.52258301,
  "Estrela Amadora": 1372.53515625,
  "Gaziantep FK": 1369.9329834,
  "Heracles": 1369.75695801,
  "Sandefjord": 1368.24609375,
  "RAAL": 1367.82641602,
  "Lubin": 1366.89172363,
  "IK Sirius": 1366.57348633,
  "Sigma Olomouc": 1364.88195801,
  "Fredericia": 1364.30529785,
  "Plock": 1363.57287598,
  "Motor Lublin": 1363.08251953,
  "Levadeiakos": 1362.79040527,
  "Universitatea Cluj": 1362.76867676,
  "Maribor": 1359.23840332,
  "Widzew": 1357.89733887,
  "Odense": 1357.62585449,
  "Kayseri": 1357.33410645,