{
  "Arsenal": 2038.40759277,
  "Manchester City": 1997.46118164,
  "Liverpool": 1979.05737305,
  "Chelsea": 1906.93554688,
  "Aston Villa": 1886.15588379,
  "Newcastle": 1866.85021973,
  "Crystal Palace": 1857.01416016,
  "Brighton": 1846.72033691,
  "Bournemouth": 1834.43359375,
  "Manchester United": 1834.22058105,
  "Tottenham": 1830.27880859,
  "Brentford": 1829.36035156,
  "Everton": 1803.58276367,
  "Fulham": 1778.9276123,
  "Forest": 1764.13635254,
  "West Ham": 1738.1027832,
  "Burnley": 1728.8470459,
  "Leeds": 1721.38110352,
  "Wolverhampton": 1682.4909668,
  "Sunderland": 1650.20593262,
  "Coventry": 1631.47119141,
  "Ipswich": 1606.41101074,
  "Leicester": 1592.23730469,
  "Middlesbrough": 1572.5078125,
  "Stoke": 1543.1328125,
  "Bristol City": 1538.39660645,
  "Millwall": 1534.39440918,
  "Southampton": 1534.24206543,
  "Preston": 1529.10437012,
  "West Brom": 1528.20129395,
  "Sheffield United": 1527.63256836,
  "Hull": 1527.45349121,
  "Derby": 1511.07556152,
  "Watford": 1504.95678711,
  "Blackburn": 1503.94042969,
  "Swansea": 1501.84692383,
  "QPR": 1490.6920166,
  "Charlton": 1486.84887695,
  "Birmingham": 1476.89453125,
  "Wrexham": 1473.25671387,
  "Norwich": 1461.85400391,
  "Portsmouth": 1459.80151367,
  "Oxford": 1452.34606934,
  "Sheffield Weds": 1433.76196289
}