{
  "Arsenal": 2036.7947998,
  "Liverpool": 1980.69702148,
  "Manchester City": 1975.11303711,
  "Chelsea": 1903.9901123,
  "Newcastle": 1869.21850586,
  "Aston Villa": 1867.61889648,
  "Crystal Palace": 1851.1829834,
  "Bournemouth": 1841.74658203,
  "Brighton": 1839.87194824,
  "Manchester United": 1827.84033203,
  "Tottenham": 1822.33996582,
  "Brentford": 1812.64440918,
  "Everton": 1788.97290039,
  "Fulham": 1783.51745605,
  "Forest": 1754.7779541,
  "Burnley": 1730.82873535,
  "West Ham": 1726.09570312,
  "Leeds": 1725.13061523,
  "Wolverhampton": 1681.76538086,
  "Sunderland": 1637.49914551,
  "Coventry": 1612.2232666,
  "Ipswich": 1592.8503418,
  "Leicester": 1583.03833008,
  "Middlesbrough": 1560.74389648,
  "Millwall": 1549.6907959,
  "Bristol City": 1543.60681152,
  "Stoke": 1532.25683594,
  "Sheffield United": 1532.06628418,
  "West Brom": 1525.94689941,
  "Hull": 1524.82067871,
  "Swansea": 1516.24206543,
  "Preston": 1515.53710938,
  "Southampton": 1513.88757324,
  "Blackburn": 1497.90490723,
  "Watford": 1496.47277832,
  "QPR": 1491.86120605,
  "Derby": 1488.54772949,
  "Charlton": 1481.32849121,
  "Oxford": 1465.91625977,
  "Norwich": 1462.38537598,
  "Portsmouth": 1461.74499512,
  "Wrexham": 1459.15234375,
  "Birmingham": 1457.99475098,
  "Sheffield Weds": 1436.01794434
}