{
  "Liverpool": 2010.31140137,
  "Arsenal": 1995.59594727,
  "PSG": 1979.03222656,
  "Barcelona": 1947.61560059,
  "Real Madrid": 1943.71533203,
  "Manchester City": 1938.97644043,
  "Bayern Munich": 1929.61376953,
  "Inter": 1922.74243164,
  "Chelsea": 1915.28540039,
  "Newcastle": 1861.95129395,
  "Crystal Palace": 1854.12878418,
  "Napoli": 1846.17565918,
  "Aston Villa": 1845.70556641,
  "Atlético": 1833.05187988,
  "Leverkusen": 1832.09082031,
  "Atalanta": 1830.04406738,
  "Roma": 1828.97338867,
  "Brighton": 1823.54296875,
  "Benfica": 1820.73498535,
  "Borussia Dortmund": 1819.77722168,
  "Bournemouth": 1818.21606445,
  "Juventus": 1816.04064941,
  "Athletic": 1805.19482422,
  "Everton": 1804.04858398,
  "Man United": 1801.46643066,
  "Brentford": 1797.15979004,
  "Lille": 1796.20996094,
  "Forest": 1794.9161377,
  "Villarreal": 1794.06420898,
  "Tottenham": 1793.8939209,
  "Sporting": 1793.08422852,
  "PSV": 1785.68981934,
  "Milan": 1779.40588379,
  "Fulham": 1777.9810791,
  "Frankfurt": 1763.71948242,
  "Lazio": 1763.54980469,
  "Monaco": 1761.88134766,
  "Lyon": 1760.73486328,
  "Brugge": 1754.20324707,
  "Fiorentina": 1754.09460449,
  "Bologna": 1751.06604004,
  "Marseille": 1742.69555664,
  "West Ham": 1739.49963379,
  "Betis": 1735.63439941,
  "Feyenoord": 1734.94042969,
  "Saint-Gilloise": 1733.15893555,
  "Leeds": 1729.59655762,
  "Porto": 1725.94921875,
  "Burnley": 1719.71606445,
  "Stuttgart": 1716.10864258,
  "RB Leipzig": 1715.88598633,
  "Wolverhampton": 1715.67651367,
  "Strasbourg": 1713.17163086,
  "Galatasaray": 1711.22277832,
  "Mainz": 1698.22412109,
  "Lens": 1696.51123047,
  "Osasuna": 1693.84460449,
  "Olympiakos": 1690.69885254,
  "Nice": 1685.43237305,
  "Fenerbahce": 1682.39160156,
  "Valencia": 1681.89880371,
  "Slavia Praha": 1679.59594727,
  "Celta": 1675.80444336,
  "Rayo Vallecano": 1674.80102539,
  "Werder": 1673.16027832,
  "Torino": 1672.17089844,
  "Toulouse": 1666.83776855,
  "Copenhagen": 1663.46337891,
  "Ajax": 1661.89794922,
  "Braga": 1660.89123535,
  "Brest": 1658.97265625,
  "Real Sociedad": 1658.7043457,
  "Como": 1658.2019043,
  "Espanyol": 1657.13793945,
  "Wolfsburg": 1656.85327148,
  "Genoa": 1655.66394043,
  "Bodø/Glimt": 1654.71276855,
  "Freiburg": 1653.08850098,
  "Celtic": 1653.03039551,
  "Rennais": 1650.41870117,
  "Alaves": 1649.07727051,
  "Getafe": 1641.69482422,
  "Alkmaar": 1640.27600098,
  "Zenit": 1638.46472168,
  "Sevilla": 1637.95288086,
  "Udinese": 1634.84472656,
  "Mallorca": 1634.05639648,
  "Augsburg": 1632.73693848,
  "Genk": 1630.4765625,
  "FC Krasnodar": 1630.45617676,
  "Midtjylland": 1628.22241211,
  "Gladbach": 1625.48400879,
  "Union Berlin": 1622.51379395,
  "Auxerre": 1616.65515137,
  "Hoffenheim": 1613.91174316,
  "Utrecht": 1611.41992188,
  "CSKA Moskva": 1610.27111816,
  "Parma": 1604.51696777,
  "Elche": 1604.36352539,
  "Girona": 1604.32897949,
  "Cagliari": 1603.64465332,
  "St Pauli": 1595.51489258,
  "Levante": 1593.38708496,
  "Lorient": 1591.83117676,
  "Verona": 1590.49499512,
  "Real Oviedo": 1589.33435059,
  "Crvena Zvezda": 1588.51708984,
  "Nantes": 1586.02026367,
  "Sassuolo": 1584.65576172,
  "Koeln": 1583.42541504,
  "PAOK": 1582.98742676,
  "Sparta Praha": 1582.49841309,
  "Lecce": 1580.47741699,
  "Rangers": 1579.04125977,
  "Sunderland": 1576.12109375,
  "AEK": 1576.09863281,
  "Viktoria Plzen": 1571.03723145,
  "Anderlecht": 1567.74316406,
  "Cremonese": 1564.83251953,
  "Guimaraes": 1562.75463867,
  "RB Salzburg": 1560.10510254,
  "Twente": 1558.8269043,
  "Shakhtar": 1557.58227539,
  "Le Havre": 1555.98522949,
  "Metz": 1554.52075195,
  "Spartak Moskva": 1551.93469238,
  "Lok Moskva": 1551.53686523,
  "Hamburg": 1547.15576172,
  "Heidenheim": 1545.38513184,
  "Mjaellby": 1544.39953613,
  "Panathinaikos": 1544.15905762,
  "Antwerp": 1543.85009766,
  "Angers": 1542.69567871,
  "Brondby": 1542.11962891,
  "Dynamo Moskva": 1540.22814941,
  "Sturm Graz": 1540.02050781,
  "M Tel Aviv": 1537.76696777,
  "Pisa": 1536.87695312,
  "Paris FC": 1536.44934082,
  "Viking": 1536.44470215,
  "Rakow": 1535.33117676,
  "Famalicao": 1535.22009277,
  "Brann": 1530.29699707,
  "Dinamo Zagreb": 1524.88330078,
  "Pafos": 1524.84228516,
  "Qarabag": 1524.16430664,
  "Malmoe": 1523.04089355,
  "Nijmegen": 1522.36437988,
  "Lech": 1512.99816895,
  "Basel": 1512.21118164,
  "Hammarby": 1510.62182617,
  "Sparta Rotterdam": 1509.92297363,
  "Ferencvaros": 1507.26196289,
  "Jagiellonia": 1506.72973633,
  "Jablonec": 1506.29858398,
  "Charleroi": 1504.8026123,
  "Nordsjaelland": 1504.4440918,
  "Young Boys": 1503.7097168,
  "Mechelen": 1498.0838623,
  "Djurgarden": 1496.26501465,
  "Beer-Sheva": 1495.56958008,
  "Legia": 1495.26464844,
  "Dynamo Kyiv": 1494.88977051,
  "Aarhus": 1492.93212891,
  "Go Ahead Eagles": 1487.21838379,
  "Moreirense": 1483.1138916,
  "Arouca": 1482.19909668,
  "Gent": 1479.82531738,
  "St Truiden": 1479.65563965,
  "Trabzonspor": 1479.4708252,
  "Craiova": 1477.88354492,
  "Razgrad": 1475.64941406,
  "Zwolle": 1474.39221191,
  "Omonia": 1472.90856934,
  "Besiktas": 1469.58447266,
  "Rosenborg": 1469.00854492,
  "Pogon": 1468.87060547,
  "Cercle Brugge": 1467.50244141,
  "Aris Limassol": 1467.36364746,
  "Estoril": 1466.68103027,
  "Elfsborg": 1464.77319336,
  "Steaua": 1464.39587402,
  "Rapid Wien": 1461.7154541,
  "Gil Vicente": 1461.2845459,
  "Westerlo": 1459.94641113,
  "Rio Ave": 1459.53479004,
  "Santa Clara": 1457.53039551,
  "Larnaca": 1457.03344727,
  "Viborg": 1455.90466309,
  "Banik Ostrava": 1455.90112305,
  "Rubin Kazan": 1455.03417969,
  "Wolfsberg": 1454.22265625,
  "Randers": 1452.44958496,
  "AIK": 1451.4309082,
  "Casa Pia": 1451.4107666,
  "Celje": 1451.38476562,
  "Molde": 1450.91149902,
  "Bueyueksehir": 1450.05041504,
  "Cracovia": 1446.20654297,
  "Samsunspor": 1439.96875,
  "Silkeborg": 1438.3092041,
  "Tromso": 1437.84411621,
  "Gornik": 1436.16223145,
  "Maccabi Haifa": 1433.77526855,
  "Leuven": 1433.76025391,
  "Aris": 1432.4276123,
  "Rostov": 1431.8380127,
  "Heerenveen": 1430.0078125,
  "StGallen": 1429.22888184,
  "Austria Wien": 1427.11352539,
  "Groningen": 1426.85083008,
  "Standard": 1424.6842041,
  "Sittard": 1424.46960449,
  "Hajduk": 1423.34411621,
  "Baltika": 1422.26721191,
  "Hibernian": 1421.52856445,
  "GAIS": 1421.26904297,
  "Servette": 1418.17736816,
  "Korona": 1417.26281738,
  "Hearts": 1416.71948242,
  "Lausanne": 1415.0736084,
  "Goeztepe": 1413.55310059,
  "Konyaspor": 1413.11791992,
  "Levski": 1410.28479004,
  "Goeteborg": 1410.27709961,
  "Piast Gliwice": 1410.11096191,
  "Haecken": 1408.54833984,
  "Nacional": 1408.07287598,
  "CFR Cluj": 1406.47814941,
  "Alanyaspor": 1406.42016602,
  "Rapid Bucuresti": 1401.42333984,
  "SonderjyskE": 1400.42224121,
  "Rijeka": 1399.66845703,
  "LASK": 1397.30859375,
  "Kasimpasa": 1393.4876709,
  "Kryliya Sovetov": 1392.85461426,
  "Luzern": 1392.45275879,
  "Slovan Liberec": 1391.90539551,
  "Puskas Akademia": 1391.07299805,
  "Hradec Kralove": 1390.94421387,
  "Partizan": 1390.40258789,
  "Fredrikstad": 1390.27526855,
  "KFUM Oslo": 1387.15881348,
  "Kayseri": 1385.13269043,
  "Sandefjord": 1383.59936523,
  "Terek Grozny": 1382.61645508,
  "Slovan Bratislava": 1382.40661621,
  "Radomiak": 1381.44372559,
  "Paksi": 1381.00305176,
  "Heracles": 1380.82751465,
  "Katowice": 1379.4440918,
  "Estrela Amadora": 1379.0579834,
  "Zuerich": 1378.6048584,
  "Sarpsborg": 1375.65856934,
  "IK Sirius": 1375.55078125,
  "Dender": 1375.21105957,
  "Tondela": 1373.22619629,
  "Alverca": 1372.36206055,
  "Sigma Olomouc": 1371.91015625,
  "Rizespor": 1370.16235352,
  "Fredericia": 1369.85632324,
  "Plock": 1369.69799805,
  "Hartberg": 1369.19177246,
  "St Mirren": 1368.27612305,
  "Gaziantep FK": 1367.63317871,
  "Volendam": 1367.38781738,
  "Lugano": 1365.75024414,
  "Motor Lublin": 1363.53271484,
  "Gyoer": 1362.58862305,
  "Telstar": 1361.65283203,
  "Akron Togliatti": 1361.3848877,
  "Eyupspor": 1359.93859863,
  "Universitatea Cluj": 1357.29931641,