{
  "Real Madrid": 1959.80712891,
  "Barcelona": 1930.68774414,
  "Atletico": 1885.11657715,
  "Athletic": 1802.20800781,
  "Villarreal": 1770.28405762,
  "Sociedad": 1717.26782227,
  "Betis": 1715.64147949,
  "Girona": 1690.39831543,
  "Sevilla": 1680.45324707,
  "Osasuna": 1673.20996094,
  "Celta": 1672.25891113,
  "Rayo Vallecano": 1662.75024414,
  "Getafe": 1658.14672852,
  "Mallorca": 1657.9543457,
  "Valencia": 1645.95739746,
  "Alaves": 1619.87805176,
  "Espanyol": 1619.23327637,
  "Las Palmas": 1592.63562012,
  "Leganes": 1591.63317871,
  "Levante": 1579.44946289,
  "Huesca": 1568.49072266,
  "Almeria": 1564.78320312,
  "Oviedo": 1558.68774414,
  "Elche": 1558.53076172,
  "Santander": 1547.7109375,
  "Mirandes": 1544.51538086,
  "Cadiz": 1540.75854492,
  "Granada": 1533.70935059,
  "Valladolid": 1532.9074707,
  "Gijon": 1510.9666748,
  "Eibar": 1504.93798828,
  "Albacete": 1488.48547363,
  "Depor": 1486.80395508,
  "Cordoba": 1485.29296875,
  "Zaragoza": 1482.40258789,
  "Malaga": 1476.05871582,
  "Burgos": 1464.67260742,
  "Castellon": 1462.40454102,
  "Eldense": 1427.49267578,
  "Tenerife": 1407.80847168,
  "Ferrol": 1384.81018066,
  "Cartagena": 1356.05249023
}