{
  "Barcelona": 1947.61572266,
  "Real Madrid": 1943.7154541,
  "Atlético": 1833.05200195,
  "Athletic": 1805.19519043,
  "Villarreal": 1794.06433105,
  "Betis": 1735.63452148,
  "Osasuna": 1693.84484863,
  "Valencia": 1681.89904785,
  "Celta": 1675.80456543,
  "Rayo Vallecano": 1674.80114746,
  "Real Sociedad": 1658.70446777,
  "Espanyol": 1657.13818359,
  "Alaves": 1649.07739258,
  "Getafe": 1641.69482422,
  "Sevilla": 1637.95288086,
  "Mallorca": 1634.05639648,
  "Elche": 1604.36364746,
  "Girona": 1604.32922363,
  "Levante": 1593.38708496,
  "Real Oviedo": 1589.33447266,
  "Leganes": 1586.48547363,
  "Mirandes": 1565.30712891,
  "Las Palmas": 1555.76318359,
  "Racing": 1553.75439453,
  "Almeria": 1536.21826172,
  "Cadiz": 1536.15356445,
  "Eibar": 1528.69372559,
  "Huesca": 1511.39465332,
  "Sporting": 1498.75891113,
  "Granada": 1496.5267334,
  "Depor": 1485.7409668,
  "Valladolid": 1483.60766602,
  "Burgos": 1478.62158203,
  "Albacete": 1471.76367188,
  "Malaga": 1466.68615723,
  "Cordoba": 1460.26257324,
  "FC Andorra": 1453.25292969,
  "Castellon": 1437.87963867,
  "Zaragoza": 1430.8939209,
  "Sociedad B": 1429.36706543,
  "Ceuta": 1412.19592285,
  "Leonesa": 1407.91992188
}