{
  "Arsenal": 2062.18554688,
  "Manchester City": 1987.54614258,
  "Liverpool": 1961.27978516,
  "Aston Villa": 1932.32312012,
  "Chelsea": 1922.3885498,
  "Manchester United": 1889.33508301,
  "Newcastle": 1876.30761719,
  "Brentford": 1847.77929688,
  "Bournemouth": 1846.37744141,
  "Brighton": 1842.41296387,
  "Everton": 1818.37963867,
  "Fulham": 1814.94348145,
  "Tottenham": 1809.32507324,
  "Crystal Palace": 1801.2701416,
  "Leeds": 1793.97375488,
  "Forest": 1789.28686523,
  "West Ham": 1751.30249023,
  "Burnley": 1707.5657959,
  "Sunderland": 1696.49145508,
  "Wolverhampton": 1680.35839844,
  "Ipswich": 1636.35949707,
  "Coventry": 1627.83776855,
  "Middlesbrough": 1602.29858398,
  "Sheffield United": 1584.53076172,
  "Southampton": 1582.16931152,
  "Hull": 1563.40881348,
  "Millwall": 1563.36010742,
  "Wrexham": 1543.71582031,
  "Bristol City": 1535.69775391,
  "Leicester": 1532.63842773,
  "Derby": 1530.41186523,
  "Norwich": 1528.96154785,
  "Swansea": 1528.51672363,
  "Birmingham": 1523.99694824,
  "Watford": 1523.79211426,
  "Preston": 1521.48254395,
  "QPR": 1510.79541016,
  "Stoke": 1509.84716797,
  "Portsmouth": 1501.19067383,
  "Blackburn": 1490.76220703,
  "Charlton": 1473.26367188,
  "West Brom": 1467.20605469,
  "Oxford": 1447.73669434,
  "Sheffield Weds": 1353.78405762
}