{
  "PSG": 1979.07141113,
  "Lille": 1761.54602051,
  "Lyon": 1749.16638184,
  "Lens": 1747.5970459,
  "Rennais": 1725.45715332,
  "Monaco": 1723.99047852,
  "Marseille": 1705.50671387,
  "Strasbourg": 1702.43444824,
  "Lorient": 1654.43994141,
  "Toulouse": 1653.27734375,
  "Brest": 1623.3380127,
  "Paris FC": 1613.3449707,
  "Auxerre": 1604.37683105,
  "Nice": 1585.36950684,
  "Le Havre": 1562.78845215,
  "Angers": 1543.15466309,
  "Nantes": 1541.5703125,
  "Reims": 1541.02539062,
  "Troyes": 1520.19421387,
  "Saint-Etienne": 1506.89160156,
  "Rodez": 1493.49658203,
  "Le Mans": 1491.47229004,
  "Metz": 1484.91491699,
  "Montpellier": 1476.16784668,
  "Annecy": 1464.90881348,
  "Red Star": 1440.09667969,
  "Dunkerque": 1422.52368164,
  "Grenoble": 1404.76000977,
  "Guingamp": 1393.92895508,
  "Clermont": 1389.71557617,
  "Laval": 1383.33850098,
  "Bastia": 1381.44421387,
  "Pau": 1373.39758301,
  "Nancy": 1358.45654297,
  "Boulogne": 1356.86462402,
  "Amiens": 1294.55297852
}