{
  "Arsenal": 2062.98217773,
  "Manchester City": 1954.92993164,
  "Liverpool": 1949.87512207,
  "Aston Villa": 1916.99316406,
  "Chelsea": 1897.3458252,
  "Newcastle": 1885.41003418,
  "Manchester United": 1845.17724609,
  "Brighton": 1842.14428711,
  "Brentford": 1839.73571777,
  "Everton": 1815.36022949,
  "Tottenham": 1808.60839844,
  "Bournemouth": 1807.89624023,
  "Fulham": 1807.49865723,
  "Crystal Palace": 1795.80456543,
  "Forest": 1778.72180176,
  "Leeds": 1765.09033203,
  "West Ham": 1717.77783203,
  "Burnley": 1700.84277344,
  "Sunderland": 1696.03686523,
  "Wolverhampton": 1677.03125,
  "Ipswich": 1639.85070801,
  "Coventry": 1622.89990234,
  "Middlesbrough": 1586.52124023,
  "Leicester": 1563.00830078,
  "Hull": 1559.32312012,
  "Sheffield United": 1552.99780273,
  "Millwall": 1543.8918457,
  "Southampton": 1534.2833252,
  "Bristol City": 1531.70471191,
  "Watford": 1526.26245117,
  "Stoke": 1519.73632812,
  "Preston": 1517.93432617,
  "Derby": 1517.84277344,
  "QPR": 1512.82397461,
  "Wrexham": 1507.72583008,
  "Swansea": 1505.25366211,
  "Norwich": 1500.99023438,
  "Birmingham": 1486.10742188,
  "Blackburn": 1476.22668457,
  "West Brom": 1471.44763184,
  "Portsmouth": 1467.18786621,
  "Charlton": 1454.21228027,
  "Oxford": 1443.9798584,
  "Sheffield Weds": 1370.14855957
}