{
  "Inter": 1903.515625,
  "Milan": 1813.37609863,
  "Atalanta": 1800.27453613,
  "Roma": 1798.27062988,
  "Napoli": 1788.51879883,
  "Juventus": 1776.73449707,
  "Como": 1741.11657715,
  "Bologna": 1703.95935059,
  "Lazio": 1686.83728027,
  "Fiorentina": 1642.4041748,
  "Sassuolo": 1637.04602051,
  "Genoa": 1626.8013916,
  "Torino": 1615.81481934,
  "Udinese": 1615.23339844,
  "Parma": 1609.76794434,
  "Cagliari": 1596.56152344,
  "Venezia": 1587.46716309,
  "Lecce": 1556.5723877,
  "Monza": 1556.20422363,
  "Cremonese": 1541.59716797,
  "Frosinone": 1523.66918945,
  "Palermo": 1515.14501953,
  "Verona": 1508.90820312,
  "Pisa": 1500.58300781,
  "Catanzaro": 1477.11865234,
  "Suedtirol": 1452.41723633,
  "Modena": 1446.10131836,
  "Empoli": 1443.61853027,
  "Juve Stabia": 1436.76318359,
  "Spezia": 1400.52661133,
  "Sampdoria": 1396.68762207,
  "Carrarese": 1392.53979492,
  "Cesena": 1387.89660645,
  "Bari": 1378.54125977,
  "Padova": 1374.29943848,
  "Reggiana": 1359.8729248,
  "Mantova": 1356.41503906,
  "Entella": 1354.48510742,
  "Avellino": 1343.36975098,
  "Pescara": 1332.41711426
}