{
  "Arsenal": 2061.98364258,
  "Bayern Munich": 1995.50012207,
  "PSG": 1955.85461426,
  "Manchester City": 1953.93127441,
  "Liverpool": 1948.87646484,
  "Barcelona": 1941.55664062,
  "Real Madrid": 1922.64147949,
  "Aston Villa": 1920.9942627,
  "Inter": 1914.09936523,
  "Chelsea": 1896.34716797,
  "Newcastle": 1884.41137695,
  "Atlético": 1870.64086914,
  "Manchester United": 1844.1784668,
  "Borussia Dortmund": 1843.14160156,
  "Brighton": 1841.14562988,
  "Brentford": 1838.73706055,
  "Sporting": 1834.38574219,
  "Milan": 1822.61804199,
  "Roma": 1817.51159668,
  "Napoli": 1815.57177734,
  "Everton": 1814.36157227,
  "Juventus": 1809.66552734,
  "Tottenham": 1807.60974121,
  "Bournemouth": 1806.89758301,
  "Fulham": 1806.49987793,
  "PSV": 1804.10412598,
  "Benfica": 1803.5904541,
  "Leverkusen": 1801.45373535,
  "Crystal Palace": 1794.8059082,
  "Atalanta": 1791.26318359,
  "Porto": 1779.21240234,
  "Forest": 1769.27941895,
  "Leeds": 1764.09155273,
  "Lens": 1761.68432617,
  "Marseille": 1755.36108398,
  "Villarreal": 1754.06469727,
  "Lyon": 1752.51916504,
  "RB Leipzig": 1750.42443848,
  "Betis": 1748.94580078,
  "Stuttgart": 1747.48791504,
  "Lille": 1726.5859375,
  "Como": 1725.27148438,
  "Celta": 1723.41784668,
  "Lazio": 1716.85339355,
  "West Ham": 1716.7791748,
  "Bologna": 1716.43847656,
  "Athletic": 1714.61535645,
  "Galatasaray": 1711.44934082,
  "Freiburg": 1705.71276855,
  "Olympiacos": 1705.61132812,
  "Brugge": 1703.67602539,
  "Frankfurt": 1701.67675781,
  "Hoffenheim": 1701.00097656,
  "Saint-Gilloise": 1700.67297363,
  "Burnley": 1699.84411621,
  "Fenerbahce": 1699.83093262,
  "Sunderland": 1695.03820801,
  "Strasbourg": 1695.01416016,
  "Rennais": 1695.00964355,
  "Braga": 1686.11242676,
  "Midtjylland": 1678.02514648,
  "Slavia Prag": 1677.25671387,
  "Bodø/Glimt": 1676.68579102,
  "Wolverhampton": 1676.03259277,
  "Monaco": 1673.33959961,
  "Real Sociedad": 1665.6081543,
  "Fiorentina": 1663.25549316,
  "Zenit": 1662.57800293,
  "Espanyol": 1661.65795898,
  "Toulouse": 1658.31274414,
  "Osasuna": 1655.99963379,
  "Brest": 1650.98596191,
  "Werder": 1645.41918945,
  "Valencia": 1643.81860352,
  "Union Berlin": 1641.29699707,
  "FC Krasnodar": 1639.16955566,
  "Mainz": 1637.59741211,
  "PAOK": 1637.54016113,
  "Torino": 1636.88220215,
  "Gladbach": 1631.8347168,
  "Rayo Vallecano": 1631.28881836,
  "Wolfsburg": 1629.63232422,
  "Girona": 1629.38378906,
  "Genoa": 1628.72192383,
  "Mallorca": 1627.16845703,
  "AEK": 1623.15454102,
  "Ajax": 1613.51428223,
  "Feyenoord": 1611.97290039,
  "Udinese": 1610.81811523,
  "Sevilla": 1610.01330566,
  "Lorient": 1609.43615723,
  "Elche": 1609.14855957,
  "Sassuolo": 1607.06933594,
  "Alaves": 1605.57946777,
  "Parma": 1602.32836914,
  "Copenhagen": 1600.8972168,
  "Cagliari": 1600.89672852,
  "Getafe": 1597.31018066,
  "Augsburg": 1596.54760742,
  "CSKA Moskva": 1595.08752441,
  "Levante": 1588.67248535,
  "Nice": 1588.39685059,
  "Viking": 1588.37524414,
  "Koeln": 1580.52502441,
  "Lok Moskva": 1576.38354492,
  "Crvena Zvezda": 1575.15490723,
  "Sparta Praha": 1572.69287109,
  "Aarhus": 1570.41027832,
  "Cremonese": 1570.1697998,
  "Viktoria Plzen": 1568.83728027,
  "Hamburg": 1568.81652832,
  "Genk": 1564.68688965,
  "Auxerre": 1563.31994629,
  "Le Havre": 1561.8416748,
  "Qarabag": 1561.08630371,
  "Celtic": 1560.30200195,
  "Angers": 1559.0958252,
  "Verona": 1559.03198242,
  "Guimaraes": 1556.50305176,
  "Brondby": 1552.38391113,
  "Anderlecht": 1551.0111084,
  "Lecce": 1550.93457031,
  "Spartak Moskva": 1550.35656738,
  "Rakow": 1549.48986816,
  "Pafos": 1549.42944336,
  "St Pauli": 1549.01086426,
  "Twente": 1548.07592773,
  "Mjaellby": 1547.41955566,
  "Nantes": 1546.89208984,
  "Real Oviedo": 1546.46520996,
  "Shakhtar": 1544.38671875,
  "Alkmaar": 1544.13012695,
  "Panathinaikos": 1543.87573242,
  "Famalicao": 1542.74072266,
  "Rangers": 1541.49865723,
  "Paris FC": 1541.00292969,
  "Heidenheim": 1539.44543457,
  "Metz": 1535.23620605,
  "Dinamo Zagreb": 1534.59069824,
  "Brann": 1533.99133301,
  "Pisa": 1530.88977051,
  "Ferencvaros": 1528.63513184,
  "Nijmegen": 1523.83227539,
  "St Truiden": 1521.87805176,
  "Antwerp": 1520.39416504,
  "Trabzonspor": 1519.68737793,
  "Gil Vicente": 1512.72521973,
  "Utrecht": 1511.56799316,
  "RB Salzburg": 1510.26635742,
  "Hammarby": 1509.1027832,
  "Estoril": 1508.2779541,
  "Jagiellonia": 1507.79370117,
  "Lech": 1506.54089355,
  "Besiktas": 1505.67382812,
  "Nordsjaelland": 1505.29187012,
  "Dynamo Moskva": 1504.17382812,
  "Charleroi": 1502.32836914,
  "Larnaca": 1500.31872559,
  "Moreirense": 1496.78417969,
  "Basel": 1495.1953125,
  "Jablonec": 1492.48413086,
  "Mechelen": 1492.02172852,
  "Gent": 1490.83813477,
  "Omonia": 1484.60827637,
  "Djurgarden": 1483.82067871,
  "Bueyueksehir": 1482.94616699,
  "Viborg": 1482.78173828,
  "Aris Limassol": 1482.3326416,
  "Baltika": 1477.88574219,
  "Goeztepe": 1468.7532959,
  "Tromso": 1468.29370117,
  "SonderjyskE": 1467.07080078,
  "Rio Ave": 1466.45532227,
  "Hearts": 1465.91101074,
  "Beer-Sheva": 1464.38598633,
  "Santa Clara": 1460.89282227,
  "Randers": 1460.89245605,
  "Craiova": 1460.88598633,
  "Slovan Liberec": 1459.39477539,
  "Sparta Rotterdam": 1458.17504883,
  "StGallen": 1454.55761719,
  "Westerlo": 1453.10900879,
  "Molde": 1452.22058105,
  "Young Boys": 1449.65429688,
  "Go Ahead Eagles": 1448.14611816,
  "Razgrad": 1446.65087891,
  "Steaua": 1446.62084961,
  "Sturm Graz": 1446.39575195,
  "Lausanne": 1446.37878418,
  "Cercle Brugge": 1445.32922363,
  "Rosenborg": 1444.0982666,
  "Silkeborg": 1442.66772461,
  "Heerenveen": 1442.00610352,
  "Samsunspor": 1441.58288574,
  "Lugano": 1441.27856445,
  "Pogon": 1440.42907715,
  "Groningen": 1438.89624023,
  "Cracovia": 1438.89404297,
  "Arouca": 1438.81274414,
  "Celje": 1438.73840332,
  "Gornik": 1438.04870605,
  "Levadeiakos": 1437.26367188,
  "Rostov": 1435.17077637,
  "Malmoe": 1434.55712891,
  "Standard": 1432.77038574,
  "Aris": 1431.90942383,
  "Rubin Kazan": 1430.16821289,
  "Zwolle": 1427.39306641,
  "M Tel Aviv": 1426.98327637,
  "Piast Gliwice": 1426.75805664,
  "Casa Pia": 1426.08508301,
  "Legia": 1424.8482666,
  "LASK": 1424.5279541,
  "Hradec Kralove": 1424.41723633,
  "Maccabi Haifa": 1423.58410645,
  "Sandefjord": 1422.18200684,
  "Radomiak": 1420.61621094,
  "Alverca": 1420.60400391,
  "Hajduk": 1419.96081543,
  "Dynamo Kyiv": 1418.65649414,
  "Fredrikstad": 1418.08154297,
  "Hibernian": 1417.47167969,
  "Nacional": 1416.99487305,
  "Gyoer": 1416.24536133,
  "Alanyaspor": 1415.44641113,
  "Levski": 1415.16748047,
  "Austria Wien": 1412.96704102,
  "Lubin": 1412.80822754,
  "Wolfsberg": 1412.16320801,
  "Odense": 1411.99572754,
  "Korona": 1410.82287598,
  "Leuven": 1409.36242676,
  "GAIS": 1408.98901367,
  "Estrela Amadora": 1408.01831055,
  "Rijeka": 1406.14208984,
  "Sittard": 1404.52526855,
  "Paksi": 1403.26757812,
  "Thun": 1402.49157715,
  "Servette": 1400.24987793,
  "Goeteborg": 1400.01293945,
  "Sarpsborg": 1399.10021973,
  "Plock": 1397.70581055,
  "AIK": 1394.70898438,
  "Gaziantep FK": 1393.51464844,
  "Zulte Waregem": 1393.29821777,
  "Rapid Bucuresti": 1392.6282959,
  "Puskas Akademia": 1390.51049805,
  "Banik Ostrava": 1390.45080566,
  "IK Sirius": 1389.79138184,
  "Katowice": 1389.47314453,
  "Terek Grozny": 1387.9239502,
  "Sion": 1387.66589355,
  "Karvina": 1386.75024414,
  "Beitar": 1386.62194824,
  "CFR Cluj": 1386.33654785,
  "Lechia": 1383.5880127,
  "Kasimpasa": 1382.00170898,
  "Partizan": 1380.56408691,
  "Ham-Kam": 1379.46948242,
  "Dender": 1379.44787598,
  "Kryliya Sovetov": 1378.48657227,
  "Rizespor": 1377.88806152,
  "Elfsborg": 1377.11645508,
  "Hartberg": 1376.91931152,
  "Akron Togliatti": 1374.86291504,
  "Motherwell": 1373.89709473,
  "Sigma Olomouc": 1372.81726074,
  "Tondela": 1370.74169922,
  "Luzern": 1370.4630127,
  "Valerenga": 1370.30480957,
  "Haecken": 1369.46630859,
  "Zuerich": 1369.25976562,
  "RAAL": 1368.57165527,
  "Motor Lublin": 1368.35766602,