{
  "Manchester City": 1959.94580078,
  "Inter": 1957.12768555,
  "PSG": 1950.23278809,
  "Real Madrid": 1936.12695312,
  "Bayern Munich": 1918.99780273,
  "Chelsea": 1902.80297852,
  "Atlético": 1855.34936523,
  "Borussia Dortmund": 1818.3503418,
  "Juventus": 1811.36987305,
  "Benfica": 1791.48046875,
  "Palmeiras": 1744.8785296672913,
  "Botafogo": 1744.8785296672913,
  "Flamengo": 1744.8785296672913,
  "Fluminense": 1744.8785296672913,
  "Boca Juniors": 1702.7630039528176,
  "River Plate": 1702.7630039528176,
  "Porto": 1678.19543457,
  "Seattle": 1660.6474782383434,
  "Inter Miami": 1639.5897153811065,
  "Monterrey": 1639.5897153811065,
  "Urawa Reds": 1618.5319525238697,
  "Pachuca": 1618.5319525238697,
  "León": 1576.4164268093955,
  "RB Salzburg": 1558.85534668,
  "Al-Ain": 1513.243138237685,
  "Al-Hilal": 1513.243138237685,
  "Ahly SC": 1492.1853753804476,
  "Ulsan HD": 1492.1853753804476,
  "Sundowns": 1450.0698496659738,
  "Wydad AC": 1429.012086808737,
  "Esperance": 1386.8965610942628,
  "Auckland City": 965.7413039495237
}