{
  "PSG": 1974.93774414,
  "Manchester City": 1959.94421387,
  "Real Madrid": 1936.12731934,
  "Inter": 1933.2421875,
  "Bayern Munich": 1918.9979248,
  "Chelsea": 1902.80126953,
  "Atlético": 1855.34973145,
  "Borussia Dortmund": 1818.3503418,
  "Juventus": 1805.84667969,
  "Benfica": 1791.48046875,
  "Flamengo": 1758.7499568789817,
  "Palmeiras": 1756.566081762146,
  "Botafogo": 1730.967217443856,
  "Fluminense": 1716.677085890091,
  "River Plate": 1697.7224664964133,
  "Porto": 1678.19543457,
  "Boca Juniors": 1671.0126759608388,
  "Monterrey": 1619.8067594159893,
  "Pachuca": 1586.0647628701968,
  "Los Ángeles FC": 1581.078741255178,
  "Seattle": 1571.3874185091563,
  "Inter Miami": 1563.231507610972,
  "Al-Hilal": 1559.1735627763237,
  "RB Salzburg": 1558.85534668,
  "Urawa Reds": 1548.5431393683039,
  "Ahly SC": 1540.5667827774464,
  "Sundowns": 1497.7098583871193,
  "Al-Ain": 1473.5403160715923,
  "Ulsan HD": 1471.287221454774,
  "Esperance": 1448.086569210709,
  "Wydad AC": 1436.60287290127,
  "Auckland City": 1126.1861275614049
}