{
  "PSG": 1970.15637207,
  "Lille": 1760.53833008,
  "Lens": 1755.43579102,
  "Lyon": 1751.74768066,
  "Rennais": 1731.87207031,
  "Monaco": 1730.91833496,
  "Strasbourg": 1728.93151855,
  "Marseille": 1722.1171875,
  "Brest": 1650.18652344,
  "Lorient": 1637.53881836,
  "Toulouse": 1633.9083252,
  "Paris FC": 1603.14855957,
  "Auxerre": 1590.67236328,
  "Nice": 1590.65380859,
  "Le Havre": 1564.4576416,
  "Angers": 1550.53723145,
  "Reims": 1538.24511719,
  "Nantes": 1525.52087402,
  "Troyes": 1524.71777344,
  "Saint-Etienne": 1510.21240234,
  "Metz": 1501.08984375,
  "Montpellier": 1489.94360352,
  "Le Mans": 1483.12280273,
  "Rodez": 1478.73217773,
  "Annecy": 1468.91040039,
  "Dunkerque": 1444.25817871,
  "Red Star": 1433.58764648,
  "Guingamp": 1413.15087891,
  "Pau": 1395.30493164,
  "Laval": 1386.19580078,
  "Grenoble": 1385.22875977,
  "Bastia": 1383.16357422,
  "Boulogne": 1372.04174805,
  "Clermont": 1371.85400391,
  "Nancy": 1335.99609375,
  "Amiens": 1311.07995605
}