{
  "Inter": 1917.91271973,
  "Napoli": 1855.0333252,
  "Atalanta": 1827.44677734,
  "Juventus": 1822.43847656,
  "Roma": 1814.95568848,
  "Milan": 1784.87438965,
  "Lazio": 1751.51623535,
  "Bologna": 1744.0246582,
  "Fiorentina": 1743.66394043,
  "Torino": 1684.61572266,
  "Genoa": 1656.16674805,
  "Como": 1656.12634277,
  "Udinese": 1640.69226074,
  "Cagliari": 1612.81872559,
  "Sassuolo": 1595.11633301,
  "Parma": 1593.76989746,
  "Verona": 1587.7713623,
  "Lecce": 1575.86572266,
  "Cremonese": 1565.98339844,
  "Empoli": 1562.04321289,
  "Venezia": 1555.31225586,
  "Pisa": 1529.45654297,
  "Monza": 1510.99353027,
  "Spezia": 1506.54406738,
  "Frosinone": 1484.66064453,
  "Palermo": 1484.11193848,
  "Catanzaro": 1459.46533203,
  "Juve Stabia": 1450.89404297,
  "Cesena": 1449.98217773,
  "Modena": 1445.54602051,
  "Suedtirol": 1443.72924805,
  "Sampdoria": 1427.82128906,
  "Carrarese": 1427.26025391,
  "Bari": 1423.78991699,
  "Reggiana": 1420.12524414,
  "Mantova": 1405.08874512,
  "Entella": 1383.23083496,
  "Avellino": 1378.59643555,
  "Padova": 1363.52490234,
  "Pescara": 1358.85327148
}