{
  "PSG": 1937.88171387,
  "Lyon": 1772.81164551,
  "Lens": 1766.22521973,
  "Marseille": 1735.6550293,
  "Lille": 1697.66870117,
  "Strasbourg": 1696.34008789,
  "Monaco": 1685.64599609,
  "Rennais": 1673.29626465,
  "Brest": 1645.77734375,
  "Toulouse": 1643.69689941,
  "Lorient": 1624.29418945,
  "Nice": 1585.84399414,
  "Le Havre": 1575.84570312,
  "Auxerre": 1571.21313477,
  "Angers": 1562.78222656,
  "Reims": 1547.10327148,
  "Paris FC": 1532.43908691,
  "Nantes": 1515.02270508,
  "Metz": 1509.43713379,
  "Saint-Etienne": 1503.04504395,
  "Dunkerque": 1468.86523438,
  "Troyes": 1460.1751709,
  "Montpellier": 1454.73364258,
  "Annecy": 1439.48022461,
  "Rodez": 1433.77844238,
  "Le Mans": 1431.0300293,
  "Guingamp": 1430.05053711,
  "Red Star": 1411.92712402,
  "Pau": 1396.56201172,
  "Grenoble": 1387.953125,
  "Bastia": 1370.93615723,
  "Boulogne": 1369.40319824,
  "Clermont": 1365.69616699,
  "Laval": 1351.4510498,
  "Nancy": 1339.6114502,
  "Amiens": 1335.18432617
}