{
  "Bayern Munich": 1961.49267578,
  "Borussia Dortmund": 1845.10754395,
  "Leverkusen": 1838.1965332,
  "Frankfurt": 1750.50549316,
  "RB Leipzig": 1745.04431152,
  "Stuttgart": 1712.92675781,
  "Freiburg": 1688.63220215,
  "Mainz": 1682.01904297,
  "Werder": 1678.26806641,
  "Wolfsburg": 1636.47949219,
  "Hoffenheim": 1620.4185791,
  "Union Berlin": 1620.0098877,
  "Augsburg": 1619.30444336,
  "Gladbach": 1615.57824707,
  "St Pauli": 1592.6192627,
  "Koeln": 1589.96130371,
  "Hamburg": 1581.30810547,
  "Heidenheim": 1544.72485352,
  "Elversberg": 1542.29321289,
  "Paderborn": 1526.19750977,
  "Holstein": 1525.0333252,
  "Karlsruhe": 1498.54980469,
  "Hannover": 1498.1340332,
  "Darmstadt": 1491.73608398,
  "Bochum": 1482.61047363,
  "Lautern": 1479.5645752,
  "Duesseldorf": 1475.49890137,
  "Hertha": 1471.29968262,
  "Schalke": 1452.04223633,
  "Nuernberg": 1417.01403809,
  "Muenster": 1414.45214844,
  "Fuerth": 1404.42370605,
  "Magdeburg": 1399.24902344,
  "Bielefeld": 1365.05566406,
  "Braunschweig": 1362.28955078,
  "Dresden": 1345.79492188
}