{
  "PSG": 1973.97570801,
  "Lille": 1753.45153809,
  "Lens": 1745.73620605,
  "Marseille": 1732.82043457,
  "Monaco": 1730.30737305,
  "Lyon": 1726.15515137,
  "Strasbourg": 1709.23754883,
  "Rennais": 1704.65563965,
  "Brest": 1643.16918945,
  "Toulouse": 1629.29492188,
  "Lorient": 1624.3972168,
  "Paris FC": 1591.56542969,
  "Auxerre": 1581.63903809,
  "Nice": 1572.59692383,
  "Le Havre": 1559.34533691,
  "Angers": 1546.81274414,
  "Saint-Etienne": 1535.73132324,
  "Reims": 1533.0078125,
  "Nantes": 1520.20556641,
  "Metz": 1500.46618652,
  "Troyes": 1496.40246582,
  "Le Mans": 1472.92211914,
  "Montpellier": 1470.68334961,
  "Rodez": 1469.4317627,
  "Annecy": 1437.00488281,
  "Dunkerque": 1436.24584961,
  "Red Star": 1424.01049805,
  "Guingamp": 1419.9407959,
  "Pau": 1391.68994141,
  "Boulogne": 1385.68103027,
  "Grenoble": 1381.14855957,
  "Clermont": 1370.07739258,
  "Laval": 1361.61010742,
  "Bastia": 1358.72302246,
  "Nancy": 1335.81152344,
  "Amiens": 1314.43444824
}