{
  "PSG": 1972.53283691,
  "Lille": 1760.17041016,
  "Lens": 1755.06530762,
  "Lyon": 1751.37756348,
  "Rennais": 1731.50146484,
  "Monaco": 1730.54785156,
  "Strasbourg": 1724.67675781,
  "Marseille": 1721.7467041,
  "Brest": 1649.81604004,
  "Lorient": 1637.16357422,
  "Toulouse": 1633.5378418,
  "Paris FC": 1602.7755127,
  "Auxerre": 1590.3013916,
  "Nice": 1590.2833252,
  "Le Havre": 1564.0871582,
  "Angers": 1550.16662598,
  "Reims": 1537.87451172,
  "Nantes": 1525.15026855,
  "Troyes": 1524.35668945,
  "Saint-Etienne": 1509.83251953,
  "Metz": 1500.71936035,
  "Montpellier": 1489.57324219,
  "Le Mans": 1482.75231934,
  "Rodez": 1478.36157227,
  "Annecy": 1468.54077148,
  "Dunkerque": 1443.89343262,
  "Red Star": 1433.21972656,
  "Guingamp": 1412.77783203,
  "Pau": 1394.93347168,
  "Laval": 1385.82531738,
  "Grenoble": 1384.85827637,
  "Bastia": 1382.79296875,
  "Boulogne": 1371.66540527,
  "Clermont": 1371.48352051,
  "Nancy": 1335.62561035,
  "Amiens": 1310.70935059
}