{
  "Inter": 1920.29956055,
  "Napoli": 1817.4083252,
  "Roma": 1810.75622559,
  "Milan": 1809.92468262,
  "Juventus": 1782.53564453,
  "Atalanta": 1773.98828125,
  "Bologna": 1766.14941406,
  "Lazio": 1754.83862305,
  "Fiorentina": 1689.99963379,
  "Como": 1681.48242188,
  "Torino": 1680.03710938,
  "Sassuolo": 1624.2388916,
  "Genoa": 1614.39038086,
  "Udinese": 1608.07775879,
  "Parma": 1591.23449707,
  "Cagliari": 1590.61364746,
  "Lecce": 1568.97729492,
  "Cremonese": 1561.85290527,
  "Verona": 1555.18481445,
  "Venezia": 1553.06054688,
  "Monza": 1549.23706055,
  "Pisa": 1543.11291504,
  "Empoli": 1519.89282227,
  "Frosinone": 1500.71118164,
  "Modena": 1473.22387695,
  "Palermo": 1467.51855469,
  "Cesena": 1454.32299805,
  "Juve Stabia": 1451.17248535,
  "Catanzaro": 1450.41943359,
  "Spezia": 1441.03491211,
  "Suedtirol": 1422.3840332,
  "Carrarese": 1418.453125,
  "Reggiana": 1414.56152344,
  "Bari": 1411.44458008,
  "Sampdoria": 1400.1451416,
  "Mantova": 1386.36987305,
  "Entella": 1368.76171875,
  "Padova": 1368.61889648,
  "Avellino": 1356.91760254,
  "Pescara": 1348.33728027
}