{
  "PSG": 1951.34069824,
  "Lens": 1756.51013184,
  "Monaco": 1740.49609375,
  "Marseille": 1733.14929199,
  "Lille": 1723.06079102,
  "Lyon": 1720.3996582,
  "Strasbourg": 1709.69226074,
  "Rennais": 1690.19470215,
  "Brest": 1648.37182617,
  "Toulouse": 1642.45898438,
  "Lorient": 1631.09020996,
  "Auxerre": 1581.42102051,
  "Nice": 1577.08691406,
  "Paris FC": 1566.03955078,
  "Le Havre": 1555.16137695,
  "Angers": 1543.87365723,
  "Reims": 1539.11035156,
  "Saint-Etienne": 1532.5925293,
  "Nantes": 1513.09753418,
  "Metz": 1501.89453125,
  "Troyes": 1501.12121582,
  "Montpellier": 1467.74133301,
  "Le Mans": 1460.92602539,
  "Rodez": 1457.86157227,
  "Dunkerque": 1438.7232666,
  "Annecy": 1427.69494629,
  "Guingamp": 1426.49987793,
  "Red Star": 1418.5177002,
  "Pau": 1391.63293457,
  "Grenoble": 1377.26586914,
  "Boulogne": 1376.26184082,
  "Clermont": 1368.08752441,
  "Bastia": 1364.21069336,
  "Laval": 1352.01708984,
  "Nancy": 1326.171875,
  "Amiens": 1316.42773438
}