{
  "Real Madrid": 1967.25708008,
  "Barcelona": 1916.95690918,
  "Atletico": 1873.95532227,
  "Athletic": 1801.19934082,
  "Villarreal": 1761.77978516,
  "Sociedad": 1714.44189453,
  "Girona": 1693.91149902,
  "Betis": 1691.84350586,
  "Osasuna": 1681.48486328,
  "Sevilla": 1680.33752441,
  "Getafe": 1675.42749023,
  "Rayo Vallecano": 1670.1640625,
  "Celta": 1661.89233398,
  "Mallorca": 1657.33581543,
  "Valencia": 1649.46179199,
  "Alaves": 1626.10266113,
  "Espanyol": 1607.64978027,
  "Las Palmas": 1594.99963379,
  "Leganes": 1588.15515137,
  "Almeria": 1567.64782715,
  "Levante": 1566.11560059,
  "Elche": 1565.00488281,
  "Huesca": 1563.64050293,
  "Oviedo": 1562.1505127,
  "Cadiz": 1559.17175293,
  "Granada": 1555.90686035,
  "Mirandes": 1544.015625,
  "Valladolid": 1536.26586914,
  "Santander": 1535.45605469,
  "Gijon": 1508.98620605,
  "Eibar": 1495.57397461,
  "Albacete": 1483.50622559,
  "Zaragoza": 1478.28369141,
  "Depor": 1472.61962891,
  "Burgos": 1469.37902832,
  "Malaga": 1465.17443848,
  "Cordoba": 1456.09533691,
  "Castellon": 1449.90246582,
  "Eldense": 1421.14611816,
  "Tenerife": 1417.36096191,
  "Ferrol": 1404.93994141,
  "Cartagena": 1366.4083252
}