{
  "Arsenal": 2047.2010498,
  "Manchester City": 1997.72705078,
  "Bayern Munich": 1992.16503906,
  "PSG": 1967.70617676,
  "Liverpool": 1945.69335938,
  "Barcelona": 1944.20166016,
  "Aston Villa": 1921.72412109,
  "Inter": 1920.04650879,
  "Real Madrid": 1909.73815918,
  "Chelsea": 1903.26708984,
  "Atlético": 1874.88562012,
  "Newcastle": 1867.39257812,
  "Borussia Dortmund": 1860.62219238,
  "Leverkusen": 1855.72253418,
  "Brighton": 1834.96972656,
  "Manchester United": 1828.69091797,
  "Crystal Palace": 1828.6003418,
  "Sporting": 1824.81738281,
  "Milan": 1821.45629883,
  "Napoli": 1819.12683105,
  "Brentford": 1816.2746582,
  "Juventus": 1811.42407227,
  "PSV": 1808.14355469,
  "Benfica": 1807.75842285,
  "Tottenham": 1806.98535156,
  "Everton": 1806.3125,
  "Roma": 1805.53613281,
  "Bournemouth": 1804.8112793,
  "Atalanta": 1802.30273438,
  "Fulham": 1791.1763916,
  "Marseille": 1785.77587891,
  "Forest": 1783.23059082,
  "Porto": 1771.31726074,
  "Villarreal": 1764.84912109,
  "Betis": 1762.16040039,
  "Lille": 1759.65002441,
  "RB Leipzig": 1759.54772949,
  "Bologna": 1757.24157715,
  "Lazio": 1754.40100098,
  "Lens": 1753.32189941,
  "Leeds": 1751.88098145,
  "Stuttgart": 1742.7512207,
  "Lyon": 1739.55041504,
  "West Ham": 1732.17736816,
  "Frankfurt": 1726.25036621,
  "Freiburg": 1721.71936035,
  "Galatasaray": 1720.04284668,
  "Monaco": 1713.39025879,
  "Athletic": 1710.07739258,
  "Brugge": 1707.49304199,
  "Saint-Gilloise": 1704.96105957,
  "Fenerbahce": 1704.26330566,
  "Como": 1704.18908691,
  "Burnley": 1699.7232666,
  "Strasbourg": 1699.46716309,
  "Rennais": 1691.50695801,
  "Celta": 1691.20251465,
  "Hoffenheim": 1689.58764648,
  "Slavia Prag": 1682.85046387,
  "Espanyol": 1682.70043945,
  "Midtjylland": 1678.73010254,
  "Sunderland": 1676.95056152,
  "Olympiacos": 1676.32458496,
  "Braga": 1676.00854492,
  "Fiorentina": 1668.09631348,
  "Torino": 1667.58813477,
  "Toulouse": 1667.37243652,
  "Zenit": 1662.57800293,
  "Werder": 1660.12463379,
  "Osasuna": 1659.30957031,
  "Brest": 1655.85595703,
  "Bodø/Glimt": 1648.5871582,
  "Union Berlin": 1648.54406738,
  "Mainz": 1648.41296387,
  "Valencia": 1646.3013916,
  "Wolverhampton": 1645.1907959,
  "Gladbach": 1642.23388672,
  "Wolfsburg": 1641.89599609,
  "FC Krasnodar": 1639.16943359,
  "Real Sociedad": 1637.78710938,
  "Mallorca": 1634.89245605,
  "Sevilla": 1634.57446289,
  "Rayo Vallecano": 1634.11035156,
  "Sassuolo": 1629.28735352,
  "Genoa": 1628.01135254,
  "Feyenoord": 1623.11584473,
  "Augsburg": 1617.99511719,
  "Udinese": 1617.86364746,
  "Elche": 1615.93908691,
  "Alaves": 1615.24645996,
  "Getafe": 1612.54772949,
  "PAOK": 1604.30566406,
  "Lorient": 1603.36096191,
  "Ajax": 1601.28991699,
  "Nice": 1600.8704834,
  "Cagliari": 1600.84875488,
  "AEK": 1600.03845215,
  "Cremonese": 1598.02453613,
  "Copenhagen": 1596.06970215,
  "CSKA Moskva": 1595.08752441,
  "Girona": 1594.15856934,
  "Parma": 1588.6484375,
  "Verona": 1586.62658691,
  "Genk": 1584.59436035,
  "Koeln": 1583.78613281,
  "Hamburg": 1582.56970215,
  "Angers": 1581.89294434,
  "Lecce": 1581.6730957,
  "Auxerre": 1580.0489502,
  "Viking": 1579.44628906,
  "Sparta Praha": 1577.16345215,
  "Lok Moskva": 1576.38366699,
  "Anderlecht": 1575.08178711,
  "Celtic": 1574.80395508,
  "Crvena Zvezda": 1570.01843262,
  "Levante": 1569.50488281,
  "Aarhus": 1569.44262695,
  "Alkmaar": 1566.99035645,
  "St Pauli": 1566.50817871,
  "Viktoria Plzen": 1565.60778809,
  "Famalicao": 1556.95593262,
  "Guimaraes": 1556.78771973,
  "Le Havre": 1556.41552734,
  "Pafos": 1554.18640137,
  "Mjaellby": 1553.38671875,
  "Brondby": 1551.41625977,
  "Heidenheim": 1551.04187012,
  "Spartak Moskva": 1550.35656738,
  "Shakhtar": 1548.86938477,
  "Qarabag": 1545.95715332,
  "Twente": 1545.64147949,
  "Rakow": 1543.60229492,
  "Nantes": 1543.14379883,
  "Ferencvaros": 1542.79650879,
  "Real Oviedo": 1542.63830566,
  "Metz": 1542.47692871,
  "Pisa": 1539.1796875,
  "Paris FC": 1538.76696777,
  "Panathinaikos": 1537.40283203,
  "Antwerp": 1527.17224121,
  "Brann": 1523.38977051,
  "Utrecht": 1522.37805176,
  "Dinamo Zagreb": 1520.06677246,
  "Nijmegen": 1518.32922363,
  "Trabzonspor": 1516.43347168,
  "Hammarby": 1515.06994629,
  "Basel": 1511.0201416,
  "St Truiden": 1509.00842285,
  "Young Boys": 1505.54211426,
  "Besiktas": 1504.68237305,
  "Nordsjaelland": 1504.32434082,
  "Dynamo Moskva": 1504.17382812,
  "Rangers": 1504.08337402,
  "Larnaca": 1502.40771484,
  "Gil Vicente": 1499.40124512,
  "Mechelen": 1499.04064941,
  "Jablonec": 1498.09655762,
  "Omonia": 1497.99060059,
  "Jagiellonia": 1495.51269531,
  "Moreirense": 1494.78381348,
  "RB Salzburg": 1494.52233887,
  "Djurgarden": 1489.7878418,
  "Lech": 1489.40087891,
  "Beer-Sheva": 1486.8951416,
  "Aris Limassol": 1486.09643555,
  "Estoril": 1483.04125977,
  "Bueyueksehir": 1482.80090332,
  "Charleroi": 1481.89904785,
  "Viborg": 1481.81420898,
  "Baltika": 1477.88562012,
  "Westerlo": 1476.92553711,
  "Santa Clara": 1469.26098633,
  "Gent": 1467.92297363,
  "SonderjyskE": 1466.10327148,
  "Goeztepe": 1464.54199219,
  "Sturm Graz": 1461.94970703,
  "Rio Ave": 1460.61706543,
  "Hearts": 1460.43847656,
  "Randers": 1459.92492676,
  "Tromso": 1459.36486816,
  "Slovan Liberec": 1457.4831543,
  "Heerenveen": 1453.55200195,
  "M Tel Aviv": 1450.48779297,
  "Celje": 1449.29370117,
  "Go Ahead Eagles": 1449.21289062,
  "Samsunspor": 1448.35449219,
  "Craiova": 1448.28308105,
  "Standard": 1448.08288574,
  "Steaua": 1448.07922363,
  "Malmoe": 1447.74304199,
  "Razgrad": 1447.55981445,
  "Molde": 1443.29162598,
  "Arouca": 1443.1661377,
  "Silkeborg": 1441.70019531,
  "Sparta Rotterdam": 1437.44995117,
  "Rostov": 1435.1706543,
  "Rosenborg": 1435.16906738,
  "Casa Pia": 1432.25500488,
  "Hradec Kralove": 1431.44030762,
  "Pogon": 1430.78369141,
  "Rubin Kazan": 1430.16821289,
  "Lausanne": 1430.05480957,
  "Cracovia": 1429.24853516,
  "StGallen": 1428.68591309,
  "Gornik": 1428.40344238,
  "Aris": 1427.86523438,
  "Groningen": 1427.65026855,
  "Nacional": 1425.91223145,
  "Cercle Brugge": 1424.26403809,
  "Legia": 1424.02978516,
  "Alanyaspor": 1420.96594238,
  "LASK": 1417.94909668,
  "Servette": 1417.87426758,
  "Rapid Bucuresti": 1417.47802734,
  "Levski": 1417.18493652,
  "Wolfsberg": 1415.72351074,
  "Banik Ostrava": 1414.96813965,
  "GAIS": 1414.95629883,
  "Leuven": 1413.34277344,
  "Sandefjord": 1413.25317383,
  "Hajduk": 1412.86401367,
  "Odense": 1411.02819824,
  "Radomiak": 1410.9708252,
  "Fredrikstad": 1409.15258789,
  "Dynamo Kyiv": 1408.13513184,
  "Levadeiakos": 1408.10681152,
  "Alverca": 1407.37805176,
  "Zwolle": 1407.04577637,
  "Piast Gliwice": 1406.59106445,
  "Goeteborg": 1405.97998047,
  "Sigma Olomouc": 1404.25219727,
  "Estrela Amadora": 1403.87719727,
  "Gyoer": 1402.9699707,
  "Sittard": 1402.28857422,
  "Korona": 1401.17749023,
  "Puskas Akademia": 1401.12731934,
  "AIK": 1400.67614746,
  "Austria Wien": 1398.24951172,
  "IK Sirius": 1395.75854492,
  "Maccabi Haifa": 1395.2265625,
  "Hibernian": 1395.20983887,
  "Paksi": 1394.78393555,
  "Lugano": 1393.76196289,
  "Rijeka": 1392.95227051,
  "Sarpsborg": 1390.17126465,
  "Lubin": 1389.78625488,
  "Zuerich": 1389.09851074,
  "Partizan": 1388.98510742,
  "Plock": 1388.06030273,
  "Terek Grozny": 1387.92382812,
  "Gaziantep FK": 1387.91931152,
  "Kasimpasa": 1387.70263672,
  "Rizespor": 1387.16992188,
  "Zulte Waregem": 1384.68933105,
  "Elfsborg": 1383.08361816,
  "Haecken": 1381.72033691,
  "Thun": 1380.43078613,
  "Katowice": 1379.82775879,
  "Sion": 1378.84790039,
  "Kryliya Sovetov": 1378.48657227,
  "Akron Togliatti": 1374.86291504,
  "Karvina": 1374.26757812,
  "Lechia": 1373.94262695,
  "Luzern": 1372.75817871,
  "Dinamo Bucuresti": 1372.62646484,
  "CFR Cluj": 1371.71582031,
  "Ham-Kam": 1370.54089355,
  "Kocaelispor": 1369.92370605,
  "Hartberg": 1369.50024414,
  "Konyaspor": 1367.24267578,
  "Dender": 1362.94555664,
  "Tondela": 1362.6015625,
  "Heracles": 1362.54748535,
  "Kayseri": 1362.11376953,