{
  "PSG": 1972.09521484,
  "Marseille": 1780.06506348,
  "Lille": 1747.50292969,
  "Lens": 1734.18981934,
  "Lyon": 1726.75390625,
  "Strasbourg": 1707.89147949,
  "Monaco": 1705.61743164,
  "Rennais": 1676.53771973,
  "Brest": 1641.00158691,
  "Nice": 1639.90966797,
  "Toulouse": 1638.16711426,
  "Lorient": 1573.31237793,
  "Auxerre": 1572.0690918,
  "Le Havre": 1562.26501465,
  "Angers": 1561.00061035,
  "Nantes": 1560.24768066,
  "Metz": 1554.66491699,
  "Reims": 1553.33728027,
  "Paris FC": 1545.67089844,
  "Saint-Etienne": 1526.79577637,
  "Troyes": 1485.89221191,
  "Montpellier": 1471.32836914,
  "Dunkerque": 1450.14465332,
  "Guingamp": 1447.67712402,
  "Annecy": 1424.91833496,
  "Red Star": 1421.42419434,
  "Le Mans": 1410.35449219,
  "Rodez": 1405.9107666,
  "Clermont": 1404.5135498,
  "Laval": 1401.48779297,
  "Grenoble": 1399.78527832,
  "Pau": 1398.04553223,
  "Amiens": 1365.5982666,
  "Boulogne": 1361.42016602,
  "Bastia": 1359.73059082,
  "Nancy": 1351.58276367
}