{
  "Barcelona": 1952.88903809,
  "Real Madrid": 1942.1385498,
  "Atlético": 1836.17407227,
  "Athletic": 1796.34875488,
  "Villarreal": 1795.28271484,
  "Betis": 1744.07446289,
  "Osasuna": 1701.26330566,
  "Celta": 1674.0369873,
  "Valencia": 1671.22155762,
  "Rayo Vallecano": 1668.38781738,
  "Real Sociedad": 1667.15869141,
  "Getafe": 1651.96240234,
  "Espanyol": 1649.25549316,
  "Alaves": 1645.49914551,
  "Mallorca": 1635.23327637,
  "Sevilla": 1624.25891113,
  "Girona": 1617.57421875,
  "Levante": 1602.51623535,
  "Elche": 1594.78234863,
  "Leganes": 1594.46374512,
  "Real Oviedo": 1580.34362793,
  "Las Palmas": 1568.55371094,
  "Almeria": 1547.08459473,
  "Mirandes": 1542.15710449,
  "Santander": 1538.06018066,
  "Eibar": 1535.42321777,
  "Cadiz": 1531.74157715,
  "Huesca": 1513.59509277,
  "Granada": 1503.89489746,
  "Gijon": 1501.31091309,
  "Albacete": 1490.97583008,
  "Valladolid": 1485.80383301,
  "Burgos": 1485.55908203,
  "Depor": 1473.50146484,
  "Malaga": 1454.87084961,
  "Cordoba": 1451.18969727,
  "Castellon": 1446.00170898,
  "Zaragoza": 1443.33740234,
  "Andorra CF": 1431.02160645,
  "Sociedad B": 1426.51086426,
  "Leonesa": 1408.67382812,
  "Ceuta": 1408.54528809
}