{
  "PSG": 1967.81738281,
  "Marseille": 1755.25231934,
  "Lille": 1740.80627441,
  "Lyon": 1726.72680664,
  "Lens": 1724.97424316,
  "Monaco": 1716.42944336,
  "Strasbourg": 1711.31921387,
  "Rennais": 1659.93322754,
  "Nice": 1650.47192383,
  "Toulouse": 1647.45605469,
  "Brest": 1633.45166016,
  "Lorient": 1569.05627441,
  "Auxerre": 1566.30334473,
  "Le Havre": 1560.74304199,
  "Nantes": 1558.70874023,
  "Metz": 1556.43225098,
  "Paris FC": 1546.58679199,
  "Angers": 1545.92651367,
  "Reims": 1543.31079102,
  "Saint-Etienne": 1520.90551758,
  "Montpellier": 1475.56286621,
  "Troyes": 1475.53674316,
  "Dunkerque": 1446.84057617,
  "Guingamp": 1437.11547852,
  "Red Star": 1420.73742676,
  "Annecy": 1416.31677246,
  "Grenoble": 1408.60693359,
  "Pau": 1404.68920898,
  "Rodez": 1403.42773438,
  "Clermont": 1399.40380859,
  "Le Mans": 1397.91699219,
  "Laval": 1392.85253906,
  "Bastia": 1375.7388916,
  "Amiens": 1370.37878418,
  "Nancy": 1351.68688965,
  "Boulogne": 1346.81140137
}