{
  "Arsenal": 2059.56884766,
  "Manchester City": 1981.04492188,
  "Liverpool": 1922.57275391,
  "Manchester United": 1893.57849121,
  "Aston Villa": 1888.90869141,
  "Bournemouth": 1867.3157959,
  "Brighton": 1861.28161621,
  "Newcastle": 1839.12365723,
  "Chelsea": 1832.84155273,
  "Brentford": 1832.54870605,
  "Everton": 1826.09655762,
  "Forest": 1824.39367676,
  "Fulham": 1801.2076416,
  "Leeds": 1800.64318848,
  "Crystal Palace": 1795.94396973,
  "Tottenham": 1771.79248047,
  "West Ham": 1758.39733887,
  "Sunderland": 1705.67626953,
  "Wolverhampton": 1673.53796387,
  "Burnley": 1665.35021973,
  "Coventry": 1658.63623047,
  "Ipswich": 1637.15661621,
  "Southampton": 1633.50488281,
  "Millwall": 1601.57678223,
  "Middlesbrough": 1586.10351562,
  "Norwich": 1557.51953125,
  "Sheffield United": 1543.7388916,
  "Derby": 1536.3717041,
  "Swansea": 1533.44384766,
  "Hull": 1530.03881836,
  "Wrexham": 1524.61743164,
  "Bristol City": 1504.84082031,
  "Birmingham": 1504.22424316,
  "West Brom": 1501.86413574,
  "Leicester": 1500.61645508,
  "Portsmouth": 1496.47387695,
  "Blackburn": 1490.4375,
  "QPR": 1477.66821289,
  "Preston": 1476.02307129,
  "Oxford": 1459.68212891,
  "Watford": 1455.3203125,
  "Charlton": 1450.14367676,
  "Stoke": 1449.89013672,
  "Sheffield Weds": 1339.32995605
}