{
  "PSG": 1974.93774414,
  "Manchester City": 1959.94421387,
  "Real Madrid": 1936.12731934,
  "Inter": 1933.2421875,
  "Bayern Munich": 1918.9979248,
  "Chelsea": 1902.80126953,
  "Atlético": 1855.34973145,
  "Borussia Dortmund": 1818.3503418,
  "Juventus": 1805.84667969,
  "Benfica": 1791.48046875,
  "Palmeiras": 1750.7168568947905,
  "Flamengo": 1743.855541009491,
  "Botafogo": 1719.235214118999,
  "Fluminense": 1710.207962469784,
  "River Plate": 1695.4509112373175,
  "Porto": 1678.19543457,
  "Boca Juniors": 1670.0261046830265,
  "Monterrey": 1614.1157024519796,
  "Pachuca": 1593.0288097011971,
  "Los Ángeles FC": 1587.1184044821105,
  "Seattle": 1576.2037052871387,
  "RB Salzburg": 1558.85534668,
  "Inter Miami": 1556.5432617773072,
  "Al-Hilal": 1554.8764662499361,
  "Urawa Reds": 1553.4628832591989,
  "Ahly SC": 1544.6717761237076,
  "Sundowns": 1495.5121673332314,
  "Ulsan HD": 1478.7550792194895,
  "Al-Ain": 1476.7656112665436,
  "Esperance": 1448.4665338993127,
  "Wydad AC": 1441.3841731245557,
  "Auckland City": 1128.056838608567
}