{
  "Arsenal": 2063.7578125,
  "Manchester City": 1970.85400391,
  "Aston Villa": 1920.9699707,
  "Manchester United": 1915.31591797,
  "Liverpool": 1910.79882812,
  "Bournemouth": 1871.97009277,
  "Brighton": 1842.01037598,
  "Newcastle": 1837.53112793,
  "Brentford": 1836.59033203,
  "Chelsea": 1831.10339355,
  "Forest": 1822.17016602,
  "Fulham": 1813.09558105,
  "Crystal Palace": 1803.82458496,
  "Everton": 1803.43054199,
  "Leeds": 1797.3885498,
  "Tottenham": 1777.30883789,
  "West Ham": 1768.80187988,
  "Sunderland": 1735.93017578,
  "Wolverhampton": 1679.6932373,
  "Burnley": 1666.33666992,
  "Coventry": 1661.4777832,
  "Ipswich": 1639.99816895,
  "Southampton": 1636.34643555,
  "Millwall": 1604.41833496,
  "Middlesbrough": 1588.94506836,
  "Norwich": 1560.36108398,
  "Sheffield United": 1546.58081055,
  "Derby": 1539.21325684,
  "Swansea": 1536.28540039,
  "Hull": 1532.88049316,
  "Wrexham": 1527.45910645,
  "Bristol City": 1507.68237305,
  "Birmingham": 1507.0657959,
  "West Brom": 1504.70581055,
  "Portsmouth": 1499.31542969,
  "Blackburn": 1493.27893066,
  "QPR": 1480.50976562,
  "Preston": 1478.86450195,
  "Bolton": 1468.6348877,
  "Cardiff": 1468.6348877,
  "Watford": 1458.16186523,
  "Charlton": 1452.98522949,
  "Stoke": 1452.73156738
}