{
  "PSG": 2002.84411621,
  "Lille": 1810.77648926,
  "Marseille": 1799.28283691,
  "Lyon": 1761.25793457,
  "Monaco": 1754.17016602,
  "Strasbourg": 1743.25683594,
  "Lens": 1734.87805176,
  "Nice": 1685.44091797,
  "Toulouse": 1685.29821777,
  "Brest": 1677.96264648,
  "Rennais": 1671.34436035,
  "Auxerre": 1626.4675293,
  "Lorient": 1604.70959473,
  "Nantes": 1597.05383301,
  "Paris FC": 1569.89001465,
  "Reims": 1567.02050781,
  "Le Havre": 1564.1060791,
  "Saint-Etienne": 1556.00085449,
  "Metz": 1545.62390137,
  "Angers": 1544.4786377,
  "Troyes": 1500.91223145,
  "Montpellier": 1480.36962891,
  "Guingamp": 1468.2479248,
  "Pau": 1454.22619629,
  "Rodez": 1444.09655762,
  "Red Star": 1441.38464355,
  "Annecy": 1439.60424805,
  "Dunkerque": 1436.60766602,
  "Grenoble": 1424.93554688,
  "Clermont": 1415.22399902,
  "Laval": 1414.76489258,
  "Bastia": 1413.00842285,
  "Le Mans": 1411.28796387,
  "Amiens": 1411.07653809,
  "Nancy": 1394.38232422,
  "Boulogne": 1379.79907227
}