{
  "Bayern Munich": 1997.80163574,
  "Borussia Dortmund": 1847.22399902,
  "Leverkusen": 1805.53625488,
  "Stuttgart": 1757.9342041,
  "RB Leipzig": 1754.50695801,
  "Frankfurt": 1715.6776123,
  "Freiburg": 1708.3807373,
  "Hoffenheim": 1705.08349609,
  "Werder": 1649.50170898,
  "Union Berlin": 1645.37939453,
  "Mainz": 1641.67980957,
  "Gladbach": 1635.91711426,
  "Wolfsburg": 1633.71484375,
  "Augsburg": 1600.63000488,
  "Koeln": 1584.60742188,
  "Hamburg": 1572.89892578,
  "St Pauli": 1553.09326172,
  "Heidenheim": 1543.52783203,
  "Elversberg": 1532.0300293,
  "Paderborn": 1515.21838379,
  "Darmstadt": 1510.6661377,
  "Bochum": 1506.5111084,
  "Holstein": 1505.81469727,
  "Schalke": 1494.80102539,
  "Hannover": 1489.02124023,
  "Lautern": 1481.71801758,
  "Hertha": 1478.4239502,
  "Karlsruhe": 1461.44689941,
  "Magdeburg": 1450.79626465,
  "Duesseldorf": 1444.0267334,
  "Nuernberg": 1441.17089844,
  "Muenster": 1402.51623535,
  "Bielefeld": 1381.8927002,
  "Braunschweig": 1371.2467041,
  "Fuerth": 1361.03039551,
  "Dresden": 1348.99707031
}