{
  "Arsenal": 2028.05004883,
  "Bayern Munich": 1996.31665039,
  "PSG": 1973.05895996,
  "Manchester City": 1965.78674316,
  "Barcelona": 1934.08044434,
  "Inter": 1924.73425293,
  "Real Madrid": 1914.1340332,
  "Liverpool": 1913.50964355,
  "Aston Villa": 1901.21582031,
  "Chelsea": 1895.35522461,
  "Newcastle": 1869.4934082,
  "Borussia Dortmund": 1868.72094727,
  "Atlético": 1859.00231934,
  "Leverkusen": 1846.12463379,
  "Crystal Palace": 1845.61242676,
  "Napoli": 1838.86364746,
  "Brighton": 1837.9630127,
  "Manchester United": 1826.48156738,
  "Milan": 1824.44812012,
  "Sporting": 1816.22351074,
  "PSV": 1815.796875,
  "Tottenham": 1811.99255371,
  "Everton": 1808.1875,
  "Brentford": 1803.27856445,
  "Bournemouth": 1797.89501953,
  "Roma": 1795.59033203,
  "Juventus": 1789.71813965,
  "Villarreal": 1788.29907227,
  "RB Leipzig": 1786.66357422,
  "Benfica": 1783.68774414,
  "Atalanta": 1782.46789551,
  "Marseille": 1774.31774902,
  "Lille": 1769.81689453,
  "Fulham": 1768.00292969,
  "Forest": 1762.56494141,
  "Porto": 1760.51037598,
  "Bologna": 1754.14208984,
  "Lazio": 1751.53125,
  "Lens": 1750.89697266,
  "Betis": 1750.87756348,
  "Lyon": 1737.74291992,
  "West Ham": 1731.46691895,
  "Saint-Gilloise": 1730.38427734,
  "Stuttgart": 1729.6965332,
  "Athletic": 1729.53588867,
  "Frankfurt": 1728.3659668,
  "Brugge": 1724.6003418,
  "Leeds": 1722.8079834,
  "Galatasaray": 1720.64404297,
  "Monaco": 1715.04504395,
  "Freiburg": 1710.82324219,
  "Como": 1705.71716309,
  "Strasbourg": 1704.29553223,
  "Burnley": 1693.64013672,
  "Slavia Prag": 1693.03503418,
  "Celta": 1692.51708984,
  "Olympiacos": 1686.35986328,
  "Rennais": 1685.53027344,
  "Fenerbahce": 1685.13049316,
  "Hoffenheim": 1680.36376953,
  "Werder": 1676.56506348,
  "Braga": 1670.51196289,
  "Brest": 1666.89599609,
  "Midtjylland": 1666.3248291,
  "Espanyol": 1663.81677246,
  "Fiorentina": 1662.63549805,
  "Zenit": 1662.57800293,
  "Gladbach": 1660.72485352,
  "Toulouse": 1657.97924805,
  "Valencia": 1651.96850586,
  "Osasuna": 1651.95214844,
  "Feyenoord": 1651.26245117,
  "Real Sociedad": 1650.49023438,
  "Torino": 1650.10961914,
  "Sunderland": 1649.81506348,
  "Mainz": 1647.13757324,
  "Wolverhampton": 1644.73730469,
  "Bodø/Glimt": 1643.89990234,
  "Rayo Vallecano": 1643.03320312,
  "FC Krasnodar": 1639.16943359,
  "Wolfsburg": 1637.37231445,
  "Genoa": 1633.11206055,
  "Alaves": 1630.52258301,
  "Getafe": 1630.09460449,
  "Sassuolo": 1629.00366211,
  "Sevilla": 1628.65087891,
  "Union Berlin": 1626.54492188,
  "Mallorca": 1624.98828125,
  "Augsburg": 1623.87341309,
  "Genk": 1618.0559082,
  "Nice": 1617.3059082,
  "PAOK": 1616.11535645,
  "Udinese": 1614.80847168,
  "Elche": 1610.03759766,
  "Cagliari": 1603.94506836,
  "Celtic": 1602.80773926,
  "Lorient": 1601.53271484,
  "Anderlecht": 1596.81958008,
  "Koeln": 1596.21057129,
  "Cremonese": 1595.09863281,
  "CSKA Moskva": 1595.08752441,
  "Parma": 1590.89331055,
  "Girona": 1589.87280273,
  "Hamburg": 1589.02368164,
  "Auxerre": 1587.90283203,
  "Viking": 1581.95178223,
  "AEK": 1581.58325195,
  "Ajax": 1579.51745605,
  "Lok Moskva": 1576.38366699,
  "Alkmaar": 1575.15100098,
  "Sparta Praha": 1574.48022461,
  "Angers": 1573.48815918,
  "Copenhagen": 1572.6595459,
  "Lecce": 1572.39831543,
  "Verona": 1571.88342285,
  "Levante": 1570.43786621,
  "Viktoria Plzen": 1568.26574707,
  "Qarabag": 1567.44592285,
  "Heidenheim": 1562.05297852,
  "Le Havre": 1561.87585449,
  "Aarhus": 1561.10009766,
  "Crvena Zvezda": 1557.77612305,
  "St Pauli": 1557.28112793,
  "Nantes": 1556.61218262,
  "Brondby": 1555.5300293,
  "Pafos": 1555.40026855,
  "Mjaellby": 1553.4967041,
  "Paris FC": 1553.22351074,
  "Real Oviedo": 1550.80236816,
  "Spartak Moskva": 1550.35656738,
  "Guimaraes": 1549.35864258,
  "Rakow": 1547.34814453,
  "Metz": 1546.38952637,
  "Shakhtar": 1546.06066895,
  "Panathinaikos": 1542.40881348,
  "Famalicao": 1542.08752441,
  "Pisa": 1539.13110352,
  "Brann": 1539.05175781,
  "Twente": 1537.59875488,
  "Utrecht": 1536.18017578,
  "Ferencvaros": 1534.40673828,
  "Trabzonspor": 1530.42687988,
  "Nijmegen": 1523.78295898,
  "Dinamo Zagreb": 1522.53918457,
  "Rangers": 1520.96228027,
  "Hammarby": 1515.17993164,
  "Basel": 1509.07922363,
  "Jagiellonia": 1507.89453125,
  "Antwerp": 1505.22045898,
  "Dynamo Moskva": 1504.17370605,
  "RB Salzburg": 1503.79724121,
  "Jablonec": 1502.58190918,
  "St Truiden": 1501.95202637,
  "Larnaca": 1501.90905762,
  "Mechelen": 1498.62585449,
  "Besiktas": 1498.25793457,
  "Gil Vicente": 1496.64233398,
  "Nordsjaelland": 1495.98181152,
  "Moreirense": 1493.63464355,
  "Lech": 1492.94616699,
  "Djurgarden": 1489.89794922,
  "Omonia": 1489.50378418,
  "Charleroi": 1488.97509766,
  "Young Boys": 1488.74633789,
  "Beer-Sheva": 1488.11975098,
  "Aris Limassol": 1484.65185547,
  "Gent": 1482.13916016,
  "Samsunspor": 1479.56604004,
  "Baltika": 1477.88562012,
  "Sturm Graz": 1477.29101562,
  "Estoril": 1475.09020996,
  "Viborg": 1473.47155762,
  "Celje": 1470.56323242,
  "Santa Clara": 1467.77282715,
  "Slovan Liberec": 1461.96826172,
  "Tromso": 1461.87036133,
  "Go Ahead Eagles": 1461.85681152,
  "Bueyueksehir": 1459.48339844,
  "Rio Ave": 1458.6796875,
  "SonderjyskE": 1457.76086426,
  "Westerlo": 1454.49133301,
  "M Tel Aviv": 1454.21508789,
  "Craiova": 1453.51708984,
  "Hearts": 1453.19543457,
  "Randers": 1451.58239746,
  "Sparta Rotterdam": 1451.11291504,
  "Razgrad": 1450.73791504,
  "Malmoe": 1449.0489502,
  "Standard": 1448.61096191,
  "Goeztepe": 1446.45300293,
  "Molde": 1445.79711914,
  "Arouca": 1440.37060547,
  "Legia": 1438.81921387,
  "Rosenborg": 1437.67468262,
  "Pogon": 1436.17456055,
  "Hradec Kralove": 1435.92565918,
  "Rostov": 1435.17077637,
  "Steaua": 1434.89941406,
  "Cracovia": 1434.63916016,
  "Gornik": 1433.79418945,
  "Cercle Brugge": 1433.62487793,
  "Silkeborg": 1433.35766602,
  "Rubin Kazan": 1430.16821289,
  "Lausanne": 1427.69995117,
  "Leuven": 1425.63903809,
  "LASK": 1425.08972168,
  "StGallen": 1424.84716797,
  "Heerenveen": 1423.61474609,
  "Sigma Olomouc": 1423.48156738,
  "Wolfsberg": 1422.86413574,
  "Groningen": 1419.59753418,
  "Banik Ostrava": 1419.45336914,
  "Casa Pia": 1417.11315918,
  "Radomiak": 1416.36169434,
  "Rapid Bucuresti": 1416.10595703,
  "Levski": 1415.99108887,
  "Sandefjord": 1415.75878906,
  "Alanyaspor": 1415.60559082,
  "GAIS": 1415.06628418,
  "Servette": 1414.0357666,
  "Aris": 1412.86047363,
  "Piast Gliwice": 1411.98193359,
  "Zwolle": 1411.96740723,
  "Fredrikstad": 1411.65808105,
  "Alverca": 1410.97924805,
  "Nacional": 1410.85058594,
  "Dynamo Kyiv": 1409.4453125,
  "Korona": 1409.05371094,
  "Hajduk": 1408.79138184,
  "Hibernian": 1407.83435059,
  "Gaziantep FK": 1406.22839355,
  "Goeteborg": 1406.09008789,
  "Austria Wien": 1405.39025879,
  "Odense": 1402.68566895,
  "AIK": 1400.78625488,
  "Gyoer": 1400.14257812,
  "Sittard": 1399.65185547,
  "Puskas Akademia": 1398.3001709,
  "Maccabi Haifa": 1396.45117188,
  "IK Sirius": 1395.86853027,
  "Lubin": 1395.17700195,
  "Levadeiakos": 1394.27392578,
  "Zulte Waregem": 1393.5871582,
  "Kasimpasa": 1393.16870117,
  "Sarpsborg": 1392.67687988,
  "Paksi": 1391.95654297,
  "Plock": 1390.96557617,
  "Lugano": 1389.92358398,
  "Terek Grozny": 1387.92382812,
  "Estrela Amadora": 1385.48181152,
  "Zuerich": 1385.2598877,
  "Katowice": 1385.21850586,
  "Partizan": 1384.9432373,
  "Elfsborg": 1383.19372559,
  "Rizespor": 1381.00195312,
  "Haecken": 1380.8848877,
  "Lechia": 1379.33337402,
  "Heracles": 1379.31311035,
  "Karvina": 1378.75292969,
  "Kryliya Sovetov": 1378.48669434,
  "Slovan Bratislava": 1378.08508301,
  "Hartberg": 1376.64099121,
  "Thun": 1376.59240723,
  "Sion": 1375.00927734,
  "Akron Togliatti": 1374.86291504,
  "Rijeka": 1374.55957031,
  "Ham-Kam": 1373.04626465,
  "Dender": 1372.83044434,
  "Tondela": 1372.77380371,
  "Konyaspor": 1371.80419922,
  "Dinamo Bucuresti": 1370.6920166,
  "CFR Cluj": 1369.78125,
  "Luzern": 1368.91955566,
  "RAAL": 1368.6328125,