{
  "Barcelona": 1934.81433105,
  "Real Madrid": 1903.95690918,
  "Atlético": 1866.81896973,
  "Villarreal": 1772.01977539,
  "Betis": 1756.21105957,
  "Athletic": 1732.52624512,
  "Celta": 1682.56982422,
  "Espanyol": 1662.61523438,
  "Valencia": 1650.76879883,
  "Osasuna": 1650.75915527,
  "Real Sociedad": 1649.27868652,
  "Rayo Vallecano": 1648.80200195,
  "Alaves": 1629.31115723,
  "Getafe": 1628.88317871,
  "Sevilla": 1627.4276123,
  "Mallorca": 1623.7767334,
  "Elche": 1608.84289551,
  "Girona": 1588.64428711,
  "Levante": 1569.2076416,
  "Las Palmas": 1565.02038574,
  "Almeria": 1564.10864258,
  "Racing": 1553.32080078,
  "Real Oviedo": 1549.59094238,
  "Leganes": 1525.66137695,
  "Depor": 1518.03820801,
  "Castellon": 1499.04504395,
  "Granada": 1494.79980469,
  "Cadiz": 1490.88952637,
  "Mirandes": 1475.68493652,
  "Burgos": 1474.84265137,
  "Valladolid": 1472.21606445,
  "Albacete": 1469.26281738,
  "Cordoba": 1462.38745117,
  "Eibar": 1462.21447754,
  "Sporting": 1461.97998047,
  "Ceuta": 1448.67443848,
  "Huesca": 1447.56335449,
  "Malaga": 1439.7545166,
  "Leonesa": 1439.73632812,
  "Sociedad B": 1413.19458008,
  "FC Andorra": 1405.94116211,
  "Zaragoza": 1401.11535645
}