{
  "Arsenal": 2066.01416016,
  "Manchester City": 1991.76318359,
  "Liverpool": 1952.19897461,
  "Chelsea": 1918.39733887,
  "Aston Villa": 1913.37878418,
  "Manchester United": 1894.28833008,
  "Newcastle": 1865.42480469,
  "Brentford": 1853.97180176,
  "Brighton": 1848.19030762,
  "Bournemouth": 1840.55187988,
  "Everton": 1835.11523438,
  "Fulham": 1821.75634766,
  "Tottenham": 1802.34960938,
  "Crystal Palace": 1796.8248291,
  "Forest": 1782.39282227,
  "Leeds": 1778.19714355,
  "West Ham": 1746.59399414,
  "Sunderland": 1712.80004883,
  "Wolverhampton": 1712.76672363,
  "Burnley": 1695.94665527,
  "Ipswich": 1649.21203613,
  "Coventry": 1639.8314209,
  "Middlesbrough": 1611.77880859,
  "Southampton": 1587.20068359,
  "Sheffield United": 1586.94580078,
  "Millwall": 1585.04724121,
  "Hull": 1565.46166992,
  "Wrexham": 1550.8828125,
  "Norwich": 1546.10949707,
  "Derby": 1539.03222656,
  "Watford": 1533.15710449,
  "Bristol City": 1526.17041016,
  "Swansea": 1520.76037598,
  "Leicester": 1519.85021973,
  "Stoke": 1511.26660156,
  "Preston": 1510.3762207,
  "Birmingham": 1503.61047363,
  "QPR": 1500.40100098,
  "Portsmouth": 1493.71606445,
  "Blackburn": 1481.97924805,
  "Charlton": 1465.93408203,
  "West Brom": 1459.29675293,
  "Oxford": 1449.72473145,
  "Sheffield Weds": 1344.06762695
}