{
  "Bayern Munich": 1989.51611328,
  "Leverkusen": 1865.1739502,
  "Borussia Dortmund": 1864.51135254,
  "RB Leipzig": 1771.16125488,
  "Frankfurt": 1743.78222656,
  "Stuttgart": 1736.41796875,
  "Freiburg": 1722.17053223,
  "Werder": 1685.98095703,
  "Hoffenheim": 1684.48815918,
  "Mainz": 1656.0255127,
  "Gladbach": 1651.62109375,
  "Union Berlin": 1637.06872559,
  "Wolfsburg": 1626.76403809,
  "Augsburg": 1604.73986816,
  "Koeln": 1598.42358398,
  "Hamburg": 1579.52294922,
  "St Pauli": 1554.98547363,
  "Heidenheim": 1550.61425781,
  "Elversberg": 1539.22790527,
  "Paderborn": 1529.30029297,
  "Hannover": 1519.97351074,
  "Bochum": 1513.13818359,
  "Hertha": 1509.03723145,
  "Darmstadt": 1504.53442383,
  "Holstein": 1502.68347168,
  "Schalke": 1495.92956543,
  "Lautern": 1485.26721191,
  "Karlsruhe": 1476.50732422,
  "Duesseldorf": 1456.37573242,
  "Nuernberg": 1438.30908203,
  "Muenster": 1422.66479492,
  "Magdeburg": 1418.30236816,
  "Bielefeld": 1394.40966797,
  "Fuerth": 1380.8572998,
  "Braunschweig": 1370.85412598,
  "Dresden": 1364.30187988
}