{
  "Inter": 1922.83178711,
  "Milan": 1822.04956055,
  "Napoli": 1821.4095459,
  "Juventus": 1812.42370605,
  "Roma": 1806.66320801,
  "Atalanta": 1792.70251465,
  "Bologna": 1749.17687988,
  "Lazio": 1748.44189453,
  "Como": 1711.64221191,
  "Torino": 1653.01293945,
  "Fiorentina": 1645.16540527,
  "Sassuolo": 1630.54138184,
  "Genoa": 1620.06188965,
  "Udinese": 1616.45800781,
  "Cagliari": 1608.60229492,
  "Parma": 1593.94042969,
  "Cremonese": 1588.92358398,
  "Verona": 1579.20690918,
  "Venezia": 1576.87036133,
  "Lecce": 1567.40063477,
  "Monza": 1550.83862305,
  "Pisa": 1531.35839844,
  "Frosinone": 1530.8293457,
  "Empoli": 1509.96801758,
  "Palermo": 1505.55847168,
  "Catanzaro": 1489.5135498,
  "Modena": 1458.53344727,
  "Cesena": 1457.72497559,
  "Juve Stabia": 1457.13269043,
  "Spezia": 1444.19287109,
  "Sampdoria": 1415.40063477,
  "Suedtirol": 1411.17236328,
  "Carrarese": 1400.86743164,
  "Bari": 1396.44030762,
  "Reggiana": 1393.82556152,
  "Padova": 1386.8013916,
  "Avellino": 1374.95202637,
  "Mantova": 1367.18005371,
  "Entella": 1349.68273926,
  "Pescara": 1345.16723633
}