{
  "Arsenal": 2047.68530273,
  "Manchester City": 1956.37817383,
  "Liverpool": 1938.70373535,
  "Aston Villa": 1933.20471191,
  "Chelsea": 1906.25915527,
  "Newcastle": 1872.20092773,
  "Manchester United": 1858.47680664,
  "Brighton": 1833.65625,
  "Brentford": 1822.74194336,
  "Bournemouth": 1817.0703125,
  "Everton": 1814.36157227,
  "Fulham": 1813.98937988,
  "Tottenham": 1806.09631348,
  "Forest": 1785.27453613,
  "Crystal Palace": 1784.8939209,
  "Leeds": 1764.09155273,
  "West Ham": 1725.58569336,
  "Burnley": 1701.35754395,
  "Sunderland": 1686.23156738,
  "Wolverhampton": 1673.58581543,
  "Ipswich": 1626.27270508,
  "Coventry": 1621.90112305,
  "Middlesbrough": 1595.73608398,
  "Sheffield United": 1564.57836914,
  "Hull": 1563.70068359,
  "Millwall": 1552.12548828,
  "Leicester": 1549.57751465,
  "Bristol City": 1535.24902344,
  "Southampton": 1533.03735352,
  "Watford": 1525.40014648,
  "Stoke": 1519.34558105,
  "Wrexham": 1516.26184082,
  "Derby": 1514.00610352,
  "Preston": 1506.72216797,
  "QPR": 1502.29064941,
  "Norwich": 1499.99157715,
  "Swansea": 1498.87878418,
  "Birmingham": 1484.50085449,
  "Blackburn": 1475.09155273,
  "West Brom": 1473.28686523,
  "Portsmouth": 1466.43652344,
  "Oxford": 1455.41333008,
  "Charlton": 1443.98132324,
  "Sheffield Weds": 1364.60693359
}