{
  "Inter": 1930.12597656,
  "Milan": 1828.27099609,
  "Napoli": 1825.0847168,
  "Roma": 1816.80065918,
  "Atalanta": 1810.05700684,
  "Juventus": 1806.5703125,
  "Como": 1730.92443848,
  "Bologna": 1728.49353027,
  "Lazio": 1722.50622559,
  "Fiorentina": 1668.9083252,
  "Torino": 1642.53515625,
  "Genoa": 1634.37475586,
  "Udinese": 1616.47106934,
  "Sassuolo": 1612.72216797,
  "Parma": 1607.98120117,
  "Cagliari": 1606.54968262,
  "Venezia": 1589.77001953,
  "Cremonese": 1575.82263184,
  "Verona": 1564.68481445,
  "Lecce": 1556.58740234,
  "Frosinone": 1540.50708008,
  "Monza": 1537.34692383,
  "Pisa": 1536.54260254,
  "Palermo": 1508.31591797,
  "Empoli": 1505.97143555,
  "Catanzaro": 1474.69189453,
  "Juve Stabia": 1460.60546875,
  "Cesena": 1457.50512695,
  "Modena": 1455.18969727,
  "Suedtirol": 1430.92504883,
  "Spezia": 1430.75732422,
  "Carrarese": 1416.4263916,
  "Sampdoria": 1404.8104248,
  "Padova": 1389.54724121,
  "Bari": 1381.84545898,
  "Mantova": 1379.75317383,
  "Reggiana": 1379.74072266,
  "Avellino": 1374.4942627,
  "Entella": 1364.44580078,
  "Pescara": 1340.00268555
}