{
  "PSG": 1987.77929688,
  "Lille": 1775.41699219,
  "Marseille": 1767.09338379,
  "Monaco": 1755.2232666,
  "Lyon": 1754.56665039,
  "Strasbourg": 1726.0526123,
  "Lens": 1715.30749512,
  "Nice": 1690.34558105,
  "Toulouse": 1666.87634277,
  "Brest": 1653.71984863,
  "Rennais": 1653.0838623,
  "Auxerre": 1597.26123047,
  "Lorient": 1589.48632812,
  "Nantes": 1586.72058105,
  "Le Havre": 1573.03747559,
  "Reims": 1562.12988281,
  "Paris FC": 1554.06359863,
  "Angers": 1551.73193359,
  "Metz": 1546.46838379,
  "Saint-Etienne": 1535.97387695,
  "Troyes": 1499.62817383,
  "Montpellier": 1477.10009766,
  "Dunkerque": 1453.56762695,
  "Guingamp": 1446.62268066,
  "Annecy": 1440.3092041,
  "Rodez": 1432.47424316,
  "Red Star": 1425.08117676,
  "Pau": 1415.89746094,
  "Clermont": 1415.07446289,
  "Le Mans": 1407.50317383,
  "Grenoble": 1406.91247559,
  "Laval": 1402.09863281,
  "Amiens": 1400.80493164,
  "Bastia": 1391.16723633,
  "Nancy": 1385.52893066,
  "Boulogne": 1352.97009277
}