{
  "Arsenal": 2044.2142334,
  "Bayern Munich": 2019.98083496,
  "Manchester City": 1969.0123291,
  "PSG": 1967.6685791,
  "Barcelona": 1964.98547363,
  "Liverpool": 1925.5925293,
  "Real Madrid": 1918.3503418,
  "Aston Villa": 1899.11437988,
  "Inter": 1895.63110352,
  "Manchester United": 1881.35852051,
  "Brighton": 1864.64587402,
  "Sporting": 1861.0012207,
  "Bournemouth": 1846.52856445,
  "Atlético": 1840.41430664,
  "Chelsea": 1839.9473877,
  "Brentford": 1833.06677246,
  "Borussia Dortmund": 1832.1776123,
  "Benfica": 1831.41381836,
  "Everton": 1829.22680664,
  "Newcastle": 1827.16137695,
  "Crystal Palace": 1810.97509766,
  "Leverkusen": 1810.60119629,
  "Forest": 1808.82116699,
  "Porto": 1805.22131348,
  "Fulham": 1801.04772949,
  "Juventus": 1796.41943359,
  "Leeds": 1791.93457031,
  "Atalanta": 1784.67749023,
  "RB Leipzig": 1782.80859375,
  "Milan": 1782.53674316,
  "Napoli": 1779.31799316,
  "Stuttgart": 1760.82128906,
  "West Ham": 1759.28210449,
  "Roma": 1757.9074707,
  "Lens": 1757.16918945,
  "Lille": 1754.91674805,
  "Villarreal": 1754.27038574,
  "PSV": 1751.79248047,
  "Tottenham": 1750.35717773,
  "Lyon": 1748.27600098,
  "Como": 1736.51123047,
  "Freiburg": 1734.64099121,
  "Monaco": 1732.37915039,
  "Saint-Gilloise": 1731.90576172,
  "Betis": 1731.60290527,
  "Rennais": 1729.13574219,
  "Brugge": 1728.39453125,
  "Braga": 1727.56945801,
  "Marseille": 1727.07177734,
  "Strasbourg": 1721.74609375,
  "Lazio": 1715.53942871,
  "Sunderland": 1713.22888184,
  "Galatasaray": 1711.11608887,
  "Hoffenheim": 1711.09863281,
  "Bodø/Glimt": 1703.95422363,
  "Athletic": 1694.35339355,
  "Celta": 1688.42785645,
  "Bologna": 1688.11804199,
  "Midtjylland": 1685.7833252,
  "Wolverhampton": 1684.17126465,
  "Real Sociedad": 1682.00402832,
  "Frankfurt": 1679.80664062,
  "Osasuna": 1677.96618652,
  "Mainz": 1677.54626465,
  "Olympiacos": 1674.04980469,
  "Getafe": 1673.28186035,
  "Burnley": 1663.70690918,
  "Rayo Vallecano": 1663.54199219,
  "Fiorentina": 1663.17053223,
  "Fenerbahce": 1661.02502441,
  "Valencia": 1658.08984375,
  "Zenit": 1657.19775391,
  "Slavia Prag": 1652.36889648,
  "Girona": 1652.02282715,
  "Brest": 1648.45324707,
  "Mallorca": 1645.72766113,
  "Lorient": 1644.72436523,
  "Udinese": 1639.46594238,
  "AEK": 1637.01379395,
  "Genoa": 1635.51086426,
  "Augsburg": 1633.24414062,
  "Toulouse": 1632.44763184,
  "FC Krasnodar": 1632.22900391,
  "Sassuolo": 1632.18078613,
  "Werder": 1627.09436035,
  "Torino": 1625.50158691,
  "Viking": 1623.16369629,
  "Gladbach": 1622.2052002,
  "Alaves": 1621.29504395,
  "Espanyol": 1617.46813965,
  "Levante": 1615.26745605,
  "Elche": 1613.49291992,
  "Paris FC": 1608.77026367,
  "Sevilla": 1608.46972656,
  "Parma": 1598.78466797,
  "Union Berlin": 1595.0612793,
  "Auxerre": 1594.14416504,
  "PAOK": 1590.3692627,
  "Feyenoord": 1590.34155273,
  "Koeln": 1589.59082031,
  "Crvena Zvezda": 1589.43212891,
  "Shakhtar": 1589.4173584,
  "Real Oviedo": 1588.67346191,
  "Genk": 1587.47045898,
  "Wolfsburg": 1587.45788574,
  "Nice": 1585.69946289,
  "Ajax": 1583.44262695,
  "Hamburg": 1582.46252441,
  "Aarhus": 1580.32873535,
  "Famalicao": 1578.38024902,
  "Copenhagen": 1570.67565918,
  "Dinamo Zagreb": 1569.96179199,
  "Le Havre": 1567.70959473,
  "St Pauli": 1567.4284668,
  "Twente": 1567.3614502,
  "Cagliari": 1566.92785645,
  "Sparta Praha": 1566.05310059,
  "Pafos": 1561.03283691,
  "Trabzonspor": 1557.07043457,
  "Lok Moskva": 1555.28356934,
  "Panathinaikos": 1554.81652832,
  "CSKA Moskva": 1554.62353516,
  "Qarabag FK": 1554.37609863,
  "Angers": 1553.02526855,
  "Rangers": 1552.81835938,
  "Viktoria Plzen": 1551.85058594,
  "Spartak Moskva": 1550.99316406,
  "Nordsjaelland": 1549.20239258,
  "Celtic": 1547.65600586,
  "Alkmaar": 1543.97631836,
  "Lecce": 1543.34655762,
  "Guimaraes": 1540.95947266,
  "Nijmegen": 1539.69384766,
  "Brondby": 1538.69714355,
  "Dynamo Moskva": 1538.52539062,
  "St Truiden": 1538.17285156,
  "Anderlecht": 1532.39086914,
  "Heidenheim": 1529.92797852,
  "Nantes": 1528.25720215,
  "Besiktas": 1525.74035645,
  "Utrecht": 1524.97717285,
  "Gil Vicente": 1524.83898926,
  "Cremonese": 1524.81298828,
  "Ferencvaros": 1514.92419434,
  "Mjaellby": 1514.78210449,
  "Hammarby": 1514.34082031,
  "Tromso": 1512.79931641,
  "Viborg": 1512.58276367,
  "Lech": 1511.32678223,
  "Westerlo": 1510.80859375,
  "Gent": 1507.56750488,
  "Rakow": 1506.50146484,
  "Brann": 1506.15332031,
  "Bueyueksehir": 1502.4498291,
  "Estoril": 1501.41748047,
  "Antwerp": 1499.24890137,
  "Moreirense": 1498.1151123,
  "Metz": 1497.83789062,
  "Larnaca": 1494.35534668,
  "Verona": 1494.24768066,
  "Arouca": 1492.19006348,
  "Mechelen": 1490.19848633,
  "RB Salzburg": 1485.34216309,
  "Baltika": 1484.52722168,
  "Pisa": 1484.52380371,
  "Djurgarden": 1481.35949707,
  "Aris Limassol": 1478.18310547,
  "Jagiellonia": 1477.43615723,
  "Beer-Sheva": 1477.33544922,
  "Sturm Graz": 1476.93652344,
  "Standard": 1474.42871094,
  "Thun": 1473.66064453,
  "Charleroi": 1469.57800293,
  "Cercle Brugge": 1469.29833984,
  "Heerenveen": 1468.81799316,
  "Santa Clara": 1464.18017578,
  "Rio Ave": 1463.26477051,
  "StGallen": 1460.8963623,
  "Hearts": 1458.99316406,
  "Craiova": 1458.68518066,
  "Molde": 1457.79968262,
  "Omonia": 1456.90466309,
  "Gyoer": 1456.43981934,
  "Jablonec": 1455.67626953,
  "SonderjyskE": 1452.72644043,
  "Celje": 1452.11120605,
  "Basel": 1451.2421875,
  "Rubin Kazan": 1449.72570801,
  "Go Ahead Eagles": 1448.53430176,
  "Goeztepe": 1447.99438477,
  "Malmoe": 1446.35791016,
  "Randers": 1445.69689941,
  "Legia": 1445.2755127,
  "Razgrad": 1444.45666504,
  "Alverca": 1444.14233398,
  "Gornik": 1441.21398926,
  "Universitatea Cluj": 1440.47607422,
  "Groningen": 1440.20129395,
  "Young Boys": 1440.16235352,
  "Lugano": 1439.62060547,
  "Hajduk": 1439.03527832,
  "Nacional": 1438.91992188,
  "Hradec Kralove": 1438.57177734,
  "Dynamo Kyiv": 1437.3302002,
  "LASK": 1435.23791504,
  "Casa Pia": 1435.11999512,
  "Steaua": 1433.15075684,
  "Rosenborg": 1431.61157227,
  "Sparta Rotterdam": 1431.40515137,
  "CFR Cluj": 1430.67126465,
  "Levski": 1430.2800293,
  "Sandefjord": 1429.9934082,
  "Silkeborg": 1428.27893066,
  "Samsunspor": 1426.43444824,
  "Katowice": 1425.33203125,
  "Rostov": 1424.74609375,
  "Leuven": 1424.61877441,
  "Pogon": 1423.77050781,
  "Rizespor": 1423.51245117,
  "Odense": 1423.078125,
  "Slovan Liberec": 1420.82141113,
  "M Tel Aviv": 1419.57128906,
  "Sion": 1419.01281738,
  "IK Sirius": 1418.72021484,
  "Fredrikstad": 1417.2989502,
  "Servette": 1413.41101074,
  "Sarpsborg": 1411.18530273,
  "Alanyaspor": 1410.70947266,
  "Lubin": 1410.3371582,
  "Konyaspor": 1410.02893066,
  "Estrela Amadora": 1408.39282227,
  "Beitar": 1407.34204102,
  "Terek Grozny": 1406.51831055,
  "Piast Gliwice": 1404.32678223,
  "Lechia": 1403.65869141,
  "Austria Wien": 1403.02868652,
  "Aris": 1402.45166016,
  "Zulte Waregem": 1402.22668457,
  "Hibernian": 1400.40454102,
  "AIK": 1399.65039062,
  "Zwolle": 1398.88208008,
  "Rijeka": 1396.00561523,
  "Cracovia": 1395.24365234,
  "Levadeiakos": 1394.55786133,
  "Radomiak": 1393.16894531,
  "Korona": 1392.61682129,
  "Ham-Kam": 1391.54992676,
  "Luzern": 1390.24316406,
  "Sittard": 1390.18688965,
  "Elfsborg": 1390.01733398,
  "Motor Lublin": 1389.61328125,
  "Polissya Zhytomyr": 1389.4621582,
  "Tondela": 1388.52990723,
  "Kasimpasa": 1387.40991211,
  "Gaziantep FK": 1386.61401367,
  "Valerenga": 1386.59350586,
  "Haecken": 1385.88146973,
  "Plock": 1384.72302246,
  "Rapid Wien": 1384.13623047,
  "GAIS": 1383.8684082,
  "Atromitos": 1379.79711914,
  "Motherwell": 1379.07324219,
  "Rapid Bucuresti": 1378.70666504,
  "Maccabi Haifa": 1375.06970215,
  "Fredericia": 1374.66674805,
  "Sigma Olomouc": 1373.69360352,
  "Paksi": 1372.6595459,
  "Hartberg": 1372.63989258,
  "Telstar": 1372.43127441,
  "Goeteborg": 1372.2590332,
  "Kocaelispor": 1367.06066895,
  "Lillestrom": 1366.69750977,
  "Slovan Bratislava": 1366.51843262,