{
  "Arsenal": 2046.10266113,
  "Bayern Munich": 2000.33520508,
  "Liverpool": 1990.91955566,
  "Manchester City": 1985.59191895,
  "PSG": 1964.07458496,
  "Real Madrid": 1951.84008789,
  "Inter": 1928.46704102,
  "Barcelona": 1927.25390625,
  "Chelsea": 1902.65185547,
  "Newcastle": 1878.54724121,
  "Aston Villa": 1873.83251953,
  "Atlético": 1870.52954102,
  "Crystal Palace": 1858.83825684,
  "Borussia Dortmund": 1857.87939453,
  "Leverkusen": 1847.31262207,
  "Bournemouth": 1846.75244141,
  "Brighton": 1844.87768555,
  "Manchester United": 1832.84619141,
  "Tottenham": 1831.65380859,
  "Napoli": 1821.24658203,
  "Brentford": 1817.65014648,
  "Atalanta": 1807.10144043,
  "Milan": 1802.04626465,
  "Roma": 1801.03515625,
  "Sporting": 1796.81201172,
  "Everton": 1793.97888184,
  "Fulham": 1788.52319336,
  "Juventus": 1788.17895508,
  "Villarreal": 1783.02478027,
  "RB Leipzig": 1781.31726074,
  "PSV": 1781.04797363,
  "Benfica": 1774.8659668,
  "Betis": 1762.90356445,
  "Frankfurt": 1756.55969238,
  "Forest": 1755.37475586,
  "Lazio": 1754.6953125,
  "Brugge": 1754.58215332,
  "Lille": 1752.1394043,
  "Galatasaray": 1751.92285156,
  "Marseille": 1748.37329102,
  "Bologna": 1743.38439941,
  "Porto": 1737.9074707,
  "Burnley": 1735.83459473,
  "Monaco": 1734.20263672,
  "Stuttgart": 1733.25061035,
  "West Ham": 1731.10144043,
  "Lyon": 1730.47021484,
  "Saint-Gilloise": 1730.4543457,
  "Leeds": 1730.13635254,
  "Athletic": 1728.48632812,
  "Freiburg": 1712.0760498,
  "Lens": 1707.2019043,
  "Celta": 1700.64941406,
  "Strasbourg": 1699.9864502,
  "Fenerbahce": 1699.42700195,
  "Feyenoord": 1696.25646973,
  "Werder": 1692.56494141,
  "Fiorentina": 1689.46228027,
  "Mainz": 1688.15905762,
  "Wolverhampton": 1686.77111816,
  "Como": 1685.42382812,
  "Olympiacos": 1679.09240723,
  "Torino": 1675.74719238,
  "Osasuna": 1674.65844727,
  "Midtjylland": 1673.99084473,
  "Slavia Prag": 1672.1784668,
  "Rayo Vallecano": 1670.66101074,
  "Hoffenheim": 1660.49938965,
  "Nice": 1659.84216309,
  "Real Sociedad": 1659.51879883,
  "Espanyol": 1659.05163574,
  "Valencia": 1656.3359375,
  "Rennais": 1653.04931641,
  "Alaves": 1651.43286133,
  "Getafe": 1649.46362305,
  "Toulouse": 1648.14929199,
  "Braga": 1646.76953125,
  "Sevilla": 1644.56762695,
  "Sunderland": 1642.50512695,
  "Bodø/Glimt": 1640.49475098,
  "Brest": 1640.33081055,
  "Zenit": 1640.33081055,
  "Union Berlin": 1635.52111816,
  "Wolfsburg": 1634.36401367,
  "Mallorca": 1632.46008301,
  "FC Krasnodar": 1631.63244629,
  "Gladbach": 1629.29907227,
  "Genk": 1623.89697266,
  "Udinese": 1622.52258301,
  "Alkmaar": 1615.79736328,
  "PAOK": 1615.39526367,
  "Copenhagen": 1614.98999023,
  "Augsburg": 1613.33435059,
  "Genoa": 1612.83435059,
  "Koeln": 1610.19445801,
  "CSKA Moskva": 1609.09484863,
  "Elche": 1608.33044434,
  "Levante": 1603.46569824,
  "Ajax": 1602.12451172,
  "Sassuolo": 1600.02319336,
  "Viktoria Plzen": 1594.96679688,
  "Girona": 1590.29345703,
  "Cagliari": 1587.4029541,
  "Sparta Praha": 1582.69018555,
  "Crvena Zvezda": 1582.09741211,
  "Celtic": 1580.38476562,
  "Parma": 1577.62280273,
  "Auxerre": 1577.44116211,
  "Brondby": 1577.36120605,
  "Lecce": 1575.23754883,
  "Cremonese": 1575.10180664,
  "Qarabag": 1571.18359375,
  "Hamburg": 1569.11193848,
  "Lorient": 1568.36340332,
  "Viking": 1568.27893066,
  "St Pauli": 1568.08276367,
  "Anderlecht": 1568.03613281,
  "Real Oviedo": 1563.62158203,
  "Le Havre": 1562.54199219,
  "Verona": 1562.38574219,
  "Nantes": 1556.91015625,
  "Brann": 1555.77270508,
  "Heidenheim": 1555.59924316,
  "Mjaellby": 1554.7220459,
  "Spartak Moskva": 1554.22668457,
  "Paris FC": 1553.47106934,
  "Shakhtar": 1553.42224121,
  "Pafos": 1550.25415039,
  "Metz": 1547.06213379,
  "Lok Moskva": 1545.93579102,
  "Famalicao": 1545.6081543,
  "Aarhus": 1545.51733398,
  "AEK": 1544.35876465,
  "Twente": 1541.43945312,
  "Utrecht": 1540.41186523,
  "Panathinaikos": 1536.41101074,
  "Pisa": 1535.15283203,
  "Rakow": 1534.89868164,
  "Angers": 1534.7890625,
  "Guimaraes": 1534.76464844,
  "Basel": 1533.18310547,
  "Ferencvaros": 1530.50817871,
  "Dynamo Moskva": 1528.63305664,
  "Dinamo Zagreb": 1528.0715332,
  "RB Salzburg": 1526.29931641,
  "Trabzonspor": 1522.7298584,
  "Sturm Graz": 1514.2130127,
  "Hammarby": 1512.55615234,
  "Rangers": 1510.64465332,
  "Jagiellonia": 1508.12097168,
  "Gil Vicente": 1503.47949219,
  "M Tel Aviv": 1503.11083984,
  "Larnaca": 1499.90405273,
  "Besiktas": 1498.25598145,
  "Jablonec": 1497.48925781,
  "Antwerp": 1495.22827148,
  "Beer-Sheva": 1494.78027344,
  "Samsunspor": 1493.77380371,
  "Lech": 1491.4519043,
  "Mechelen": 1490.23681641,
  "Young Boys": 1490.14013672,
  "Nordsjaelland": 1489.86755371,
  "Djurgarden": 1489.47839355,
  "Moreirense": 1488.55725098,
  "Nijmegen": 1488.39379883,
  "Celje": 1486.66821289,
  "Gent": 1486.10461426,
  "Charleroi": 1485.05541992,
  "Aris Limassol": 1481.47399902,
  "Omonia": 1479.67138672,
  "Gornik": 1477.88586426,
  "St Truiden": 1475.79943848,
  "Legia": 1472.70349121,
  "Bueyueksehir": 1469.7956543,
  "Sparta Rotterdam": 1469.20214844,
  "Go Ahead Eagles": 1467.80969238,
  "Randers": 1467.1217041,
  "Estoril": 1463.49829102,
  "Westerlo": 1461.93969727,
  "Wolfsberg": 1460.33129883,
  "Silkeborg": 1459.42016602,
  "Dynamo Kyiv": 1456.26489258,
  "Hearts": 1456.17126465,
  "Tromso": 1455.87890625,
  "Santa Clara": 1455.10205078,
  "Rubin Kazan": 1453.67578125,
  "Craiova": 1451.50073242,
  "Viborg": 1451.05383301,
  "Malmoe": 1449.20361328,
  "Goeztepe": 1448.10266113,
  "Lausanne": 1447.92883301,
  "Arouca": 1447.36657715,
  "Rio Ave": 1447.29064941,
  "Cracovia": 1446.67663574,
  "Pogon": 1444.65673828,
  "Standard": 1443.55603027,
  "Cercle Brugge": 1442.87426758,
  "Steaua": 1439.84838867,
  "Razgrad": 1437.90124512,
  "Baltika": 1433.69970703,
  "Rosenborg": 1431.88354492,
  "Alanyaspor": 1431.34777832,
  "Slovan Liberec": 1431.02429199,
  "Heerenveen": 1431.02062988,
  "StGallen": 1430.98522949,
  "Hradec Kralove": 1430.26550293,
  "Molde": 1429.80090332,
  "Rostov": 1428.76635742,
  "Levski": 1427.74230957,
  "GAIS": 1426.48254395,
  "Groningen": 1424.89831543,
  "Leuven": 1424.49121094,
  "Banik Ostrava": 1424.27929688,
  "AIK": 1423.46606445,
  "Casa Pia": 1422.64672852,
  "Sigma Olomouc": 1419.86877441,
  "Servette": 1419.25097656,
  "Aris": 1418.37316895,
  "Rapid Bucuresti": 1416.16003418,
  "Korona": 1415.45495605,
  "SonderjyskE": 1415.45349121,
  "Kasimpasa": 1414.91625977,
  "Austria Wien": 1413.11938477,
  "Nacional": 1412.43811035,
  "Rapid Wien": 1412.17993164,
  "Luzern": 1411.69018555,
  "Fredrikstad": 1410.82910156,
  "Hajduk": 1410.29711914,
  "Gaziantep FK": 1409.2479248,
  "Paksi": 1404.68823242,
  "Goeteborg": 1404.49902344,
  "Konyaspor": 1402.92810059,
  "Zwolle": 1402.83532715,
  "Maccabi Haifa": 1402.42004395,
  "Rizespor": 1402.14367676,
  "Sittard": 1400.18603516,
  "LASK": 1398.63562012,
  "Kryliya Sovetov": 1398.45568848,
  "Haecken": 1398.1973877,
  "Elfsborg": 1395.41918945,
  "IK Sirius": 1395.30407715,
  "Hibernian": 1394.42419434,
  "Puskas Akademia": 1391.04699707,
  "Partizan": 1389.6126709,
  "Radomiak": 1388.96850586,
  "Katowice": 1387.89807129,
  "Zulte Waregem": 1387.77490234,
  "Sandefjord": 1386.76745605,
  "Terek Grozny": 1385.68798828,
  "Lugano": 1384.85180664,
  "Sarpsborg": 1384.09753418,
  "Lubin": 1382.77416992,
  "Plock": 1382.19726562,
  "Levadeiakos": 1381.51757812,
  "Piast Gliwice": 1381.17053223,
  "Alverca": 1380.20593262,
  "Estrela Amadora": 1379.79223633,
  "Valerenga": 1377.62463379,
  "Gyoer": 1377.5390625,
  "Odense": 1377.11584473,
  "Ham-Kam": 1375.23400879,
  "Rijeka": 1374.89208984,
  "Kayseri": 1374.12060547,
  "Maribor": 1373.43005371,
  "Thun": 1373.03149414,
  "RAAL": 1371.24267578,
  "Hartberg": 1368.98657227,
  "KFUM Oslo": 1367.38391113,
  "Karvina": 1365.6640625,
  "Zuerich": 1364.16003418,
  "Heracles": 1361.96118164,
  "Sion": 1360.13427734,
  "Tondela": 1359.42675781,
  "Widzew": 1358.63366699,