{
  "Arsenal": 2064.6237793,
  "Manchester City": 1941.84118652,
  "Liverpool": 1927.23950195,
  "Aston Villa": 1885.52038574,
  "Manchester United": 1881.42443848,
  "Chelsea": 1869.87109375,
  "Brighton": 1844.45568848,
  "Newcastle": 1841.14990234,
  "Brentford": 1833.16638184,
  "Everton": 1832.02233887,
  "Bournemouth": 1823.03527832,
  "Fulham": 1802.03991699,
  "Crystal Palace": 1794.61499023,
  "Forest": 1785.35058594,
  "Leeds": 1765.76220703,
  "Tottenham": 1753.88269043,
  "West Ham": 1741.36303711,
  "Sunderland": 1705.03747559,
  "Wolverhampton": 1702.26367188,
  "Burnley": 1677.48815918,
  "Coventry": 1641.54125977,
  "Ipswich": 1631.26391602,
  "Southampton": 1592.29052734,
  "Middlesbrough": 1579.13476562,
  "Millwall": 1577.50292969,
  "Norwich": 1554.2434082,
  "Derby": 1539.08630371,
  "Sheffield United": 1537.76501465,
  "Hull": 1535.26330566,
  "Wrexham": 1534.55383301,
  "Swansea": 1506.61279297,
  "Bristol City": 1503.73913574,
  "QPR": 1503.68237305,
  "Watford": 1502.68164062,
  "Leicester": 1499.70800781,
  "Stoke": 1484.7545166,
  "Blackburn": 1481.32629395,
  "West Brom": 1479.07763672,
  "Preston": 1478.69519043,
  "Birmingham": 1469.07006836,
  "Charlton": 1458.93505859,
  "Oxford": 1453.51342773,
  "Portsmouth": 1451.30065918,
  "Sheffield Weds": 1321.68347168
}