{
  "Inter": 1930.12597656,
  "Milan": 1826.22375488,
  "Napoli": 1825.08398438,
  "Atalanta": 1810.05700684,
  "Roma": 1809.36682129,
  "Juventus": 1806.56933594,
  "Bologna": 1739.72387695,
  "Lazio": 1739.46899414,
  "Como": 1713.96142578,
  "Fiorentina": 1657.67797852,
  "Torino": 1649.96887207,
  "Genoa": 1633.93066406,
  "Udinese": 1616.47106934,
  "Sassuolo": 1612.72290039,
  "Parma": 1608.42529297,
  "Cagliari": 1606.54956055,
  "Venezia": 1589.77038574,
  "Cremonese": 1577.35351562,
  "Verona": 1563.15490723,
  "Lecce": 1558.63452148,
  "Frosinone": 1540.50695801,
  "Monza": 1537.34692383,
  "Pisa": 1536.54260254,
  "Empoli": 1505.97143555,
  "Palermo": 1502.87768555,
  "Catanzaro": 1474.69165039,
  "Juve Stabia": 1460.60546875,
  "Cesena": 1457.50512695,
  "Modena": 1445.8951416,
  "Spezia": 1436.19555664,
  "Suedtirol": 1430.92504883,
  "Carrarese": 1407.85961914,
  "Sampdoria": 1404.8104248,
  "Padova": 1389.53881836,
  "Avellino": 1383.06103516,
  "Bari": 1381.84545898,
  "Mantova": 1379.76159668,
  "Reggiana": 1379.74072266,
  "Entella": 1364.44580078,
  "Pescara": 1349.29736328
}