{
  "Barcelona": 1970.1628418,
  "Real Madrid": 1937.84899902,
  "Atlético": 1877.32519531,
  "Villarreal": 1758.20324707,
  "Betis": 1751.67297363,
  "Celta": 1733.84802246,
  "Real Sociedad": 1707.09985352,
  "Athletic": 1706.94934082,
  "Osasuna": 1694.54052734,
  "Rayo Vallecano": 1682.63586426,
  "Getafe": 1680.45996094,
  "Valencia": 1674.26281738,
  "Girona": 1662.8671875,
  "Mallorca": 1645.07739258,
  "Espanyol": 1634.68981934,
  "Alaves": 1628.61950684,
  "Sevilla": 1614.50158691,
  "Levante": 1608.09216309,
  "Elche": 1602.78063965,
  "Las Palmas": 1572.49194336,
  "Real Oviedo": 1572.44506836,
  "Almeria": 1571.65270996,
  "Eibar": 1560.04333496,
  "Malaga": 1542.38500977,
  "Racing": 1541.37426758,
  "Castellon": 1539.59606934,
  "Burgos": 1538.87646484,
  "Depor": 1534.375,
  "Leganes": 1519.16162109,
  "Granada": 1516.43713379,
  "Albacete": 1500.53417969,
  "Sporting": 1494.05065918,
  "FC Andorra": 1488.05114746,
  "Cordoba": 1466.05908203,
  "Ceuta": 1456.48815918,
  "Mirandes": 1453.72216797,
  "Sociedad B": 1453.24645996,
  "Valladolid": 1445.89648438,
  "Zaragoza": 1434.69787598,
  "Cadiz": 1429.62353516,
  "Huesca": 1420.66870117,
  "Leonesa": 1388.90429688
}