{
  "Arsenal": 2060.5871582,
  "Bayern Munich": 1994.41052246,
  "Barcelona": 1980.59033203,
  "Real Madrid": 1955.7565918,
  "PSG": 1947.82531738,
  "Manchester City": 1940.95605469,
  "Liverpool": 1935.96179199,
  "Inter": 1890.01501465,
  "Chelsea": 1884.64135742,
  "Manchester United": 1881.23657227,
  "Aston Villa": 1878.9486084,
  "Atlético": 1874.07434082,
  "Sporting": 1870.20214844,
  "Newcastle": 1853.38366699,
  "Borussia Dortmund": 1834.2611084,
  "Brighton": 1833.96240234,
  "Brentford": 1833.22375488,
  "Benfica": 1823.18432617,
  "Bournemouth": 1821.45239258,
  "Everton": 1815.48583984,
  "Milan": 1812.26464844,
  "Porto": 1810.58117676,
  "Leverkusen": 1810.24731445,
  "Fulham": 1794.84753418,
  "Napoli": 1794.23840332,
  "Crystal Palace": 1793.72949219,
  "Atalanta": 1789.9979248,
  "Juventus": 1785.66247559,
  "PSV": 1770.80407715,
  "Forest": 1768.84106445,
  "Tottenham": 1768.62512207,
  "Roma": 1764.66687012,
  "Betis": 1764.40686035,
  "Leeds": 1763.93395996,
  "Villarreal": 1762.10754395,
  "Como": 1754.55810547,
  "Celta": 1754.54504395,
  "Lens": 1750.80688477,
  "Stuttgart": 1750.39501953,
  "West Ham": 1746.16052246,
  "RB Leipzig": 1743.90649414,
  "Marseille": 1743.02148438,
  "Monaco": 1731.37561035,
  "Lyon": 1729.52087402,
  "Bodø/Glimt": 1726.40063477,
  "Galatasaray": 1723.59130859,
  "Hoffenheim": 1719.00366211,
  "Saint-Gilloise": 1717.70739746,
  "Brugge": 1717.03417969,
  "Lille": 1713.19165039,
  "Braga": 1712.7956543,
  "Athletic": 1712.2097168,
  "Bologna": 1711.7520752,
  "Real Sociedad": 1710.2401123,
  "Strasbourg": 1705.00073242,
  "Lazio": 1702.90161133,
  "Wolverhampton": 1701.3782959,
  "Rennais": 1696.32067871,
  "Sunderland": 1691.03259277,
  "Osasuna": 1690.86437988,
  "Freiburg": 1688.62194824,
  "Frankfurt": 1688.30212402,
  "Olympiacos": 1687.58679199,
  "Midtjylland": 1685.64599609,
  "Burnley": 1682.90966797,
  "Mainz": 1677.83374023,
  "Valencia": 1672.07324219,
  "Rayo Vallecano": 1670.1619873,
  "Slavia Prag": 1665.46386719,
  "Brest": 1664.75683594,
  "Getafe": 1662.05126953,
  "Girona": 1661.61633301,
  "Fiorentina": 1659.63183594,
  "Fenerbahce": 1659.50183105,
  "Zenit": 1651.2767334,
  "Genoa": 1647.11889648,
  "Espanyol": 1641.15673828,
  "Mallorca": 1640.53796387,
  "Lorient": 1638.0567627,
  "Sevilla": 1637.09973145,
  "Toulouse": 1635.49230957,
  "FC Krasnodar": 1629.65246582,
  "AEK": 1625.47570801,
  "Torino": 1624.6920166,
  "Gladbach": 1623.96252441,
  "Sassuolo": 1623.42980957,
  "PAOK": 1621.78759766,
  "Augsburg": 1621.77026367,
  "Werder": 1621.45495605,
  "Alaves": 1617.54589844,
  "Union Berlin": 1616.73059082,
  "Udinese": 1615.63208008,
  "Levante": 1608.17163086,
  "Feyenoord": 1602.78515625,
  "Elche": 1602.48217773,
  "Parma": 1599.38525391,
  "Hamburg": 1594.46972656,
  "Ajax": 1591.68078613,
  "Wolfsburg": 1590.67272949,
  "Viking": 1587.41271973,
  "Genk": 1587.15246582,
  "Crvena Zvezda": 1583.95532227,
  "Aarhus": 1582.63867188,
  "Nice": 1580.59753418,
  "Cagliari": 1577.82995605,
  "Real Oviedo": 1574.64257812,
  "Alkmaar": 1572.08581543,
  "Lok Moskva": 1572.06103516,
  "Viktoria Plzen": 1569.14086914,
  "St Pauli": 1568.21228027,
  "Koeln": 1566.46191406,
  "Shakhtar": 1565.60168457,
  "Famalicao": 1565.43798828,
  "Auxerre": 1565.0357666,
  "CSKA Moskva": 1563.29846191,
  "Panathinaikos": 1562.47753906,
  "Le Havre": 1562.25476074,
  "Celtic": 1561.3034668,
  "Pafos": 1561.03283691,
  "Lecce": 1560.8572998,
  "Dinamo Zagreb": 1559.52270508,
  "Copenhagen": 1559.05358887,
  "Paris FC": 1558.94604492,
  "Spartak Moskva": 1556.91418457,
  "Qarabag FK": 1554.37609863,
  "Twente": 1554.32751465,
  "Sparta Praha": 1552.35559082,
  "Trabzonspor": 1551.88964844,
  "Angers": 1549.57666016,
  "Nijmegen": 1542.84716797,
  "St Truiden": 1541.36682129,
  "Anderlecht": 1541.14538574,
  "Rangers": 1540.54724121,
  "Gil Vicente": 1540.22790527,
  "Besiktas": 1535.08483887,
  "Brondby": 1534.74914551,
  "Dynamo Moskva": 1531.32495117,
  "Estoril": 1530.54052734,
  "Guimaraes": 1528.97192383,
  "Nordsjaelland": 1525.19641113,
  "Cremonese": 1523.53063965,
  "Utrecht": 1520.92224121,
  "Brann": 1518.8067627,
  "Nantes": 1517.78894043,
  "Ferencvaros": 1515.89526367,
  "Verona": 1513.55688477,
  "Mechelen": 1511.14135742,
  "Viborg": 1510.64550781,
  "Pisa": 1509.81152344,
  "Rakow": 1506.05078125,
  "Antwerp": 1504.60925293,
  "Gent": 1503.86230469,
  "Lech": 1502.80004883,
  "Heidenheim": 1502.63342285,
  "Moreirense": 1500.55664062,
  "Bueyueksehir": 1496.25354004,
  "Metz": 1495.76831055,
  "Larnaca": 1494.35534668,
  "Tromso": 1489.54248047,
  "Westerlo": 1488.32751465,
  "Charleroi": 1485.99743652,
  "Randers": 1484.97485352,
  "Thun": 1483.25744629,
  "SonderjyskE": 1480.44128418,
  "Jagiellonia": 1479.58227539,
  "RB Salzburg": 1479.00354004,
  "Aris Limassol": 1478.18310547,
  "Baltika": 1475.85229492,
  "Heerenveen": 1473.7142334,
  "Craiova": 1473.09655762,
  "Sturm Graz": 1472.20153809,
  "Molde": 1471.42712402,
  "Standard": 1471.29772949,
  "Arouca": 1471.25854492,
  "Santa Clara": 1469.40551758,
  "Beer-Sheva": 1468.04675293,
  "StGallen": 1458.06054688,
  "Omonia": 1456.90466309,
  "Casa Pia": 1456.8248291,
  "Basel": 1456.19262695,
  "Hearts": 1455.41455078,
  "Sparta Rotterdam": 1452.74353027,
  "Rio Ave": 1452.20996094,
  "Razgrad": 1452.04052734,
  "Goeztepe": 1448.26916504,
  "Dynamo Kyiv": 1448.25598145,
  "Rosenborg": 1445.97692871,
  "Go Ahead Eagles": 1444.6315918,
  "Jablonec": 1442.90063477,
  "Leuven": 1442.68444824,
  "Young Boys": 1442.50488281,
  "Pogon": 1438.91052246,
  "CFR Cluj": 1437.62805176,
  "Cercle Brugge": 1437.2578125,
  "Slovan Liberec": 1433.31359863,
  "Rubin Kazan": 1432.94824219,
  "Alverca": 1432.78918457,
  "Rostov": 1431.94628906,
  "Malmoe": 1430.48388672,
  "Lubin": 1430.43017578,
  "Levski": 1430.14953613,
  "Celje": 1429.26745605,
  "Legia": 1427.44348145,
  "Nacional": 1426.30627441,
  "Steaua": 1425.9621582,
  "Gyoer": 1425.94604492,
  "Universitatea Cluj": 1425.88525391,
  "Sandefjord": 1425.09326172,
  "Samsunspor": 1424.57312012,
  "Lugano": 1423.1583252,
  "LASK": 1423.07507324,
  "Gornik": 1422.53442383,
  "Austria Wien": 1420.45617676,
  "Zwolle": 1420.01623535,
  "Hajduk": 1419.46228027,
  "Groningen": 1417.96264648,
  "Fredrikstad": 1417.91809082,
  "M Tel Aviv": 1417.34472656,
  "Piast Gliwice": 1416.92211914,
  "Rijeka": 1416.56567383,
  "Katowice": 1416.17114258,
  "Aris": 1416.03320312,
  "Odense": 1415.91601562,
  "Alanyaspor": 1415.08203125,
  "Silkeborg": 1413.7208252,
  "Cracovia": 1410.60437012,
  "Sittard": 1410.22070312,
  "Sarpsborg": 1409.64282227,
  "Hradec Kralove": 1409.59008789,
  "Hibernian": 1408.18066406,
  "Rizespor": 1407.27612305,
  "Estrela Amadora": 1407.18615723,
  "Terek Grozny": 1405.74511719,
  "Levadeiakos": 1405.43322754,
  "Radomiak": 1403.77941895,
  "Ham-Kam": 1401.51733398,
  "Motherwell": 1400.39599609,
  "Korona": 1398.38049316,
  "Rapid Bucuresti": 1398.15454102,
  "Tondela": 1398.13989258,
  "Lechia": 1396.89587402,
  "Maccabi Haifa": 1396.15625,
  "Sion": 1394.29382324,
  "AIK": 1393.45727539,
  "Sigma Olomouc": 1392.02160645,
  "RAAL": 1391.5534668,
  "Servette": 1389.36071777,
  "Valerenga": 1388.47888184,
  "Luzern": 1388.06555176,
  "Konyaspor": 1387.90942383,
  "Polissya Zhytomyr": 1385.89855957,
  "KFUM Oslo": 1385.22216797,
  "Motor Lublin": 1384.80212402,
  "Lausanne": 1384.7701416,
  "Beitar": 1384.28881836,
  "Gaziantep FK": 1383.78723145,
  "Hartberg": 1383.32922363,
  "Kryliya Sovetov": 1379.50891113,
  "Banik Ostrava": 1379.33740234,
  "Rapid Wien": 1379.25610352,
  "Atromitos": 1376.31872559,
  "Dender": 1372.27746582,
  "Zulte Waregem": 1369.99609375,
  "Kasimpasa": 1367.58886719,
  "Maribor": 1367.13903809,
  "Slovan Bratislava": 1366.51843262,
  "Fredericia": 1366.09436035,
  "Paksi": 1364.48474121,
  "Wolfsberg": 1363.80151367,
  "Widzew": 1362.19091797,
  "Akron Togliatti": 1361.46337891,
  "Puskas Akademia": 1359.77575684,
  "Plock": 1358.51708984,