{
  "Barcelona": 1945.43054199,
  "Real Madrid": 1936.12744141,
  "Atlético": 1855.34973145,
  "Athletic": 1789.3092041,
  "Villarreal": 1785.54650879,
  "Betis": 1742.14367676,
  "Osasuna": 1697.22424316,
  "Celta": 1689.27087402,
  "Valencia": 1679.41601562,
  "Real Sociedad": 1667.32019043,
  "Rayo Vallecano": 1658.47607422,
  "Alaves": 1644.11938477,
  "Mallorca": 1641.24829102,
  "Sevilla": 1637.12219238,
  "Girona": 1637.03491211,
  "Espanyol": 1634.6619873,
  "Getafe": 1625.7598877,
  "Levante": 1610.27563477,
  "Leganes": 1599.02905273,
  "Real Oviedo": 1587.67102051,
  "Elche": 1584.90917969,
  "Las Palmas": 1563.50219727,
  "Mirandes": 1560.6192627,
  "Almeria": 1543.83959961,
  "Granada": 1530.5970459,
  "Eibar": 1525.10351562,
  "Santander": 1522.47351074,
  "Cadiz": 1520.49938965,
  "Huesca": 1501.46838379,
  "Albacete": 1496.50915527,
  "Gijon": 1487.59094238,
  "Burgos": 1473.21582031,
  "Valladolid": 1467.32788086,
  "Cordoba": 1467.14428711,
  "Castellon": 1461.74108887,
  "Depor": 1458.74169922,
  "Zaragoza": 1450.09289551,
  "Malaga": 1448.69714355,
  "Tenerife": 1428.20349121,
  "Eldense": 1419.25427246,
  "Ferrol": 1350.68530273,
  "Cartagena": 1332.44958496
}