{
  "Barcelona": 1951.58874512,
  "Real Madrid": 1922.91210938,
  "Atlético": 1827.67553711,
  "Villarreal": 1759.34521484,
  "Betis": 1747.13122559,
  "Rayo Vallecano": 1707.33996582,
  "Celta": 1700.77746582,
  "Valencia": 1697.41503906,
  "Athletic": 1677.90087891,
  "Real Sociedad": 1669.46557617,
  "Getafe": 1664.07519531,
  "Osasuna": 1650.25817871,
  "Mallorca": 1642.77307129,
  "Levante": 1638.7401123,
  "Girona": 1635.80603027,
  "Alaves": 1634.98193359,
  "Espanyol": 1629.45605469,
  "Sevilla": 1625.92346191,
  "Elche": 1623.40356445,
  "Las Palmas": 1585.08972168,
  "Racing": 1581.93249512,
  "Malaga": 1568.62817383,
  "Real Oviedo": 1557.96911621,
  "Almeria": 1556.26403809,
  "Eibar": 1549.77270508,
  "Castellon": 1546.32910156,
  "Depor": 1546.3137207,
  "Burgos": 1541.79614258,
  "Sporting": 1499.98925781,
  "Albacete": 1496.30981445,
  "FC Andorra": 1493.97790527,
  "Leganes": 1481.57958984,
  "Cordoba": 1474.97363281,
  "Granada": 1461.25683594,
  "Ceuta": 1454.66540527,
  "Mirandes": 1440.08032227,
  "Sociedad B": 1428.48071289,
  "Valladolid": 1425.33886719,
  "Cadiz": 1409.97790527,
  "Huesca": 1405.03857422,
  "Zaragoza": 1384.69812012,
  "Leonesa": 1367.80847168
}