{
  "Inter": 1929.80664062,
  "Juventus": 1826.46862793,
  "Milan": 1822.3762207,
  "Roma": 1798.59228516,
  "Napoli": 1797.54016113,
  "Atalanta": 1787.71850586,
  "Como": 1736.55419922,
  "Lazio": 1717.43310547,
  "Bologna": 1711.93200684,
  "Fiorentina": 1647.40991211,
  "Udinese": 1632.5645752,
  "Genoa": 1631.53295898,
  "Torino": 1628.74902344,
  "Sassuolo": 1621.72827148,
  "Cagliari": 1621.46911621,
  "Venezia": 1593.19042969,
  "Parma": 1588.03430176,
  "Cremonese": 1560.19372559,
  "Lecce": 1547.76171875,
  "Monza": 1540.6373291,
  "Verona": 1535.74230957,
  "Frosinone": 1533.20068359,
  "Pisa": 1517.78308105,
  "Palermo": 1511.87084961,
  "Empoli": 1480.68981934,
  "Juve Stabia": 1457.23815918,
  "Catanzaro": 1456.9251709,
  "Modena": 1450.84265137,
  "Suedtirol": 1442.47497559,
  "Cesena": 1426.58911133,
  "Carrarese": 1422.41711426,
  "Spezia": 1421.72900391,
  "Sampdoria": 1408.84851074,
  "Bari": 1375.33972168,
  "Avellino": 1374.6661377,
  "Reggiana": 1370.65112305,
  "Padova": 1366.8828125,
  "Mantova": 1366.02209473,
  "Entella": 1356.64489746,
  "Pescara": 1327.97106934
}