{
  "PSG": 1924.27392578,
  "Lens": 1760.4954834,
  "Lyon": 1748.60302734,
  "Marseille": 1739.36315918,
  "Monaco": 1722.94177246,
  "Lille": 1711.26013184,
  "Strasbourg": 1707.82409668,
  "Rennais": 1704.98803711,
  "Brest": 1672.09863281,
  "Toulouse": 1628.96789551,
  "Lorient": 1627.27685547,
  "Auxerre": 1567.60400391,
  "Nice": 1567.01159668,
  "Angers": 1562.07055664,
  "Le Havre": 1557.73669434,
  "Paris FC": 1553.13244629,
  "Reims": 1541.48083496,
  "Saint-Etienne": 1525.06982422,
  "Nantes": 1517.24438477,
  "Metz": 1501.20227051,
  "Troyes": 1479.95776367,
  "Montpellier": 1462.0859375,
  "Dunkerque": 1457.78186035,
  "Rodez": 1449.69885254,
  "Le Mans": 1445.52331543,
  "Annecy": 1445.265625,
  "Guingamp": 1431.36889648,
  "Red Star": 1401.00146484,
  "Clermont": 1385.35412598,
  "Grenoble": 1382.19934082,
  "Pau": 1380.8458252,
  "Bastia": 1369.12036133,
  "Boulogne": 1369.09509277,
  "Laval": 1349.34436035,
  "Nancy": 1331.84326172,
  "Amiens": 1326.00744629
}