{
  "Barcelona": 1946.6295166,
  "Real Madrid": 1929.7644043,
  "Atletico": 1856.0904541,
  "Athletic": 1786.69494629,
  "Villarreal": 1769.85388184,
  "Betis": 1765.5447998,
  "Celta": 1694.08081055,
  "Valencia": 1685.01464844,
  "Osasuna": 1676.50439453,
  "Sociedad": 1666.20288086,
  "Girona": 1655.05126953,
  "Mallorca": 1653.79956055,
  "Rayo Vallecano": 1651.10888672,
  "Sevilla": 1648.82409668,
  "Alaves": 1641.1472168,
  "Espanyol": 1640.96887207,
  "Getafe": 1634.54260254,
  "Levante": 1597.31506348,
  "Leganes": 1585.00219727,
  "Las Palmas": 1583.07104492,
  "Elche": 1575.0826416,
  "Oviedo": 1566.66467285,
  "Mirandes": 1540.20861816,
  "Santander": 1539.72216797,
  "Almeria": 1535.74560547,
  "Granada": 1526.18640137,
  "Cadiz": 1526.17431641,
  "Eibar": 1517.17785645,
  "Huesca": 1503.66821289,
  "Albacete": 1496.54248047,
  "Depor": 1491.92102051,
  "Cordoba": 1488.48876953,
  "Burgos": 1486.82250977,
  "Gijon": 1483.87719727,
  "Valladolid": 1482.18054199,
  "Zaragoza": 1460.76489258,
  "Castellon": 1460.36645508,
  "Tenerife": 1452.24438477,
  "Malaga": 1450.99853516,
  "Eldense": 1422.20703125,
  "Ferrol": 1357.4473877,
  "Cartagena": 1335.71496582
}