{
  "Inter": 1895.63110352,
  "Juventus": 1796.41931152,
  "Atalanta": 1784.67749023,
  "Milan": 1782.53674316,
  "Napoli": 1779.31799316,
  "Roma": 1757.9074707,
  "Como": 1736.51123047,
  "Lazio": 1715.53942871,
  "Bologna": 1688.11816406,
  "Fiorentina": 1663.17053223,
  "Udinese": 1639.46594238,
  "Genoa": 1635.51086426,
  "Sassuolo": 1632.18078613,
  "Torino": 1625.50158691,
  "Parma": 1598.78466797,
  "Venezia": 1591.91235352,
  "Cagliari": 1566.92785645,
  "Monza": 1555.75524902,
  "Frosinone": 1544.6907959,
  "Lecce": 1543.34655762,
  "Cremonese": 1524.81286621,
  "Palermo": 1519.14318848,
  "Verona": 1494.24768066,
  "Pisa": 1484.52380371,
  "Catanzaro": 1470.1776123,
  "Modena": 1437.15478516,
  "Juve Stabia": 1432.25305176,
  "Empoli": 1416.2755127,
  "Carrarese": 1402.1192627,
  "Suedtirol": 1395.64550781,
  "Sampdoria": 1392.04980469,
  "Spezia": 1386.28857422,
  "Mantova": 1379.66357422,
  "Cesena": 1374.36987305,
  "Avellino": 1370.23925781,
  "Pescara": 1358.97570801,
  "Padova": 1355.2923584,
  "Entella": 1353.6003418,
  "Bari": 1352.48840332,
  "Reggiana": 1325.85546875
}