{
  "Arsenal": 2015.59216309,
  "Liverpool": 1997.35522461,
  "Manchester City": 1958.74145508,
  "Chelsea": 1887.81555176,
  "Newcastle": 1872.66784668,
  "Crystal Palace": 1870.49414062,
  "Aston Villa": 1865.17004395,
  "Brighton": 1834.56494141,
  "Bournemouth": 1827.15515137,
  "Tottenham": 1811.20812988,
  "Brentford": 1802.83276367,
  "Everton": 1801.40234375,
  "Manchester United": 1797.89855957,
  "Fulham": 1789.43615723,
  "Forest": 1766.48156738,
  "Leeds": 1741.38525391,
  "West Ham": 1727.18151855,
  "Burnley": 1716.59619141,
  "Wolverhampton": 1707.4519043,
  "Leicester": 1611.62536621,
  "Sunderland": 1606.57751465,
  "Ipswich": 1595.08959961,
  "Coventry": 1590.58459473,
  "Middlesbrough": 1575.05432129,
  "West Brom": 1550.43322754,
  "Southampton": 1547.46057129,
  "Sheffield United": 1546.74462891,
  "Bristol City": 1545.36181641,
  "Swansea": 1524.25,
  "Stoke": 1508.28027344,
  "Millwall": 1506.2286377,
  "Norwich": 1500.09204102,
  "QPR": 1499.20214844,
  "Preston": 1498.94702148,
  "Hull": 1486.46398926,
  "Blackburn": 1486.35119629,
  "Portsmouth": 1475.39306641,
  "Watford": 1473.10498047,
  "Sheffield Weds": 1463.89660645,
  "Oxford": 1460.74902344,
  "Derby": 1459.70739746,
  "Charlton": 1456.49719238,
  "Birmingham": 1439.7175293,
  "Wrexham": 1439.32531738
}