{
  "Bayern Munich": 1987.8939209,
  "Borussia Dortmund": 1830.71520996,
  "Leverkusen": 1809.79504395,
  "Stuttgart": 1754.31481934,
  "RB Leipzig": 1740.3605957,
  "Hoffenheim": 1715.45788574,
  "Frankfurt": 1684.75622559,
  "Mainz": 1671.25524902,
  "Freiburg": 1668.8371582,
  "Gladbach": 1620.41674805,
  "Augsburg": 1618.22436523,
  "Werder": 1617.90905762,
  "Union Berlin": 1613.18395996,
  "Hamburg": 1590.92382812,
  "Wolfsburg": 1587.12683105,
  "St Pauli": 1564.66650391,
  "Koeln": 1562.9161377,
  "Paderborn": 1516.91174316,
  "Darmstadt": 1511.18579102,
  "Elversberg": 1510.47436523,
  "Hannover": 1499.61645508,
  "Heidenheim": 1499.08752441,
  "Bochum": 1498.99902344,
  "Schalke": 1487.1854248,
  "Hertha": 1480.54541016,
  "Lautern": 1460.32263184,
  "Duesseldorf": 1439.50549316,
  "Holstein": 1434.70471191,
  "Karlsruhe": 1433.30212402,
  "Nuernberg": 1429.42163086,
  "Magdeburg": 1392.88623047,
  "Fuerth": 1388.83227539,
  "Muenster": 1388.7869873,
  "Bielefeld": 1380.34924316,
  "Dresden": 1373.63378906,
  "Braunschweig": 1368.26538086
}