{
  "Arsenal": 2015.98791504,
  "Liverpool": 1997.75085449,
  "Manchester City": 1959.13708496,
  "Chelsea": 1888.21130371,
  "Newcastle": 1873.06347656,
  "Crystal Palace": 1867.99621582,
  "Aston Villa": 1856.23461914,
  "Brighton": 1834.96069336,
  "Bournemouth": 1827.55090332,
  "Tottenham": 1811.60375977,
  "Brentford": 1803.22851562,
  "Everton": 1801.79797363,
  "Manchester United": 1798.29418945,
  "Fulham": 1789.83178711,
  "Forest": 1780.40856934,
  "Leeds": 1741.78088379,
  "West Ham": 1727.57714844,
  "Burnley": 1716.99182129,
  "Wolverhampton": 1707.84753418,
  "Leicester": 1612.02099609,
  "Sunderland": 1606.9732666,
  "Ipswich": 1595.48522949,
  "Coventry": 1590.98022461,
  "Middlesbrough": 1575.45007324,
  "West Brom": 1550.82885742,
  "Southampton": 1547.85632324,
  "Sheffield United": 1547.14025879,
  "Bristol City": 1545.75756836,
  "Swansea": 1524.64575195,
  "Stoke": 1508.67602539,
  "Millwall": 1506.62414551,
  "Norwich": 1500.48779297,
  "QPR": 1499.59790039,
  "Preston": 1499.34265137,
  "Hull": 1486.85974121,
  "Blackburn": 1486.74682617,
  "Portsmouth": 1475.78869629,
  "Watford": 1473.50061035,
  "Sheffield Weds": 1464.29223633,
  "Oxford": 1461.14465332,
  "Derby": 1460.10302734,
  "Charlton": 1456.89294434,
  "Birmingham": 1440.11315918,
  "Wrexham": 1439.72106934
}