{
  "Barcelona": 1955.36975098,
  "Real Madrid": 1940.90551758,
  "Atletico": 1869.87414551,
  "Athletic": 1816.68371582,
  "Villarreal": 1774.87768555,
  "Betis": 1744.05944824,
  "Sociedad": 1693.04858398,
  "Valencia": 1684.99780273,
  "Celta": 1675.10461426,
  "Osasuna": 1674.96984863,
  "Mallorca": 1671.20031738,
  "Sevilla": 1670.53820801,
  "Getafe": 1669.62084961,
  "Girona": 1669.0390625,
  "Espanyol": 1659.85302734,
  "Rayo Vallecano": 1648.58349609,
  "Alaves": 1629.18164062,
  "Las Palmas": 1602.73535156,
  "Levante": 1598.06896973,
  "Elche": 1593.12109375,
  "Leganes": 1581.53674316,
  "Oviedo": 1556.91870117,
  "Granada": 1555.6114502,
  "Almeria": 1554.74804688,
  "Santander": 1542.54187012,
  "Mirandes": 1539.69091797,
  "Huesca": 1536.93652344,
  "Cadiz": 1531.66113281,
  "Eibar": 1522.90637207,
  "Valladolid": 1511.14611816,
  "Albacete": 1503.20715332,
  "Burgos": 1502.61987305,
  "Depor": 1501.43518066,
  "Cordoba": 1492.61352539,
  "Gijon": 1486.5847168,
  "Zaragoza": 1463.76831055,
  "Castellon": 1457.68981934,
  "Tenerife": 1456.98986816,
  "Malaga": 1451.60571289,
  "Eldense": 1440.21557617,
  "Ferrol": 1362.83215332,
  "Cartagena": 1344.28710938
}