{
  "Real Madrid": 1945.64257812,
  "Barcelona": 1903.90405273,
  "Atletico": 1869.72290039,
  "Athletic": 1793.88391113,
  "Villarreal": 1755.62792969,
  "Sociedad": 1705.94055176,
  "Girona": 1693.80932617,
  "Osasuna": 1664.74230957,
  "Rayo Vallecano": 1661.06115723,
  "Betis": 1658.82922363,
  "Sevilla": 1655.78649902,
  "Getafe": 1653.3717041,
  "Celta": 1643.96923828,
  "Mallorca": 1638.51123047,
  "Valencia": 1633.45568848,
  "Alaves": 1614.19519043,
  "Espanyol": 1592.81091309,
  "Las Palmas": 1591.66870117,
  "Leganes": 1577.9119873,
  "Almeria": 1558.59020996,
  "Levante": 1558.55834961,
  "Huesca": 1554.70092773,
  "Elche": 1551.90661621,
  "Oviedo": 1546.27746582,
  "Granada": 1542.68603516,
  "Valladolid": 1538.66174316,
  "Cadiz": 1538.48205566,
  "Santander": 1533.99060059,
  "Mirandes": 1526.53686523,
  "Eibar": 1496.13195801,
  "Gijon": 1494.38793945,
  "Zaragoza": 1478.0123291,
  "Albacete": 1477.22387695,
  "Depor": 1473.50817871,
  "Burgos": 1447.49487305,
  "Malaga": 1446.44018555,
  "Cordoba": 1435.63623047,
  "Castellon": 1427.18908691,
  "Tenerife": 1415.66992188,
  "Ferrol": 1400.26318359,
  "Eldense": 1398.10205078,
  "Cartagena": 1362.98681641
}