{
  "Arsenal": 2032.8302002,
  "PSG": 1995.52319336,
  "Liverpool": 1974.4597168,
  "Manchester City": 1969.44152832,
  "Bayern Munich": 1967.81640625,
  "Real Madrid": 1953.27416992,
  "Barcelona": 1927.4230957,
  "Inter": 1923.57714844,
  "Chelsea": 1896.61535645,
  "Newcastle": 1884.92932129,
  "Aston Villa": 1873.8560791,
  "Atlético": 1861.31323242,
  "Bournemouth": 1847.41931152,
  "Borussia Dortmund": 1845.06665039,
  "Crystal Palace": 1842.23095703,
  "Brighton": 1832.25964355,
  "Tottenham": 1829.71008301,
  "Leverkusen": 1829.61669922,
  "Napoli": 1829.46264648,
  "Manchester United": 1828.62487793,
  "Brentford": 1821.59594727,
  "Atalanta": 1813.29907227,
  "Roma": 1802.00866699,
  "Sporting": 1801.65808105,
  "Milan": 1794.72998047,
  "Everton": 1792.01953125,
  "PSV": 1790.20141602,
  "Lille": 1788.70739746,
  "Villarreal": 1786.76647949,
  "Benfica": 1785.95739746,
  "Juventus": 1783.0760498,
  "Fulham": 1775.25598145,
  "Marseille": 1773.83532715,
  "Lyon": 1758.71179199,
  "RB Leipzig": 1757.27429199,
  "Lazio": 1756.38964844,
  "Forest": 1753.9909668,
  "Bologna": 1747.52185059,
  "Monaco": 1747.3729248,
  "Brugge": 1747.34313965,
  "Betis": 1746.92211914,
  "Porto": 1743.99926758,
  "Frankfurt": 1741.36071777,
  "Athletic": 1741.16296387,
  "Galatasaray": 1740.86218262,
  "Burnley": 1734.79138184,
  "Leeds": 1732.7442627,
  "Lens": 1731.96228027,
  "Saint-Gilloise": 1727.18237305,
  "Strasbourg": 1719.12744141,
  "Stuttgart": 1719.06347656,
  "Fiorentina": 1715.21765137,
  "Feyenoord": 1712.5369873,
  "West Ham": 1710.3848877,
  "Wolverhampton": 1690.02941895,
  "Fenerbahce": 1689.92602539,
  "Freiburg": 1683.5123291,
  "Celta": 1680.38879395,
  "Torino": 1679.41931152,
  "Slavia Prag": 1679.31884766,
  "Nice": 1677.0559082,
  "Werder": 1676.86328125,
  "Como": 1675.63049316,
  "Osasuna": 1675.30090332,
  "Rayo Vallecano": 1675.07849121,
  "Olympiacos": 1672.21838379,
  "Braga": 1672.06799316,
  "Toulouse": 1668.95947266,
  "Midtjylland": 1667.74890137,
  "Mainz": 1667.00891113,
  "Espanyol": 1665.47009277,
  "Bodø/Glimt": 1664.43737793,
  "Brest": 1662.82763672,
  "Valencia": 1658.65283203,
  "Rennais": 1651.00219727,
  "Real Sociedad": 1649.70776367,
  "Sevilla": 1647.88415527,
  "Alaves": 1643.55163574,
  "Getafe": 1643.31945801,
  "Zenit": 1640.33081055,
  "Mallorca": 1638.74243164,
  "Hoffenheim": 1636.92163086,
  "Sunderland": 1634.45715332,
  "FC Krasnodar": 1631.63244629,
  "Ajax": 1630.85876465,
  "Wolfsburg": 1627.58850098,
  "Copenhagen": 1622.66723633,
  "Alkmaar": 1622.20324707,
  "Genoa": 1620.48132324,
  "Union Berlin": 1619.30944824,
  "Udinese": 1616.96984863,
  "Levante": 1610.53515625,
  "Elche": 1609.39501953,
  "CSKA Moskva": 1609.09484863,
  "Auxerre": 1604.18371582,
  "Cagliari": 1603.16369629,
  "Genk": 1602.66394043,
  "Sassuolo": 1601.96679688,
  "Augsburg": 1601.26635742,
  "PAOK": 1600.42614746,
  "Gladbach": 1598.07873535,
  "Sparta Praha": 1597.0480957,
  "Girona": 1594.96936035,
  "Nantes": 1594.57104492,
  "Parma": 1589.62023926,
  "Viktoria Plzen": 1586.17480469,
  "Celtic": 1585.78588867,
  "Crvena Zvezda": 1583.55407715,
  "Koeln": 1583.16345215,
  "Lorient": 1581.74499512,
  "Verona": 1572.36523438,
  "St Pauli": 1568.9498291,
  "Lecce": 1567.21643066,
  "Hamburg": 1565.78967285,
  "Cremonese": 1565.64160156,
  "Le Havre": 1563.93395996,
  "Qarabag": 1561.56445312,
  "Real Oviedo": 1561.52954102,
  "Viking": 1561.4831543,
  "Brondby": 1560.17858887,
  "Anderlecht": 1557.03308105,
  "Brann": 1555.35583496,
  "Spartak Moskva": 1554.22668457,
  "Twente": 1552.87878418,
  "Mjaellby": 1551.39794922,
  "Paris FC": 1549.91687012,
  "Dinamo Zagreb": 1549.35864258,
  "Guimaraes": 1549.34997559,
  "Famalicao": 1547.58813477,
  "Lok Moskva": 1545.93579102,
  "AEK": 1545.31213379,
  "Angers": 1544.98718262,
  "Utrecht": 1541.50854492,
  "Basel": 1541.15356445,
  "Shakhtar": 1538.94592285,
  "Panathinaikos": 1536.79150391,
  "Jagiellonia": 1535.81298828,
  "Heidenheim": 1535.71569824,
  "Pafos": 1534.87011719,
  "Sturm Graz": 1534.63647461,
  "Aarhus": 1534.01806641,
  "Ferencvaros": 1532.87756348,
  "Metz": 1529.81176758,
  "Dynamo Moskva": 1528.63293457,
  "Pisa": 1526.8548584,
  "Rakow": 1522.83178711,
  "Nordsjaelland": 1513.5670166,
  "Hammarby": 1512.01269531,
  "Rangers": 1510.60522461,
  "Trabzonspor": 1510.55102539,
  "Jablonec": 1507.00500488,
  "Gil Vicente": 1505.32141113,
  "Larnaca": 1504.02709961,
  "Nijmegen": 1503.63122559,
  "Lech": 1502.67224121,
  "RB Salzburg": 1502.10424805,
  "Gent": 1500.74572754,
  "M Tel Aviv": 1500.02429199,
  "Antwerp": 1499.05969238,
  "Besiktas": 1497.72009277,
  "Go Ahead Eagles": 1494.80187988,
  "Mechelen": 1493.88598633,
  "Charleroi": 1493.48022461,
  "Djurgarden": 1493.08825684,
  "Young Boys": 1492.78613281,
  "Celje": 1491.18615723,
  "Beer-Sheva": 1489.3692627,
  "Legia": 1486.00109863,
  "Sparta Rotterdam": 1485.05822754,
  "Moreirense": 1484.45739746,
  "Aris Limassol": 1478.48181152,
  "Randers": 1477.46875,
  "Samsunspor": 1475.7722168,
  "Malmoe": 1475.38244629,
  "Omonia": 1475.05773926,
  "Gornik": 1467.85876465,
  "Arouca": 1467.82617188,
  "Rio Ave": 1467.57788086,
  "St Truiden": 1464.61303711,
  "Santa Clara": 1464.25134277,
  "Westerlo": 1464.06604004,
  "Silkeborg": 1461.70068359,
  "Cracovia": 1461.25585938,
  "Razgrad": 1460.87109375,
  "Bueyueksehir": 1460.5378418,
  "Pogon": 1454.75939941,
  "Hearts": 1454.5814209,
  "Rubin Kazan": 1453.67565918,
  "Estoril": 1452.54760742,
  "Wolfsberg": 1449.62097168,
  "Rosenborg": 1448.8828125,
  "Cercle Brugge": 1448.24829102,
  "Casa Pia": 1446.86791992,
  "Dynamo Kyiv": 1444.94030762,
  "Craiova": 1442.12683105,
  "Tromso": 1441.65075684,
  "Lausanne": 1440.30212402,
  "Goeztepe": 1438.75866699,
  "Viborg": 1436.93127441,
  "Heerenveen": 1434.50866699,
  "Baltika": 1433.69958496,
  "Zwolle": 1433.6776123,
  "Austria Wien": 1433.30822754,
  "Elfsborg": 1433.17919922,
  "Groningen": 1433.06970215,
  "Banik Ostrava": 1432.01220703,
  "StGallen": 1430.72497559,
  "Slovan Liberec": 1430.58618164,
  "Rostov": 1428.76647949,
  "Alanyaspor": 1428.51965332,
  "GAIS": 1428.05371094,
  "Standard": 1427.77734375,
  "Steaua": 1426.89770508,
  "Nacional": 1426.80700684,
  "Korona": 1426.59399414,
  "Hradec Kralove": 1426.58410645,
  "Molde": 1423.63842773,
  "Levski": 1420.56652832,
  "Hajduk": 1419.8692627,
  "Kasimpasa": 1417.42712402,
  "Aris": 1416.6628418,
  "AIK": 1414.31530762,
  "Servette": 1413.60095215,
  "Maccabi Haifa": 1412.5012207,
  "Sittard": 1411.50012207,
  "Konyaspor": 1408.82751465,
  "Hibernian": 1407.17236328,
  "SonderjyskE": 1406.32202148,
  "Rapid Bucuresti": 1406.13745117,
  "Haecken": 1404.60144043,
  "Fredrikstad": 1402.83374023,
  "Rapid Wien": 1402.5982666,
  "Leuven": 1402.49609375,
  "Luzern": 1402.31799316,
  "Gaziantep FK": 1401.44787598,
  "Paksi": 1400.88195801,
  "Partizan": 1399.8692627,
  "Sandefjord": 1399.00146484,
  "Kryliya Sovetov": 1398.45568848,
  "KFUM Oslo": 1398.30285645,
  "Piast Gliwice": 1395.29370117,
  "Goeteborg": 1394.50854492,
  "Sigma Olomouc": 1393.8046875,
  "Rizespor": 1392.57641602,
  "Puskas Akademia": 1392.01843262,
  "Lugano": 1391.92138672,
  "Rijeka": 1390.83300781,
  "Alverca": 1389.55004883,
  "Zulte Waregem": 1388.10424805,
  "Sarpsborg": 1388.07836914,
  "LASK": 1387.60229492,
  "Radomiak": 1386.99108887,
  "Terek Grozny": 1385.68798828,
  "Gyoer": 1385.515625,
  "Zuerich": 1384.53796387,
  "Lubin": 1383.58032227,
  "CFR Cluj": 1379.50744629,
  "Estrela Amadora": 1378.95703125,
  "IK Sirius": 1377.22888184,
  "Slovan Bratislava": 1375.46777344,
  "Widzew": 1373.7956543,
  "Plock": 1372.09692383,
  "Katowice": 1370.58435059,
  "Levadeiakos": 1369.57958984,
  "Sion": 1369.56762695,
  "Tondela": 1367.95935059,
  "Odense": 1365.984375,
  "Bohemians Praha": 1361.66210938,
  "Eyupspor": 1361.31604004,
  "Kayseri": 1360.98181152,
  "Hartberg": 1360.65759277,
  "RAAL": 1358.51464844,
  "Maribor": 1356.91760254,
  "FK Astana": 1355.50500488,