{
  "Barcelona": 1963.50561523,
  "Real Madrid": 1916.95153809,
  "Atlético": 1852.97143555,
  "Villarreal": 1756.89257812,
  "Betis": 1723.1373291,
  "Real Sociedad": 1693.04418945,
  "Celta": 1689.90783691,
  "Athletic": 1688.27868652,
  "Osasuna": 1684.04089355,
  "Getafe": 1662.24169922,
  "Girona": 1660.48840332,
  "Rayo Vallecano": 1658.17907715,
  "Valencia": 1656.12634277,
  "Mallorca": 1647.69128418,
  "Espanyol": 1622.83105469,
  "Alaves": 1622.69372559,
  "Sevilla": 1617.40795898,
  "Levante": 1606.32910156,
  "Elche": 1600.93566895,
  "Real Oviedo": 1586.0513916,
  "Las Palmas": 1560.2076416,
  "Racing": 1554.84924316,
  "Almeria": 1554.25292969,
  "Eibar": 1552.2845459,
  "Castellon": 1538.22766113,
  "Malaga": 1536.52685547,
  "Depor": 1529.32775879,
  "Burgos": 1525.28234863,
  "Leganes": 1507.390625,
  "Granada": 1498.15576172,
  "Albacete": 1496.33325195,
  "FC Andorra": 1491.62512207,
  "Sporting": 1486.72253418,
  "Cordoba": 1469.25097656,
  "Ceuta": 1445.77380371,
  "Mirandes": 1437.99121094,
  "Sociedad B": 1435.23022461,
  "Valladolid": 1432.04370117,
  "Zaragoza": 1417.79162598,
  "Huesca": 1408.41101074,
  "Cadiz": 1403.07995605,
  "Leonesa": 1367.78149414
}