{
  "PSG": 1974.93774414,
  "Manchester City": 1959.94421387,
  "Real Madrid": 1936.12731934,
  "Inter": 1933.2421875,
  "Bayern Munich": 1918.9979248,
  "Chelsea": 1902.80126953,
  "Atlético": 1855.34960938,
  "Borussia Dortmund": 1818.3503418,
  "Juventus": 1805.84667969,
  "Benfica": 1791.48046875,
  "Flamengo": 1760.171956154068,
  "Palmeiras": 1757.5638164060879,
  "Botafogo": 1732.060816322169,
  "Fluminense": 1716.3742943008992,
  "River Plate": 1697.548667861739,
  "Porto": 1678.19543457,
  "Boca Juniors": 1670.818348591139,
  "Monterrey": 1619.511321834615,
  "Pachuca": 1585.956103705189,
  "Los Ángeles FC": 1580.8146662203023,
  "Seattle": 1571.1500753083174,
  "Inter Miami": 1562.9836536455343,
  "Al-Hilal": 1558.9289725563583,
  "RB Salzburg": 1558.85534668,
  "Urawa Reds": 1548.3345661461894,
  "Ahly SC": 1540.9060832633174,
  "Sundowns": 1497.5733708478813,
  "Al-Ain": 1472.9842498340122,
  "Ulsan HD": 1470.9155875541353,
  "Esperance": 1448.6053952269112,
  "Wydad AC": 1436.405892354066,
  "Auckland City": 1126.3015590643954
}