{
  "Barcelona": 1980.5904541,
  "Real Madrid": 1955.75646973,
  "Atlético": 1874.07458496,
  "Betis": 1764.40698242,
  "Villarreal": 1762.10754395,
  "Celta": 1754.54516602,
  "Athletic": 1712.2097168,
  "Real Sociedad": 1710.2401123,
  "Osasuna": 1690.86450195,
  "Valencia": 1672.07324219,
  "Rayo Vallecano": 1670.1619873,
  "Getafe": 1662.05126953,
  "Girona": 1661.61633301,
  "Espanyol": 1641.15686035,
  "Mallorca": 1640.53796387,
  "Sevilla": 1637.09973145,
  "Alaves": 1617.54589844,
  "Levante": 1608.17163086,
  "Elche": 1602.48217773,
  "Racing": 1591.59887695,
  "Real Oviedo": 1574.64257812,
  "Las Palmas": 1568.91101074,
  "Almeria": 1561.2109375,
  "Malaga": 1530.11169434,
  "Castellon": 1528.75488281,
  "Eibar": 1527.66015625,
  "Depor": 1526.58276367,
  "Leganes": 1519.4909668,
  "Burgos": 1516.42297363,
  "Granada": 1513.48352051,
  "Sporting": 1503.41418457,
  "Sociedad B": 1489.92834473,
  "Albacete": 1489.27124023,
  "Cadiz": 1478.2331543,
  "Cordoba": 1474.56030273,
  "FC Andorra": 1465.13024902,
  "Ceuta": 1464.6217041,
  "Valladolid": 1459.36132812,
  "Huesca": 1445.02685547,
  "Mirandes": 1436.62402344,
  "Zaragoza": 1432.6229248,
  "Leonesa": 1390.67114258
}