{
  "Bayern Munich": 1967.81640625,
  "Borussia Dortmund": 1845.06640625,
  "Leverkusen": 1829.61572266,
  "RB Leipzig": 1757.27380371,
  "Frankfurt": 1741.36071777,
  "Stuttgart": 1719.06835938,
  "Freiburg": 1683.51330566,
  "Werder": 1676.86352539,
  "Mainz": 1667.00402832,
  "Hoffenheim": 1636.92138672,
  "Wolfsburg": 1627.58837891,
  "Union Berlin": 1619.30944824,
  "Augsburg": 1601.26721191,
  "Gladbach": 1598.07885742,
  "Koeln": 1583.16357422,
  "St Pauli": 1568.9498291,
  "Hamburg": 1565.78955078,
  "Heidenheim": 1535.71569824,
  "Elversberg": 1530.31274414,
  "Paderborn": 1529.47106934,
  "Holstein": 1516.37805176,
  "Karlsruhe": 1495.33056641,
  "Hannover": 1486.69641113,
  "Bochum": 1486.67797852,
  "Lautern": 1481.22827148,
  "Darmstadt": 1475.94116211,
  "Schalke": 1472.35693359,
  "Hertha": 1466.87841797,
  "Duesseldorf": 1452.08850098,
  "Nuernberg": 1417.37316895,
  "Muenster": 1407.11999512,
  "Magdeburg": 1397.88635254,
  "Fuerth": 1379.3939209,
  "Bielefeld": 1373.96923828,
  "Braunschweig": 1358.79846191,
  "Dresden": 1339.57653809
}