{
  "Bayern Munich": 1996.66870117,
  "Leverkusen": 1856.90319824,
  "Borussia Dortmund": 1847.53430176,
  "RB Leipzig": 1774.7434082,
  "Frankfurt": 1766.76696777,
  "Stuttgart": 1741.52819824,
  "Freiburg": 1712.21240234,
  "Werder": 1690.64038086,
  "Mainz": 1681.51538086,
  "Hoffenheim": 1676.00012207,
  "Gladbach": 1650.14685059,
  "Union Berlin": 1649.98071289,
  "Wolfsburg": 1623.46643066,
  "Augsburg": 1615.3338623,
  "Koeln": 1595.86743164,
  "Hamburg": 1569.17431641,
  "St Pauli": 1557.13305664,
  "Elversberg": 1542.40905762,
  "Heidenheim": 1539.80834961,
  "Paderborn": 1538.79968262,
  "Holstein": 1512.92773438,
  "Hannover": 1509.65209961,
  "Bochum": 1503.8503418,
  "Darmstadt": 1503.45617676,
  "Lautern": 1501.58300781,
  "Hertha": 1500.89428711,
  "Schalke": 1489.71044922,
  "Karlsruhe": 1488.93688965,
  "Duesseldorf": 1467.3770752,
  "Nuernberg": 1453.75268555,
  "Muenster": 1413.80163574,
  "Magdeburg": 1404.96594238,
  "Bielefeld": 1404.20251465,
  "Fuerth": 1392.25134277,
  "Braunschweig": 1356.64831543,
  "Dresden": 1355.40600586
}