{
  "Liverpool": 2019.72473145,
  "Arsenal": 2006.37670898,
  "PSG": 1971.92431641,
  "Barcelona": 1960.54724121,
  "Manchester City": 1955.24975586,
  "Real Madrid": 1954.09667969,
  "Bayern Munich": 1948.60388184,
  "Inter": 1917.62231445,
  "Chelsea": 1897.5447998,
  "Newcastle": 1859.20166016,
  "Crystal Palace": 1854.35974121,
  "Napoli": 1849.34667969,
  "Aston Villa": 1841.73596191,
  "Leverkusen": 1836.15405273,
  "Atalanta": 1835.30725098,
  "Borussia Dortmund": 1835.0925293,
  "Atlético": 1832.60778809,
  "Bournemouth": 1826.32763672,
  "Roma": 1820.70043945,
  "Brighton": 1816.69445801,
  "Juventus": 1815.6796875,
  "Tottenham": 1815.2520752,
  "Manchester United": 1806.01696777,
  "Everton": 1802.7154541,
  "Fulham": 1795.3918457,
  "Sporting": 1794.01245117,
  "Milan": 1792.68188477,
  "Forest": 1790.76269531,
  "Villarreal": 1790.44787598,
  "Brentford": 1790.43029785,
  "Benfica": 1784.33288574,
  "Lille": 1780.97290039,
  "Saint-Gilloise": 1767.60021973,
  "Athletic": 1763.55371094,
  "Brugge": 1761.59619141,
  "PSV": 1761.4753418,
  "Frankfurt": 1758.38061523,
  "Monaco": 1758.11218262,
  "Marseille": 1756.40637207,
  "Lyon": 1747.67663574,
  "Bologna": 1747.33300781,
  "Lazio": 1742.33032227,
  "Betis": 1738.46936035,
  "Leeds": 1737.92858887,
  "RB Leipzig": 1735.60168457,
  "Fiorentina": 1730.6776123,
  "Feyenoord": 1729.35437012,
  "Porto": 1726.73535156,
  "West Ham": 1721.58435059,
  "Burnley": 1719.22851562,
  "Strasbourg": 1719.04772949,
  "Stuttgart": 1716.21240234,
  "Lens": 1707.72705078,
  "Mainz": 1707.69946289,
  "Galatasaray": 1703.1072998,
  "Wolverhampton": 1701.08410645,
  "Osasuna": 1696.41394043,
  "Valencia": 1690.50378418,
  "Freiburg": 1686.88012695,
  "Olympiacos": 1680.29174805,
  "Werder": 1677.51721191,
  "Nice": 1673.79016113,
  "Torino": 1673.31408691,
  "Celta": 1672.21801758,
  "Slavia Prag": 1671.53674316,
  "Fenerbahce": 1668.25073242,
  "Como": 1665.67138672,
  "Rayo Vallecano": 1663.08837891,
  "Rennais": 1659.86682129,
  "Bodø/Glimt": 1658.64831543,
  "Espanyol": 1658.30456543,
  "Brest": 1656.95861816,
  "Ajax": 1656.58984375,
  "Wolfsburg": 1655.99475098,
  "Celtic": 1655.41442871,
  "Toulouse": 1652.63818359,
  "Copenhagen": 1651.2689209,
  "Alaves": 1650.30725098,
  "Genoa": 1649.41711426,
  "Real Sociedad": 1647.55383301,
  "Getafe": 1645.38391113,
  "Zenit": 1640.33081055,
  "Braga": 1640.15026855,
  "Sevilla": 1638.35681152,
  "Alkmaar": 1636.67456055,
  "FC Krasnodar": 1631.63244629,
  "Mallorca": 1630.47839355,
  "Udinese": 1629.44348145,
  "Hoffenheim": 1628.6427002,
  "Union Berlin": 1627.74621582,
  "Midtjylland": 1624.05163574,
  "Gladbach": 1622.33569336,
  "Genk": 1622.04724121,
  "Cagliari": 1619.52807617,
  "Augsburg": 1617.42565918,
  "Auxerre": 1616.02941895,
  "Elche": 1611.64404297,
  "Levante": 1609.97631836,
  "CSKA Moskva": 1609.09484863,
  "St Pauli": 1602.49938965,
  "Crvena Zvezda": 1594.70092773,
  "Girona": 1592.57055664,
  "Parma": 1592.38806152,
  "Sassuolo": 1591.96557617,
  "Verona": 1591.08886719,
  "Sunderland": 1590.51733398,
  "Koeln": 1586.22961426,
  "Lorient": 1583.73901367,
  "Anderlecht": 1580.38879395,
  "Nantes": 1579.7277832,
  "Utrecht": 1578.78564453,
  "Sparta Praha": 1576.39050293,
  "PAOK": 1576.29467773,
  "Real Oviedo": 1574.47546387,
  "AEK": 1570.27636719,
  "Viktoria Plzen": 1565.89697266,
  "Lecce": 1565.71520996,
  "Guimaraes": 1564.69470215,
  "Cremonese": 1563.9239502,
  "Twente": 1561.62182617,
  "Rangers": 1560.33288574,
  "Hamburg": 1557.52331543,
  "Spartak Moskva": 1554.2265625,
  "Shakhtar": 1553.24475098,
  "Le Havre": 1549.28198242,
  "Qarabag": 1548.54821777,
  "Lok Moskva": 1545.93579102,
  "Metz": 1545.56030273,
  "Antwerp": 1545.30236816,
  "Brondby": 1545.20141602,
  "Brann": 1543.81811523,
  "M Tel Aviv": 1543.76904297,
  "Sturm Graz": 1541.43432617,
  "Paris FC": 1540.88562012,
  "Heidenheim": 1539.88537598,
  "Angers": 1539.59875488,
  "Mjaellby": 1539.54321289,
  "Viking": 1539.38842773,
  "Pafos": 1533.78503418,
  "Famalicao": 1533.63781738,
  "RB Salzburg": 1532.95410156,
  "Panathinaikos": 1530.4987793,
  "Dynamo Moskva": 1528.63293457,
  "Pisa": 1526.20715332,
  "Charleroi": 1522.17590332,
  "Rakow": 1520.68994141,
  "Hammarby": 1519.88781738,
  "Dinamo Zagreb": 1519.24938965,
  "Basel": 1519.16870117,
  "Malmoe": 1512.70690918,
  "Jablonec": 1512.22802734,
  "Jagiellonia": 1511.91442871,
  "Aarhus": 1510.64624023,
  "Young Boys": 1510.45861816,
  "Lech": 1507.79284668,
  "Beer-Sheva": 1507.02832031,
  "Djurgarden": 1505.33728027,
  "Mechelen": 1505.11303711,
  "Legia": 1504.20275879,
  "Gent": 1502.79101562,
  "Nordsjaelland": 1501.30737305,
  "Nijmegen": 1500.94665527,
  "Ferencvaros": 1500.49194336,
  "Go Ahead Eagles": 1498.31140137,
  "Sparta Rotterdam": 1490.15783691,
  "Dynamo Kyiv": 1483.71313477,
  "Moreirense": 1483.48364258,
  "Rosenborg": 1480.57006836,
  "Gil Vicente": 1478.80664062,
  "Omonia": 1475.61669922,
  "Randers": 1475.59436035,
  "Santa Clara": 1474.12219238,
  "Westerlo": 1471.93017578,
  "Cercle Brugge": 1471.56066895,
  "Craiova": 1471.12695312,
  "St Truiden": 1470.17456055,
  "Razgrad": 1470.13000488,
  "Aris Limassol": 1470.07177734,
  "Arouca": 1469.70214844,
  "Trabzonspor": 1468.77185059,
  "Wolfsberg": 1466.671875,
  "Rapid Wien": 1463.11437988,
  "Larnaca": 1459.74145508,
  "Cracovia": 1459.3079834,
  "Besiktas": 1457.85192871,
  "Rubin Kazan": 1453.67565918,
  "Elfsborg": 1453.13781738,
  "Gornik": 1452.91320801,
  "Casa Pia": 1452.29467773,
  "Tromso": 1451.45947266,
  "Celje": 1451.23632812,
  "Silkeborg": 1450.69372559,
  "Standard": 1450.5949707,
  "Zwolle": 1449.88049316,
  "Pogon": 1448.65795898,
  "Estoril": 1447.9753418,
  "Rio Ave": 1447.8013916,
  "Bueyueksehir": 1446.77563477,
  "Viborg": 1444.53271484,
  "Steaua": 1443.30834961,
  "Austria Wien": 1442.56335449,
  "Aris": 1441.46435547,
  "AIK": 1441.2878418,
  "Maccabi Haifa": 1438.91125488,
  "Groningen": 1438.88745117,
  "Banik Ostrava": 1437.54528809,
  "Molde": 1436.8046875,
  "Sittard": 1436.62805176,
  "Hearts": 1435.42773438,
  "StGallen": 1434.0657959,
  "Baltika": 1433.69958496,
  "Heerenveen": 1429.26696777,
  "Rostov": 1428.76635742,
  "Samsunspor": 1425.37109375,
  "Goeztepe": 1424.66149902,
  "Korona": 1423.67492676,
  "Servette": 1422.77258301,
  "Alanyaspor": 1422.76806641,
  "GAIS": 1419.10583496,
  "Leuven": 1419.04858398,
  "Levski": 1414.61523438,
  "Hibernian": 1412.79125977,
  "Slovan Liberec": 1412.05664062,
  "Goeteborg": 1408.14733887,
  "Hradec Kralove": 1407.82788086,
  "Kasimpasa": 1405.55285645,
  "Piast Gliwice": 1403.59887695,
  "Lausanne": 1403.51696777,
  "Hajduk": 1399.60656738,
  "Kryliya Sovetov": 1398.45556641,
  "Fredrikstad": 1398.32629395,
  "CFR Cluj": 1397.91601562,
  "Konyaspor": 1397.41772461,
  "LASK": 1395.18505859,
  "SonderjyskE": 1394.16271973,
  "Nacional": 1393.16503906,
  "KFUM Oslo": 1391.63012695,
  "Partizan": 1391.18383789,
  "Haecken": 1391.04785156,
  "Rapid Bucuresti": 1389.53063965,
  "Zuerich": 1385.95141602,
  "Luzern": 1385.70385742,
  "Terek Grozny": 1385.68811035,
  "Slovan Bratislava": 1382.40661621,
  "Radomiak": 1382.33789062,
  "Rijeka": 1381.98303223,
  "Kayseri": 1381.68640137,
  "Hartberg": 1380.82592773,
  "Paksi": 1377.7253418,
  "Puskas Akademia": 1376.86608887,
  "Gyoer": 1376.79528809,
  "Dender": 1376.50170898,
  "Gaziantep FK": 1375.68762207,
  "Sarpsborg": 1375.29260254,
  "St Mirren": 1373.77270508,
  "IK Sirius": 1371.6574707,
  "Rizespor": 1371.07006836,
  "Sandefjord": 1369.01599121,
  "Alverca": 1368.71105957,
  "Estrela Amadora": 1367.50024414,
  "Lubin": 1366.89172363,
  "Sigma Olomouc": 1364.61291504,
  "Zulte Waregem": 1364.06115723,
  "Plock": 1363.57287598,
  "Motor Lublin": 1363.08239746,
  "RAAL": 1362.62390137,
  "Heracles": 1362.31591797,
  "Fredericia": 1361.85791016,
  "Antalyaspor": 1361.15698242,
  "Lugano": 1360.27197266,
  "Tondela": 1359.40576172,
  "Maribor": 1359.23840332,
  "Levadeiakos": 1358.63500977,