{
  "Bayern Munich": 1993.19519043,
  "Borussia Dortmund": 1861.64123535,
  "Leverkusen": 1856.76281738,
  "RB Leipzig": 1760.5579834,
  "Stuttgart": 1743.76623535,
  "Frankfurt": 1727.28552246,
  "Freiburg": 1722.75695801,
  "Hoffenheim": 1690.6229248,
  "Werder": 1661.1607666,
  "Mainz": 1652.64819336,
  "Union Berlin": 1649.57556152,
  "Gladbach": 1643.26513672,
  "Wolfsburg": 1642.90844727,
  "Augsburg": 1619.00939941,
  "Koeln": 1584.80480957,
  "Hamburg": 1583.5847168,
  "St Pauli": 1567.62573242,
  "Heidenheim": 1552.06176758,
  "Elversberg": 1549.25512695,
  "Paderborn": 1533.62341309,
  "Darmstadt": 1517.04492188,
  "Bochum": 1515.24951172,
  "Hannover": 1507.41064453,
  "Holstein": 1502.52697754,
  "Schalke": 1501.59179688,
  "Hertha": 1486.75024414,
  "Lautern": 1478.44580078,
  "Karlsruhe": 1457.4588623,
  "Duesseldorf": 1445.83764648,
  "Magdeburg": 1445.16662598,
  "Nuernberg": 1439.06298828,
  "Muenster": 1421.62145996,
  "Bielefeld": 1395.19897461,
  "Braunschweig": 1391.99353027,
  "Fuerth": 1379.53381348,
  "Dresden": 1345.61083984
}