{
  "PSG": 1943.1763916,
  "Lyon": 1762.48547363,
  "Lens": 1756.8026123,
  "Marseille": 1725.07653809,
  "Lille": 1712.06286621,
  "Strasbourg": 1710.67211914,
  "Monaco": 1697.00463867,
  "Rennais": 1686.82922363,
  "Brest": 1660.36218262,
  "Toulouse": 1641.35803223,
  "Lorient": 1626.61376953,
  "Nice": 1587.53234863,
  "Le Havre": 1565.81005859,
  "Auxerre": 1561.6895752,
  "Angers": 1558.55371094,
  "Reims": 1542.72631836,
  "Paris FC": 1538.78466797,
  "Nantes": 1529.06445312,
  "Metz": 1510.21630859,
  "Saint-Etienne": 1508.4934082,
  "Dunkerque": 1466.88574219,
  "Troyes": 1466.32556152,
  "Montpellier": 1449.44580078,
  "Annecy": 1447.69396973,
  "Rodez": 1443.07165527,
  "Guingamp": 1433.50769043,
  "Le Mans": 1431.58105469,
  "Red Star": 1407.71765137,
  "Pau": 1393.28198242,
  "Grenoble": 1389.99499512,
  "Clermont": 1381.11120605,
  "Bastia": 1378.05810547,
  "Boulogne": 1357.99462891,
  "Laval": 1350.00842285,
  "Amiens": 1343.56762695,
  "Nancy": 1341.57788086
}