{
  "Inter": 1895.99804688,
  "Milan": 1804.36779785,
  "Roma": 1795.30419922,
  "Atalanta": 1788.48852539,
  "Napoli": 1780.90771484,
  "Juventus": 1773.48522949,
  "Como": 1731.63293457,
  "Lazio": 1695.95092773,
  "Bologna": 1692.39001465,
  "Fiorentina": 1655.15783691,
  "Genoa": 1624.94958496,
  "Sassuolo": 1620.4810791,
  "Parma": 1606.61572266,
  "Torino": 1597.33154297,
  "Udinese": 1595.70910645,
  "Cagliari": 1590.34423828,
  "Venezia": 1581.19006348,
  "Lecce": 1556.68652344,
  "Cremonese": 1541.23596191,
  "Monza": 1539.85803223,
  "Frosinone": 1525.47460938,
  "Palermo": 1519.2689209,
  "Verona": 1507.15002441,
  "Pisa": 1500.20898438,
  "Catanzaro": 1473.36499023,
  "Modena": 1463.21704102,
  "Empoli": 1451.09069824,
  "Juve Stabia": 1436.06262207,
  "Suedtirol": 1429.5703125,
  "Spezia": 1405.66564941,
  "Sampdoria": 1404.88586426,
  "Cesena": 1387.81665039,
  "Carrarese": 1386.31079102,
  "Reggiana": 1359.95251465,
  "Padova": 1358.24780273,
  "Mantova": 1355.52563477,
  "Bari": 1349.27429199,
  "Entella": 1344.00500488,
  "Avellino": 1341.82800293,
  "Pescara": 1309.25158691
}