{
  "Arsenal": 2062.10424805,
  "Manchester City": 1987.46496582,
  "Bayern Munich": 1980.68786621,
  "Liverpool": 1961.19848633,
  "PSG": 1943.1763916,
  "Barcelona": 1935.04125977,
  "Aston Villa": 1932.24182129,
  "Chelsea": 1922.30725098,
  "Real Madrid": 1919.40661621,
  "Inter": 1900.68273926,
  "Manchester United": 1889.25378418,
  "Newcastle": 1876.22631836,
  "Sporting": 1851.79492188,
  "Brentford": 1847.69799805,
  "Bournemouth": 1846.29614258,
  "Brighton": 1842.33166504,
  "Atlético": 1833.43041992,
  "Borussia Dortmund": 1830.56921387,
  "Everton": 1818.29833984,
  "Fulham": 1814.86218262,
  "Atalanta": 1812.15478516,
  "Leverkusen": 1811.27001953,
  "Benfica": 1809.52880859,
  "Tottenham": 1809.24377441,
  "Milan": 1809.0526123,
  "Crystal Palace": 1801.859375,
  "Roma": 1799.9888916,
  "Leeds": 1793.89245605,
  "Forest": 1788.25158691,
  "Napoli": 1785.59240723,
  "Porto": 1777.83496094,
  "Juventus": 1775.01611328,
  "PSV": 1772.89501953,
  "Lyon": 1762.48547363,
  "Betis": 1757.17602539,
  "Lens": 1756.8026123,
  "West Ham": 1751.22119141,
  "Stuttgart": 1751.15209961,
  "Villarreal": 1743.85559082,
  "RB Leipzig": 1739.02600098,
  "Bodø/Glimt": 1738.67822266,
  "Como": 1736.31774902,
  "Hoffenheim": 1729.27648926,
  "Marseille": 1725.07653809,
  "Saint-Gilloise": 1721.2298584,
  "Galatasaray": 1721.1661377,
  "Brugge": 1719.33154297,
  "Celta": 1712.13220215,
  "Lille": 1712.06286621,
  "Strasbourg": 1710.67211914,
  "Athletic": 1709.2779541,
  "Burnley": 1707.48449707,
  "Lazio": 1700.63562012,
  "Bologna": 1699.64868164,
  "Midtjylland": 1699.10205078,
  "Monaco": 1697.00463867,
  "Sunderland": 1696.41015625,
  "Freiburg": 1693.43786621,
  "Braga": 1689.57336426,
  "Osasuna": 1689.4230957,
  "Olympiacos": 1687.47851562,
  "Rennais": 1686.82922363,
  "Fenerbahce": 1686.07446289,
  "Wolverhampton": 1680.27709961,
  "Frankfurt": 1675.01049805,
  "Real Sociedad": 1674.32788086,
  "Slavia Prag": 1665.24487305,
  "Zenit": 1662.57800293,
  "Brest": 1660.36218262,
  "Fiorentina": 1657.24377441,
  "Mainz": 1653.60302734,
  "Valencia": 1647.1439209,
  "Toulouse": 1641.35803223,
  "Rayo Vallecano": 1640.7565918,
  "FC Krasnodar": 1639.16955566,
  "AEK": 1633.77990723,
  "Girona": 1632.16210938,
  "Espanyol": 1629.81359863,
  "Genoa": 1629.63415527,
  "Union Berlin": 1627.05822754,
  "Lorient": 1626.61376953,
  "Sassuolo": 1625.16577148,
  "Augsburg": 1619.38049316,
  "Mallorca": 1616.86022949,
  "Getafe": 1613.03808594,
  "Sevilla": 1612.97277832,
  "Parma": 1611.30053711,
  "Alaves": 1609.2578125,
  "Werder": 1608.95446777,
  "PAOK": 1608.77429199,
  "Feyenoord": 1608.53723145,
  "Gladbach": 1607.87890625,
  "Viking": 1602.5612793,
  "Torino": 1602.01635742,
  "Udinese": 1600.39379883,
  "Wolfsburg": 1599.77661133,
  "Genk": 1595.24780273,
  "CSKA Moskva": 1595.08752441,
  "Cagliari": 1595.02893066,
  "Hamburg": 1594.97045898,
  "Ajax": 1594.40649414,
  "Viktoria Plzen": 1591.74108887,
  "Sparta Praha": 1590.91137695,
  "Nice": 1587.53234863,
  "Elche": 1586.67797852,
  "Copenhagen": 1580.7064209,
  "Crvena Zvezda": 1579.74633789,
  "Aarhus": 1579.13916016,
  "Lok Moskva": 1576.38354492,
  "Koeln": 1573.64611816,
  "Levante": 1572.92175293,
  "Le Havre": 1565.81005859,
  "Pafos": 1561.80773926,
  "Auxerre": 1561.6895752,
  "Lecce": 1561.37121582,
  "St Pauli": 1559.71704102,
  "Angers": 1558.55371094,
  "Panathinaikos": 1558.55163574,
  "St Truiden": 1555.04455566,
  "Qarabag FK": 1554.37609863,
  "Celtic": 1552.27770996,
  "Spartak Moskva": 1550.35656738,
  "Real Oviedo": 1550.31738281,
  "Shakhtar": 1547.77954102,
  "Mjaellby": 1546.16772461,
  "Dinamo Zagreb": 1546.04589844,
  "Cremonese": 1545.9206543,
  "Guimaraes": 1545.51489258,
  "Alkmaar": 1543.22009277,
  "Famalicao": 1542.52197266,
  "Gil Vicente": 1539.65856934,
  "Rangers": 1538.7869873,
  "Paris FC": 1538.78466797,
  "Anderlecht": 1538.56555176,
  "Brondby": 1538.19970703,
  "Trabzonspor": 1537.36499023,
  "Twente": 1537.36450195,
  "Rakow": 1535.38525391,
  "Brann": 1533.67993164,
  "Nantes": 1529.06445312,
  "Besiktas": 1527.03149414,
  "Nijmegen": 1525.56652832,
  "Ferencvaros": 1518.83679199,
  "Estoril": 1518.54602051,
  "Nordsjaelland": 1517.81335449,
  "Heidenheim": 1515.86022949,
  "Mechelen": 1514.18835449,
  "Charleroi": 1513.18457031,
  "Jagiellonia": 1512.75683594,
  "Lech": 1512.49780273,
  "Verona": 1511.83459473,
  "Metz": 1510.21630859,
  "Hammarby": 1507.85095215,
  "RB Salzburg": 1506.01147461,
  "Antwerp": 1505.94006348,
  "Pisa": 1504.89367676,
  "Dynamo Moskva": 1504.17382812,
  "Jablonec": 1502.78686523,
  "Gent": 1500.04516602,
  "Bueyueksehir": 1497.8638916,
  "Larnaca": 1496.9440918,
  "Moreirense": 1496.33398438,
  "Viborg": 1491.28747559,
  "Utrecht": 1487.33654785,
  "Westerlo": 1483.85253906,
  "Djurgarden": 1482.56896973,
  "Tromso": 1482.4798584,
  "Aris Limassol": 1478.95800781,
  "Baltika": 1477.88574219,
  "SonderjyskE": 1471.73217773,
  "Standard": 1470.09960938,
  "Arouca": 1469.82800293,
  "Beer-Sheva": 1468.04675293,
  "Cercle Brugge": 1466.54711914,
  "Molde": 1466.40661621,
  "Craiova": 1466.27575684,
  "Thun": 1465.66931152,
  "Hearts": 1464.98022461,
  "Goeztepe": 1464.39526367,
  "Slovan Liberec": 1462.51623535,
  "Sparta Rotterdam": 1460.5345459,
  "Randers": 1459.7635498,
  "Rosenborg": 1458.28430176,
  "Omonia": 1457.67956543,
  "Sturm Graz": 1452.91064453,
  "Basel": 1448.97143555,
  "Leuven": 1448.95458984,
  "Cracovia": 1446.43408203,
  "StGallen": 1443.9921875,
  "Heerenveen": 1443.4699707,
  "Casa Pia": 1442.59057617,
  "Pogon": 1441.6270752,
  "Razgrad": 1440.64257812,
  "Gyoer": 1440.62451172,
  "Steaua": 1440.14355469,
  "Lugano": 1439.38684082,
  "Santa Clara": 1438.72119141,
  "Celje": 1437.11853027,
  "Sandefjord": 1436.36804199,
  "Rostov": 1435.17077637,
  "Fredrikstad": 1432.26757812,
  "Levadeiakos": 1431.32067871,
  "CFR Cluj": 1431.22741699,
  "Samsunspor": 1430.79663086,
  "Malmoe": 1430.48388672,
  "Rubin Kazan": 1430.16821289,
  "Aris": 1429.80224609,
  "Levski": 1429.6661377,
  "Go Ahead Eagles": 1429.2902832,
  "Rijeka": 1428.51586914,
  "Austria Wien": 1428.31018066,
  "Hajduk": 1425.65234375,
  "Gornik": 1424.95690918,
  "Rio Ave": 1424.83532715,
  "Lubin": 1423.91711426,
  "Silkeborg": 1423.50500488,
  "Young Boys": 1422.61474609,
  "Dynamo Kyiv": 1422.36462402,
  "Legia": 1422.20117188,
  "Nacional": 1422.16552734,
  "Hibernian": 1418.31152344,
  "Korona": 1417.34765625,
  "M Tel Aviv": 1417.34472656,
  "Alverca": 1416.82543945,
  "Radomiak": 1416.25256348,
  "Piast Gliwice": 1414.81628418,
  "LASK": 1414.66943359,
  "Hradec Kralove": 1414.57678223,
  "Sarpsborg": 1413.28613281,
  "Motherwell": 1409.87084961,
  "Odense": 1408.60852051,
  "GAIS": 1407.73730469,
  "Alanyaspor": 1406.89611816,
  "Zwolle": 1405.86450195,
  "Estrela Amadora": 1400.81921387,
  "Sittard": 1399.62805176,
  "Katowice": 1399.51965332,
  "Luzern": 1398.84899902,
  "Goeteborg": 1398.76123047,
  "Groningen": 1398.19055176,
  "Lechia": 1396.72802734,
  "Tondela": 1396.41674805,
  "Servette": 1396.30175781,
  "Sion": 1396.18200684,
  "Maccabi Haifa": 1396.15625,
  "Sigma Olomouc": 1393.92053223,
  "Ham-Kam": 1393.65551758,
  "AIK": 1393.45727539,
  "Rizespor": 1392.86071777,
  "Universitatea Cluj": 1392.08117676,
  "Zulte Waregem": 1391.65478516,
  "Banik Ostrava": 1391.41699219,
  "Lausanne": 1388.61364746,
  "IK Sirius": 1388.53955078,
  "Terek Grozny": 1387.9239502,
  "Rapid Bucuresti": 1386.82189941,
  "Wolfsberg": 1386.53796387,
  "Valerenga": 1384.49084473,
  "Puskas Akademia": 1384.40039062,
  "Beitar": 1384.28881836,
  "Konyaspor": 1383.15661621,
  "KFUM Oslo": 1382.02526855,
  "Kasimpasa": 1381.46252441,
  "Hartberg": 1381.43762207,
  "Plock": 1380.6706543,
  "Paksi": 1380.14416504,
  "Kryliya Sovetov": 1378.48657227,
  "Kocaelispor": 1378.37585449,
  "Dinamo Bucuresti": 1376.66052246,
  "Elfsborg": 1375.86462402,
  "Gaziantep FK": 1375.82592773,
  "Akron Togliatti": 1374.86291504,
  "CSKA Sofia": 1374.35852051,