{
  "Inter": 1919.39819336,
  "Napoli": 1832.80371094,
  "Milan": 1819.16943359,
  "Roma": 1808.08679199,
  "Atalanta": 1801.0690918,
  "Juventus": 1795.8026123,
  "Bologna": 1772.62145996,
  "Lazio": 1752.91186523,
  "Como": 1711.05969238,
  "Fiorentina": 1674.36633301,
  "Torino": 1655.40368652,
  "Udinese": 1624.28356934,
  "Genoa": 1623.63684082,
  "Sassuolo": 1617.30444336,
  "Cagliari": 1591.42504883,
  "Parma": 1582.34680176,
  "Lecce": 1582.11010742,
  "Cremonese": 1565.51184082,
  "Venezia": 1562.38085938,
  "Verona": 1553.25622559,
  "Monza": 1551.20507812,
  "Pisa": 1547.66589355,
  "Empoli": 1533.40637207,
  "Frosinone": 1511.3515625,
  "Palermo": 1484.0201416,
  "Modena": 1469.38232422,
  "Cesena": 1465.48254395,
  "Catanzaro": 1459.03234863,
  "Spezia": 1450.85900879,
  "Juve Stabia": 1448.1842041,
  "Suedtirol": 1426.04296875,
  "Reggiana": 1411.23913574,
  "Carrarese": 1409.26965332,
  "Sampdoria": 1405.97741699,
  "Bari": 1405.24926758,
  "Mantova": 1384.36743164,
  "Padova": 1380.98181152,
  "Entella": 1367.46679688,
  "Avellino": 1360.57653809,
  "Pescara": 1343.29211426
}