{
  "PSG": 1988.19909668,
  "Lille": 1801.1138916,
  "Monaco": 1768.89025879,
  "Lyon": 1749.14782715,
  "Marseille": 1748.00817871,
  "Strasbourg": 1717.57995605,
  "Lens": 1695.46252441,
  "Nice": 1690.95141602,
  "Rennais": 1664.48779297,
  "Toulouse": 1664.41577148,
  "Brest": 1647.67419434,
  "Auxerre": 1612.1282959,
  "Lorient": 1586.83862305,
  "Nantes": 1582.98327637,
  "Reims": 1572.23583984,
  "Le Havre": 1554.05895996,
  "Metz": 1553.69421387,
  "Paris FC": 1550.2298584,
  "Angers": 1546.00415039,
  "Saint-Etienne": 1545.05297852,
  "Montpellier": 1471.96191406,
  "Guingamp": 1454.00524902,
  "Troyes": 1453.48022461,
  "Laval": 1443.93640137,
  "Rodez": 1438.94848633,
  "Dunkerque": 1428.44689941,
  "Annecy": 1425.23962402,
  "Bastia": 1422.02746582,
  "Clermont": 1420.21765137,
  "Red Star": 1416.0690918,
  "Grenoble": 1415.80773926,
  "Pau": 1400.9309082,
  "Amiens": 1400.25927734,
  "Nancy": 1391.01977539,
  "Le Mans": 1371.10205078,
  "Boulogne": 1360.5123291
}