{
  "Inter": 1890.03393555,
  "Juventus": 1797.4666748,
  "Atalanta": 1784.67736816,
  "Napoli": 1783.48364258,
  "Milan": 1781.48950195,
  "Roma": 1768.55651855,
  "Como": 1746.04638672,
  "Lazio": 1715.53942871,
  "Bologna": 1677.46899414,
  "Fiorentina": 1660.86987305,
  "Udinese": 1639.46594238,
  "Sassuolo": 1634.48156738,
  "Torino": 1631.09887695,
  "Genoa": 1625.97570801,
  "Parma": 1603.015625,
  "Venezia": 1596.26940918,
  "Cagliari": 1566.92785645,
  "Monza": 1559.89929199,
  "Frosinone": 1550.95715332,
  "Lecce": 1543.37426758,
  "Cremonese": 1520.64733887,
  "Palermo": 1515.23937988,
  "Verona": 1494.2199707,
  "Pisa": 1480.29284668,
  "Catanzaro": 1476.81970215,
  "Modena": 1433.01062012,
  "Juve Stabia": 1431.58569336,
  "Empoli": 1411.91845703,
  "Mantova": 1396.44348145,
  "Carrarese": 1395.85290527,
  "Sampdoria": 1392.97900391,
  "Spezia": 1379.64648438,
  "Suedtirol": 1378.86560059,
  "Cesena": 1373.44067383,
  "Avellino": 1370.23925781,
  "Entella": 1360.50231934,
  "Pescara": 1359.64306641,
  "Bari": 1352.48840332,
  "Padova": 1348.39050293,
  "Reggiana": 1329.75927734
}