{
  "Inter": 1930.12597656,
  "Milan": 1828.26367188,
  "Napoli": 1825.08398438,
  "Roma": 1816.82421875,
  "Atalanta": 1810.05700684,
  "Juventus": 1806.56933594,
  "Lazio": 1739.46899414,
  "Bologna": 1728.4786377,
  "Como": 1713.96142578,
  "Fiorentina": 1668.92321777,
  "Torino": 1642.51159668,
  "Genoa": 1634.39318848,
  "Udinese": 1616.47106934,
  "Sassuolo": 1612.72290039,
  "Parma": 1607.96276855,
  "Cagliari": 1606.54956055,
  "Venezia": 1589.77038574,
  "Cremonese": 1577.35351562,
  "Verona": 1563.15490723,
  "Lecce": 1556.59460449,
  "Frosinone": 1540.50695801,
  "Monza": 1537.34692383,
  "Pisa": 1536.54260254,
  "Palermo": 1508.30236816,
  "Empoli": 1505.97143555,
  "Catanzaro": 1474.69165039,
  "Juve Stabia": 1460.60546875,
  "Cesena": 1457.50512695,
  "Modena": 1455.21899414,
  "Suedtirol": 1430.92504883,
  "Spezia": 1430.77087402,
  "Carrarese": 1407.85961914,
  "Sampdoria": 1404.8104248,
  "Padova": 1389.53881836,
  "Avellino": 1383.06103516,
  "Bari": 1381.84545898,
  "Mantova": 1379.76159668,
  "Reggiana": 1379.74072266,
  "Entella": 1364.44580078,
  "Pescara": 1339.97338867
}