{
  "Barcelona": 1972.03063965,
  "Real Madrid": 1930.23693848,
  "Atlético": 1864.42785645,
  "Villarreal": 1766.88598633,
  "Betis": 1752.18188477,
  "Celta": 1710.2512207,
  "Real Sociedad": 1703.03491211,
  "Athletic": 1698.26660156,
  "Osasuna": 1694.03161621,
  "Getafe": 1672.25061035,
  "Girona": 1670.47924805,
  "Rayo Vallecano": 1670.03381348,
  "Valencia": 1666.1184082,
  "Mallorca": 1657.67944336,
  "Espanyol": 1632.82189941,
  "Alaves": 1632.68444824,
  "Sevilla": 1627.39868164,
  "Levante": 1616.30151367,
  "Elche": 1610.92504883,
  "Real Oviedo": 1596.04211426,
  "Las Palmas": 1562.46435547,
  "Eibar": 1558.91223145,
  "Almeria": 1558.34936523,
  "Racing": 1554.67749023,
  "Malaga": 1552.41247559,
  "Burgos": 1544.21313477,
  "Castellon": 1539.27832031,
  "Depor": 1533.26062012,
  "Leganes": 1525.11535645,
  "Granada": 1519.89001465,
  "Albacete": 1494.58044434,
  "Sporting": 1488.71386719,
  "FC Andorra": 1488.05114746,
  "Cordoba": 1471.56237793,
  "Sociedad B": 1455.38244629,
  "Ceuta": 1454.35205078,
  "Mirandes": 1454.03991699,
  "Valladolid": 1447.02758789,
  "Cadiz": 1429.62365723,
  "Zaragoza": 1429.19470215,
  "Huesca": 1421.78295898,
  "Leonesa": 1385.45141602
}