{
  "Bayern Munich": 2005.36010742,
  "Borussia Dortmund": 1865.44506836,
  "Leverkusen": 1826.51611328,
  "Stuttgart": 1765.49267578,
  "RB Leipzig": 1762.06542969,
  "Frankfurt": 1723.23620605,
  "Freiburg": 1715.93933105,
  "Hoffenheim": 1712.64196777,
  "Werder": 1657.06018066,
  "Union Berlin": 1652.93811035,
  "Mainz": 1649.23840332,
  "Gladbach": 1643.47570801,
  "Wolfsburg": 1641.2734375,
  "Augsburg": 1608.18859863,
  "Koeln": 1592.16601562,
  "Hamburg": 1580.45751953,
  "St Pauli": 1560.65185547,
  "Heidenheim": 1551.08642578,
  "Elversberg": 1539.58862305,
  "Paderborn": 1522.77697754,
  "Darmstadt": 1518.22473145,
  "Bochum": 1514.06958008,
  "Holstein": 1513.37329102,
  "Schalke": 1502.35961914,
  "Hannover": 1496.57983398,
  "Lautern": 1489.27661133,
  "Hertha": 1485.98254395,
  "Karlsruhe": 1469.00549316,
  "Magdeburg": 1458.3548584,
  "Duesseldorf": 1451.58532715,
  "Nuernberg": 1448.72949219,
  "Muenster": 1410.0748291,
  "Bielefeld": 1389.45129395,
  "Braunschweig": 1378.80529785,
  "Fuerth": 1368.58898926,
  "Dresden": 1356.55566406
}