{
  "Arsenal": 2059.18066406,
  "Manchester City": 1952.0994873,
  "Liverpool": 1928.92236328,
  "Chelsea": 1897.28601074,
  "Manchester United": 1882.92102051,
  "Aston Villa": 1876.26708984,
  "Newcastle": 1866.95690918,
  "Brentford": 1839.59057617,
  "Brighton": 1835.64941406,
  "Bournemouth": 1823.1394043,
  "Everton": 1817.17272949,
  "Fulham": 1796.5345459,
  "Crystal Palace": 1790.62207031,
  "Tottenham": 1770.95898438,
  "Leeds": 1765.62097168,
  "Forest": 1764.39599609,
  "West Ham": 1747.84753418,
  "Wolverhampton": 1698.38549805,
  "Sunderland": 1692.71960449,
  "Burnley": 1684.59667969,
  "Ipswich": 1630.95629883,
  "Coventry": 1629.56567383,
  "Middlesbrough": 1592.86413574,
  "Southampton": 1581.03051758,
  "Millwall": 1576.36853027,
  "Sheffield United": 1559.05688477,
  "Norwich": 1547.71533203,
  "Wrexham": 1537.74768066,
  "Hull": 1531.24633789,
  "Derby": 1521.69775391,
  "Swansea": 1514.33129883,
  "Leicester": 1505.13110352,
  "Watford": 1503.25524902,
  "Stoke": 1501.17260742,
  "Bristol City": 1497.23278809,
  "Birmingham": 1489.07177734,
  "QPR": 1481.62475586,
  "Charlton": 1473.19433594,
  "Portsmouth": 1472.0045166,
  "Blackburn": 1471.51831055,
  "West Brom": 1468.37023926,
  "Preston": 1466.33898926,
  "Oxford": 1457.8190918,
  "Sheffield Weds": 1327.34887695
}