{
  "Inter": 1940.04602051,
  "Atalanta": 1820.95068359,
  "Napoli": 1817.24975586,
  "Roma": 1815.43798828,
  "Milan": 1804.19042969,
  "Juventus": 1793.35095215,
  "Lazio": 1750.37060547,
  "Bologna": 1746.14624023,
  "Fiorentina": 1711.96691895,
  "Como": 1679.07373047,
  "Torino": 1675.57189941,
  "Genoa": 1628.5847168,
  "Udinese": 1612.89648438,
  "Sassuolo": 1608.61572266,
  "Cagliari": 1604.86303711,
  "Parma": 1590.43273926,
  "Lecce": 1575.54577637,
  "Verona": 1574.92175293,
  "Cremonese": 1562.24584961,
  "Venezia": 1556.64318848,
  "Empoli": 1532.18188477,
  "Pisa": 1521.65039062,
  "Monza": 1514.59692383,
  "Palermo": 1494.08239746,
  "Frosinone": 1480.28515625,
  "Modena": 1465.80053711,
  "Juve Stabia": 1459.88708496,
  "Spezia": 1457.75927734,
  "Cesena": 1447.03515625,
  "Suedtirol": 1440.81091309,
  "Catanzaro": 1436.37658691,
  "Carrarese": 1429.64257812,
  "Reggiana": 1426.60864258,
  "Sampdoria": 1415.62670898,
  "Bari": 1405.69348145,
  "Avellino": 1384.19177246,
  "Padova": 1382.52685547,
  "Mantova": 1372.18041992,
  "Entella": 1367.02807617,
  "Pescara": 1364.12451172
}