{
  "PSG": 1967.70605469,
  "Marseille": 1785.77587891,
  "Lille": 1759.65002441,
  "Lens": 1753.32165527,
  "Lyon": 1739.55053711,
  "Monaco": 1713.39025879,
  "Strasbourg": 1699.46716309,
  "Rennais": 1691.50695801,
  "Toulouse": 1667.37255859,
  "Brest": 1655.85595703,
  "Lorient": 1603.36083984,
  "Nice": 1600.8704834,
  "Angers": 1581.89294434,
  "Auxerre": 1580.0489502,
  "Reims": 1561.72497559,
  "Le Havre": 1556.41552734,
  "Nantes": 1543.14379883,
  "Metz": 1542.47692871,
  "Paris FC": 1538.76696777,
  "Saint-Etienne": 1516.69885254,
  "Troyes": 1492.54443359,
  "Dunkerque": 1470.45825195,
  "Montpellier": 1464.01013184,
  "Annecy": 1435.86816406,
  "Le Mans": 1430.18273926,
  "Red Star": 1427.60620117,
  "Guingamp": 1427.18530273,
  "Rodez": 1420.57885742,
  "Grenoble": 1409.09631348,
  "Pau": 1402.42712402,
  "Clermont": 1397.48522949,
  "Laval": 1390.69091797,
  "Amiens": 1374.76647949,
  "Bastia": 1369.17285156,
  "Boulogne": 1361.61938477,
  "Nancy": 1358.11193848
}