{
  "Arsenal": 2047.2010498,
  "Manchester City": 1997.72705078,
  "Liverpool": 1945.69335938,
  "Aston Villa": 1921.72412109,
  "Chelsea": 1903.26708984,
  "Newcastle": 1867.39257812,
  "Brighton": 1834.96972656,
  "Manchester United": 1828.69091797,
  "Crystal Palace": 1828.6003418,
  "Brentford": 1816.2746582,
  "Tottenham": 1806.98535156,
  "Everton": 1806.3125,
  "Bournemouth": 1804.8112793,
  "Fulham": 1791.1763916,
  "Forest": 1783.23059082,
  "Leeds": 1751.88098145,
  "West Ham": 1732.17736816,
  "Burnley": 1699.7232666,
  "Sunderland": 1676.95056152,
  "Wolverhampton": 1645.1907959,
  "Coventry": 1638.13122559,
  "Ipswich": 1606.39624023,
  "Middlesbrough": 1573.82897949,
  "Leicester": 1564.52856445,
  "Southampton": 1548.50622559,
  "Sheffield United": 1548.09082031,
  "Bristol City": 1546.94628906,
  "Hull": 1530.26501465,
  "Preston": 1528.49475098,
  "Watford": 1523.02844238,
  "QPR": 1518.48583984,
  "Millwall": 1515.83203125,
  "Stoke": 1512.7565918,
  "Blackburn": 1506.6340332,
  "West Brom": 1503.30322266,
  "Derby": 1501.49829102,
  "Swansea": 1485.52246094,
  "Wrexham": 1484.20202637,
  "Norwich": 1474.98352051,
  "Birmingham": 1468.45129395,
  "Portsmouth": 1457.21081543,
  "Oxford": 1451.14440918,
  "Charlton": 1450.16064453,
  "Sheffield Weds": 1396.81726074
}