{
  "Barcelona": 1939.16821289,
  "Real Madrid": 1903.265625,
  "Atlético": 1836.76367188,
  "Betis": 1751.73706055,
  "Villarreal": 1739.72839355,
  "Celta": 1719.73486328,
  "Athletic": 1709.3203125,
  "Real Sociedad": 1682.81713867,
  "Osasuna": 1681.91442871,
  "Valencia": 1654.65246582,
  "Rayo Vallecano": 1640.7142334,
  "Espanyol": 1630.51696777,
  "Getafe": 1629.17895508,
  "Girona": 1624.55932617,
  "Sevilla": 1618.41149902,
  "Mallorca": 1608.37084961,
  "Alaves": 1598.81396484,
  "Elche": 1585.97460938,
  "Levante": 1583.36560059,
  "Racing": 1560.95666504,
  "Almeria": 1549.22045898,
  "Las Palmas": 1547.24609375,
  "Real Oviedo": 1546.98413086,
  "Castellon": 1532.83642578,
  "Leganes": 1516.75244141,
  "Depor": 1511.44628906,
  "Malaga": 1505.65563965,
  "Eibar": 1498.03210449,
  "Burgos": 1484.77111816,
  "Granada": 1480.09899902,
  "Sporting": 1476.07092285,
  "Cordoba": 1471.11474609,
  "Ceuta": 1460.59326172,
  "Albacete": 1457.60778809,
  "Cadiz": 1454.87976074,
  "Sociedad B": 1441.92053223,
  "Mirandes": 1435.94946289,
  "FC Andorra": 1432.50610352,
  "Huesca": 1431.10583496,
  "Valladolid": 1425.234375,
  "Zaragoza": 1384.79980469,
  "Leonesa": 1378.75537109
}