{
  "Real Madrid": 1956.515625,
  "Barcelona": 1925.62841797,
  "Atletico": 1886.01330566,
  "Athletic": 1801.01074219,
  "Villarreal": 1769.08679199,
  "Sociedad": 1716.0703125,
  "Betis": 1714.44421387,
  "Girona": 1689.2010498,
  "Sevilla": 1679.25598145,
  "Osasuna": 1672.01281738,
  "Celta": 1671.06164551,
  "Rayo Vallecano": 1661.55297852,
  "Getafe": 1656.95361328,
  "Mallorca": 1656.75708008,
  "Valencia": 1644.76013184,
  "Alaves": 1618.68078613,
  "Espanyol": 1618.03601074,
  "Las Palmas": 1591.43835449,
  "Leganes": 1590.4317627,
  "Levante": 1578.2520752,
  "Huesca": 1567.29345703,
  "Almeria": 1563.5859375,
  "Oviedo": 1557.49279785,
  "Elche": 1557.33435059,
  "Santander": 1546.51281738,
  "Cadiz": 1539.56787109,
  "Mirandes": 1537.99987793,
  "Granada": 1532.51733398,
  "Valladolid": 1531.71020508,
  "Gijon": 1509.76940918,
  "Eibar": 1503.74072266,
  "Albacete": 1487.28149414,
  "Depor": 1485.60437012,
  "Cordoba": 1484.0904541,
  "Zaragoza": 1481.20532227,
  "Malaga": 1474.8614502,
  "Castellon": 1461.20727539,
  "Burgos": 1455.14770508,
  "Eldense": 1426.29553223,
  "Tenerife": 1411.92956543,
  "Ferrol": 1391.94042969,
  "Cartagena": 1354.85510254
}