{
  "Barcelona": 1953.86767578,
  "Real Madrid": 1931.46374512,
  "Atlético": 1858.59130859,
  "Villarreal": 1747.27111816,
  "Betis": 1738.39990234,
  "Celta": 1721.67333984,
  "Athletic": 1697.37329102,
  "Real Sociedad": 1695.4050293,
  "Osasuna": 1676.0267334,
  "Valencia": 1657.23681641,
  "Rayo Vallecano": 1655.91870117,
  "Getafe": 1647.21496582,
  "Girona": 1646.77990723,
  "Espanyol": 1626.32019043,
  "Mallorca": 1625.70178223,
  "Sevilla": 1622.26342773,
  "Alaves": 1602.70959473,
  "Levante": 1593.34143066,
  "Elche": 1587.64575195,
  "Racing": 1576.76245117,
  "Real Oviedo": 1559.80615234,
  "Las Palmas": 1554.08154297,
  "Almeria": 1546.37451172,
  "Malaga": 1515.27770996,
  "Castellon": 1513.92333984,
  "Eibar": 1512.82385254,
  "Depor": 1511.74633789,
  "Leganes": 1504.65454102,
  "Granada": 1502.00415039,
  "Burgos": 1501.58654785,
  "Sporting": 1488.57299805,
  "Sociedad B": 1475.09204102,
  "Albacete": 1474.42797852,
  "Cadiz": 1463.39685059,
  "Cordoba": 1459.72387695,
  "Ceuta": 1449.78527832,
  "FC Andorra": 1446.93676758,
  "Valladolid": 1444.52490234,
  "Huesca": 1430.18798828,
  "Mirandes": 1421.78771973,
  "Zaragoza": 1417.78649902,
  "Leonesa": 1375.8347168
}