{
  "Arsenal": 2062.18554688,
  "Manchester City": 1987.54626465,
  "Liverpool": 1961.27978516,
  "Aston Villa": 1932.32312012,
  "Chelsea": 1922.3885498,
  "Manchester United": 1889.33508301,
  "Newcastle": 1876.30761719,
  "Brentford": 1847.7791748,
  "Bournemouth": 1846.37756348,
  "Brighton": 1842.41308594,
  "Everton": 1818.37963867,
  "Fulham": 1814.94335938,
  "Tottenham": 1809.32507324,
  "Crystal Palace": 1801.2701416,
  "Leeds": 1793.97375488,
  "Forest": 1789.2869873,
  "West Ham": 1751.30249023,
  "Burnley": 1707.5657959,
  "Sunderland": 1696.49145508,
  "Wolverhampton": 1680.35839844,
  "Ipswich": 1636.35949707,
  "Coventry": 1635.65466309,
  "Middlesbrough": 1602.29858398,
  "Southampton": 1582.16931152,
  "Sheffield United": 1576.71398926,
  "Millwall": 1574.10375977,
  "Hull": 1563.40881348,
  "Wrexham": 1543.71569824,
  "Bristol City": 1535.69775391,
  "Norwich": 1533.48400879,
  "Leicester": 1532.63842773,
  "Derby": 1530.41186523,
  "Swansea": 1528.51672363,
  "Watford": 1523.79211426,
  "Preston": 1521.48242188,
  "Stoke": 1515.60595703,
  "Birmingham": 1513.25341797,
  "QPR": 1510.79541016,
  "Portsmouth": 1501.19067383,
  "Blackburn": 1490.76220703,
  "Charlton": 1473.26367188,
  "West Brom": 1467.20617676,
  "Oxford": 1441.97790527,
  "Sheffield Weds": 1349.26159668
}