{
  "Inter": 1929.98962402,
  "Napoli": 1827.67382812,
  "Milan": 1803.74438477,
  "Atalanta": 1799.4786377,
  "Roma": 1797.52282715,
  "Juventus": 1792.05041504,
  "Lazio": 1756.39343262,
  "Bologna": 1751.9609375,
  "Fiorentina": 1697.66381836,
  "Como": 1687.12207031,
  "Torino": 1677.4453125,
  "Udinese": 1624.22058105,
  "Genoa": 1614.5324707,
  "Sassuolo": 1601.72131348,
  "Cagliari": 1589.10095215,
  "Parma": 1579.32080078,
  "Lecce": 1576.93566895,
  "Cremonese": 1576.79992676,
  "Verona": 1564.0838623,
  "Venezia": 1542.20385742,
  "Monza": 1539.40209961,
  "Pisa": 1536.85083008,
  "Empoli": 1506.04882812,
  "Frosinone": 1496.95495605,
  "Palermo": 1478.54821777,
  "Modena": 1475.85461426,
  "Catanzaro": 1462.2121582,
  "Spezia": 1461.14416504,
  "Cesena": 1452.10168457,
  "Juve Stabia": 1445.08398438,
  "Suedtirol": 1422.62060547,
  "Carrarese": 1420.30651855,
  "Bari": 1417.99645996,
  "Reggiana": 1417.44482422,
  "Sampdoria": 1407.31164551,
  "Padova": 1384.80554199,
  "Avellino": 1377.1628418,
  "Entella": 1366.16320801,
  "Mantova": 1364.78100586,
  "Pescara": 1352.37512207
}