{
  "Arsenal": 2032.82958984,
  "PSG": 1987.77941895,
  "Liverpool": 1974.4597168,
  "Manchester City": 1969.44177246,
  "Bayern Munich": 1967.81628418,
  "Real Madrid": 1953.27722168,
  "Inter": 1928.09289551,
  "Barcelona": 1927.42053223,
  "Chelsea": 1896.61523438,
  "Newcastle": 1884.92956543,
  "Aston Villa": 1873.8560791,
  "Atlético": 1861.33959961,
  "Bournemouth": 1847.41796875,
  "Borussia Dortmund": 1845.06665039,
  "Crystal Palace": 1842.23144531,
  "Napoli": 1832.78088379,
  "Brighton": 1832.25842285,
  "Tottenham": 1829.71472168,
  "Leverkusen": 1829.61560059,
  "Manchester United": 1828.62609863,
  "Brentford": 1821.59594727,
  "Atalanta": 1811.4609375,
  "Roma": 1804.69909668,
  "Sporting": 1801.65649414,
  "Milan": 1796.5682373,
  "Everton": 1792.01489258,
  "PSV": 1790.20141602,
  "Juventus": 1787.80529785,
  "Villarreal": 1786.76660156,
  "Benfica": 1785.95739746,
  "Lille": 1775.41711426,
  "Fulham": 1775.25598145,
  "Marseille": 1767.09350586,
  "RB Leipzig": 1757.27368164,
  "Monaco": 1755.22338867,
  "Lyon": 1754.56665039,
  "Forest": 1753.99230957,
  "Lazio": 1751.53857422,
  "Brugge": 1747.34313965,
  "Betis": 1746.89562988,
  "Bologna": 1744.35339355,
  "Porto": 1743.99743652,
  "Frankfurt": 1741.3605957,
  "Athletic": 1741.1574707,
  "Galatasaray": 1740.86218262,
  "Burnley": 1734.79406738,
  "Leeds": 1732.74438477,
  "Saint-Gilloise": 1727.18115234,
  "Strasbourg": 1726.04943848,
  "Stuttgart": 1719.06835938,
  "Lens": 1715.30151367,
  "Feyenoord": 1712.53686523,
  "Fiorentina": 1710.7019043,
  "West Ham": 1710.38500977,
  "Nice": 1690.34570312,
  "Wolverhampton": 1690.02685547,
  "Fenerbahce": 1689.92602539,
  "Freiburg": 1683.51330566,
  "Torino": 1682.58752441,
  "Como": 1682.01525879,
  "Celta": 1680.40197754,
  "Werder": 1676.86328125,
  "Osasuna": 1675.28771973,
  "Rayo Vallecano": 1675.07897949,
  "Slavia Prag": 1673.515625,
  "Midtjylland": 1672.34814453,
  "Olympiacos": 1672.2166748,
  "Braga": 1672.07006836,
  "Bodø/Glimt": 1667.8684082,
  "Mainz": 1667.00390625,
  "Toulouse": 1666.87658691,
  "Espanyol": 1665.47021484,
  "Valencia": 1658.65283203,
  "Brest": 1653.71984863,
  "Rennais": 1653.08398438,
  "Real Sociedad": 1649.70751953,
  "Sevilla": 1647.88415527,
  "Alaves": 1643.55126953,
  "Getafe": 1643.32507324,
  "Zenit": 1640.33081055,
  "Mallorca": 1638.74255371,
  "Hoffenheim": 1636.92150879,
  "Sunderland": 1634.45715332,
  "FC Krasnodar": 1631.63244629,
  "Ajax": 1630.85852051,
  "Wolfsburg": 1627.58825684,
  "Alkmaar": 1622.20178223,
  "Union Berlin": 1619.30944824,
  "Copenhagen": 1616.83850098,
  "Udinese": 1612.23840332,
  "Sassuolo": 1611.17578125,
  "Levante": 1610.53540039,
  "Elche": 1609.39501953,
  "CSKA Moskva": 1609.09484863,
  "Genoa": 1605.07800293,
  "Genk": 1602.66357422,
  "Augsburg": 1601.26708984,
  "PAOK": 1600.42541504,
  "Sparta Praha": 1599.24560547,
  "Gladbach": 1598.07873535,
  "Auxerre": 1597.26452637,
  "Girona": 1594.96936035,
  "Cagliari": 1593.95593262,
  "Viktoria Plzen": 1590.90563965,
  "Lorient": 1589.48632812,
  "Celtic": 1587.69250488,
  "Parma": 1586.9284668,
  "Nantes": 1586.72058105,
  "Koeln": 1583.16345215,
  "Cremonese": 1581.04516602,
  "Crvena Zvezda": 1575.00463867,
  "Le Havre": 1573.03759766,
  "St Pauli": 1568.94970703,
  "Brondby": 1567.69042969,
  "Verona": 1565.98059082,
  "Hamburg": 1565.78930664,
  "Viking": 1565.23132324,
  "Lecce": 1563.89770508,
  "Brann": 1562.12194824,
  "Qarabag": 1561.5645752,
  "Real Oviedo": 1561.52966309,
  "Anderlecht": 1557.03271484,
  "Spartak Moskva": 1554.22668457,
  "Paris FC": 1554.0637207,
  "Mjaellby": 1553.72131348,
  "Twente": 1552.87878418,
  "Angers": 1551.73217773,
  "Dinamo Zagreb": 1549.35864258,
  "Guimaraes": 1549.33349609,
  "Famalicao": 1547.60473633,
  "Metz": 1546.47436523,
  "Lok Moskva": 1545.93566895,
  "AEK": 1545.31420898,
  "Utrecht": 1541.51013184,
  "Shakhtar": 1540.8359375,
  "Aarhus": 1540.26904297,
  "Panathinaikos": 1536.7911377,
  "Heidenheim": 1535.71569824,
  "Pafos": 1534.87023926,
  "Pisa": 1531.70874023,
  "Dynamo Moskva": 1528.63305664,
  "Basel": 1527.73852539,
  "Jagiellonia": 1527.7298584,
  "Rakow": 1525.74230957,
  "Hammarby": 1523.62976074,
  "Sturm Graz": 1519.19274902,
  "Jablonec": 1517.65930176,
  "Rangers": 1517.46643066,
  "Ferencvaros": 1517.40148926,
  "RB Salzburg": 1514.00585938,
  "Trabzonspor": 1510.55114746,
  "Nordsjaelland": 1507.31604004,
  "Gil Vicente": 1505.3215332,
  "M Tel Aviv": 1504.90661621,
  "Lech": 1504.16271973,
  "Larnaca": 1504.02685547,
  "Nijmegen": 1503.63110352,
  "Gent": 1500.74560547,
  "Young Boys": 1499.59851074,
  "Antwerp": 1499.05944824,
  "Djurgarden": 1498.31188965,
  "Besiktas": 1497.71984863,
  "Go Ahead Eagles": 1494.79931641,
  "Mechelen": 1493.88586426,
  "Charleroi": 1493.48010254,
  "Beer-Sheva": 1491.03442383,
  "Sparta Rotterdam": 1485.05834961,
  "Legia": 1484.51062012,
  "Moreirense": 1484.45959473,
  "Aris Limassol": 1478.48205566,
  "Celje": 1476.41699219,
  "Gornik": 1475.94213867,
  "Samsunspor": 1475.77233887,
  "Omonia": 1475.0579834,
  "Rio Ave": 1474.59997559,
  "Randers": 1474.22106934,
  "Santa Clara": 1469.62231445,
  "Silkeborg": 1467.89624023,
  "Arouca": 1467.82641602,
  "Wolfsberg": 1465.06445312,
  "St Truiden": 1464.61413574,
  "Westerlo": 1464.0657959,
  "Malmoe": 1463.76525879,
  "Pogon": 1461.14660645,
  "Bueyueksehir": 1460.53710938,
  "Cracovia": 1454.86889648,
  "Rubin Kazan": 1453.67578125,
  "Dynamo Kyiv": 1453.29138184,
  "Hearts": 1452.65576172,
  "Estoril": 1452.55114746,
  "Razgrad": 1448.82678223,
  "Cercle Brugge": 1448.24816895,
  "Casa Pia": 1446.8659668,
  "Tromso": 1445.81103516,
  "Lausanne": 1442.98718262,
  "Viborg": 1442.7598877,
  "Craiova": 1442.12634277,
  "Rosenborg": 1442.11706543,
  "Goeztepe": 1438.75878906,
  "GAIS": 1437.22021484,
  "Servette": 1434.62756348,
  "Heerenveen": 1434.50866699,
  "Steaua": 1434.03076172,
  "Baltika": 1433.69970703,
  "Zwolle": 1433.6776123,
  "Groningen": 1433.06982422,
  "StGallen": 1432.24389648,
  "Rostov": 1428.76623535,
  "Alanyaspor": 1428.51977539,
  "Standard": 1427.77722168,
  "Banik Ostrava": 1427.28161621,
  "Nacional": 1426.80358887,
  "Hradec Kralove": 1422.40515137,
  "Levski": 1422.24804688,
  "Austria Wien": 1421.40625,
  "Molde": 1420.2076416,
  "Slovan Liberec": 1419.93237305,
  "Hajduk": 1419.86938477,
  "Korona": 1418.77429199,
  "Kasimpasa": 1417.42675781,
  "Aris": 1416.66296387,
  "Elfsborg": 1416.47521973,
  "AIK": 1412.89453125,
  "Rapid Bucuresti": 1412.09472656,
  "Sittard": 1411.5,
  "Rapid Wien": 1410.91308594,
  "SonderjyskE": 1409.56982422,
  "Konyaspor": 1408.82739258,
  "Goeteborg": 1406.1505127,
  "Haecken": 1406.0222168,
  "Fredrikstad": 1404.45031738,
  "Partizan": 1403.09875488,
  "Maccabi Haifa": 1403.00805664,
  "Leuven": 1402.49584961,
  "Gaziantep FK": 1401.44787598,
  "Luzern": 1401.07434082,
  "Paksi": 1400.88195801,
  "Hibernian": 1400.30969238,
  "Sigma Olomouc": 1399.60803223,
  "Kryliya Sovetov": 1398.45568848,
  "Sandefjord": 1397.38537598,
  "Sarpsborg": 1394.8059082,
  "IK Sirius": 1393.93249512,
  "Rizespor": 1392.57653809,
  "LASK": 1391.62866211,
  "KFUM Oslo": 1391.57543945,
  "Rijeka": 1390.83312988,
  "Alverca": 1389.5501709,
  "Zulte Waregem": 1388.10400391,
  "Puskas Akademia": 1388.05541992,
  "Piast Gliwice": 1386.62451172,
  "Lugano": 1386.11047363,
  "Terek Grozny": 1385.68811035,
  "Radomiak": 1384.60693359,
  "Lubin": 1383.35571289,
  "Katowice": 1378.40393066,
  "Slovan Bratislava": 1375.46789551,
  "Gyoer": 1375.36230469,
  "Plock": 1374.48083496,
  "Zuerich": 1373.24084473,
  "Estrela Amadora": 1371.93505859,
  "Levadeiakos": 1369.57946777,
  "Tondela": 1367.96105957,
  "Thun": 1367.88891602,
  "Sion": 1367.79431152,
  "Ham-Kam": 1365.25634766,
  "CFR Cluj": 1363.86804199,
  "Maribor": 1363.33972168,
  "Widzew": 1361.45617676,
  "Eyupspor": 1361.31604004,
  "Kayseri": 1360.98181152,
  "Bohemians Praha": 1359.46484375,
  "Hartberg": 1359.21313477,
  "RAAL": 1358.51452637,