{
  "PSG": 1955.85461426,
  "Lens": 1761.68432617,
  "Marseille": 1755.36108398,
  "Lyon": 1752.51916504,
  "Lille": 1726.5859375,
  "Strasbourg": 1695.01416016,
  "Rennais": 1695.00964355,
  "Monaco": 1673.33959961,
  "Toulouse": 1658.31274414,
  "Brest": 1650.98596191,
  "Lorient": 1609.43615723,
  "Nice": 1588.39685059,
  "Auxerre": 1563.31994629,
  "Le Havre": 1561.8416748,
  "Angers": 1559.0958252,
  "Reims": 1549.87097168,
  "Nantes": 1546.89208984,
  "Paris FC": 1541.00292969,
  "Metz": 1535.23620605,
  "Saint-Etienne": 1512.81860352,
  "Troyes": 1499.08361816,
  "Dunkerque": 1483.08764648,
  "Guingamp": 1441.91833496,
  "Montpellier": 1434.37084961,
  "Annecy": 1432.09838867,
  "Red Star": 1430.77478027,
  "Le Mans": 1425.16088867,
  "Rodez": 1413.19421387,
  "Clermont": 1397.53491211,
  "Pau": 1387.63183594,
  "Bastia": 1383.61352539,
  "Grenoble": 1378.42980957,
  "Laval": 1358.41101074,
  "Boulogne": 1354.84875488,
  "Amiens": 1350.39099121,
  "Nancy": 1347.67834473
}