{
  "Liverpool": 2021.23205566,
  "Arsenal": 2007.88415527,
  "PSG": 1972.28491211,
  "Barcelona": 1961.31530762,
  "Manchester City": 1956.75708008,
  "Real Madrid": 1952.29431152,
  "Bayern Munich": 1950.95214844,
  "Inter": 1918.47131348,
  "Chelsea": 1899.05212402,
  "Newcastle": 1860.70910645,
  "Crystal Palace": 1855.8671875,
  "Napoli": 1850.19567871,
  "Aston Villa": 1847.10644531,
  "Leverkusen": 1838.50244141,
  "Borussia Dortmund": 1837.44067383,
  "Atalanta": 1836.15625,
  "Atlético": 1833.75830078,
  "Roma": 1828.11450195,
  "Bournemouth": 1827.83496094,
  "Brighton": 1818.2019043,
  "Tottenham": 1816.75939941,
  "Juventus": 1816.52868652,
  "Manchester United": 1807.52429199,
  "Everton": 1804.22277832,
  "Sporting": 1799.04736328,
  "Fulham": 1796.89916992,
  "Milan": 1793.53088379,
  "Forest": 1793.29626465,
  "Brentford": 1791.93762207,
  "Benfica": 1789.36779785,
  "Villarreal": 1788.64562988,
  "Lille": 1783.14575195,
  "Saint-Gilloise": 1770.81799316,
  "Athletic": 1761.75146484,
  "Frankfurt": 1760.72900391,
  "Monaco": 1758.47277832,
  "Brugge": 1757.22924805,
  "Marseille": 1756.76696777,
  "Lyon": 1753.8449707,
  "PSV": 1752.17285156,
  "Bologna": 1744.31884766,
  "Lazio": 1743.17932129,
  "Leeds": 1739.43579102,
  "RB Leipzig": 1737.94995117,
  "Porto": 1737.03369141,
  "Betis": 1735.64086914,
  "Fiorentina": 1731.52661133,
  "Stuttgart": 1723.21557617,
  "West Ham": 1723.0916748,
  "Burnley": 1720.73583984,
  "Strasbourg": 1719.40820312,
  "Feyenoord": 1711.96313477,
  "Mainz": 1710.04772949,
  "Lens": 1708.08764648,
  "Wolverhampton": 1702.59143066,
  "Galatasaray": 1697.82275391,
  "Freiburg": 1691.7713623,
  "Osasuna": 1690.46386719,
  "Valencia": 1688.70153809,
  "Olympiacos": 1685.93115234,
  "Werder": 1679.86535645,
  "Torino": 1674.16296387,
  "Slavia Prag": 1671.80566406,
  "Nice": 1667.58581543,
  "Como": 1666.52026367,
  "Celta": 1665.7611084,
  "Rennais": 1660.22741699,
  "Wolfsburg": 1658.34313965,
  "Rayo Vallecano": 1658.33337402,
  "Bodø/Glimt": 1657.87817383,
  "Brest": 1657.31921387,
  "Espanyol": 1656.50231934,
  "Copenhagen": 1653.71630859,
  "Braga": 1653.27392578,
  "Toulouse": 1652.9987793,
  "Celtic": 1652.77539062,
  "Real Sociedad": 1651.84240723,
  "Alaves": 1650.30187988,
  "Genoa": 1650.26611328,
  "Fenerbahce": 1649.63793945,
  "Ajax": 1647.28747559,
  "Getafe": 1641.78466797,
  "Zenit": 1640.33081055,
  "Sevilla": 1636.55456543,
  "Genk": 1633.9473877,
  "Midtjylland": 1632.08044434,
  "FC Krasnodar": 1631.63244629,
  "Hoffenheim": 1630.99108887,
  "Udinese": 1630.2923584,
  "Union Berlin": 1630.09436035,
  "Gladbach": 1624.68395996,
  "Mallorca": 1622.58544922,
  "Alkmaar": 1621.24963379,
  "Cagliari": 1620.37695312,
  "Augsburg": 1619.77392578,
  "Auxerre": 1616.39001465,
  "Elche": 1613.98962402,
  "CSKA Moskva": 1609.09484863,
  "Levante": 1608.17407227,
  "St Pauli": 1604.84765625,
  "Crvena Zvezda": 1593.53125,
  "Parma": 1593.23693848,
  "Sassuolo": 1592.81445312,
  "Sunderland": 1592.02478027,
  "Verona": 1591.93786621,
  "Girona": 1590.76806641,
  "Koeln": 1588.57788086,
  "Lorient": 1584.09960938,
  "Anderlecht": 1583.60668945,
  "Nantes": 1580.08837891,
  "PAOK": 1578.59606934,
  "Sparta Praha": 1576.65942383,
  "AEK": 1575.91577148,
  "Real Oviedo": 1570.10266113,
  "Guimaraes": 1569.72961426,
  "Viktoria Plzen": 1566.83105469,
  "Lecce": 1566.56420898,
  "Cremonese": 1564.77294922,
  "Utrecht": 1563.67553711,
  "Hamburg": 1559.8717041,
  "Spartak Moskva": 1554.22668457,
  "Shakhtar": 1553.24487305,
  "Panathinaikos": 1553.14746094,
  "Twente": 1552.31921387,
  "Le Havre": 1549.64257812,
  "M Tel Aviv": 1548.72558594,
  "Qarabag": 1548.5480957,
  "Antwerp": 1548.52026367,
  "Rangers": 1548.22546387,
  "Brondby": 1547.64880371,
  "Lok Moskva": 1545.93579102,
  "Metz": 1545.92089844,
  "Heidenheim": 1542.23364258,
  "Paris FC": 1541.24621582,
  "Brann": 1541.2355957,
  "Angers": 1539.95935059,
  "Dinamo Zagreb": 1539.73327637,
  "Famalicao": 1538.67272949,
  "Viking": 1538.61828613,
  "Mjaellby": 1534.45959473,
  "Pafos": 1533.78527832,
  "Sturm Graz": 1531.26586914,
  "Dynamo Moskva": 1528.63293457,
  "Pisa": 1527.05615234,
  "Charleroi": 1525.39355469,
  "RB Salzburg": 1523.10351562,
  "Rakow": 1518.56188965,
  "Hammarby": 1514.80432129,
  "Jagiellonia": 1513.46960449,
  "Aarhus": 1513.09350586,
  "Jablonec": 1512.49694824,
  "Lech": 1509.92077637,
  "Beer-Sheva": 1508.64685059,
  "Basel": 1508.59851074,
  "Mechelen": 1508.33081055,
  "Gent": 1506.00878906,
  "Nordsjaelland": 1503.75488281,
  "Legia": 1502.64746094,
  "Djurgarden": 1500.25366211,
  "Ferencvaros": 1499.49084473,
  "Malmoe": 1496.17333984,
  "Nijmegen": 1491.64428711,
  "Moreirense": 1488.51855469,
  "Razgrad": 1487.15734863,
  "Young Boys": 1485.42199707,
  "Gil Vicente": 1483.84143066,
  "Dynamo Kyiv": 1483.7130127,
  "Westerlo": 1482.73291016,
  "Sparta Rotterdam": 1480.85546875,
  "Rosenborg": 1479.79980469,
  "Santa Clara": 1479.15722656,
  "Randers": 1478.04162598,
  "Go Ahead Eagles": 1477.47290039,
  "Craiova": 1476.70666504,
  "Omonia": 1475.61682129,
  "Cercle Brugge": 1474.77856445,
  "Arouca": 1474.73718262,
  "St Truiden": 1473.39245605,
  "Aris Limassol": 1470.07189941,
  "Besiktas": 1468.07324219,
  "Trabzonspor": 1463.48730469,
  "Wolfsberg": 1462.08496094,
  "Steaua": 1460.42407227,
  "Larnaca": 1459.74194336,
  "Cracovia": 1459.30786133,
  "Rapid Wien": 1458.52734375,
  "Casa Pia": 1457.32971191,
  "Standard": 1453.8125,
  "Rubin Kazan": 1453.67565918,
  "Silkeborg": 1453.14111328,
  "Estoril": 1453.01025391,
  "Gornik": 1452.91308594,
  "Rio Ave": 1452.83630371,
  "Celje": 1451.23681641,
  "Tromso": 1450.68933105,
  "Pogon": 1448.65795898,
  "Elfsborg": 1448.05432129,
  "Aris": 1447.10375977,
  "Viborg": 1446.98010254,
  "Zwolle": 1446.70056152,
  "Bueyueksehir": 1441.49108887,
  "Maccabi Haifa": 1440.52978516,
  "Austria Wien": 1437.9765625,
  "Banik Ostrava": 1437.81408691,
  "AIK": 1436.20422363,
  "Molde": 1436.03442383,
  "Baltika": 1433.69946289,
  "Hearts": 1432.00280762,
  "Groningen": 1429.58496094,
  "Rostov": 1428.76647949,
  "Sittard": 1427.32556152,
  "StGallen": 1426.03845215,
  "Korona": 1423.67492676,
  "Leuven": 1422.26635742,
  "Levski": 1420.19250488,
  "Samsunspor": 1420.08666992,
  "Heerenveen": 1419.96447754,
  "Goeztepe": 1419.37683105,
  "Alanyaspor": 1417.48352051,
  "Servette": 1414.74523926,
  "GAIS": 1414.0222168,
  "Slovan Liberec": 1412.32556152,
  "Hibernian": 1409.36633301,
  "Hradec Kralove": 1408.09680176,
  "Hajduk": 1406.76208496,
  "Piast Gliwice": 1403.59875488,
  "CFR Cluj": 1403.4954834,
  "Goeteborg": 1403.0637207,
  "Kasimpasa": 1400.26831055,
  "Kryliya Sovetov": 1398.45556641,
  "Nacional": 1398.19995117,
  "Fredrikstad": 1397.55603027,
  "SonderjyskE": 1396.60998535,
  "Lausanne": 1395.48962402,
  "Rapid Bucuresti": 1395.11035156,
  "Konyaspor": 1392.13330078,
  "KFUM Oslo": 1390.85986328,
  "Partizan": 1390.80004883,
  "LASK": 1390.59814453,
  "Rijeka": 1389.1385498,
  "Haecken": 1385.96447754,
  "Terek Grozny": 1385.68811035,
  "Slovan Bratislava": 1382.40673828,
  "Radomiak": 1382.33789062,
  "Dender": 1379.71948242,
  "Zuerich": 1377.92407227,
  "Luzern": 1377.67651367,
  "Paksi": 1377.3894043,
  "Puskas Akademia": 1376.5300293,
  "Gyoer": 1376.45922852,
  "Hartberg": 1376.23876953,
  "Sarpsborg": 1374.52246094,
  "Alverca": 1373.74597168,
  "Estrela Amadora": 1372.53515625,
  "Gaziantep FK": 1370.4029541,
  "St Mirren": 1370.34777832,
  "Sandefjord": 1368.24597168,
  "Zulte Waregem": 1367.27893066,
  "Lubin": 1366.89172363,
  "IK Sirius": 1366.57373047,
  "RAAL": 1365.84155273,
  "Rizespor": 1365.78540039,
  "Sigma Olomouc": 1364.88195801,
  "Tondela": 1364.44067383,
  "Fredericia": 1364.30517578,
  "Levadeiakos": 1364.27453613,
  "Plock": 1363.57275391,
  "Motor Lublin": 1363.08239746,
  "Universitatea Cluj": 1362.76867676,
  "Kayseri": 1360.89587402,
  "Maribor": 1359.23840332,
  "Widzew": 1357.89709473,
  "Odense": 1357.62585449,