{
  "Liverpool": 2013.1072998,
  "Arsenal": 2000.4029541,
  "Manchester City": 1945.47949219,
  "Chelsea": 1913.25280762,
  "Newcastle": 1865.48754883,
  "Crystal Palace": 1846.80407715,
  "Aston Villa": 1845.84521484,
  "Bournemouth": 1825.15515137,
  "Brighton": 1816.60375977,
  "Tottenham": 1807.2130127,
  "Everton": 1803.90881348,
  "Brentford": 1799.19226074,
  "Manchester United": 1794.9630127,
  "Forest": 1790.10888672,
  "Fulham": 1783.67016602,
  "West Ham": 1726.18054199,
  "Leeds": 1723.90734863,
  "Burnley": 1716.91992188,
  "Wolverhampton": 1712.14001465,
  "Leicester": 1617.57116699,
  "Ipswich": 1587.30187988,
  "Sunderland": 1583.44567871,
  "Middlesbrough": 1568.2388916,
  "Coventry": 1561.37475586,
  "Bristol City": 1558.61804199,
  "Sheffield United": 1558.26879883,
  "Southampton": 1546.69958496,
  "West Brom": 1543.83081055,
  "Swansea": 1522.2590332,
  "Norwich": 1515.03930664,
  "Millwall": 1511.02404785,
  "Stoke": 1510.0670166,
  "Blackburn": 1507.0201416,
  "Portsmouth": 1492.47338867,
  "QPR": 1490.37475586,
  "Preston": 1485.47705078,
  "Hull": 1479.2947998,
  "Watford": 1466.29101562,
  "Derby": 1465.80371094,
  "Oxford": 1444.85705566,
  "Sheffield Weds": 1444.77368164,
  "Birmingham": 1434.64672852,
  "Charlton": 1423.29077148,
  "Wrexham": 1419.00500488
}