{
  "Arsenal": 2046.63500977,
  "Manchester City": 1968.1262207,
  "Liverpool": 1933.55688477,
  "Aston Villa": 1911.01965332,
  "Chelsea": 1890.37890625,
  "Newcastle": 1872.12927246,
  "Manchester United": 1839.20373535,
  "Brighton": 1838.91809082,
  "Brentford": 1833.76220703,
  "Everton": 1809.38671875,
  "Fulham": 1801.52514648,
  "Bournemouth": 1799.17553711,
  "Tottenham": 1791.97229004,
  "Crystal Palace": 1789.83105469,
  "Forest": 1772.74829102,
  "Leeds": 1759.11669922,
  "West Ham": 1711.80432129,
  "Burnley": 1694.8692627,
  "Sunderland": 1690.06335449,
  "Wolverhampton": 1671.05786133,
  "Ipswich": 1627.73205566,
  "Coventry": 1611.95092773,
  "Middlesbrough": 1572.23925781,
  "Leicester": 1556.95129395,
  "Sheffield United": 1554.47375488,
  "Millwall": 1542.89941406,
  "Hull": 1537.06616211,
  "Bristol City": 1531.875,
  "Preston": 1528.24523926,
  "Watford": 1523.63354492,
  "Stoke": 1522.07141113,
  "Southampton": 1520.85949707,
  "QPR": 1507.18103027,
  "Derby": 1503.3963623,
  "Wrexham": 1501.83581543,
  "Swansea": 1490.22912598,
  "West Brom": 1487.35766602,
  "Blackburn": 1479.30541992,
  "Norwich": 1473.13317871,
  "Birmingham": 1470.18774414,
  "Portsmouth": 1457.86401367,
  "Charlton": 1456.71166992,
  "Oxford": 1437.67590332,
  "Sheffield Weds": 1374.12109375
}