{
  "PSG": 1951.34082031,
  "Lens": 1756.51037598,
  "Monaco": 1740.49609375,
  "Marseille": 1733.14941406,
  "Lille": 1723.06103516,
  "Lyon": 1720.40026855,
  "Strasbourg": 1709.69238281,
  "Rennais": 1690.19482422,
  "Brest": 1648.37182617,
  "Toulouse": 1642.45910645,
  "Lorient": 1631.0904541,
  "Auxerre": 1581.42126465,
  "Nice": 1577.0871582,
  "Paris FC": 1566.03979492,
  "Le Havre": 1555.16149902,
  "Angers": 1543.8737793,
  "Reims": 1539.1105957,
  "Saint-Etienne": 1532.59265137,
  "Nantes": 1513.09765625,
  "Metz": 1501.89465332,
  "Troyes": 1501.12145996,
  "Montpellier": 1467.74145508,
  "Le Mans": 1460.92602539,
  "Rodez": 1457.86157227,
  "Dunkerque": 1438.72338867,
  "Annecy": 1427.69506836,
  "Guingamp": 1426.50012207,
  "Red Star": 1418.51782227,
  "Pau": 1391.63305664,
  "Grenoble": 1377.26599121,
  "Boulogne": 1376.26208496,
  "Clermont": 1368.08764648,
  "Bastia": 1364.21081543,
  "Laval": 1352.01721191,
  "Nancy": 1326.17199707,
  "Amiens": 1316.42785645
}