{
  "Real Madrid": 1960.03479004,
  "Barcelona": 1910.77062988,
  "Atletico": 1876.5892334,
  "Athletic": 1800.75,
  "Villarreal": 1762.49414062,
  "Sociedad": 1717.24072266,
  "Girona": 1700.67565918,
  "Betis": 1675.75878906,
  "Osasuna": 1671.60864258,
  "Rayo Vallecano": 1667.92749023,
  "Sevilla": 1662.65246582,
  "Getafe": 1660.24035645,
  "Celta": 1650.83557129,
  "Mallorca": 1645.37744141,
  "Valencia": 1640.32458496,
  "Alaves": 1621.05908203,
  "Espanyol": 1599.67614746,
  "Las Palmas": 1598.53503418,
  "Leganes": 1584.77575684,
  "Almeria": 1565.4564209,
  "Levante": 1565.42468262,
  "Huesca": 1561.57226562,
  "Elche": 1558.77319336,
  "Oviedo": 1553.14367676,
  "Granada": 1549.55224609,
  "Valladolid": 1545.5279541,
  "Cadiz": 1545.34802246,
  "Santander": 1540.85681152,
  "Mirandes": 1533.40319824,
  "Eibar": 1502.99816895,
  "Gijon": 1501.25415039,
  "Zaragoza": 1484.87866211,
  "Albacete": 1484.09008789,
  "Depor": 1480.37438965,
  "Burgos": 1454.36120605,
  "Malaga": 1453.30639648,
  "Cordoba": 1442.49755859,
  "Castellon": 1434.05529785,
  "Tenerife": 1422.53588867,
  "Ferrol": 1407.1295166,
  "Eldense": 1404.96838379,
  "Cartagena": 1369.85339355
}