{
  "Barcelona": 1945.41369629,
  "Real Madrid": 1936.09655762,
  "Atlético": 1855.35119629,
  "Athletic": 1789.31530762,
  "Villarreal": 1785.54077148,
  "Betis": 1742.13037109,
  "Osasuna": 1697.22241211,
  "Celta": 1689.25744629,
  "Valencia": 1679.41174316,
  "Real Sociedad": 1667.34399414,
  "Rayo Vallecano": 1658.47155762,
  "Alaves": 1644.11132812,
  "Mallorca": 1641.24072266,
  "Sevilla": 1637.12036133,
  "Girona": 1637.02636719,
  "Espanyol": 1634.66809082,
  "Getafe": 1625.76342773,
  "Levante": 1610.27770996,
  "Leganes": 1599.01965332,
  "Real Oviedo": 1587.671875,
  "Elche": 1584.90148926,
  "Las Palmas": 1563.49987793,
  "Mirandes": 1560.61071777,
  "Almeria": 1543.83337402,
  "Granada": 1530.5904541,
  "Eibar": 1525.10327148,
  "Santander": 1522.46557617,
  "Cadiz": 1520.50366211,
  "Huesca": 1501.46691895,
  "Albacete": 1496.50183105,
  "Gijon": 1487.58093262,
  "Burgos": 1473.2052002,
  "Valladolid": 1467.31738281,
  "Cordoba": 1467.14453125,
  "Castellon": 1461.73693848,
  "Depor": 1458.72827148,
  "Zaragoza": 1450.0982666,
  "Malaga": 1448.69213867,
  "Tenerife": 1428.19897461,
  "Eldense": 1419.2557373,
  "Ferrol": 1350.67663574,
  "Cartagena": 1332.44519043
}