{
  "Inter": 1926.47961426,
  "Napoli": 1828.88757324,
  "Juventus": 1819.40539551,
  "Milan": 1816.54406738,
  "Atalanta": 1816.09460449,
  "Roma": 1809.36682129,
  "Lazio": 1739.46899414,
  "Bologna": 1734.66015625,
  "Como": 1723.64111328,
  "Fiorentina": 1657.67797852,
  "Torino": 1649.96887207,
  "Genoa": 1633.93066406,
  "Udinese": 1618.97705078,
  "Sassuolo": 1615.45007324,
  "Parma": 1601.89465332,
  "Cagliari": 1593.71362305,
  "Venezia": 1583.41638184,
  "Cremonese": 1577.35351562,
  "Verona": 1568.21862793,
  "Lecce": 1559.77490234,
  "Frosinone": 1539.29711914,
  "Monza": 1538.5567627,
  "Pisa": 1530.50500488,
  "Empoli": 1517.72692871,
  "Palermo": 1502.87768555,
  "Catanzaro": 1481.0456543,
  "Juve Stabia": 1453.00280762,
  "Cesena": 1449.96618652,
  "Modena": 1445.8951416,
  "Spezia": 1436.19555664,
  "Suedtirol": 1419.16955566,
  "Carrarese": 1407.85961914,
  "Sampdoria": 1407.29162598,
  "Padova": 1399.43969727,
  "Bari": 1389.44812012,
  "Reggiana": 1387.27966309,
  "Avellino": 1383.06103516,
  "Mantova": 1369.86071777,
  "Entella": 1361.96459961,
  "Pescara": 1349.29736328
}