{
  "Bayern Munich": 1990.03833008,
  "Borussia Dortmund": 1853.05566406,
  "Leverkusen": 1827.71777344,
  "RB Leipzig": 1771.02038574,
  "Frankfurt": 1746.26281738,
  "Stuttgart": 1715.08129883,
  "Freiburg": 1687.3581543,
  "Werder": 1682.26806641,
  "Mainz": 1671.35864258,
  "Hoffenheim": 1650.20239258,
  "Union Berlin": 1625.22412109,
  "Wolfsburg": 1624.06689453,
  "Gladbach": 1619.0020752,
  "Augsburg": 1603.03747559,
  "Koeln": 1599.89758301,
  "Hamburg": 1558.81494141,
  "St Pauli": 1557.78588867,
  "Heidenheim": 1545.30236816,
  "Paderborn": 1538.07678223,
  "Elversberg": 1533.1673584,
  "Holstein": 1510.99951172,
  "Karlsruhe": 1506.84790039,
  "Bochum": 1499.05480957,
  "Hannover": 1493.60119629,
  "Lautern": 1486.12121582,
  "Hertha": 1477.75463867,
  "Darmstadt": 1477.24243164,
  "Schalke": 1470.59924316,
  "Duesseldorf": 1456.95495605,
  "Nuernberg": 1428.07995605,
  "Muenster": 1411.54272461,
  "Magdeburg": 1405.98413086,
  "Bielefeld": 1382.42749023,
  "Fuerth": 1380.54772949,
  "Braunschweig": 1357.85107422,
  "Dresden": 1338.4597168
}