{
  "Barcelona": 1933.28088379,
  "Real Madrid": 1906.04699707,
  "Atlético": 1848.46887207,
  "Betis": 1730.39831543,
  "Villarreal": 1728.06164551,
  "Celta": 1699.73632812,
  "Athletic": 1686.92956543,
  "Real Sociedad": 1665.77404785,
  "Osasuna": 1657.53833008,
  "Valencia": 1639.69970703,
  "Espanyol": 1632.26953125,
  "Alaves": 1615.60949707,
  "Girona": 1615.52941895,
  "Mallorca": 1612.21789551,
  "Sevilla": 1608.00085449,
  "Rayo Vallecano": 1607.16748047,
  "Elche": 1590.65588379,
  "Getafe": 1588.58312988,
  "Levante": 1584.61206055,
  "Racing": 1546.29504395,
  "Las Palmas": 1534.44360352,
  "Real Oviedo": 1533.71179199,
  "Leganes": 1521.54504395,
  "Almeria": 1517.50341797,
  "Castellon": 1506.6673584,
  "Malaga": 1494.15087891,
  "Cadiz": 1484.99633789,
  "Depor": 1483.02478027,
  "Cordoba": 1480.3359375,
  "Granada": 1476.78161621,
  "Eibar": 1473.66125488,
  "Sporting": 1472.0859375,
  "Burgos": 1463.45385742,
  "Albacete": 1453.82397461,
  "Ceuta": 1442.58581543,
  "Valladolid": 1439.05786133,
  "Huesca": 1427.78942871,
  "Mirandes": 1421.15930176,
  "FC Andorra": 1416.85302734,
  "Sociedad B": 1408.08410645,
  "Zaragoza": 1395.20690918,
  "Leonesa": 1388.06213379
}