{
  "PSG": 1937.85241699,
  "Lyon": 1757.16149902,
  "Lens": 1751.4786377,
  "Marseille": 1719.75256348,
  "Strasbourg": 1705.34814453,
  "Monaco": 1691.68066406,
  "Lille": 1690.49157715,
  "Rennais": 1681.50524902,
  "Brest": 1655.03820801,
  "Toulouse": 1636.03393555,
  "Lorient": 1621.28979492,
  "Nice": 1582.20825195,
  "Le Havre": 1560.48608398,
  "Auxerre": 1556.36547852,
  "Angers": 1553.22973633,
  "Reims": 1537.40234375,
  "Paris FC": 1533.46057129,
  "Nantes": 1523.74047852,
  "Metz": 1504.89233398,
  "Saint-Etienne": 1503.16943359,
  "Dunkerque": 1461.56176758,
  "Troyes": 1461.00158691,
  "Montpellier": 1444.1217041,
  "Annecy": 1442.36999512,
  "Rodez": 1437.74768066,
  "Guingamp": 1428.18359375,
  "Le Mans": 1426.25708008,
  "Red Star": 1402.39367676,
  "Pau": 1387.95800781,
  "Grenoble": 1384.67102051,
  "Clermont": 1375.78723145,
  "Bastia": 1372.73413086,
  "Boulogne": 1352.6706543,
  "Laval": 1344.68444824,
  "Amiens": 1338.24365234,
  "Nancy": 1336.25402832
}