{
  "Arsenal": 2018.11584473,
  "PSG": 1990.35437012,
  "Liverpool": 1987.67663574,
  "Manchester City": 1963.80175781,
  "Bayern Munich": 1961.49267578,
  "Real Madrid": 1942.6072998,
  "Barcelona": 1930.02905273,
  "Inter": 1927.01550293,
  "Chelsea": 1897.49401855,
  "Newcastle": 1878.90612793,
  "Aston Villa": 1868.9239502,
  "Crystal Palace": 1861.45410156,
  "Atlético": 1854.9519043,
  "Napoli": 1849.04431152,
  "Borussia Dortmund": 1845.10754395,
  "Leverkusen": 1838.1965332,
  "Bournemouth": 1835.78552246,
  "Atalanta": 1835.02990723,
  "Brighton": 1832.16149902,
  "Roma": 1826.38342285,
  "Tottenham": 1818.39245605,
  "Juventus": 1816.10986328,
  "Everton": 1810.44238281,
  "Milan": 1803.56921387,
  "Manchester United": 1802.17944336,
  "Lille": 1799.27416992,
  "Brentford": 1797.77233887,
  "Sporting": 1794.74768066,
  "Benfica": 1790.74475098,
  "Marseille": 1789.58410645,
  "Villarreal": 1788.73913574,
  "Fulham": 1780.80578613,
  "Lyon": 1765.18286133,
  "Forest": 1760.24316406,
  "Betis": 1757.16638184,
  "PSV": 1754.7286377,
  "Athletic": 1753.95202637,
  "Monaco": 1753.50500488,
  "Lazio": 1751.24194336,
  "Frankfurt": 1750.50549316,
  "Brugge": 1750.16271973,
  "Porto": 1749.75585938,
  "RB Leipzig": 1745.04431152,
  "Bologna": 1742.01660156,
  "Saint-Gilloise": 1737.05236816,
  "Leeds": 1734.20092773,
  "Strasbourg": 1730.98779297,
  "Lens": 1726.42663574,
  "West Ham": 1724.65795898,
  "Fiorentina": 1721.32861328,
  "Galatasaray": 1719.8951416,
  "Stuttgart": 1712.92675781,
  "Burnley": 1712.84228516,
  "Wolverhampton": 1709.85534668,
  "Feyenoord": 1700.30053711,
  "Osasuna": 1689.31994629,
  "Freiburg": 1688.63220215,
  "Mainz": 1682.01904297,
  "Werder": 1678.26806641,
  "Brest": 1673.51123047,
  "Toulouse": 1672.39660645,
  "Slavia Prag": 1672.17663574,
  "Sevilla": 1671.63964844,
  "Nice": 1671.31115723,
  "Rennais": 1669.10986328,
  "Torino": 1668.24914551,
  "Valencia": 1668.08288574,
  "Como": 1668.07836914,
  "Celta": 1667.99475098,
  "Fenerbahce": 1666.09606934,
  "Bodø/Glimt": 1664.09240723,
  "Olympiacos": 1662.59411621,
  "Braga": 1661.9432373,
  "Rayo Vallecano": 1659.34338379,
  "Alaves": 1652.4263916,
  "Midtjylland": 1650.74267578,
  "Espanyol": 1650.07470703,
  "Copenhagen": 1644.21496582,
  "Real Sociedad": 1641.45458984,
  "Zenit": 1640.33081055,
  "Wolfsburg": 1636.47949219,
  "Genoa": 1635.38500977,
  "Getafe": 1634.25244141,
  "FC Krasnodar": 1631.63244629,
  "Ajax": 1630.28515625,
  "Mallorca": 1626.76306152,
  "Levante": 1624.64916992,
  "Celtic": 1621.16467285,
  "Hoffenheim": 1620.4185791,
  "Union Berlin": 1620.0098877,
  "Augsburg": 1619.30444336,
  "Auxerre": 1618.49719238,
  "Cagliari": 1617.73327637,
  "Udinese": 1617.51428223,
  "Genk": 1615.84106445,
  "Gladbach": 1615.57824707,
  "Elche": 1613.94006348,
  "Sassuolo": 1612.69177246,
  "CSKA Moskva": 1609.09484863,
  "Sunderland": 1602.29663086,
  "Girona": 1600.16943359,
  "Lorient": 1598.95617676,
  "Nantes": 1598.35131836,
  "Sparta Praha": 1593.73999023,
  "St Pauli": 1592.6192627,
  "Parma": 1592.37304688,
  "Crvena Zvezda": 1591.36669922,
  "Koeln": 1589.96130371,
  "Alkmaar": 1585.98522949,
  "Hamburg": 1581.30810547,
  "Lecce": 1580.21032715,
  "Verona": 1579.61462402,
  "Anderlecht": 1572.07348633,
  "Real Oviedo": 1570.90539551,
  "Paris FC": 1568.13659668,
  "Qarabag": 1566.93884277,
  "Cremonese": 1566.36865234,
  "PAOK": 1564.23120117,
  "Le Havre": 1563.60009766,
  "Shakhtar": 1561.95629883,
  "Guimaraes": 1561.3416748,
  "Brondby": 1560.16870117,
  "Viktoria Plzen": 1556.25158691,
  "AEK": 1554.80615234,
  "Spartak Moskva": 1554.22668457,
  "Viking": 1550.48291016,
  "Twente": 1550.08129883,
  "Dinamo Zagreb": 1548.84082031,
  "Metz": 1548.32067871,
  "Lok Moskva": 1545.93579102,
  "Heidenheim": 1544.72485352,
  "Sturm Graz": 1544.31726074,
  "Brann": 1542.71716309,
  "Mjaellby": 1541.35693359,
  "Utrecht": 1540.54602051,
  "Basel": 1538.19726562,
  "Famalicao": 1537.95092773,
  "Rakow": 1536.12670898,
  "Pafos": 1535.32958984,
  "Angers": 1534.93896484,
  "Panathinaikos": 1534.04724121,
  "Aarhus": 1529.73156738,
  "Dynamo Moskva": 1528.63293457,
  "RB Salzburg": 1527.82299805,
  "Rangers": 1526.6439209,
  "Pisa": 1525.69812012,
  "Jagiellonia": 1523.33239746,
  "Ferencvaros": 1522.77966309,
  "Lech": 1522.40673828,
  "M Tel Aviv": 1517.3614502,
  "Antwerp": 1516.68530273,
  "Gent": 1512.27563477,
  "Beer-Sheva": 1510.39379883,
  "Nordsjaelland": 1505.27282715,
  "Hammarby": 1504.93615723,
  "Jablonec": 1504.55285645,
  "Djurgarden": 1500.36193848,
  "Young Boys": 1496.46386719,
  "Mechelen": 1494.43969727,
  "Nijmegen": 1493.58740234,
  "Charleroi": 1492.42541504,
  "Gil Vicente": 1492.40332031,
  "Besiktas": 1491.80541992,
  "Trabzonspor": 1489.25695801,
  "Moreirense": 1489.0723877,
  "Legia": 1485.96704102,
  "Larnaca": 1483.66015625,
  "Celje": 1481.73303223,
  "Randers": 1481.46643066,
  "Razgrad": 1477.00402832,
  "Omonia": 1475.75073242,
  "Westerlo": 1475.44030762,
  "Aris Limassol": 1474.88024902,
  "Arouca": 1472.44226074,
  "Wolfsberg": 1471.44775391,
  "St Truiden": 1470.79724121,
  "Dynamo Kyiv": 1470.43200684,
  "Rio Ave": 1468.75512695,
  "Gornik": 1466.54394531,
  "Malmoe": 1466.25195312,
  "Go Ahead Eagles": 1465.91027832,
  "Santa Clara": 1465.42858887,
  "Sparta Rotterdam": 1458.70703125,
  "Estoril": 1455.82873535,
  "Rubin Kazan": 1453.67565918,
  "Cercle Brugge": 1453.453125,
  "Casa Pia": 1453.33190918,
  "Pogon": 1450.38317871,
  "Tromso": 1450.22521973,
  "Rosenborg": 1449.95690918,
  "Samsunspor": 1449.70959473,
  "Craiova": 1448.66662598,
  "Cracovia": 1448.21691895,
  "Steaua": 1448.18640137,
  "Viborg": 1446.25341797,
  "Silkeborg": 1442.57531738,
  "Bueyueksehir": 1439.5994873,
  "Goeztepe": 1438.29858398,
  "Molde": 1437.89892578,
  "Austria Wien": 1437.27648926,
  "Standard": 1434.54772949,
  "Lausanne": 1433.90710449,
  "Baltika": 1433.69958496,
  "Banik Ostrava": 1432.96691895,
  "Hearts": 1431.1003418,
  "Rapid Wien": 1431.08325195,
  "Maccabi Haifa": 1429.92590332,
  "Rostov": 1428.76647949,
  "Korona": 1426.69799805,
  "Nacional": 1425.88037109,
  "Groningen": 1425.5279541,
  "Alanyaspor": 1425.44616699,
  "Zwolle": 1423.7401123,
  "Elfsborg": 1423.68237305,
  "Servette": 1423.56958008,
  "Slovan Liberec": 1421.2010498,
  "Heerenveen": 1421.02612305,
  "Hajduk": 1419.68908691,
  "Sittard": 1419.55761719,
  "Kasimpasa": 1419.3951416,
  "AIK": 1417.29980469,
  "StGallen": 1416.76306152,
  "GAIS": 1416.68798828,
  "Konyaspor": 1414.46923828,
  "Levski": 1412.40917969,
  "Aris": 1409.39331055,
  "Hradec Kralove": 1406.85888672,
  "Piast Gliwice": 1406.10205078,
  "Leuven": 1405.25280762,
  "Alverca": 1404.82250977,
  "Luzern": 1400.88110352,
  "KFUM Oslo": 1400.57763672,
  "Goeteborg": 1400.45751953,
  "Hibernian": 1399.48742676,
  "Haecken": 1399.48400879,
  "CFR Cluj": 1398.72570801,
  "Rapid Bucuresti": 1398.72363281,
  "Kryliya Sovetov": 1398.45568848,
  "Partizan": 1398.21386719,
  "Paksi": 1395.55273438,
  "SonderjyskE": 1394.0592041,
  "Radomiak": 1393.40991211,
  "Gaziantep FK": 1393.13977051,
  "Sarpsborg": 1392.33032227,
  "Rijeka": 1390.6529541,
  "Zuerich": 1388.5925293,
  "Fredrikstad": 1387.59436035,
  "Rizespor": 1386.26513672,
  "Terek Grozny": 1385.68811035,
  "Lugano": 1383.11425781,
  "Sigma Olomouc": 1382.77722168,
  "Sandefjord": 1382.31530762,
  "LASK": 1382.31298828,
  "Puskas Akademia": 1380.17797852,
  "Estrela Amadora": 1380.13427734,
  "Slovan Bratislava": 1378.30554199,
  "Gyoer": 1374.06213379,
  "IK Sirius": 1373.28430176,
  "Hartberg": 1372.10766602,
  "Zulte Waregem": 1371.77258301,
  "Tondela": 1371.31677246,
  "Lubin": 1369.93603516,
  "Widzew": 1366.16577148,
  "Plock": 1363.98974609,
  "Levadeiakos": 1363.97497559,
  "Dender": 1363.15856934,
  "Kayseri": 1362.12219238,
  "Maribor": 1360.68554688,
  "Bohemians Praha": 1359.39575195,
  "Motor Lublin": 1358.72314453,
  "Valerenga": 1358.68127441,
  "Heracles": 1358.52636719,
  "Sion": 1357.56433105,