{
  "Arsenal": 2036.7947998,
  "PSG": 1989.25048828,
  "Liverpool": 1980.69702148,
  "Manchester City": 1975.11303711,
  "Bayern Munich": 1974.59399414,
  "Real Madrid": 1956.32543945,
  "Inter": 1929.98962402,
  "Barcelona": 1929.21655273,
  "Chelsea": 1903.9901123,
  "Newcastle": 1869.21850586,
  "Aston Villa": 1867.61889648,
  "Atlético": 1865.38769531,
  "Crystal Palace": 1851.1829834,
  "Borussia Dortmund": 1848.17602539,
  "Bournemouth": 1841.74658203,
  "Brighton": 1839.87194824,
  "Manchester United": 1827.84033203,
  "Napoli": 1827.67382812,
  "Leverkusen": 1822.83813477,
  "Tottenham": 1822.33996582,
  "Brentford": 1812.64440918,
  "Milan": 1803.74438477,
  "Sporting": 1802.81945801,
  "Atalanta": 1799.4786377,
  "Roma": 1797.52282715,
  "Villarreal": 1794.68530273,
  "Benfica": 1792.34484863,
  "Juventus": 1792.05041504,
  "PSV": 1791.71008301,
  "Everton": 1788.97290039,
  "Fulham": 1783.51745605,
  "Lille": 1777.7487793,
  "Marseille": 1772.30566406,
  "RB Leipzig": 1766.14074707,
  "Lazio": 1756.39343262,
  "Forest": 1754.7779541,
  "Betis": 1753.90942383,
  "Lyon": 1753.34423828,
  "Bologna": 1751.9609375,
  "Porto": 1749.3638916,
  "Brugge": 1748.21105957,
  "Monaco": 1741.20471191,
  "Frankfurt": 1736.65368652,
  "Galatasaray": 1733.99743652,
  "Athletic": 1732.07775879,
  "Saint-Gilloise": 1731.18762207,
  "Burnley": 1730.82873535,
  "West Ham": 1726.09570312,
  "Leeds": 1725.13061523,
  "Lens": 1721.81311035,
  "Feyenoord": 1713.93432617,
  "Strasbourg": 1711.47277832,
  "Stuttgart": 1710.20153809,
  "Fiorentina": 1697.66381836,
  "Fenerbahce": 1694.7043457,
  "Nice": 1688.87463379,
  "Celta": 1688.20288086,
  "Como": 1687.12207031,
  "Freiburg": 1682.47839355,
  "Wolverhampton": 1681.76538086,
  "Torino": 1677.4453125,
  "Werder": 1677.38842773,
  "Slavia Prag": 1676.49914551,
  "Olympiacos": 1674.37109375,
  "Osasuna": 1673.92712402,
  "Midtjylland": 1667.69714355,
  "Rennais": 1667.66064453,
  "Rayo Vallecano": 1667.16015625,
  "Braga": 1666.70336914,
  "Mainz": 1666.47900391,
  "Toulouse": 1662.76074219,
  "Real Sociedad": 1658.78747559,
  "Espanyol": 1658.3203125,
  "Valencia": 1655.60449219,
  "Brest": 1654.94226074,
  "Alaves": 1650.70141602,
  "Getafe": 1648.7322998,
  "Bodø/Glimt": 1648.4239502,
  "Hoffenheim": 1645.32275391,
  "Sevilla": 1643.83618164,
  "Zenit": 1640.33081055,
  "Sunderland": 1637.49914551,
  "Mallorca": 1631.72875977,
  "FC Krasnodar": 1631.63244629,
  "Alkmaar": 1628.25231934,
  "Ajax": 1624.5411377,
  "Udinese": 1624.22058105,
  "Union Berlin": 1620.34448242,
  "Wolfsburg": 1619.18725586,
  "Copenhagen": 1618.70031738,
  "Genoa": 1614.5324707,
  "Gladbach": 1614.12243652,
  "CSKA Moskva": 1609.09484863,
  "Genk": 1608.46704102,
  "Elche": 1607.59912109,
  "PAOK": 1604.44055176,
  "Levante": 1602.734375,
  "Sassuolo": 1601.72131348,
  "Augsburg": 1598.15783691,
  "Koeln": 1595.01782227,
  "Viktoria Plzen": 1594.39404297,
  "Auxerre": 1592.05249023,
  "Girona": 1589.56213379,
  "Cagliari": 1589.10095215,
  "Celtic": 1587.69250488,
  "Sparta Praha": 1586.4239502,
  "Lorient": 1582.97473145,
  "Parma": 1579.32080078,
  "Le Havre": 1577.15332031,
  "Lecce": 1576.93566895,
  "Cremonese": 1576.79992676,
  "Brondby": 1576.76367188,
  "Nantes": 1571.5213623,
  "Viking": 1568.59912109,
  "Paris FC": 1568.08239746,
  "Crvena Zvezda": 1565.70739746,
  "Anderlecht": 1564.35900879,
  "Verona": 1564.0838623,
  "Real Oviedo": 1562.89025879,
  "Metz": 1561.67358398,
  "Qarabag": 1561.56445312,
  "Mjaellby": 1559.96447754,
  "Spartak Moskva": 1554.22668457,
  "Hamburg": 1553.93518066,
  "Famalicao": 1553.7890625,
  "St Pauli": 1552.90612793,
  "Twente": 1551.24487305,
  "Angers": 1549.40039062,
  "Dinamo Zagreb": 1549.35876465,
  "Brann": 1549.21411133,
  "Shakhtar": 1548.3034668,
  "AEK": 1547.59191895,
  "Utrecht": 1546.9420166,
  "Lok Moskva": 1545.93579102,
  "Aarhus": 1544.91992188,
  "Guimaraes": 1542.94567871,
  "Heidenheim": 1540.42260742,
  "Pisa": 1536.85083008,
  "Rakow": 1535.57006836,
  "Pafos": 1534.87036133,
  "Basel": 1528.8482666,
  "Dynamo Moskva": 1528.63305664,
  "Panathinaikos": 1523.76916504,
  "Ferencvaros": 1521.60449219,
  "RB Salzburg": 1518.56298828,
  "Jagiellonia": 1517.9017334,
  "Hammarby": 1517.79858398,
  "Rangers": 1517.46643066,
  "Trabzonspor": 1517.41589355,
  "Gil Vicente": 1511.66040039,
  "Sturm Graz": 1509.06079102,
  "M Tel Aviv": 1504.90649414,
  "Larnaca": 1504.02734375,
  "Lech": 1498.60803223,
  "Young Boys": 1498.48852539,
  "Nijmegen": 1498.19921875,
  "Jablonec": 1497.5078125,
  "Moreirense": 1496.73828125,
  "Beer-Sheva": 1495.36804199,
  "Djurgarden": 1494.72106934,
  "Besiktas": 1492.94177246,
  "Antwerp": 1491.55114746,
  "Nordsjaelland": 1489.27001953,
  "Samsunspor": 1486.98571777,
  "Mechelen": 1486.55981445,
  "Go Ahead Eagles": 1484.60827637,
  "Legia": 1482.94616699,
  "Gent": 1482.42749023,
  "Gornik": 1482.27270508,
  "Charleroi": 1481.37841797,
  "Sparta Rotterdam": 1479.00769043,
  "Aris Limassol": 1478.48205566,
  "Celje": 1477.98657227,
  "Omonia": 1475.0579834,
  "St Truiden": 1472.12255859,
  "Estoril": 1471.67932129,
  "Randers": 1466.52429199,
  "Bueyueksehir": 1464.48168945,
  "Santa Clara": 1463.28308105,
  "Malmoe": 1463.22290039,
  "Wolfsberg": 1459.58813477,
  "Silkeborg": 1458.82275391,
  "Westerlo": 1458.26257324,
  "Hearts": 1457.78271484,
  "Tromso": 1456.19897461,
  "Arouca": 1455.54748535,
  "Rio Ave": 1455.47167969,
  "Rubin Kazan": 1453.67578125,
  "Cracovia": 1451.06347656,
  "Lausanne": 1450.80895996,
  "Viborg": 1450.45654297,
  "Pogon": 1449.04333496,
  "Razgrad": 1446.70324707,
  "Dynamo Kyiv": 1445.82348633,
  "Steaua": 1443.52636719,
  "Goeztepe": 1442.78869629,
  "Heerenveen": 1440.8260498,
  "Craiova": 1439.9765625,
  "Standard": 1439.87915039,
  "Cercle Brugge": 1439.19714355,
  "Groningen": 1434.70373535,
  "Baltika": 1433.69970703,
  "StGallen": 1432.24365234,
  "Rosenborg": 1432.20349121,
  "GAIS": 1431.72509766,
  "Slovan Liberec": 1431.04284668,
  "Casa Pia": 1430.82763672,
  "Levski": 1430.63220215,
  "Hradec Kralove": 1430.28405762,
  "Molde": 1430.12084961,
  "Rostov": 1428.76635742,
  "AIK": 1428.70861816,
  "Alanyaspor": 1426.03381348,
  "Banik Ostrava": 1424.29785156,
  "Rapid Wien": 1421.04516602,
  "Leuven": 1420.81408691,
  "Nacional": 1420.61914062,
  "Servette": 1420.50964355,
  "Hajduk": 1419.86938477,
  "Korona": 1419.8416748,
  "SonderjyskE": 1414.85620117,
  "Aris": 1414.50830078,
  "Rapid Bucuresti": 1414.24462891,
  "Luzern": 1412.94873047,
  "Zwolle": 1412.640625,
  "Sigma Olomouc": 1412.46154785,
  "Austria Wien": 1412.37609863,
  "Fredrikstad": 1411.14904785,
  "Sittard": 1409.99145508,
  "Goeteborg": 1409.74157715,
  "Kasimpasa": 1409.60205078,
  "Haecken": 1406.56494141,
  "Gaziantep FK": 1403.93395996,
  "Maccabi Haifa": 1403.00793457,
  "Paksi": 1401.69665527,
  "Elfsborg": 1400.66149902,
  "IK Sirius": 1400.54663086,
  "Kryliya Sovetov": 1398.45568848,
  "LASK": 1397.89245605,
  "Konyaspor": 1397.61413574,
  "Rizespor": 1396.82971191,
  "Hibernian": 1396.03552246,
  "Radomiak": 1393.35510254,
  "Katowice": 1392.28479004,
  "Rijeka": 1390.83312988,
  "Alverca": 1388.38696289,
  "Puskas Akademia": 1388.05554199,
  "Estrela Amadora": 1387.9732666,
  "Lubin": 1387.16088867,
  "Sandefjord": 1387.08740234,
  "Plock": 1386.58410645,
  "Lugano": 1386.11047363,
  "Terek Grozny": 1385.68798828,
  "Piast Gliwice": 1385.55712891,
  "Sarpsborg": 1384.41748047,
  "Zulte Waregem": 1384.09777832,
  "Partizan": 1381.38867188,
  "Valerenga": 1377.94470215,
  "Levadeiakos": 1377.65258789,
  "Odense": 1376.51855469,
  "Ham-Kam": 1375.55395508,
  "Slovan Bratislava": 1375.46789551,
  "Gyoer": 1374.54760742,
  "Thun": 1374.29003906,
  "Heracles": 1371.76672363,
  "Maribor": 1370.60437012,
  "Kayseri": 1368.80664062,
  "Hartberg": 1368.24328613,
  "KFUM Oslo": 1367.70397949,
  "Tondela": 1367.60778809,
  "RAAL": 1367.56567383,
  "Karvina": 1365.68249512,
  "Zuerich": 1365.41882324,
  "Widzew": 1363.02038574,