{
  "Arsenal": 2013.34741211,
  "Liverpool": 2010.13317871,
  "Manchester City": 1961.53137207,
  "Chelsea": 1883.32348633,
  "Crystal Palace": 1866.96569824,
  "Newcastle": 1855.24523926,
  "Aston Villa": 1855.20397949,
  "Brighton": 1833.93029785,
  "Bournemouth": 1826.52038574,
  "Tottenham": 1812.53356934,
  "Brentford": 1802.19787598,
  "Everton": 1800.76745605,
  "Manchester United": 1797.26367188,
  "Fulham": 1788.80126953,
  "Forest": 1779.37792969,
  "Leeds": 1740.75036621,
  "West Ham": 1726.54675293,
  "Burnley": 1715.96130371,
  "Wolverhampton": 1706.8170166,
  "Leicester": 1616.74145508,
  "Sunderland": 1605.94262695,
  "Ipswich": 1594.63549805,
  "Middlesbrough": 1577.66711426,
  "Coventry": 1574.39831543,
  "Sheffield United": 1555.7010498,
  "Bristol City": 1544.54614258,
  "West Brom": 1541.44287109,
  "Southampton": 1537.234375,
  "Millwall": 1521.1451416,
  "Swansea": 1514.8840332,
  "Norwich": 1507.8125,
  "Stoke": 1504.39782715,
  "QPR": 1500.96032715,
  "Preston": 1497.35864258,
  "Blackburn": 1494.4473877,
  "Hull": 1486.78271484,
  "Portsmouth": 1476.08862305,
  "Watford": 1471.13977051,
  "Sheffield Weds": 1462.66308594,
  "Derby": 1460.49816895,
  "Oxford": 1457.72119141,
  "Charlton": 1454.43688965,
  "Birmingham": 1439.68127441,
  "Wrexham": 1432.9395752
}