{
  "Bayern Munich": 2017.45556641,
  "Borussia Dortmund": 1839.14733887,
  "Leverkusen": 1812.73571777,
  "RB Leipzig": 1785.078125,
  "Stuttgart": 1754.18969727,
  "Freiburg": 1720.77001953,
  "Hoffenheim": 1715.07910156,
  "Frankfurt": 1678.06958008,
  "Mainz": 1673.6574707,
  "Augsburg": 1631.3248291,
  "Werder": 1630.06958008,
  "Gladbach": 1620.8079834,
  "Union Berlin": 1589.13537598,
  "Wolfsburg": 1585.19873047,
  "Koeln": 1583.80004883,
  "Hamburg": 1574.82568359,
  "St Pauli": 1554.46911621,
  "Heidenheim": 1539.23095703,
  "Hannover": 1532.51000977,
  "Paderborn": 1531.87890625,
  "Schalke": 1528.49707031,
  "Elversberg": 1524.5012207,
  "Hertha": 1486.62792969,
  "Darmstadt": 1484.08129883,
  "Holstein": 1480.60412598,
  "Bochum": 1480.13146973,
  "Lautern": 1447.57250977,
  "Nuernberg": 1440.55249023,
  "Karlsruhe": 1433.85046387,
  "Magdeburg": 1426.6842041,
  "Duesseldorf": 1414.67578125,
  "Dresden": 1407.06152344,
  "Fuerth": 1386.69006348,
  "Braunschweig": 1384.35290527,
  "Bielefeld": 1383.46582031,
  "Muenster": 1362.63085938
}