{
  "PSG": 1951.34069824,
  "Lens": 1756.51025391,
  "Monaco": 1740.49597168,
  "Marseille": 1733.14929199,
  "Lille": 1723.06091309,
  "Lyon": 1720.39990234,
  "Strasbourg": 1709.69238281,
  "Rennais": 1690.19470215,
  "Brest": 1648.37182617,
  "Toulouse": 1642.45898438,
  "Lorient": 1631.09033203,
  "Auxerre": 1581.42114258,
  "Nice": 1577.08703613,
  "Paris FC": 1566.03967285,
  "Le Havre": 1555.16137695,
  "Angers": 1543.8737793,
  "Reims": 1539.11047363,
  "Saint-Etienne": 1532.5925293,
  "Nantes": 1513.09753418,
  "Metz": 1501.89453125,
  "Troyes": 1501.12133789,
  "Montpellier": 1467.74133301,
  "Le Mans": 1460.92602539,
  "Rodez": 1457.8614502,
  "Dunkerque": 1438.7232666,
  "Annecy": 1427.69506836,
  "Guingamp": 1426.5,
  "Red Star": 1418.51782227,
  "Pau": 1391.63293457,
  "Grenoble": 1377.26586914,
  "Boulogne": 1376.26196289,
  "Clermont": 1368.08752441,
  "Bastia": 1364.21069336,
  "Laval": 1352.01721191,
  "Nancy": 1326.171875,
  "Amiens": 1316.42773438
}