{
  "Arsenal": 2049.85522461,
  "Manchester City": 1952.98388672,
  "Liverpool": 1914.78515625,
  "Aston Villa": 1887.28771973,
  "Manchester United": 1868.84130859,
  "Chelsea": 1856.92431641,
  "Brighton": 1850.4119873,
  "Bournemouth": 1836.5345459,
  "Everton": 1832.19482422,
  "Newcastle": 1832.00695801,
  "Brentford": 1831.18981934,
  "Crystal Palace": 1808.65344238,
  "Fulham": 1795.08935547,
  "Forest": 1788.9630127,
  "Leeds": 1776.54138184,
  "West Ham": 1752.77587891,
  "Tottenham": 1744.43774414,
  "Sunderland": 1712.67797852,
  "Wolverhampton": 1689.04675293,
  "Burnley": 1669.7277832,
  "Coventry": 1632.91967773,
  "Ipswich": 1623.66455078,
  "Southampton": 1618.77783203,
  "Millwall": 1574.80395508,
  "Middlesbrough": 1566.09216309,
  "Sheffield United": 1543.92346191,
  "Norwich": 1543.56188965,
  "Derby": 1532.73522949,
  "Hull": 1527.3112793,
  "Swansea": 1514.51330566,
  "Wrexham": 1506.93725586,
  "Bristol City": 1503.86230469,
  "QPR": 1501.73974609,
  "Leicester": 1490.0032959,
  "Watford": 1489.7220459,
  "Preston": 1486.4317627,
  "Stoke": 1482.71337891,
  "Birmingham": 1480.19799805,
  "West Brom": 1479.97338867,
  "Portsmouth": 1479.01599121,
  "Blackburn": 1474.3067627,
  "Oxford": 1464.66882324,
  "Charlton": 1449.39929199,
  "Sheffield Weds": 1328.50109863
}