{
  "Barcelona": 1980.59033203,
  "Real Madrid": 1955.7565918,
  "Atlético": 1874.07434082,
  "Betis": 1764.40686035,
  "Villarreal": 1762.10754395,
  "Celta": 1754.54504395,
  "Athletic": 1712.2097168,
  "Real Sociedad": 1710.2401123,
  "Osasuna": 1690.86437988,
  "Valencia": 1672.07324219,
  "Rayo Vallecano": 1670.1619873,
  "Getafe": 1662.05126953,
  "Girona": 1661.61633301,
  "Espanyol": 1641.15673828,
  "Mallorca": 1640.53796387,
  "Sevilla": 1637.09973145,
  "Alaves": 1617.54589844,
  "Levante": 1608.17163086,
  "Elche": 1602.48217773,
  "Racing": 1591.59887695,
  "Real Oviedo": 1574.64257812,
  "Las Palmas": 1568.91101074,
  "Almeria": 1561.2109375,
  "Malaga": 1530.11169434,
  "Castellon": 1528.75476074,
  "Eibar": 1527.66027832,
  "Depor": 1526.58276367,
  "Leganes": 1519.49084473,
  "Burgos": 1516.42297363,
  "Granada": 1513.48352051,
  "Sporting": 1503.41418457,
  "Sociedad B": 1489.9284668,
  "Albacete": 1489.27124023,
  "Cadiz": 1478.23303223,
  "Cordoba": 1474.56018066,
  "FC Andorra": 1465.13024902,
  "Ceuta": 1464.6217041,
  "Valladolid": 1459.36132812,
  "Huesca": 1445.0267334,
  "Mirandes": 1436.62402344,
  "Zaragoza": 1432.6229248,
  "Leonesa": 1390.67102051
}