{
  "Bayern Munich": 1980.83898926,
  "Borussia Dortmund": 1830.72033691,
  "Leverkusen": 1811.42114258,
  "Stuttgart": 1751.79431152,
  "RB Leipzig": 1739.17700195,
  "Hoffenheim": 1729.42749023,
  "Freiburg": 1693.58898926,
  "Frankfurt": 1675.16149902,
  "Mainz": 1653.75415039,
  "Union Berlin": 1627.20922852,
  "Augsburg": 1619.53161621,
  "Werder": 1609.10546875,
  "Gladbach": 1608.0300293,
  "Wolfsburg": 1599.92773438,
  "Hamburg": 1595.12158203,
  "Koeln": 1573.79711914,
  "St Pauli": 1559.86804199,
  "Elversberg": 1524.10070801,
  "Darmstadt": 1522.99414062,
  "Paderborn": 1519.11376953,
  "Heidenheim": 1516.01135254,
  "Hannover": 1506.8223877,
  "Bochum": 1502.62365723,
  "Schalke": 1487.76916504,
  "Hertha": 1470.01257324,
  "Lautern": 1464.47937012,
  "Holstein": 1453.15100098,
  "Karlsruhe": 1437.80603027,
  "Nuernberg": 1436.36206055,
  "Duesseldorf": 1432.69421387,
  "Magdeburg": 1408.15002441,
  "Bielefeld": 1390.13574219,
  "Muenster": 1388.97216797,
  "Braunschweig": 1364.02905273,
  "Fuerth": 1360.36120605,
  "Dresden": 1356.33044434
}