{
  "Liverpool": 2017.84655762,
  "Arsenal": 2009.9675293,
  "Manchester City": 1947.75732422,
  "Chelsea": 1907.91418457,
  "Newcastle": 1867.76550293,
  "Crystal Palace": 1849.08178711,
  "Aston Villa": 1848.12304688,
  "Bournemouth": 1827.43383789,
  "Brighton": 1818.88098145,
  "Tottenham": 1814.65905762,
  "Everton": 1806.18676758,
  "Brentford": 1801.47009277,
  "Manchester United": 1797.2409668,
  "Forest": 1792.38671875,
  "Fulham": 1785.94519043,
  "West Ham": 1728.45532227,
  "Leeds": 1726.18798828,
  "Burnley": 1719.19775391,
  "Wolverhampton": 1714.41784668,
  "Leicester": 1619.84899902,
  "Ipswich": 1589.57971191,
  "Sunderland": 1585.72363281,
  "Middlesbrough": 1570.51672363,
  "Coventry": 1563.65258789,
  "Bristol City": 1560.89587402,
  "Sheffield United": 1560.546875,
  "Southampton": 1548.97741699,
  "West Brom": 1546.10876465,
  "Swansea": 1524.5369873,
  "Norwich": 1517.31713867,
  "Millwall": 1513.30187988,
  "Stoke": 1512.34265137,
  "Blackburn": 1509.2980957,
  "Portsmouth": 1494.75109863,
  "QPR": 1492.65344238,
  "Preston": 1487.75500488,
  "Hull": 1481.57275391,
  "Watford": 1468.56884766,
  "Derby": 1468.08154297,
  "Oxford": 1447.1348877,
  "Sheffield Weds": 1447.05151367,
  "Birmingham": 1436.92651367,
  "Charlton": 1425.56860352,
  "Wrexham": 1421.28198242
}