{
  "Barcelona": 1969.64086914,
  "Real Madrid": 1915.34033203,
  "Atlético": 1843.51208496,
  "Villarreal": 1758.66625977,
  "Betis": 1734.61303711,
  "Athletic": 1691.2557373,
  "Celta": 1684.03234863,
  "Real Sociedad": 1683.71020508,
  "Osasuna": 1682.41699219,
  "Getafe": 1668.62646484,
  "Valencia": 1664.08081055,
  "Rayo Vallecano": 1661.83605957,
  "Girona": 1646.03210449,
  "Mallorca": 1638.94396973,
  "Alaves": 1628.07885742,
  "Elche": 1623.04614258,
  "Espanyol": 1617.46826172,
  "Levante": 1615.26745605,
  "Sevilla": 1604.01916504,
  "Real Oviedo": 1579.12060547,
  "Eibar": 1567.53967285,
  "Almeria": 1566.33349609,
  "Las Palmas": 1560.2076416,
  "Racing": 1553.96655273,
  "Castellon": 1548.00866699,
  "Depor": 1531.42236328,
  "Malaga": 1526.74597168,
  "Burgos": 1523.18786621,
  "Leganes": 1507.39074707,
  "FC Andorra": 1491.62512207,
  "Granada": 1486.07531738,
  "Albacete": 1481.07836914,
  "Sporting": 1480.29443359,
  "Cordoba": 1475.67932129,
  "Ceuta": 1446.65673828,
  "Mirandes": 1442.42614746,
  "Valladolid": 1438.2088623,
  "Sociedad B": 1429.06530762,
  "Huesca": 1414.78186035,
  "Zaragoza": 1411.42089844,
  "Cadiz": 1403.07995605,
  "Leonesa": 1363.34680176
}