{
  "Bayern Munich": 1989.95349121,
  "Borussia Dortmund": 1856.98693848,
  "Leverkusen": 1845.85546875,
  "RB Leipzig": 1769.41491699,
  "Stuttgart": 1745.50024414,
  "Frankfurt": 1729.32067871,
  "Freiburg": 1714.44299316,
  "Hoffenheim": 1686.83227539,
  "Werder": 1660.20837402,
  "Mainz": 1651.8963623,
  "Wolfsburg": 1649.17236328,
  "Gladbach": 1645.8692627,
  "Union Berlin": 1640.73791504,
  "Augsburg": 1617.91809082,
  "Koeln": 1591.59240723,
  "Hamburg": 1579.49951172,
  "St Pauli": 1563.02490234,
  "Heidenheim": 1553.25354004,
  "Elversberg": 1550.90136719,
  "Paderborn": 1534.31152344,
  "Bochum": 1517.11987305,
  "Hannover": 1515.5916748,
  "Schalke": 1510.86853027,
  "Darmstadt": 1509.34960938,
  "Holstein": 1497.90869141,
  "Hertha": 1489.5324707,
  "Lautern": 1487.97912598,
  "Karlsruhe": 1453.53845215,
  "Duesseldorf": 1439.24291992,
  "Magdeburg": 1433.58300781,
  "Nuernberg": 1428.8371582,
  "Muenster": 1422.8807373,
  "Bielefeld": 1390.36682129,
  "Fuerth": 1384.07971191,
  "Braunschweig": 1380.66162109,
  "Dresden": 1348.17907715
}