{
  "Arsenal": 2058.22631836,
  "Bayern Munich": 1994.91955566,
  "Manchester City": 1959.43103027,
  "Barcelona": 1952.6697998,
  "PSG": 1940.2722168,
  "Liverpool": 1936.78930664,
  "Real Madrid": 1930.2779541,
  "Chelsea": 1910.10266113,
  "Inter": 1892.5267334,
  "Aston Villa": 1886.09973145,
  "Manchester United": 1874.85888672,
  "Newcastle": 1859.37524414,
  "Atlético": 1856.85803223,
  "Brentford": 1842.20410156,
  "Brighton": 1832.56347656,
  "Borussia Dortmund": 1830.28588867,
  "Sporting": 1830.19836426,
  "Bournemouth": 1828.78417969,
  "Everton": 1823.34765625,
  "Milan": 1821.04467773,
  "Leverkusen": 1809.29980469,
  "Benfica": 1804.84973145,
  "Fulham": 1799.06542969,
  "Crystal Palace": 1798.02270508,
  "Napoli": 1790.19238281,
  "Atalanta": 1787.33825684,
  "Roma": 1785.05578613,
  "Juventus": 1778.93139648,
  "Porto": 1776.79260254,
  "Forest": 1776.76281738,
  "PSV": 1776.41345215,
  "Tottenham": 1768.33764648,
  "Leeds": 1766.42944336,
  "Lens": 1764.4552002,
  "Bodø/Glimt": 1760.18713379,
  "Stuttgart": 1758.0958252,
  "Lyon": 1752.56286621,
  "Villarreal": 1750.4888916,
  "RB Leipzig": 1750.30053711,
  "West Ham": 1745.74951172,
  "Betis": 1745.61279297,
  "Como": 1744.89416504,
  "Marseille": 1743.32299805,
  "Galatasaray": 1732.84985352,
  "Monaco": 1726.90148926,
  "Hoffenheim": 1723.62084961,
  "Celta": 1722.38806152,
  "Saint-Gilloise": 1720.51306152,
  "Brugge": 1717.84655762,
  "Lille": 1715.2199707,
  "Athletic": 1713.00109863,
  "Strasbourg": 1711.78381348,
  "Rennais": 1708.94775391,
  "Sunderland": 1701.03234863,
  "Wolverhampton": 1700.99902344,
  "Midtjylland": 1693.81872559,
  "Lazio": 1691.01220703,
  "Braga": 1690.31628418,
  "Bologna": 1688.67382812,
  "Real Sociedad": 1687.24023438,
  "Freiburg": 1687.13684082,
  "Osasuna": 1685.81628418,
  "Olympiacos": 1685.14819336,
  "Frankfurt": 1685.06933594,
  "Burnley": 1684.17895508,
  "Fenerbahce": 1682.70776367,
  "Brest": 1676.05847168,
  "Valencia": 1667.58862305,
  "Slavia Prag": 1667.5300293,
  "Zenit": 1662.57800293,
  "Mainz": 1662.07434082,
  "Rayo Vallecano": 1656.99157715,
  "Getafe": 1650.54187012,
  "FC Krasnodar": 1639.16955566,
  "Fiorentina": 1638.70861816,
  "Genoa": 1636.69592285,
  "Espanyol": 1633.95385742,
  "Werder": 1633.39807129,
  "Toulouse": 1632.92773438,
  "Girona": 1632.7800293,
  "Lorient": 1631.23669434,
  "Sassuolo": 1629.55065918,
  "AEK": 1627.91650391,
  "Augsburg": 1625.17736816,
  "Sevilla": 1625.08813477,
  "Mallorca": 1619.70776367,
  "Udinese": 1619.24853516,
  "PAOK": 1618.47338867,
  "Gladbach": 1615.14013672,
  "Torino": 1610.82080078,
  "Parma": 1610.14331055,
  "Viking": 1608.96264648,
  "Union Berlin": 1605.07373047,
  "Alaves": 1601.11645508,
  "Genk": 1598.7310791,
  "Hamburg": 1596.4708252,
  "Sparta Praha": 1595.56164551,
  "CSKA Moskva": 1595.08752441,
  "Feyenoord": 1591.40393066,
  "Elche": 1590.45275879,
  "Levante": 1590.38354492,
  "Cagliari": 1589.46350098,
  "Wolfsburg": 1585.48718262,
  "Aarhus": 1582.86767578,
  "Crvena Zvezda": 1582.06970215,
  "Panathinaikos": 1578.06506348,
  "St Pauli": 1576.46691895,
  "Lok Moskva": 1576.38354492,
  "Ajax": 1574.67407227,
  "Auxerre": 1571.56384277,
  "Nice": 1570.97155762,
  "Copenhagen": 1568.54516602,
  "Viktoria Plzen": 1568.08813477,
  "Angers": 1566.03662109,
  "Koeln": 1563.89416504,
  "Pafos": 1561.80773926,
  "Lecce": 1561.78869629,
  "Le Havre": 1561.6965332,
  "Twente": 1560.74145508,
  "Paris FC": 1557.09228516,
  "Celtic": 1556.81616211,
  "Qarabag FK": 1554.37609863,
  "Anderlecht": 1553.88647461,
  "St Truiden": 1551.6282959,
  "Real Oviedo": 1551.07055664,
  "Spartak Moskva": 1550.35656738,
  "Shakhtar": 1549.43115234,
  "Dinamo Zagreb": 1548.53967285,
  "Trabzonspor": 1548.27026367,
  "Mjaellby": 1546.16772461,
  "Brondby": 1543.48303223,
  "Famalicao": 1540.13574219,
  "Brann": 1540.08129883,
  "Rangers": 1537.33825684,
  "Cremonese": 1533.06054688,
  "Alkmaar": 1530.13684082,
  "Besiktas": 1529.51025391,
  "Gil Vicente": 1528.45263672,
  "Rakow": 1528.22216797,
  "Ferencvaros": 1525.27954102,
  "Guimaraes": 1521.74499512,
  "Nantes": 1521.19775391,
  "Verona": 1520.87353516,
  "Lech": 1519.66088867,
  "Nijmegen": 1518.08825684,
  "Antwerp": 1511.61608887,
  "Bueyueksehir": 1510.58605957,
  "Nordsjaelland": 1510.33605957,
  "Jagiellonia": 1508.61108398,
  "Hammarby": 1507.85095215,
  "Mechelen": 1507.6685791,
  "Estoril": 1507.41186523,
  "Charleroi": 1506.60473633,
  "Heidenheim": 1505.29968262,
  "Metz": 1505.1619873,
  "Dynamo Moskva": 1504.17382812,
  "Gent": 1502.85351562,
  "RB Salzburg": 1501.84533691,
  "Viborg": 1498.76464844,
  "Larnaca": 1496.9440918,
  "Westerlo": 1496.79394531,
  "Utrecht": 1495.35998535,
  "Pisa": 1495.0657959,
  "Tromso": 1488.88110352,
  "Moreirense": 1487.15869141,
  "Jablonec": 1483.83483887,
  "Djurgarden": 1482.56896973,
  "Aris Limassol": 1478.95800781,
  "Baltika": 1477.88574219,
  "SonderjyskE": 1477.06420898,
  "Thun": 1476.88500977,
  "Standard": 1473.56115723,
  "Molde": 1472.8079834,
  "Randers": 1471.92492676,
  "Beer-Sheva": 1468.04675293,
  "Hearts": 1467.60742188,
  "Craiova": 1467.56970215,
  "Rosenborg": 1464.68566895,
  "StGallen": 1460.68664551,
  "Cercle Brugge": 1457.92321777,
  "Omonia": 1457.67956543,
  "Heerenveen": 1457.08068848,
  "Arouca": 1457.07006836,
  "Goeztepe": 1455.79003906,
  "Sturm Graz": 1451.85461426,
  "Slovan Liberec": 1451.60668945,
  "Sparta Rotterdam": 1450.61108398,
  "Steaua": 1448.68310547,
  "Basel": 1448.62854004,
  "Santa Clara": 1446.8638916,
  "Pogon": 1446.1685791,
  "Sandefjord": 1442.76940918,
  "Casa Pia": 1440.56298828,
  "Fredrikstad": 1438.66882324,
  "CFR Cluj": 1437.86938477,
  "Cracovia": 1435.64697266,
  "Rostov": 1435.17077637,
  "Rijeka": 1435.03527832,
  "Gyoer": 1434.55371094,
  "Razgrad": 1433.92736816,
  "Levski": 1431.96777344,
  "Lubin": 1431.71020508,
  "Leuven": 1431.3392334,
  "Malmoe": 1430.48388672,
  "Young Boys": 1430.38525391,
  "Rubin Kazan": 1430.16821289,
  "Rio Ave": 1429.89013672,
  "Samsunspor": 1427.10571289,
  "Austria Wien": 1427.07348633,
  "Legia": 1426.34692383,
  "Dynamo Kyiv": 1426.01184082,
  "Piast Gliwice": 1425.60339355,
  "Hradec Kralove": 1425.4864502,
  "Hajduk": 1425.02746582,
  "Go Ahead Eagles": 1424.9173584,
  "Celje": 1424.86328125,
  "Aris": 1421.13720703,
  "Lugano": 1420.53125,
  "Sarpsborg": 1419.6875,
  "M Tel Aviv": 1417.34472656,
  "Nacional": 1416.91113281,
  "LASK": 1415.90600586,
  "Hibernian": 1415.51818848,
  "Rizespor": 1415.42248535,
  "Radomiak": 1415.31298828,
  "Silkeborg": 1415.19299316,
  "Gornik": 1414.78881836,
  "Zwolle": 1412.40222168,
  "Alverca": 1412.04052734,
  "Levadeiakos": 1411.08581543,
  "Katowice": 1409.68774414,
  "GAIS": 1407.73730469,
  "Korona": 1406.5333252,
  "Groningen": 1406.41638184,
  "Motherwell": 1404.88330078,
  "Odense": 1403.27648926,
  "Universitatea Cluj": 1403.19543457,
  "Alanyaspor": 1403.08276367,
  "Luzern": 1400.71179199,
  "Ham-Kam": 1400.05688477,
  "Sigma Olomouc": 1399.11462402,
  "Goeteborg": 1398.76123047,
  "Estrela Amadora": 1396.98681641,
  "Servette": 1396.92932129,
  "Lausanne": 1396.89013672,
  "Lechia": 1396.59777832,
  "Maccabi Haifa": 1396.15625,
  "AIK": 1393.45727539,
  "Sittard": 1392.12939453,
  "Rapid Bucuresti": 1391.30493164,
  "Valerenga": 1390.89221191,
  "IK Sirius": 1388.53955078,
  "KFUM Oslo": 1388.42663574,
  "Terek Grozny": 1387.9239502,
  "Wolfsberg": 1387.59411621,
  "Banik Ostrava": 1386.7668457,
  "Sion": 1386.5065918,
  "Hartberg": 1385.6036377,
  "Motor Lublin": 1384.64355469,
  "Beitar": 1384.28881836,
  "Kocaelispor": 1383.5098877,
  "Tondela": 1381.87329102,
  "Zulte Waregem": 1380.27734375,
  "RAAL": 1380.15820312,
  "Dender": 1378.74267578,
  "Kryliya Sovetov": 1378.48657227,
  "Konyaspor": 1376.97753906,
  "Dinamo Bucuresti": 1376.66052246,
  "Gaziantep FK": 1376.1887207,
  "Polissya Zhytomyr": 1376.12438965,
  "Fredericia": 1375.99609375,
  "Elfsborg": 1375.86462402,
  "Akron Togliatti": 1374.86291504,