{
  "Arsenal": 2018.11584473,
  "PSG": 1990.35449219,
  "Liverpool": 1987.67675781,
  "Manchester City": 1963.80187988,
  "Bayern Munich": 1961.49267578,
  "Real Madrid": 1942.60742188,
  "Barcelona": 1930.03881836,
  "Inter": 1927.01550293,
  "Chelsea": 1897.49401855,
  "Newcastle": 1878.90722656,
  "Aston Villa": 1868.92077637,
  "Crystal Palace": 1861.45654297,
  "Atlético": 1854.96533203,
  "Napoli": 1849.04370117,
  "Borussia Dortmund": 1845.10754395,
  "Leverkusen": 1838.19628906,
  "Bournemouth": 1835.78540039,
  "Atalanta": 1835.02990723,
  "Brighton": 1832.16149902,
  "Roma": 1826.38549805,
  "Tottenham": 1818.39123535,
  "Juventus": 1816.10595703,
  "Everton": 1810.43994141,
  "Milan": 1803.57324219,
  "Manchester United": 1802.17944336,
  "Lille": 1799.27416992,
  "Brentford": 1797.77233887,
  "Sporting": 1794.74133301,
  "Benfica": 1790.75354004,
  "Marseille": 1789.58410645,
  "Villarreal": 1788.73901367,
  "Fulham": 1780.80578613,
  "Lyon": 1765.19787598,
  "Forest": 1760.24206543,
  "Betis": 1757.17736816,
  "PSV": 1754.7286377,
  "Athletic": 1753.95202637,
  "Monaco": 1753.50500488,
  "Lazio": 1751.24206543,
  "Frankfurt": 1750.50549316,
  "Porto": 1749.74731445,
  "RB Leipzig": 1745.04443359,
  "Saint-Gilloise": 1743.78137207,
  "Brugge": 1743.43359375,
  "Bologna": 1742.01501465,
  "Leeds": 1734.20214844,
  "Strasbourg": 1730.98974609,
  "Lens": 1726.42456055,
  "West Ham": 1724.65795898,
  "Fiorentina": 1721.32666016,
  "Galatasaray": 1719.89501953,
  "Stuttgart": 1712.93249512,
  "Burnley": 1712.84533691,
  "Wolverhampton": 1709.85534668,
  "Feyenoord": 1700.30078125,
  "Osasuna": 1689.31982422,
  "Freiburg": 1688.61877441,
  "Mainz": 1682.01403809,
  "Werder": 1678.26672363,
  "Brest": 1673.51123047,
  "Slavia Prag": 1672.81872559,
  "Toulouse": 1672.38183594,
  "Sevilla": 1671.63000488,
  "Nice": 1671.31103516,
  "Rennais": 1669.10986328,
  "Torino": 1668.24926758,
  "Valencia": 1668.08276367,
  "Como": 1668.07824707,
  "Celta": 1667.98120117,
  "Fenerbahce": 1666.09594727,
  "Bodø/Glimt": 1663.23144531,
  "Olympiacos": 1662.59655762,
  "Braga": 1661.94995117,
  "Rayo Vallecano": 1659.35827637,
  "Alaves": 1652.40612793,
  "Espanyol": 1650.0637207,
  "Midtjylland": 1649.60327148,
  "Copenhagen": 1645.35449219,
  "Real Sociedad": 1641.43969727,
  "Zenit": 1640.33081055,
  "Wolfsburg": 1636.47949219,
  "Genoa": 1635.38574219,
  "Getafe": 1634.25256348,
  "FC Krasnodar": 1631.63244629,
  "Ajax": 1630.28515625,
  "Mallorca": 1626.76306152,
  "Levante": 1624.64916992,
  "Celtic": 1621.16455078,
  "Hoffenheim": 1620.41845703,
  "Union Berlin": 1620.0098877,
  "Augsburg": 1619.3046875,
  "Auxerre": 1618.49926758,
  "Cagliari": 1617.73718262,
  "Udinese": 1617.51037598,
  "Gladbach": 1615.5916748,
  "Elche": 1613.96020508,
  "Genk": 1613.77575684,
  "Sassuolo": 1612.69165039,
  "CSKA Moskva": 1609.09484863,
  "Sunderland": 1602.29663086,
  "Girona": 1600.16955566,
  "Lorient": 1598.95629883,
  "Nantes": 1598.35144043,
  "Sparta Praha": 1593.09790039,
  "St Pauli": 1592.62060547,
  "Parma": 1592.37304688,
  "Crvena Zvezda": 1590.09570312,
  "Koeln": 1589.96130371,
  "Alkmaar": 1585.98510742,
  "Hamburg": 1581.31323242,
  "Lecce": 1580.21044922,
  "Verona": 1579.61462402,
  "Real Oviedo": 1570.90539551,
  "Paris FC": 1568.13659668,
  "Anderlecht": 1568.11730957,
  "Qarabag": 1566.93884277,
  "Cremonese": 1566.36853027,
  "PAOK": 1564.2286377,
  "Le Havre": 1563.59997559,
  "Shakhtar": 1561.95605469,
  "Viktoria Plzen": 1561.81262207,
  "Guimaraes": 1561.34179688,
  "Dinamo Zagreb": 1561.12609863,
  "AEK": 1554.80603027,
  "Spartak Moskva": 1554.22668457,
  "Brann": 1554.18164062,
  "Brondby": 1554.00073242,
  "Twente": 1550.08251953,
  "Metz": 1548.32067871,
  "Lok Moskva": 1545.93579102,
  "Heidenheim": 1544.71899414,
  "Utrecht": 1540.54577637,
  "Sturm Graz": 1539.68322754,
  "Viking": 1539.01843262,
  "Famalicao": 1537.95959473,
  "Pafos": 1535.32983398,
  "Angers": 1534.93713379,
  "Mjaellby": 1534.89746094,
  "Panathinaikos": 1534.04821777,
  "Rakow": 1531.90197754,
  "Dynamo Moskva": 1528.63305664,
  "Ferencvaros": 1527.80529785,
  "Rangers": 1526.64379883,
  "Pisa": 1525.6998291,
  "Basel": 1525.67480469,
  "RB Salzburg": 1522.6048584,
  "Aarhus": 1522.45751953,
  "M Tel Aviv": 1520.43432617,
  "Jablonec": 1519.39074707,
  "Jagiellonia": 1517.00280762,
  "Lech": 1516.86767578,
  "Young Boys": 1516.70739746,
  "Antwerp": 1516.68518066,
  "Gent": 1512.2755127,
  "Beer-Sheva": 1508.14343262,
  "Djurgarden": 1505.97998047,
  "Hammarby": 1498.07250977,
  "Legia": 1496.55432129,
  "Nordsjaelland": 1495.55358887,
  "Mechelen": 1494.43908691,
  "Nijmegen": 1493.58728027,
  "Charleroi": 1492.42529297,
  "Besiktas": 1491.80517578,
  "Trabzonspor": 1489.25695801,
  "Moreirense": 1489.06982422,
  "Malmoe": 1486.65124512,
  "Gil Vicente": 1485.72302246,
  "Larnaca": 1483.66052246,
  "Razgrad": 1479.82434082,
  "Celje": 1478.18249512,
  "Dynamo Kyiv": 1475.97473145,
  "Omonia": 1475.75073242,
  "Randers": 1475.2130127,
  "Aris Limassol": 1474.88024902,
  "Arouca": 1472.43359375,
  "St Truiden": 1470.79772949,
  "Rio Ave": 1468.73254395,
  "Westerlo": 1467.95935059,
  "Wolfsberg": 1466.12194824,
  "Go Ahead Eagles": 1465.91040039,
  "Santa Clara": 1465.42858887,
  "Rosenborg": 1461.37939453,
  "Tromso": 1459.48632812,
  "Sparta Rotterdam": 1458.70703125,
  "Cracovia": 1458.47766113,
  "Gornik": 1455.95666504,
  "Craiova": 1455.94128418,
  "Estoril": 1455.82885742,
  "Rubin Kazan": 1453.67565918,
  "Cercle Brugge": 1453.45300293,
  "Casa Pia": 1453.33215332,
  "Viborg": 1452.50695801,
  "Silkeborg": 1449.84924316,
  "Samsunspor": 1449.70947266,
  "Austria Wien": 1449.58483887,
  "Molde": 1447.33227539,
  "Pogon": 1444.6595459,
  "Steaua": 1440.91162109,
  "Bueyueksehir": 1439.59912109,
  "Standard": 1438.50402832,
  "Goeztepe": 1438.29870605,
  "Rapid Wien": 1436.30151367,
  "Servette": 1436.09191895,
  "Banik Ostrava": 1435.23718262,
  "Baltika": 1433.69958496,
  "Korona": 1433.02734375,
  "Hearts": 1431.0982666,
  "AIK": 1430.50244141,
  "Elfsborg": 1430.1418457,
  "StGallen": 1429.01452637,
  "Rostov": 1428.76623535,
  "Maccabi Haifa": 1426.85266113,
  "Nacional": 1425.88305664,
  "Groningen": 1425.5279541,
  "Alanyaspor": 1425.44628906,
  "Slovan Liberec": 1424.70043945,
  "Zwolle": 1423.7401123,
  "Heerenveen": 1421.02612305,
  "Sittard": 1419.55761719,
  "Kasimpasa": 1419.39501953,
  "Hajduk": 1416.53063965,
  "Konyaspor": 1414.46911621,
  "Lausanne": 1413.66345215,
  "Leuven": 1412.73352051,
  "Piast Gliwice": 1411.82556152,
  "GAIS": 1411.76159668,
  "Aris": 1409.39343262,
  "Levski": 1409.06115723,
  "Goeteborg": 1407.32092285,
  "Luzern": 1404.05334473,
  "Zuerich": 1402.36523438,
  "Hradec Kralove": 1401.29797363,
  "KFUM Oslo": 1400.984375,
  "Hibernian": 1399.48950195,
  "Kryliya Sovetov": 1398.45581055,
  "Partizan": 1394.55114746,
  "Alverca": 1394.16064453,
  "CFR Cluj": 1394.00964355,
  "SonderjyskE": 1393.98840332,
  "Gaziantep FK": 1393.14221191,
  "Rapid Bucuresti": 1391.27624512,
  "Fredrikstad": 1390.7253418,
  "Paksi": 1390.52722168,
  "Haecken": 1388.83691406,
  "Estrela Amadora": 1386.81481934,
  "Rizespor": 1386.26513672,
  "Terek Grozny": 1385.68811035,
  "Radomiak": 1384.68530273,
  "LASK": 1383.47265625,
  "Sarpsborg": 1380.90795898,
  "Rijeka": 1380.40881348,
  "Lubin": 1378.66040039,
  "Slovan Bratislava": 1378.30541992,
  "Sandefjord": 1377.40515137,
  "Puskas Akademia": 1376.53295898,
  "Gyoer": 1374.33081055,
  "Lugano": 1371.94885254,
  "Zulte Waregem": 1371.77258301,
  "Tondela": 1371.33959961,
  "Hartberg": 1370.94836426,
  "Sigma Olomouc": 1367.93945312,
  "Dender": 1365.22363281,
  "Levadeiakos": 1363.97021484,
  "Motor Lublin": 1362.94787598,
  "Plock": 1362.69458008,
  "Kayseri": 1362.12207031,
  "Fredericia": 1359.94128418,
  "Vejle": 1359.52246094,
  "Katowice": 1358.69006348,
  "Heracles": 1358.52526855,
  "Maribor": 1356.53491211,
  "Bohemians Praha": 1355.89624023,
  "Sion": 1354.39208984,