{
  "Barcelona": 1965.43469238,
  "Real Madrid": 1940.04919434,
  "Atlético": 1860.4753418,
  "Villarreal": 1797.16748047,
  "Athletic": 1758.83728027,
  "Betis": 1745.95385742,
  "Osasuna": 1685.75842285,
  "Valencia": 1678.7019043,
  "Celta": 1660.84020996,
  "Espanyol": 1659.3737793,
  "Real Sociedad": 1653.33068848,
  "Rayo Vallecano": 1650.56420898,
  "Sevilla": 1649.9317627,
  "Alaves": 1645.80249023,
  "Getafe": 1641.76818848,
  "Mallorca": 1632.69262695,
  "Elche": 1624.51806641,
  "Levante": 1613.79870605,
  "Girona": 1593.50463867,
  "Real Oviedo": 1585.71008301,
  "Leganes": 1572.55578613,
  "Las Palmas": 1559.08483887,
  "Cadiz": 1544.66662598,
  "Almeria": 1541.20825195,
  "Eibar": 1530.17980957,
  "Mirandes": 1528.13232422,
  "Depor": 1524.06396484,
  "Racing": 1522.81738281,
  "Granada": 1497.67797852,
  "Huesca": 1492.93261719,
  "Burgos": 1492.41369629,
  "Albacete": 1491.30688477,
  "Sporting": 1472.68811035,
  "Valladolid": 1472.51403809,
  "FC Andorra": 1467.53356934,
  "Castellon": 1461.1015625,
  "Cordoba": 1452.04309082,
  "Malaga": 1447.33984375,
  "Zaragoza": 1435.62451172,
  "Ceuta": 1426.20227051,
  "Leonesa": 1424.0814209,
  "Sociedad B": 1420.12329102
}