{
  "Real Madrid": 1946.42468262,
  "Barcelona": 1933.01391602,
  "Atlético": 1872.92443848,
  "Villarreal": 1792.23205566,
  "Betis": 1761.86950684,
  "Athletic": 1731.51806641,
  "Celta": 1694.88928223,
  "Rayo Vallecano": 1676.07653809,
  "Osasuna": 1667.5078125,
  "Real Sociedad": 1659.99365234,
  "Valencia": 1657.36987305,
  "Sevilla": 1651.71826172,
  "Espanyol": 1649.84436035,
  "Alaves": 1643.41882324,
  "Getafe": 1642.52661133,
  "Mallorca": 1639.3972168,
  "Elche": 1607.85546875,
  "Levante": 1601.07055664,
  "Girona": 1598.30725098,
  "Las Palmas": 1577.65991211,
  "Real Oviedo": 1560.58972168,
  "Leganes": 1560.46484375,
  "Almeria": 1557.1439209,
  "Racing": 1534.9855957,
  "Cadiz": 1522.27697754,
  "Depor": 1515.03735352,
  "Burgos": 1506.63903809,
  "Eibar": 1506.18310547,
  "Granada": 1500.19128418,
  "Mirandes": 1498.00500488,
  "Cordoba": 1488.92053223,
  "Valladolid": 1482.99572754,
  "Albacete": 1480.41345215,
  "Sporting": 1477.91589355,
  "Huesca": 1473.43676758,
  "Castellon": 1464.17687988,
  "Malaga": 1450.55627441,
  "Ceuta": 1449.8848877,
  "Sociedad B": 1436.32519531,
  "FC Andorra": 1434.0045166,
  "Leonesa": 1429.21923828,
  "Zaragoza": 1376.75256348
}