{
  "Arsenal": 2046.63500977,
  "Bayern Munich": 2005.36010742,
  "PSG": 1972.57678223,
  "Manchester City": 1968.1262207,
  "Barcelona": 1949.32958984,
  "Liverpool": 1933.55688477,
  "Inter": 1930.12597656,
  "Aston Villa": 1923.92321777,
  "Real Madrid": 1918.54370117,
  "Chelsea": 1890.37890625,
  "Newcastle": 1876.20507812,
  "Atlético": 1870.58642578,
  "Borussia Dortmund": 1865.44482422,
  "Manchester United": 1839.20373535,
  "Brighton": 1838.91809082,
  "Brentford": 1833.76220703,
  "Leverkusen": 1826.51623535,
  "Milan": 1826.22375488,
  "Napoli": 1825.08398438,
  "Sporting": 1823.0222168,
  "Benfica": 1810.29663086,
  "Atalanta": 1810.05700684,
  "Roma": 1809.36682129,
  "PSV": 1809.09643555,
  "Juventus": 1806.56933594,
  "Fulham": 1801.52514648,
  "Bournemouth": 1799.17553711,
  "Everton": 1796.4831543,
  "Tottenham": 1791.97229004,
  "Crystal Palace": 1789.83105469,
  "Porto": 1776.61352539,
  "Marseille": 1773.10681152,
  "Forest": 1772.74829102,
  "Stuttgart": 1769.89916992,
  "Lens": 1769.08459473,
  "Villarreal": 1767.64489746,
  "RB Leipzig": 1762.06555176,
  "Betis": 1761.97973633,
  "Leeds": 1759.11669922,
  "Lyon": 1752.10424805,
  "Lille": 1740.07006836,
  "Bologna": 1739.72387695,
  "Lazio": 1739.46899414,
  "Frankfurt": 1723.23620605,
  "Freiburg": 1717.890625,
  "Brugge": 1716.35644531,
  "Como": 1713.96142578,
  "Hoffenheim": 1712.64196777,
  "West Ham": 1711.80432129,
  "Galatasaray": 1710.68530273,
  "Celta": 1708.39294434,
  "Rennais": 1707.56188965,
  "Fenerbahce": 1702.97949219,
  "Athletic": 1701.39379883,
  "Saint-Gilloise": 1699.25744629,
  "Strasbourg": 1699.10693359,
  "Burnley": 1694.8692627,
  "Sunderland": 1690.06335449,
  "Monaco": 1684.7578125,
  "Slavia Prag": 1683.95495605,
  "Olympiacos": 1680.63549805,
  "Midtjylland": 1678.73022461,
  "Braga": 1672.9810791,
  "Wolverhampton": 1666.98193359,
  "Toulouse": 1665.71362305,
  "Brest": 1662.82141113,
  "Zenit": 1662.57800293,
  "Espanyol": 1661.57739258,
  "Fiorentina": 1657.67797852,
  "Werder": 1657.06054688,
  "Osasuna": 1655.91918945,
  "Real Sociedad": 1651.88317871,
  "Torino": 1649.96887207,
  "Mainz": 1649.23840332,
  "Bodø/Glimt": 1648.58691406,
  "Union Berlin": 1648.53161621,
  "Gladbach": 1643.47570801,
  "Wolfsburg": 1641.2734375,
  "Rayo Vallecano": 1640.06970215,
  "FC Krasnodar": 1639.16955566,
  "Valencia": 1634.76416016,
  "Genoa": 1633.93066406,
  "Girona": 1629.30310059,
  "Mallorca": 1627.08776855,
  "Feyenoord": 1618.62084961,
  "Lorient": 1616.83703613,
  "Udinese": 1616.47106934,
  "Sassuolo": 1612.72290039,
  "Elche": 1610.79699707,
  "PAOK": 1610.25256348,
  "Parma": 1608.42529297,
  "Sevilla": 1608.20361328,
  "Alaves": 1607.42871094,
  "Cagliari": 1606.54956055,
  "Augsburg": 1606.23742676,
  "Getafe": 1606.20336914,
  "AEK": 1600.58508301,
  "Ajax": 1597.53845215,
  "Copenhagen": 1596.06958008,
  "CSKA Moskva": 1595.08752441,
  "Koeln": 1592.16601562,
  "Nice": 1591.43823242,
  "Levante": 1588.59191895,
  "Hamburg": 1580.45751953,
  "Viking": 1579.44628906,
  "Cremonese": 1577.35351562,
  "Lok Moskva": 1576.38354492,
  "Genk": 1575.73095703,
  "Sparta Praha": 1573.60021973,
  "Auxerre": 1570.72155762,
  "Aarhus": 1569.44274902,
  "Angers": 1566.4967041,
  "Viktoria Plzen": 1566.25012207,
  "Nantes": 1564.40380859,
  "Crvena Zvezda": 1564.32727051,
  "Le Havre": 1564.09130859,
  "Verona": 1563.15490723,
  "Anderlecht": 1563.14587402,
  "St Pauli": 1560.65185547,
  "Lecce": 1558.63452148,
  "Guimaraes": 1558.51293945,
  "Brondby": 1551.41638184,
  "Heidenheim": 1551.08642578,
  "Pafos": 1550.84570312,
  "Mjaellby": 1550.62683105,
  "Spartak Moskva": 1550.35656738,
  "Rakow": 1549.48986816,
  "Celtic": 1549.47021484,
  "Alkmaar": 1548.51477051,
  "Real Oviedo": 1546.38439941,
  "Qarabag": 1545.95727539,
  "Metz": 1545.94519043,
  "Shakhtar": 1544.38671875,
  "Panathinaikos": 1540.87512207,
  "Twente": 1538.77331543,
  "Paris FC": 1538.29296875,
  "Pisa": 1536.54260254,
  "Famalicao": 1533.05029297,
  "Rangers": 1533.02233887,
  "Ferencvaros": 1532.36474609,
  "Antwerp": 1530.76013184,
  "Brann": 1523.38964844,
  "Dinamo Zagreb": 1523.24743652,
  "Nijmegen": 1521.51733398,
  "Utrecht": 1520.79321289,
  "St Truiden": 1516.98608398,
  "Trabzonspor": 1515.1451416,
  "Basel": 1513.16247559,
  "Hammarby": 1512.31005859,
  "Gil Vicente": 1510.68359375,
  "Jagiellonia": 1507.79370117,
  "Lech": 1506.54089355,
  "Nordsjaelland": 1504.32421875,
  "Dynamo Moskva": 1504.17382812,
  "Besiktas": 1503.39880371,
  "Larnaca": 1500.74157715,
  "RB Salzburg": 1500.28076172,
  "Moreirense": 1494.74182129,
  "Mechelen": 1494.0604248,
  "Charleroi": 1493.83447266,
  "Jablonec": 1493.39147949,
  "Estoril": 1489.82861328,
  "Djurgarden": 1487.02807617,
  "Omonia": 1485.03100586,
  "Bueyueksehir": 1484.13769531,
  "Aris Limassol": 1482.75549316,
  "Viborg": 1481.81420898,
  "Beer-Sheva": 1480.83972168,
  "Baltika": 1477.88574219,
  "Gent": 1477.54553223,
  "Young Boys": 1472.86413574,
  "Westerlo": 1467.3079834,
  "Santa Clara": 1466.49963379,
  "SonderjyskE": 1466.10327148,
  "Rio Ave": 1464.41357422,
  "Goeztepe": 1463.14086914,
  "Hearts": 1461.48120117,
  "Slovan Liberec": 1460.30212402,
  "Randers": 1459.92492676,
  "Tromso": 1459.36474609,
  "StGallen": 1459.32373047,
  "Steaua": 1457.60437012,
  "Craiova": 1454.92480469,
  "Heerenveen": 1454.88452148,
  "Razgrad": 1452.71508789,
  "Go Ahead Eagles": 1450.19067383,
  "Sturm Graz": 1449.43029785,
  "Malmoe": 1444.98327637,
  "Samsunspor": 1443.88000488,
  "Molde": 1443.29150391,
  "Sparta Rotterdam": 1442.28833008,
  "Silkeborg": 1441.70019531,
  "Pogon": 1440.42907715,
  "Standard": 1440.10644531,
  "M Tel Aviv": 1440.04211426,
  "Cracovia": 1438.89404297,
  "Celje": 1438.73840332,
  "Gornik": 1438.04870605,
  "Rostov": 1435.17077637,
  "Rosenborg": 1435.16918945,
  "Aris": 1432.6550293,
  "Lugano": 1431.5871582,
  "Arouca": 1430.8001709,
  "Rubin Kazan": 1430.16821289,
  "Cercle Brugge": 1429.97241211,
  "Lausanne": 1426.81164551,
  "Piast Gliwice": 1426.75805664,
  "Hradec Kralove": 1425.32458496,
  "Zwolle": 1425.078125,
  "Legia": 1424.8482666,
  "Casa Pia": 1424.04333496,
  "LASK": 1422.95361328,
  "Estrela Amadora": 1422.3840332,
  "Groningen": 1421.38793945,
  "Radomiak": 1420.61621094,
  "Alanyaspor": 1419.68188477,
  "Dynamo Kyiv": 1418.65649414,
  "Alverca": 1418.56225586,
  "Gyoer": 1417.51379395,
  "Levski": 1417.18493652,
  "Servette": 1416.87158203,
  "Levadeiakos": 1416.60546875,
  "Hajduk": 1416.04467773,
  "Nacional": 1414.95288086,
  "Sandefjord": 1413.25292969,
  "Leuven": 1413.09655762,
  "Hibernian": 1413.04223633,
  "Lubin": 1412.80822754,
  "GAIS": 1412.19641113,
  "Austria Wien": 1411.39257812,
  "Odense": 1411.02819824,
  "Korona": 1410.82287598,
  "Wolfsberg": 1410.58874512,
  "Fredrikstad": 1409.15246582,
  "Maccabi Haifa": 1407.00830078,
  "Paksi": 1404.53601074,
  "Goeteborg": 1403.22033691,
  "Rijeka": 1402.22583008,
  "Sittard": 1402.21032715,
  "AIK": 1397.91638184,
  "Plock": 1397.70581055,
  "Thun": 1395.64331055,
  "Gaziantep FK": 1394.70678711,
  "Rapid Bucuresti": 1393.87084961,
  "IK Sirius": 1392.99865723,
  "Puskas Akademia": 1391.77893066,
  "Banik Ostrava": 1391.3581543,
  "Sarpsborg": 1390.17114258,
  "Luzern": 1389.68664551,
  "Katowice": 1389.47314453,
  "Terek Grozny": 1387.9239502,
  "Karvina": 1387.6574707,
  "Kasimpasa": 1386.41772461,
  "Rizespor": 1385.88464355,
  "CFR Cluj": 1383.78393555,
  "Lechia": 1383.5880127,
  "Sion": 1381.40686035,
  "Zulte Waregem": 1381.09643555,
  "Elfsborg": 1380.32373047,
  "Kryliya Sovetov": 1378.48657227,
  "Beitar": 1378.32165527,
  "Partizan": 1376.95532227,
  "Hartberg": 1375.34484863,
  "Akron Togliatti": 1374.86291504,
  "Sigma Olomouc": 1373.72460938,
  "Haecken": 1372.67370605,
  "Zuerich": 1371.44104004,
  "Tondela": 1371.34643555,
  "Ham-Kam": 1370.54052734,
  "Motherwell": 1369.4675293,
  "Kocaelispor": 1368.64111328,
  "Motor Lublin": 1368.35766602,
  "Dender": 1367.92407227,