{
  "Arsenal": 2060.58569336,
  "Manchester City": 1940.9543457,
  "Liverpool": 1926.35253906,
  "Aston Villa": 1884.63342285,
  "Manchester United": 1880.53747559,
  "Chelsea": 1868.98388672,
  "Brighton": 1843.56860352,
  "Newcastle": 1840.26281738,
  "Brentford": 1832.27941895,
  "Everton": 1831.13537598,
  "Bournemouth": 1822.14831543,
  "Fulham": 1801.1529541,
  "Crystal Palace": 1793.72790527,
  "Forest": 1784.46362305,
  "Leeds": 1764.87524414,
  "Tottenham": 1752.9954834,
  "West Ham": 1740.47595215,
  "Sunderland": 1704.15039062,
  "Wolverhampton": 1701.37670898,
  "Burnley": 1676.60119629,
  "Coventry": 1638.24047852,
  "Ipswich": 1626.70617676,
  "Southampton": 1591.40356445,
  "Middlesbrough": 1588.7791748,
  "Millwall": 1577.24145508,
  "Sheffield United": 1547.6706543,
  "Norwich": 1547.05358887,
  "Wrexham": 1534.27783203,
  "Derby": 1533.8236084,
  "Hull": 1533.58239746,
  "Watford": 1511.72802734,
  "Leicester": 1504.7598877,
  "Swansea": 1502.27954102,
  "QPR": 1494.91271973,
  "Stoke": 1487.86083984,
  "Bristol City": 1485.78991699,
  "Birmingham": 1481.21020508,
  "West Brom": 1476.43603516,
  "Preston": 1476.27355957,
  "Blackburn": 1472.22619629,
  "Charlton": 1464.26696777,
  "Oxford": 1450.28100586,
  "Portsmouth": 1447.69787598,
  "Sheffield Weds": 1321.63562012
}