{
  "Real Madrid": 1936.26025391,
  "Barcelona": 1926.63830566,
  "Atlético": 1869.28723145,
  "Villarreal": 1783.71569824,
  "Betis": 1758.31872559,
  "Athletic": 1719.25378418,
  "Celta": 1670.38977051,
  "Real Sociedad": 1657.94970703,
  "Espanyol": 1657.45983887,
  "Valencia": 1654.625,
  "Rayo Vallecano": 1649.39038086,
  "Osasuna": 1645.03039551,
  "Getafe": 1634.67895508,
  "Sevilla": 1625.99450684,
  "Mallorca": 1625.21447754,
  "Alaves": 1623.06335449,
  "Girona": 1601.07495117,
  "Elche": 1598.83581543,
  "Levante": 1577.35986328,
  "Las Palmas": 1570.5345459,
  "Almeria": 1559.44006348,
  "Real Oviedo": 1550.57653809,
  "Racing": 1545.94458008,
  "Depor": 1534.75537109,
  "Leganes": 1530.6027832,
  "Cadiz": 1500.68322754,
  "Granada": 1499.28723145,
  "Burgos": 1486.52819824,
  "Castellon": 1484.74707031,
  "Eibar": 1474.47888184,
  "Mirandes": 1472.59863281,
  "Huesca": 1466.26379395,
  "Albacete": 1460.00231934,
  "Cordoba": 1459.86755371,
  "Valladolid": 1455.93994141,
  "Sporting": 1454.22485352,
  "Ceuta": 1446.60852051,
  "Malaga": 1443.93505859,
  "Leonesa": 1429.90124512,
  "Sociedad B": 1423.37219238,
  "FC Andorra": 1413.03320312,
  "Zaragoza": 1399.35961914
}