{
  "Inter": 1915.43725586,
  "Milan": 1823.95593262,
  "Napoli": 1816.90966797,
  "Roma": 1812.4855957,
  "Atalanta": 1805.74206543,
  "Juventus": 1802.25537109,
  "Como": 1726.60925293,
  "Bologna": 1724.1784668,
  "Lazio": 1718.19128418,
  "Fiorentina": 1664.59338379,
  "Torino": 1638.22009277,
  "Genoa": 1630.05981445,
  "Udinese": 1612.15600586,
  "Sassuolo": 1608.40722656,
  "Parma": 1603.66625977,
  "Cagliari": 1602.23461914,
  "Venezia": 1585.45507812,
  "Cremonese": 1571.50769043,
  "Verona": 1560.36975098,
  "Lecce": 1552.27246094,
  "Frosinone": 1536.1920166,
  "Monza": 1533.03186035,
  "Pisa": 1532.22766113,
  "Palermo": 1504.00097656,
  "Empoli": 1501.65649414,
  "Catanzaro": 1470.37695312,
  "Juve Stabia": 1456.29052734,
  "Cesena": 1453.19006348,
  "Modena": 1450.87463379,
  "Suedtirol": 1426.61010742,
  "Spezia": 1426.44238281,
  "Carrarese": 1412.11132812,
  "Sampdoria": 1400.4954834,
  "Padova": 1385.2322998,
  "Bari": 1377.53051758,
  "Mantova": 1375.43823242,
  "Reggiana": 1375.42578125,
  "Avellino": 1370.17932129,
  "Entella": 1360.1307373,
  "Pescara": 1335.68774414
}