{
  "PSG": 1951.68554688,
  "Lyon": 1765.05065918,
  "Lens": 1750.25634766,
  "Marseille": 1743.97277832,
  "Strasbourg": 1704.44726562,
  "Lille": 1700.66772461,
  "Monaco": 1682.36376953,
  "Toulouse": 1662.38171387,
  "Rennais": 1660.49914551,
  "Brest": 1633.43908691,
  "Lorient": 1625.42663574,
  "Nice": 1588.73168945,
  "Angers": 1561.49462891,
  "Auxerre": 1561.27001953,
  "Le Havre": 1555.90112305,
  "Reims": 1550.32287598,
  "Paris FC": 1539.78369141,
  "Nantes": 1523.17822266,
  "Metz": 1521.32727051,
  "Saint-Etienne": 1489.44909668,
  "Troyes": 1470.6138916,
  "Dunkerque": 1457.71191406,
  "Montpellier": 1451.11853027,
  "Le Mans": 1444.49060059,
  "Annecy": 1440.65014648,
  "Guingamp": 1437.70617676,
  "Rodez": 1425.87231445,
  "Pau": 1407.23742676,
  "Red Star": 1406.51611328,
  "Grenoble": 1384.73364258,
  "Clermont": 1381.63989258,
  "Bastia": 1370.93615723,
  "Boulogne": 1358.7277832,
  "Laval": 1346.37609863,
  "Amiens": 1338.3001709,
  "Nancy": 1334.58374023
}