{
  "Arsenal": 2060.55541992,
  "Manchester City": 1981.04492188,
  "Liverpool": 1911.3536377,
  "Aston Villa": 1900.12805176,
  "Manchester United": 1898.88574219,
  "Bournemouth": 1867.31591797,
  "Brighton": 1852.75756836,
  "Newcastle": 1846.18103027,
  "Chelsea": 1832.84155273,
  "Brentford": 1830.35253906,
  "Forest": 1819.08666992,
  "Leeds": 1809.1673584,
  "Everton": 1808.67626953,
  "Fulham": 1798.76269531,
  "Crystal Palace": 1798.14025879,
  "Tottenham": 1771.79260254,
  "West Ham": 1751.34008789,
  "Sunderland": 1723.09667969,
  "Wolverhampton": 1675.9831543,
  "Burnley": 1664.36376953,
  "Coventry": 1658.63623047,
  "Ipswich": 1637.15661621,
  "Southampton": 1633.50488281,
  "Millwall": 1601.57678223,
  "Middlesbrough": 1586.1036377,
  "Norwich": 1557.51953125,
  "Sheffield United": 1543.73913574,
  "Derby": 1536.3717041,
  "Swansea": 1533.44396973,
  "Hull": 1530.03881836,
  "Wrexham": 1524.61755371,
  "Bristol City": 1504.84094238,
  "Birmingham": 1504.22436523,
  "West Brom": 1501.86425781,
  "Leicester": 1500.61645508,
  "Portsmouth": 1496.47412109,
  "Blackburn": 1490.43737793,
  "QPR": 1477.66833496,
  "Preston": 1476.02307129,
  "Oxford": 1459.68225098,
  "Watford": 1455.3203125,
  "Charlton": 1450.14379883,
  "Stoke": 1449.89001465,
  "Sheffield Weds": 1339.32995605
}