{
  "Inter": 1928.09289551,
  "Napoli": 1832.78088379,
  "Atalanta": 1811.4609375,
  "Roma": 1804.69909668,
  "Milan": 1796.5682373,
  "Juventus": 1787.80529785,
  "Lazio": 1751.53857422,
  "Bologna": 1744.35339355,
  "Fiorentina": 1710.7019043,
  "Torino": 1682.58752441,
  "Como": 1682.01525879,
  "Udinese": 1612.23840332,
  "Sassuolo": 1611.17578125,
  "Genoa": 1605.07800293,
  "Cagliari": 1593.95593262,
  "Parma": 1586.9284668,
  "Cremonese": 1581.04516602,
  "Verona": 1565.98059082,
  "Lecce": 1563.89770508,
  "Venezia": 1551.55932617,
  "Monza": 1534.06530762,
  "Pisa": 1531.70874023,
  "Empoli": 1517.09887695,
  "Frosinone": 1486.00769043,
  "Palermo": 1468.82019043,
  "Spezia": 1466.48120117,
  "Modena": 1464.11303711,
  "Cesena": 1460.40795898,
  "Juve Stabia": 1456.82580566,
  "Catanzaro": 1452.85681152,
  "Carrarese": 1431.25390625,
  "Reggiana": 1425.890625,
  "Suedtirol": 1422.39904785,
  "Sampdoria": 1418.2734375,
  "Bari": 1409.69030762,
  "Padova": 1385.02709961,
  "Avellino": 1368.71716309,
  "Pescara": 1362.10327148,
  "Entella": 1355.11328125,
  "Mantova": 1353.81945801
}