{
  "Inter": 1919.38647461,
  "Napoli": 1832.78039551,
  "Milan": 1819.16955566,
  "Roma": 1808.11010742,
  "Atalanta": 1801.09521484,
  "Juventus": 1795.80200195,
  "Lazio": 1752.9119873,
  "Bologna": 1752.76171875,
  "Como": 1711.05981445,
  "Fiorentina": 1674.34057617,
  "Torino": 1655.38977051,
  "Udinese": 1624.28356934,
  "Genoa": 1623.63684082,
  "Sassuolo": 1617.30444336,
  "Cagliari": 1591.42578125,
  "Cremonese": 1585.37182617,
  "Parma": 1582.34692383,
  "Lecce": 1582.12414551,
  "Venezia": 1562.3807373,
  "Verona": 1553.25646973,
  "Monza": 1551.18225098,
  "Pisa": 1547.67785645,
  "Empoli": 1533.40649414,
  "Frosinone": 1511.35168457,
  "Palermo": 1484.0201416,
  "Modena": 1469.38244629,
  "Cesena": 1465.48266602,
  "Catanzaro": 1459.0324707,
  "Spezia": 1450.8828125,
  "Juve Stabia": 1445.71130371,
  "Suedtirol": 1415.12060547,
  "Reggiana": 1411.23925781,
  "Carrarese": 1409.26977539,
  "Bari": 1407.74523926,
  "Sampdoria": 1405.95385742,
  "Mantova": 1384.36779785,
  "Padova": 1380.98193359,
  "Avellino": 1371.49902344,
  "Entella": 1367.46679688,
  "Pescara": 1343.29223633
}