{
  "Arsenal": 2060.09692383,
  "Manchester City": 1979.5435791,
  "Liverpool": 1952.64709473,
  "Aston Villa": 1933.72741699,
  "Chelsea": 1925.30371094,
  "Manchester United": 1878.12084961,
  "Newcastle": 1874.52978516,
  "Brentford": 1857.94604492,
  "Bournemouth": 1844.31835938,
  "Brighton": 1825.0078125,
  "Everton": 1822.35644531,
  "Tottenham": 1811.74987793,
  "Fulham": 1802.05895996,
  "Crystal Palace": 1793.43359375,
  "Leeds": 1785.33105469,
  "Forest": 1780.41491699,
  "West Ham": 1746.12316895,
  "Sunderland": 1702.13769531,
  "Burnley": 1697.41235352,
  "Wolverhampton": 1673.60400391,
  "Ipswich": 1637.51135254,
  "Middlesbrough": 1617.52734375,
  "Coventry": 1606.24047852,
  "Sheffield United": 1578.42163086,
  "Millwall": 1576.1015625,
  "Southampton": 1569.2557373,
  "Hull": 1565.57836914,
  "Derby": 1547.3269043,
  "Norwich": 1534.9876709,
  "Bristol City": 1532.59985352,
  "Leicester": 1525.10778809,
  "Preston": 1524.53967285,
  "Swansea": 1518.96887207,
  "Watford": 1518.47302246,
  "Wrexham": 1518.07641602,
  "Birmingham": 1510.73339844,
  "Stoke": 1506.9576416,
  "QPR": 1505.16601562,
  "Blackburn": 1487.5300293,
  "Charlton": 1477.90686035,
  "Portsmouth": 1474.23535156,
  "West Brom": 1472.33251953,
  "Oxford": 1438.67114258,
  "Sheffield Weds": 1352.65466309
}