{
  "Barcelona": 1981.92480469,
  "Real Madrid": 1960.14807129,
  "Atlético": 1869.68945312,
  "Villarreal": 1769.2520752,
  "Betis": 1756.59875488,
  "Celta": 1741.34655762,
  "Athletic": 1720.02075195,
  "Real Sociedad": 1703.09936523,
  "Osasuna": 1696.53820801,
  "Valencia": 1684.70129395,
  "Getafe": 1671.51477051,
  "Rayo Vallecano": 1668.83056641,
  "Girona": 1655.94458008,
  "Mallorca": 1633.14465332,
  "Espanyol": 1631.69384766,
  "Alaves": 1630.74804688,
  "Sevilla": 1624.47460938,
  "Levante": 1616.21899414,
  "Elche": 1609.88049316,
  "Las Palmas": 1573.84790039,
  "Almeria": 1570.75292969,
  "Racing": 1567.19909668,
  "Real Oviedo": 1566.59814453,
  "Malaga": 1544.9732666,
  "Eibar": 1535.9987793,
  "Depor": 1530.82006836,
  "Leganes": 1528.4732666,
  "Burgos": 1527.41210938,
  "Granada": 1526.40441895,
  "Castellon": 1523.48034668,
  "Albacete": 1513.6751709,
  "Sporting": 1498.47888184,
  "Sociedad B": 1477.01049805,
  "Cordoba": 1463.57373047,
  "Cadiz": 1463.37414551,
  "FC Andorra": 1456.79467773,
  "Ceuta": 1455.64196777,
  "Valladolid": 1452.39587402,
  "Mirandes": 1443.59228516,
  "Huesca": 1435.4876709,
  "Zaragoza": 1428.38842773,
  "Leonesa": 1395.94824219
}