{
  "Arsenal": 2059.56884766,
  "Bayern Munich": 2001.67077637,
  "Manchester City": 1981.04492188,
  "PSG": 1979.07141113,
  "Barcelona": 1969.25671387,
  "Liverpool": 1922.57299805,
  "Real Madrid": 1918.62365723,
  "Inter": 1901.2331543,
  "Manchester United": 1893.57861328,
  "Aston Villa": 1888.90869141,
  "Bournemouth": 1867.31591797,
  "Brighton": 1861.28173828,
  "Sporting": 1845.68908691,
  "Atlético": 1844.4588623,
  "Newcastle": 1839.1237793,
  "Chelsea": 1832.8416748,
  "Brentford": 1832.54870605,
  "Borussia Dortmund": 1831.23657227,
  "Everton": 1826.09655762,
  "Forest": 1824.3939209,
  "Benfica": 1820.2097168,
  "Leverkusen": 1812.64074707,
  "Porto": 1804.45288086,
  "Fulham": 1801.20776367,
  "Leeds": 1800.64318848,
  "Crystal Palace": 1795.9440918,
  "Juventus": 1793.69702148,
  "Roma": 1782.10253906,
  "RB Leipzig": 1778.13537598,
  "Atalanta": 1776.57202148,
  "Tottenham": 1771.79260254,
  "Napoli": 1771.6829834,
  "Stuttgart": 1767.41186523,
  "Lille": 1761.54602051,
  "West Ham": 1758.39746094,
  "Milan": 1757.29077148,
  "Villarreal": 1754.76818848,
  "PSV": 1753.94702148,
  "Como": 1749.37109375,
  "Lyon": 1749.16638184,
  "Betis": 1747.84936523,
  "Lens": 1747.5970459,
  "Brugge": 1743.64123535,
  "Saint-Gilloise": 1730.05175781,
  "Rennais": 1725.45715332,
  "Monaco": 1723.99047852,
  "Hoffenheim": 1720.29016113,
  "Freiburg": 1719.99182129,
  "Bodø/Glimt": 1708.89245605,
  "Lazio": 1708.05053711,
  "Sunderland": 1705.6763916,
  "Marseille": 1705.50671387,
  "Strasbourg": 1702.43444824,
  "Braga": 1698.91113281,
  "Galatasaray": 1698.18334961,
  "Celta": 1696.21008301,
  "Rayo Vallecano": 1695.76745605,
  "Midtjylland": 1687.38391113,
  "Bologna": 1685.59570312,
  "Athletic": 1684.1574707,
  "Real Sociedad": 1680.43395996,
  "Wolverhampton": 1673.53808594,
  "Valencia": 1670.27490234,
  "Osasuna": 1669.64758301,
  "Getafe": 1667.22399902,
  "Burnley": 1665.35021973,
  "Frankfurt": 1664.49072266,
  "Mainz": 1664.46142578,
  "Fenerbahce": 1663.42553711,
  "Udinese": 1662.98327637,
  "Olympiacos": 1662.70263672,
  "Zenit": 1657.19775391,
  "Augsburg": 1654.68017578,
  "Lorient": 1654.43994141,
  "Slavia Prag": 1654.11645508,
  "Toulouse": 1653.27722168,
  "Fiorentina": 1650.30578613,
  "Mallorca": 1645.51708984,
  "Girona": 1642.41101074,
  "Sassuolo": 1641.79675293,
  "AEK": 1641.33215332,
  "Alaves": 1636.66809082,
  "Sevilla": 1635.63659668,
  "Levante": 1635.29577637,
  "Genoa": 1633.29602051,
  "FC Krasnodar": 1632.22900391,
  "Viking": 1631.9107666,
  "Torino": 1629.3840332,
  "Gladbach": 1625.19494629,
  "Brest": 1623.3380127,
  "Espanyol": 1620.95874023,
  "Elche": 1614.92700195,
  "Werder": 1613.83959961,
  "Paris FC": 1613.3449707,
  "PAOK": 1606.00732422,
  "Union Berlin": 1605.48486328,
  "Auxerre": 1604.37683105,
  "Hamburg": 1597.82080078,
  "Feyenoord": 1595.95092773,
  "Parma": 1595.4987793,
  "Wolfsburg": 1589.85327148,
  "Famalicao": 1587.19396973,
  "Crvena Zvezda": 1586.15527344,
  "Nice": 1585.36950684,
  "Shakhtar": 1584.59082031,
  "Aarhus": 1582.55212402,
  "Ajax": 1579.30126953,
  "Genk": 1578.59484863,
  "Copenhagen": 1578.41003418,
  "Dinamo Zagreb": 1577.11853027,
  "Real Oviedo": 1576.51757812,
  "Twente": 1572.93579102,
  "Cagliari": 1572.5135498,
  "Koeln": 1571.65649414,
  "Celtic": 1569.12597656,
  "Heidenheim": 1564.32189941,
  "Le Havre": 1562.78857422,
  "Pafos": 1561.03271484,
  "St Truiden": 1559.12963867,
  "Viktoria Plzen": 1556.39904785,
  "Lok Moskva": 1555.28356934,
  "CSKA Moskva": 1554.62353516,
  "Qarabag FK": 1554.37609863,
  "Trabzonspor": 1551.96044922,
  "Spartak Moskva": 1550.99316406,
  "Sparta Praha": 1547.84741211,
  "Lecce": 1547.32385254,
  "St Pauli": 1546.94641113,
  "Panathinaikos": 1546.20727539,
  "Alkmaar": 1546.04528809,
  "Angers": 1543.15466309,
  "Nordsjaelland": 1541.78015137,
  "Nantes": 1541.5703125,
  "Dynamo Moskva": 1538.52526855,
  "Brondby": 1529.92541504,
  "Guimaraes": 1528.52844238,
  "Brann": 1528.16918945,
  "Nijmegen": 1527.31018066,
  "Cremonese": 1525.73413086,
  "Anderlecht": 1521.12158203,
  "Lech": 1520.91870117,
  "Ferencvaros": 1520.05029297,
  "Besiktas": 1517.77758789,
  "Mjaellby": 1515.64575195,
  "Utrecht": 1515.2644043,
  "Bueyueksehir": 1514.71057129,
  "Rakow": 1513.49890137,
  "Viborg": 1512.19702148,
  "Gil Vicente": 1510.08410645,
  "Rangers": 1510.05310059,
  "Hammarby": 1507.66381836,
  "Standard": 1506.21325684,
  "Charleroi": 1503.52636719,
  "Verona": 1498.16870117,
  "Estoril": 1497.17895508,
  "Tromso": 1496.79077148,
  "Larnaca": 1494.35534668,
  "Gent": 1494.28186035,
  "Arouca": 1494.11157227,
  "Westerlo": 1485.26025391,
  "Metz": 1484.91503906,
  "Baltika": 1484.52722168,
  "Santa Clara": 1484.45080566,
  "RB Salzburg": 1482.40710449,
  "Antwerp": 1481.17236328,
  "Mechelen": 1480.4041748,
  "Hearts": 1479.29516602,
  "Moreirense": 1478.99890137,
  "Aris Limassol": 1478.18310547,
  "Djurgarden": 1472.00256348,
  "Sturm Graz": 1471.63842773,
  "StGallen": 1469.69934082,
  "Molde": 1467.12390137,
  "Heerenveen": 1467.03405762,
  "Jagiellonia": 1466.60534668,
  "Beer-Sheva": 1466.13769531,
  "SonderjyskE": 1465.48205566,
  "Thun": 1463.22155762,
  "Pisa": 1462.53222656,
  "Goeztepe": 1462.02905273,
  "Craiova": 1458.68518066,
  "Omonia": 1456.90454102,
  "Celje": 1455.5267334,
  "Gyoer": 1454.81445312,
  "LASK": 1452.54577637,
  "Gornik": 1452.04492188,
  "Rio Ave": 1450.4979248,
  "Lugano": 1450.05957031,
  "Samsunspor": 1449.94042969,
  "Rubin Kazan": 1449.72570801,
  "Alverca": 1447.39880371,
  "Cercle Brugge": 1445.62512207,
  "Hradec Kralove": 1445.51159668,
  "Silkeborg": 1445.33203125,
  "Go Ahead Eagles": 1445.12243652,
  "Jablonec": 1445.09521484,
  "Malmoe": 1444.68371582,
  "Levski": 1441.24841309,
  "Legia": 1440.72375488,
  "Dynamo Kyiv": 1440.28381348,
  "M Tel Aviv": 1438.46240234,
  "Nacional": 1438.05737305,
  "CFR Cluj": 1437.53100586,
  "Basel": 1436.53771973,
  "Sion": 1433.71728516,
  "Universitatea Cluj": 1433.61633301,
  "Groningen": 1432.9942627,
  "Randers": 1432.4888916,
  "Razgrad": 1431.40698242,
  "Slovan Liberec": 1431.40258789,
  "Young Boys": 1431.359375,
  "Odense": 1430.63183594,
  "Zulte Waregem": 1430.47912598,
  "Casa Pia": 1428.71105957,
  "IK Sirius": 1427.83239746,
  "Rosenborg": 1427.67419434,
  "Aris": 1426.9440918,
  "Hajduk": 1426.87268066,
  "Steaua": 1426.69921875,
  "Katowice": 1426.26806641,
  "Pogon": 1424.82568359,
  "Rostov": 1424.74609375,
  "Sandefjord": 1423.67431641,
  "Sparta Rotterdam": 1423.07739258,
  "Levadeiakos": 1417.51599121,
  "Servette": 1417.44885254,
  "Beitar": 1414.83398438,
  "Piast Gliwice": 1413.75842285,
  "Fredrikstad": 1412.80065918,
  "Leuven": 1411.38623047,
  "Hibernian": 1409.62695312,
  "Alanyaspor": 1407.65209961,
  "Konyaspor": 1406.84484863,
  "Terek Grozny": 1406.51831055,
  "Tondela": 1406.50842285,
  "Sarpsborg": 1403.36462402,
  "Estrela Amadora": 1403.16503906,
  "Radomiak": 1402.66918945,
  "Rizespor": 1400.7421875,
  "Austria Wien": 1398.94335938,
  "Lubin": 1397.54772949,
  "Luzern": 1397.09777832,
  "Lechia": 1396.66125488,
  "Zwolle": 1395.98168945,
  "Ham-Kam": 1395.86999512,
  "Cracovia": 1394.18835449,
  "Polissya Zhytomyr": 1391.21179199,
  "Korona": 1390.38635254,
  "Sittard": 1388.13720703,
  "Elfsborg": 1388.13391113,
  "Rijeka": 1387.4979248,
  "GAIS": 1387.08862305,
  "Telstar": 1385.86608887,
  "Haecken": 1383.41943359,
  "Rapid Wien": 1381.19348145,
  "Mlada Boleslav": 1381.1496582,
  "AIK": 1381.11560059,
  "Motor Lublin": 1379.69775391,
  "Motherwell": 1378.9876709,
  "Valerenga": 1377.26916504,
  "Plock": 1375.22253418,
  "Lausanne": 1374.96130371,
  "Atromitos": 1372.99389648,
  "Sigma Olomouc": 1371.94628906,
  "Widzew": 1371.26391602,
  "Hartberg": 1370.59338379,
  "Kasimpasa": 1369.13256836,
  "Goeteborg": 1368.79516602,
  "RAAL": 1368.54003906,
  "Rapid Bucuresti": 1368.52368164,
  "Dinamo Bucuresti": 1368.21972656,
  "Paksi": 1367.53356934,
  "Fredericia": 1366.5802002,
  "Slovan Bratislava": 1366.51843262,