{
  "Arsenal": 2030.32324219,
  "Bayern Munich": 2000.0369873,
  "PSG": 1978.06567383,
  "Manchester City": 1968.05993652,
  "Barcelona": 1939.35595703,
  "Liverpool": 1926.50158691,
  "Real Madrid": 1917.46826172,
  "Inter": 1913.3927002,
  "Aston Villa": 1903.48913574,
  "Chelsea": 1888.96740723,
  "Newcastle": 1871.76660156,
  "Atlético": 1871.36047363,
  "Borussia Dortmund": 1869.14465332,
  "Crystal Palace": 1847.88562012,
  "Leverkusen": 1846.54821777,
  "Brighton": 1840.23620605,
  "Napoli": 1838.24121094,
  "Manchester United": 1828.75476074,
  "Milan": 1823.82556152,
  "Tottenham": 1819.96508789,
  "Sporting": 1811.71240234,
  "Everton": 1810.46044922,
  "Brentford": 1805.55163574,
  "PSV": 1803.60925293,
  "Bournemouth": 1800.16821289,
  "Roma": 1794.96350098,
  "Villarreal": 1791.62878418,
  "Atalanta": 1790.50622559,
  "Juventus": 1789.09558105,
  "Marseille": 1788.35998535,
  "RB Leipzig": 1787.0871582,
  "Benfica": 1782.47314453,
  "Lille": 1774.82373047,
  "Fulham": 1770.27600098,
  "Forest": 1764.83813477,
  "Porto": 1759.29577637,
  "Lens": 1755.90368652,
  "Betis": 1754.20739746,
  "Bologna": 1753.51928711,
  "Lazio": 1750.90869141,
  "Lyon": 1742.74975586,
  "West Ham": 1733.7401123,
  "Athletic": 1732.86560059,
  "Stuttgart": 1730.12036133,
  "Frankfurt": 1726.84448242,
  "Monaco": 1725.88330078,
  "Leeds": 1725.08105469,
  "Galatasaray": 1712.5291748,
  "Freiburg": 1711.24682617,
  "Saint-Gilloise": 1710.98535156,
  "Strasbourg": 1709.30236816,
  "Brugge": 1708.97021484,
  "Como": 1705.09460449,
  "Burnley": 1695.91333008,
  "Celta": 1695.84265137,
  "Rennais": 1690.53710938,
  "Olympiacos": 1689.43591309,
  "Slavia Prag": 1685.09094238,
  "Fenerbahce": 1682.84692383,
  "Hoffenheim": 1680.78759766,
  "Werder": 1676.98864746,
  "Brest": 1671.90283203,
  "Braga": 1669.29736328,
  "Espanyol": 1667.15661621,
  "Midtjylland": 1666.32495117,
  "Toulouse": 1662.98608398,
  "Zenit": 1662.57800293,
  "Fiorentina": 1662.01306152,
  "Gladbach": 1661.14855957,
  "Valencia": 1655.31018066,
  "Osasuna": 1655.30065918,
  "Real Sociedad": 1653.81994629,
  "Sunderland": 1652.08813477,
  "Torino": 1649.48718262,
  "Feyenoord": 1648.10266113,
  "Mainz": 1647.56103516,
  "Wolverhampton": 1647.01037598,
  "Rayo Vallecano": 1646.35314941,
  "Bodø/Glimt": 1643.90002441,
  "FC Krasnodar": 1639.16955566,
  "Wolfsburg": 1637.79602051,
  "Alaves": 1633.85253906,
  "Getafe": 1633.42456055,
  "Genoa": 1632.49584961,
  "Sevilla": 1631.96899414,
  "Sassuolo": 1628.38122559,
  "Mallorca": 1628.31811523,
  "Union Berlin": 1626.96850586,
  "Augsburg": 1624.29699707,
  "Nice": 1622.31286621,
  "PAOK": 1616.99377441,
  "Udinese": 1614.1796875,
  "Elche": 1613.38427734,
  "Lorient": 1606.53942871,
  "Cagliari": 1603.3269043,
  "Celtic": 1602.80773926,
  "Genk": 1598.21496582,
  "Koeln": 1596.63415527,
  "CSKA Moskva": 1595.08740234,
  "Cremonese": 1594.47619629,
  "Girona": 1593.18579102,
  "Auxerre": 1592.90966797,
  "Parma": 1590.27087402,
  "Hamburg": 1589.44726562,
  "AEK": 1582.46166992,
  "Viking": 1581.9519043,
  "Angers": 1578.49487305,
  "Lok Moskva": 1576.38366699,
  "Ajax": 1576.35778809,
  "Levante": 1573.74914551,
  "Anderlecht": 1573.03723145,
  "Copenhagen": 1572.65979004,
  "Sparta Praha": 1572.23547363,
  "Alkmaar": 1571.99145508,
  "Lecce": 1571.77575684,
  "Verona": 1571.26074219,
  "Qarabag": 1567.44580078,
  "Le Havre": 1566.88256836,
  "Viktoria Plzen": 1566.02111816,
  "Heidenheim": 1562.4765625,
  "Nantes": 1561.61889648,
  "Aarhus": 1561.10009766,
  "Paris FC": 1558.23034668,
  "Crvena Zvezda": 1557.77624512,
  "St Pauli": 1557.70483398,
  "Pafos": 1555.40026855,
  "Real Oviedo": 1554.13232422,
  "Mjaellby": 1553.49658203,
  "Metz": 1551.39611816,
  "Spartak Moskva": 1550.35656738,
  "Guimaraes": 1548.11999512,
  "Rakow": 1547.34814453,
  "Shakhtar": 1546.06066895,
  "Panathinaikos": 1543.28710938,
  "Brondby": 1543.07385254,
  "Famalicao": 1540.8729248,
  "Brann": 1539.05212402,
  "Pisa": 1538.50866699,
  "Twente": 1534.43920898,
  "Ferencvaros": 1534.40673828,
  "Utrecht": 1533.02050781,
  "Trabzonspor": 1528.14331055,
  "Dinamo Zagreb": 1522.53918457,
  "Rangers": 1520.9621582,
  "Nijmegen": 1520.62353516,
  "Antwerp": 1518.40966797,
  "Hammarby": 1515.17980957,
  "St Truiden": 1510.93029785,
  "Basel": 1509.0793457,
  "Jagiellonia": 1507.89379883,
  "Dynamo Moskva": 1504.17370605,
  "RB Salzburg": 1503.79724121,
  "Larnaca": 1501.90893555,
  "Mechelen": 1501.72387695,
  "Jablonec": 1500.3371582,
  "Nordsjaelland": 1495.98193359,
  "Besiktas": 1495.97436523,
  "Gil Vicente": 1495.4519043,
  "Lech": 1492.94628906,
  "Moreirense": 1492.42016602,
  "Djurgarden": 1489.89782715,
  "Omonia": 1489.50378418,
  "Young Boys": 1488.74645996,
  "Beer-Sheva": 1488.11975098,
  "Gent": 1485.85083008,
  "Aris Limassol": 1484.65197754,
  "Charleroi": 1479.22521973,
  "Baltika": 1477.88562012,
  "Sturm Graz": 1477.29101562,
  "Samsunspor": 1477.28259277,
  "Estoril": 1473.87548828,
  "Viborg": 1473.47167969,
  "Westerlo": 1471.62182617,
  "Celje": 1470.56311035,
  "Santa Clara": 1466.55834961,
  "Tromso": 1461.87060547,
  "Slovan Liberec": 1459.72363281,
  "Go Ahead Eagles": 1458.69726562,
  "SonderjyskE": 1457.76098633,
  "Rio Ave": 1457.46520996,
  "Bueyueksehir": 1457.19970703,
  "Standard": 1454.55395508,
  "M Tel Aviv": 1454.21533203,
  "Craiova": 1453.51708984,
  "Hearts": 1453.19543457,
  "Randers": 1451.58251953,
  "Malmoe": 1449.04870605,
  "Sparta Rotterdam": 1447.95336914,
  "Molde": 1445.79736328,
  "Goeztepe": 1444.16943359,
  "Razgrad": 1443.93676758,
  "Legia": 1438.81945801,
  "Rosenborg": 1437.67492676,
  "Pogon": 1436.17468262,
  "Rostov": 1435.17077637,
  "Steaua": 1434.89953613,
  "Cracovia": 1434.63928223,
  "Gornik": 1433.79431152,
  "Hradec Kralove": 1433.6809082,
  "Silkeborg": 1433.35766602,
  "Rubin Kazan": 1430.16833496,
  "Lausanne": 1427.70007324,
  "Arouca": 1427.05322266,
  "LASK": 1425.08972168,
  "StGallen": 1424.84741211,
  "Wolfsberg": 1422.86413574,
  "Sigma Olomouc": 1421.23681641,
  "Cercle Brugge": 1421.02990723,
  "Heerenveen": 1420.45507812,
  "Leuven": 1419.84912109,
  "Banik Ostrava": 1417.2088623,
  "Groningen": 1416.43786621,
  "Radomiak": 1416.36181641,
  "Levski": 1415.99121094,
  "Casa Pia": 1415.89868164,
  "Sandefjord": 1415.75891113,
  "Rapid Bucuresti": 1415.5435791,
  "GAIS": 1415.06616211,
  "Servette": 1414.03588867,
  "Aris": 1413.7388916,
  "Alanyaspor": 1413.32189941,
  "Piast Gliwice": 1411.98205566,
  "Fredrikstad": 1411.65820312,
  "Alverca": 1409.76464844,
  "Nacional": 1409.63598633,
  "Dynamo Kyiv": 1409.44519043,
  "Zwolle": 1408.80786133,
  "Hajduk": 1408.79150391,
  "Hibernian": 1407.83435059,
  "Korona": 1406.56835938,
  "Goeteborg": 1406.08996582,
  "Austria Wien": 1405.39038086,
  "Gaziantep FK": 1403.94482422,
  "Odense": 1402.68579102,
  "AIK": 1400.78613281,
  "Gyoer": 1400.14257812,
  "Puskas Akademia": 1398.30004883,
  "Sittard": 1396.4921875,
  "Maccabi Haifa": 1396.45141602,
  "Estrela Amadora": 1396.36999512,
  "IK Sirius": 1395.8684082,
  "Lubin": 1395.17700195,
  "Levadeiakos": 1395.15234375,
  "Plock": 1393.4510498,
  "Zulte Waregem": 1392.72521973,
  "Sarpsborg": 1392.67687988,
  "Paksi": 1391.95654297,
  "Kasimpasa": 1390.88500977,
  "Lugano": 1389.92358398,
  "Terek Grozny": 1387.9239502,
  "Zuerich": 1385.26000977,
  "Katowice": 1385.21862793,
  "Partizan": 1384.9432373,
  "Elfsborg": 1383.19360352,
  "Haecken": 1380.88476562,
  "Lechia": 1379.33349609,
  "Dender": 1378.99353027,
  "Rizespor": 1378.71838379,
  "Kryliya Sovetov": 1378.48669434,
  "Slovan Bratislava": 1378.08508301,
  "Hartberg": 1376.64099121,
  "Thun": 1376.59240723,
  "Karvina": 1376.50805664,
  "Heracles": 1376.15344238,
  "Sion": 1375.00939941,
  "Akron Togliatti": 1374.86291504,
  "Rijeka": 1374.55957031,
  "Ham-Kam": 1373.04638672,
  "Tondela": 1371.5592041,
  "Dinamo Bucuresti": 1370.69213867,
  "CFR Cluj": 1369.78149414,
  "Konyaspor": 1369.52075195,
  "Luzern": 1368.9197998,