{
  "PSG": 1940.27282715,
  "Lens": 1764.45544434,
  "Lyon": 1752.56298828,
  "Marseille": 1743.32312012,
  "Monaco": 1726.9017334,
  "Lille": 1715.22009277,
  "Strasbourg": 1711.78405762,
  "Rennais": 1708.94787598,
  "Brest": 1676.05859375,
  "Toulouse": 1632.92785645,
  "Lorient": 1631.23681641,
  "Auxerre": 1571.56396484,
  "Nice": 1570.97167969,
  "Angers": 1566.03674316,
  "Le Havre": 1561.69665527,
  "Paris FC": 1557.09240723,
  "Reims": 1544.41113281,
  "Saint-Etienne": 1529.0300293,
  "Nantes": 1521.19799805,
  "Metz": 1505.16223145,
  "Troyes": 1483.91772461,
  "Montpellier": 1466.04589844,
  "Dunkerque": 1462.7713623,
  "Rodez": 1453.65905762,
  "Le Mans": 1449.48327637,
  "Annecy": 1449.22558594,
  "Guingamp": 1435.32885742,
  "Red Star": 1404.96118164,
  "Clermont": 1389.31396484,
  "Grenoble": 1386.15905762,
  "Pau": 1384.80578613,
  "Bastia": 1373.08032227,
  "Boulogne": 1373.0559082,
  "Laval": 1353.30432129,
  "Nancy": 1335.80322266,
  "Amiens": 1329.96655273
}