{
  "Barcelona": 1945.43066406,
  "Real Madrid": 1936.12731934,
  "Atlético": 1855.34973145,
  "Athletic": 1789.30908203,
  "Villarreal": 1785.54626465,
  "Betis": 1742.14355469,
  "Osasuna": 1697.22412109,
  "Celta": 1689.27075195,
  "Valencia": 1679.41601562,
  "Real Sociedad": 1667.3203125,
  "Rayo Vallecano": 1658.47607422,
  "Alaves": 1644.11938477,
  "Mallorca": 1641.24829102,
  "Sevilla": 1637.12207031,
  "Girona": 1637.03479004,
  "Espanyol": 1634.66186523,
  "Getafe": 1625.7598877,
  "Levante": 1610.2755127,
  "Leganes": 1599.02893066,
  "Real Oviedo": 1587.67089844,
  "Elche": 1584.90917969,
  "Las Palmas": 1563.50219727,
  "Mirandes": 1560.6192627,
  "Almeria": 1543.83947754,
  "Granada": 1530.59692383,
  "Eibar": 1525.1036377,
  "Santander": 1522.47338867,
  "Cadiz": 1520.49938965,
  "Huesca": 1501.46838379,
  "Albacete": 1496.5090332,
  "Gijon": 1487.59094238,
  "Burgos": 1473.21594238,
  "Valladolid": 1467.32788086,
  "Cordoba": 1467.14416504,
  "Castellon": 1461.74108887,
  "Depor": 1458.74169922,
  "Zaragoza": 1450.09289551,
  "Malaga": 1448.69726562,
  "Tenerife": 1428.20349121,
  "Eldense": 1419.25427246,
  "Ferrol": 1350.68530273,
  "Cartagena": 1332.44958496
}