{
  "Inter": 1890.04699707,
  "Juventus": 1797.48535156,
  "Napoli": 1783.48364258,
  "Milan": 1781.4708252,
  "Atalanta": 1772.26391602,
  "Roma": 1768.58447266,
  "Como": 1746.08312988,
  "Lazio": 1712.04919434,
  "Bologna": 1677.44104004,
  "Fiorentina": 1660.85192871,
  "Udinese": 1642.95617676,
  "Sassuolo": 1634.49951172,
  "Torino": 1631.08581543,
  "Genoa": 1625.93896484,
  "Parma": 1603.00378418,
  "Venezia": 1596.25561523,
  "Cagliari": 1579.34130859,
  "Monza": 1559.89941406,
  "Frosinone": 1550.93579102,
  "Lecce": 1543.39355469,
  "Cremonese": 1520.64746094,
  "Palermo": 1515.25585938,
  "Verona": 1494.20068359,
  "Pisa": 1480.3046875,
  "Catanzaro": 1476.79345703,
  "Modena": 1433.01049805,
  "Juve Stabia": 1431.60498047,
  "Empoli": 1411.93225098,
  "Mantova": 1396.4798584,
  "Carrarese": 1395.87414551,
  "Sampdoria": 1392.99829102,
  "Spezia": 1379.67272949,
  "Avellino": 1379.22460938,
  "Suedtirol": 1378.82922363,
  "Cesena": 1373.42138672,
  "Entella": 1360.48803711,
  "Pescara": 1359.62365723,
  "Padova": 1348.40490723,
  "Bari": 1343.50305176,
  "Reggiana": 1329.74279785
}