{
  "Arsenal": 2069.87329102,
  "Manchester City": 1985.62548828,
  "Liverpool": 1952.19897461,
  "Chelsea": 1933.90881348,
  "Aston Villa": 1897.86743164,
  "Manchester United": 1886.62658691,
  "Newcastle": 1873.08642578,
  "Brentford": 1853.97180176,
  "Brighton": 1844.33129883,
  "Bournemouth": 1840.55187988,
  "Everton": 1835.11535645,
  "Fulham": 1810.83312988,
  "Crystal Palace": 1809.79040527,
  "Tottenham": 1789.38391113,
  "Forest": 1788.53051758,
  "Leeds": 1778.19714355,
  "West Ham": 1757.51721191,
  "Sunderland": 1712.80004883,
  "Wolverhampton": 1712.76672363,
  "Burnley": 1695.94665527,
  "Ipswich": 1649.21203613,
  "Coventry": 1639.8314209,
  "Middlesbrough": 1611.77880859,
  "Southampton": 1587.20080566,
  "Sheffield United": 1586.94580078,
  "Millwall": 1585.04724121,
  "Hull": 1565.46166992,
  "Wrexham": 1550.8828125,
  "Norwich": 1546.10949707,
  "Derby": 1539.03222656,
  "Watford": 1533.15698242,
  "Bristol City": 1526.17028809,
  "Swansea": 1520.76049805,
  "Leicester": 1519.85021973,
  "Stoke": 1511.26647949,
  "Preston": 1510.3762207,
  "Birmingham": 1503.61047363,
  "QPR": 1500.40087891,
  "Portsmouth": 1493.71618652,
  "Blackburn": 1481.97924805,
  "Charlton": 1465.93408203,
  "West Brom": 1459.29675293,
  "Oxford": 1449.72473145,
  "Sheffield Weds": 1344.06762695
}