{
  "Barcelona": 1981.92480469,
  "Real Madrid": 1960.14794922,
  "Atlético": 1869.68945312,
  "Villarreal": 1769.25195312,
  "Betis": 1756.59863281,
  "Celta": 1741.34643555,
  "Athletic": 1720.02062988,
  "Real Sociedad": 1703.09936523,
  "Osasuna": 1696.53808594,
  "Valencia": 1684.70129395,
  "Getafe": 1671.51477051,
  "Rayo Vallecano": 1668.83044434,
  "Girona": 1655.94458008,
  "Mallorca": 1633.14465332,
  "Espanyol": 1631.69384766,
  "Alaves": 1630.74804688,
  "Sevilla": 1624.47460938,
  "Levante": 1616.21887207,
  "Elche": 1609.88037109,
  "Almeria": 1579.01538086,
  "Real Oviedo": 1566.59814453,
  "Las Palmas": 1563.11340332,
  "Racing": 1553.24865723,
  "Eibar": 1546.7331543,
  "Malaga": 1542.66394043,
  "Burgos": 1535.2779541,
  "Granada": 1532.56677246,
  "Depor": 1531.76306152,
  "Leganes": 1530.7824707,
  "Castellon": 1525.06164551,
  "Albacete": 1512.09399414,
  "Sporting": 1497.5357666,
  "Sociedad B": 1468.74804688,
  "Ceuta": 1462.24121094,
  "Cordoba": 1461.16491699,
  "FC Andorra": 1456.79467773,
  "Cadiz": 1456.77490234,
  "Mirandes": 1446.00109863,
  "Valladolid": 1444.5300293,
  "Zaragoza": 1442.33850098,
  "Huesca": 1429.32531738,
  "Leonesa": 1395.94812012
}