{
  "Bayern Munich": 1971.90344238,
  "Borussia Dortmund": 1835.3326416,
  "Leverkusen": 1815.5333252,
  "Stuttgart": 1759.96533203,
  "RB Leipzig": 1736.74755859,
  "Hoffenheim": 1725.91687012,
  "Freiburg": 1693.87268066,
  "Frankfurt": 1666.65637207,
  "Mainz": 1654.28710938,
  "Werder": 1626.12231445,
  "Union Berlin": 1622.77197266,
  "Gladbach": 1618.54223633,
  "Augsburg": 1614.16491699,
  "Wolfsburg": 1607.65722656,
  "Koeln": 1580.03198242,
  "Hamburg": 1572.96179199,
  "St Pauli": 1542.63220215,
  "Elversberg": 1532.48144531,
  "Heidenheim": 1526.40258789,
  "Darmstadt": 1509.47961426,
  "Bochum": 1507.08166504,
  "Paderborn": 1501.97570801,
  "Hannover": 1493.83288574,
  "Holstein": 1482.48901367,
  "Schalke": 1475.32653809,
  "Hertha": 1470.61437988,
  "Lautern": 1463.80761719,
  "Karlsruhe": 1443.01306152,
  "Duesseldorf": 1438.66650391,
  "Magdeburg": 1430.46032715,
  "Nuernberg": 1423.12304688,
  "Muenster": 1393.94421387,
  "Bielefeld": 1376.08374023,
  "Braunschweig": 1372.76147461,
  "Fuerth": 1356.62817383,
  "Dresden": 1351.55004883
}