{
  "Arsenal": 2047.2010498,
  "Manchester City": 1997.72717285,
  "Bayern Munich": 1992.16503906,
  "PSG": 1967.70617676,
  "Liverpool": 1945.69348145,
  "Barcelona": 1944.20166016,
  "Aston Villa": 1921.72399902,
  "Inter": 1920.04650879,
  "Real Madrid": 1909.73815918,
  "Chelsea": 1903.26721191,
  "Atlético": 1874.88549805,
  "Newcastle": 1867.39257812,
  "Borussia Dortmund": 1860.62219238,
  "Leverkusen": 1855.72253418,
  "Brighton": 1834.96984863,
  "Manchester United": 1828.69091797,
  "Crystal Palace": 1828.6003418,
  "Milan": 1821.45629883,
  "Sporting": 1819.21936035,
  "Napoli": 1819.12683105,
  "Brentford": 1816.27478027,
  "Juventus": 1811.42407227,
  "PSV": 1808.14355469,
  "Tottenham": 1806.98535156,
  "Everton": 1806.31262207,
  "Roma": 1805.53613281,
  "Benfica": 1805.47717285,
  "Bournemouth": 1804.8112793,
  "Atalanta": 1802.29797363,
  "Forest": 1789.84863281,
  "Marseille": 1785.77587891,
  "Fulham": 1784.55847168,
  "Porto": 1767.99853516,
  "Villarreal": 1764.84912109,
  "Betis": 1762.16015625,
  "Lille": 1759.65014648,
  "RB Leipzig": 1759.54772949,
  "Bologna": 1757.24157715,
  "Lazio": 1754.40100098,
  "Lens": 1753.32189941,
  "Leeds": 1751.88098145,
  "Stuttgart": 1742.75109863,
  "Lyon": 1739.55053711,
  "West Ham": 1732.17736816,
  "Frankfurt": 1726.25036621,
  "Freiburg": 1721.71936035,
  "Athletic": 1721.21533203,
  "Galatasaray": 1720.04284668,
  "Monaco": 1713.39013672,
  "Brugge": 1705.33789062,
  "Fenerbahce": 1704.26330566,
  "Como": 1704.18908691,
  "Saint-Gilloise": 1702.96337891,
  "Burnley": 1699.7232666,
  "Strasbourg": 1699.46716309,
  "Rennais": 1691.50695801,
  "Celta": 1691.20251465,
  "Hoffenheim": 1689.58752441,
  "Slavia Prag": 1682.85046387,
  "Midtjylland": 1678.73022461,
  "Sunderland": 1676.95056152,
  "Olympiacos": 1676.32458496,
  "Braga": 1676.00866699,
  "Espanyol": 1671.56237793,
  "Fiorentina": 1668.10473633,
  "Torino": 1667.5838623,
  "Toulouse": 1667.37255859,
  "Zenit": 1662.57800293,
  "Werder": 1660.12475586,
  "Osasuna": 1659.30944824,
  "Brest": 1655.8560791,
  "Bodø/Glimt": 1648.5871582,
  "Union Berlin": 1648.54406738,
  "Mainz": 1648.41308594,
  "Valencia": 1646.3013916,
  "Wolverhampton": 1645.1907959,
  "Gladbach": 1642.23376465,
  "Wolfsburg": 1641.89599609,
  "FC Krasnodar": 1639.16943359,
  "Real Sociedad": 1637.7869873,
  "Mallorca": 1634.89245605,
  "Sevilla": 1634.57446289,
  "Rayo Vallecano": 1634.11035156,
  "Sassuolo": 1629.29162598,
  "Genoa": 1628.01611328,
  "Feyenoord": 1623.11584473,
  "Augsburg": 1617.99523926,
  "Udinese": 1617.85522461,
  "Elche": 1615.93920898,
  "Alaves": 1615.24645996,
  "Getafe": 1612.54785156,
  "PAOK": 1604.30566406,
  "Lorient": 1603.36096191,
  "Ajax": 1601.28991699,
  "Nice": 1600.87023926,
  "Cagliari": 1600.85351562,
  "AEK": 1600.03845215,
  "Cremonese": 1598.0246582,
  "Copenhagen": 1596.06982422,
  "CSKA Moskva": 1595.08740234,
  "Girona": 1594.15869141,
  "Parma": 1588.6484375,
  "Verona": 1586.62658691,
  "Genk": 1586.01208496,
  "Koeln": 1583.78601074,
  "Hamburg": 1582.56970215,
  "Angers": 1581.89306641,
  "Lecce": 1581.67297363,
  "Auxerre": 1580.0489502,
  "Viking": 1579.44628906,
  "Sparta Praha": 1577.16345215,
  "Lok Moskva": 1576.38366699,
  "Anderlecht": 1574.83740234,
  "Celtic": 1574.80383301,
  "Crvena Zvezda": 1570.01831055,
  "Levante": 1569.50488281,
  "Aarhus": 1569.44262695,
  "Alkmaar": 1566.99035645,
  "St Pauli": 1566.50817871,
  "Viktoria Plzen": 1565.60778809,
  "Guimaraes": 1562.38574219,
  "Famalicao": 1559.23718262,
  "Le Havre": 1556.41564941,
  "Pafos": 1554.1862793,
  "Mjaellby": 1553.38659668,
  "Brondby": 1551.41625977,
  "Heidenheim": 1551.04187012,
  "Spartak Moskva": 1550.35668945,
  "Shakhtar": 1548.86938477,
  "Qarabag": 1545.95703125,
  "Twente": 1545.64160156,
  "Rakow": 1543.60241699,
  "Nantes": 1543.14379883,
  "Ferencvaros": 1542.79638672,
  "Real Oviedo": 1542.63830566,
  "Metz": 1542.47705078,
  "Pisa": 1539.17504883,
  "Paris FC": 1538.76696777,
  "Panathinaikos": 1537.40283203,
  "Trabzonspor": 1527.83837891,
  "Antwerp": 1527.41650391,
  "Brann": 1523.38989258,
  "Utrecht": 1522.37805176,
  "Dinamo Zagreb": 1520.06677246,
  "Nijmegen": 1518.3293457,
  "Hammarby": 1515.06982422,
  "Basel": 1511.0201416,
  "Mechelen": 1505.68469238,
  "Young Boys": 1505.54211426,
  "Besiktas": 1504.68237305,
  "Nordsjaelland": 1504.32421875,
  "Dynamo Moskva": 1504.17382812,
  "Rangers": 1504.08337402,
  "Larnaca": 1502.40734863,
  "St Truiden": 1502.36437988,
  "Gil Vicente": 1499.40124512,
  "Jablonec": 1498.09667969,
  "Omonia": 1497.99060059,
  "Jagiellonia": 1495.51269531,
  "Moreirense": 1494.78381348,
  "RB Salzburg": 1494.52233887,
  "Djurgarden": 1489.7878418,
  "Lech": 1489.40100098,
  "Beer-Sheva": 1486.89501953,
  "Aris Limassol": 1486.09643555,
  "Estoril": 1483.04138184,
  "Viborg": 1481.81420898,
  "Charleroi": 1480.48132324,
  "Baltika": 1477.88562012,
  "Bueyueksehir": 1473.13623047,
  "Westerlo": 1472.99609375,
  "Gent": 1470.078125,
  "Santa Clara": 1469.26086426,
  "SonderjyskE": 1466.10339355,
  "Goeztepe": 1464.54211426,
  "Sturm Graz": 1461.94958496,
  "Rio Ave": 1460.61706543,
  "Hearts": 1460.43847656,
  "Randers": 1459.92504883,
  "Tromso": 1459.36486816,
  "Slovan Liberec": 1457.48303223,
  "Heerenveen": 1453.55200195,
  "M Tel Aviv": 1450.4876709,
  "Celje": 1449.29345703,
  "Go Ahead Eagles": 1449.21289062,
  "Samsunspor": 1448.35437012,
  "Craiova": 1448.28308105,
  "Steaua": 1448.07922363,
  "Malmoe": 1447.74304199,
  "Razgrad": 1447.55981445,
  "Molde": 1443.29162598,
  "Arouca": 1443.1661377,
  "Silkeborg": 1441.70019531,
  "Standard": 1440.33422852,
  "Sparta Rotterdam": 1437.44995117,
  "Rostov": 1435.17053223,
  "Rosenborg": 1435.16918945,
  "Casa Pia": 1432.25256348,
  "Hradec Kralove": 1431.44042969,
  "Pogon": 1430.78356934,
  "Rubin Kazan": 1430.16821289,
  "Lausanne": 1430.05493164,
  "Cracovia": 1429.24841309,
  "StGallen": 1428.68579102,
  "Gornik": 1428.40356445,
  "Aris": 1427.86523438,
  "Groningen": 1427.65026855,
  "Leuven": 1427.30358887,
  "Nacional": 1425.91223145,
  "Legia": 1424.02990723,
  "Alanyaspor": 1420.96459961,
  "LASK": 1417.94909668,
  "Servette": 1417.87426758,
  "Rapid Bucuresti": 1417.47802734,
  "Levski": 1417.18493652,
  "Wolfsberg": 1415.72351074,
  "Banik Ostrava": 1414.96826172,
  "GAIS": 1414.95629883,
  "Sandefjord": 1413.25317383,
  "Hajduk": 1412.8638916,
  "Odense": 1411.02819824,
  "Radomiak": 1410.97094727,
  "Alverca": 1410.69689941,
  "Cercle Brugge": 1410.30310059,
  "Fredrikstad": 1409.15258789,
  "Dynamo Kyiv": 1408.13525391,
  "Zwolle": 1407.04577637,
  "Piast Gliwice": 1406.59118652,
  "Goeteborg": 1405.97998047,
  "Sigma Olomouc": 1404.25219727,
  "Estrela Amadora": 1403.87719727,
  "Gyoer": 1402.96984863,
  "Sittard": 1402.28857422,
  "Levadeiakos": 1402.02404785,
  "Korona": 1401.1776123,
  "Puskas Akademia": 1401.12719727,
  "AIK": 1400.67614746,
  "Austria Wien": 1398.24938965,
  "Gaziantep FK": 1397.58422852,
  "IK Sirius": 1395.75842285,
  "Maccabi Haifa": 1395.2265625,
  "Hibernian": 1395.20983887,
  "Paksi": 1394.78393555,
  "Lugano": 1393.76208496,
  "Rijeka": 1392.95227051,
  "Sarpsborg": 1390.17114258,
  "Lubin": 1389.78625488,
  "Zuerich": 1389.09851074,
  "Partizan": 1388.98498535,
  "Plock": 1388.06030273,
  "Terek Grozny": 1387.92382812,
  "Kasimpasa": 1387.70263672,
  "Rizespor": 1387.16992188,
  "Zulte Waregem": 1386.68701172,
  "Elfsborg": 1383.08361816,
  "Haecken": 1381.72021484,
  "Thun": 1380.43103027,
  "Katowice": 1379.82775879,
  "Sion": 1378.84790039,
  "Kryliya Sovetov": 1378.48669434,
  "Akron Togliatti": 1374.86291504,
  "Karvina": 1374.26757812,
  "Lechia": 1373.94274902,
  "Luzern": 1372.75830078,
  "Dinamo Bucuresti": 1372.62646484,
  "CFR Cluj": 1371.71582031,
  "Dender": 1370.69433594,
  "Ham-Kam": 1370.54077148,
  "Kocaelispor": 1369.92370605,
  "Hartberg": 1369.50036621,
  "Konyaspor": 1367.24255371,
  "Tondela": 1362.60388184,
  "Heracles": 1362.54748535,
  "Kayseri": 1362.1138916,