{
  "Inter": 1919.38635254,
  "Napoli": 1832.78039551,
  "Milan": 1819.16955566,
  "Roma": 1808.11010742,
  "Atalanta": 1801.09521484,
  "Juventus": 1795.80200195,
  "Lazio": 1752.91186523,
  "Bologna": 1752.76159668,
  "Como": 1711.05981445,
  "Fiorentina": 1674.3404541,
  "Torino": 1655.38977051,
  "Udinese": 1624.28356934,
  "Genoa": 1623.63696289,
  "Sassuolo": 1617.30444336,
  "Cagliari": 1591.42578125,
  "Cremonese": 1585.37182617,
  "Parma": 1582.34680176,
  "Lecce": 1582.12414551,
  "Venezia": 1562.3807373,
  "Verona": 1553.25634766,
  "Monza": 1551.18225098,
  "Pisa": 1547.67785645,
  "Empoli": 1533.40637207,
  "Frosinone": 1511.35168457,
  "Palermo": 1484.02026367,
  "Modena": 1469.38244629,
  "Cesena": 1465.48266602,
  "Catanzaro": 1459.0324707,
  "Spezia": 1450.88269043,
  "Juve Stabia": 1448.20715332,
  "Suedtirol": 1415.12060547,
  "Reggiana": 1411.23925781,
  "Carrarese": 1409.26965332,
  "Sampdoria": 1405.95373535,
  "Bari": 1405.24926758,
  "Mantova": 1384.36779785,
  "Padova": 1380.98181152,
  "Avellino": 1371.49902344,
  "Entella": 1367.46679688,
  "Pescara": 1343.29223633
}