{
  "Arsenal": 2033.34423828,
  "PSG": 2002.84411621,
  "Manchester City": 1982.69030762,
  "Liverpool": 1980.45935059,
  "Bayern Munich": 1963.29064941,
  "Inter": 1942.89575195,
  "Real Madrid": 1942.43701172,
  "Barcelona": 1931.48291016,
  "Chelsea": 1913.3807373,
  "Newcastle": 1884.02026367,
  "Aston Villa": 1882.89428711,
  "Crystal Palace": 1865.59448242,
  "Atlético": 1849.375,
  "Brighton": 1846.34790039,
  "Borussia Dortmund": 1844.97290039,
  "Bournemouth": 1843.89697266,
  "Atalanta": 1830.01037598,
  "Leverkusen": 1825.93334961,
  "Manchester United": 1821.64868164,
  "Napoli": 1820.09936523,
  "Roma": 1818.28771973,
  "Tottenham": 1816.67382812,
  "Brentford": 1814.04174805,
  "Everton": 1811.48779297,
  "Lille": 1810.77648926,
  "Milan": 1807.04003906,
  "Marseille": 1799.28283691,
  "Juventus": 1799.22351074,
  "Sporting": 1792.10681152,
  "Fulham": 1783.27709961,
  "Benfica": 1781.05493164,
  "PSV": 1777.61206055,
  "Villarreal": 1775.18505859,
  "Lyon": 1761.25793457,
  "Betis": 1756.94775391,
  "Forest": 1756.60839844,
  "Monaco": 1754.17016602,
  "Lazio": 1753.22033691,
  "Bologna": 1748.99597168,
  "Athletic": 1748.85070801,
  "Brugge": 1748.32727051,
  "Porto": 1747.11486816,
  "Frankfurt": 1746.9564209,
  "RB Leipzig": 1746.09033203,
  "Strasbourg": 1743.25683594,
  "Lens": 1734.87805176,
  "Burnley": 1729.6940918,
  "Leeds": 1729.60095215,
  "Saint-Gilloise": 1725.24975586,
  "Galatasaray": 1723.09155273,
  "Stuttgart": 1721.92822266,
  "West Ham": 1720.64025879,
  "Fiorentina": 1714.81665039,
  "Feyenoord": 1711.9798584,
  "Wolverhampton": 1702.23876953,
  "Freiburg": 1687.12609863,
  "Nice": 1685.44091797,
  "Toulouse": 1685.29821777,
  "Osasuna": 1683.35839844,
  "Como": 1681.92346191,
  "Torino": 1678.42150879,
  "Brest": 1677.96264648,
  "Mainz": 1674.6730957,
  "Werder": 1672.75964355,
  "Rayo Vallecano": 1671.90661621,
  "Rennais": 1671.34436035,
  "Bodø/Glimt": 1669.55712891,
  "Fenerbahce": 1667.01501465,
  "Valencia": 1666.47973633,
  "Slavia Prag": 1663.72375488,
  "Celta": 1662.30566406,
  "Olympiacos": 1659.5032959,
  "Braga": 1659.30224609,
  "Espanyol": 1658.15991211,
  "Sevilla": 1652.78430176,
  "Midtjylland": 1650.99133301,
  "Alaves": 1647.93884277,
  "Real Sociedad": 1641.05297852,
  "Zenit": 1640.33081055,
  "Mallorca": 1639.52783203,
  "Hoffenheim": 1631.71069336,
  "FC Krasnodar": 1631.63244629,
  "Genoa": 1631.43444824,
  "Getafe": 1628.33215332,
  "Union Berlin": 1627.66467285,
  "Auxerre": 1626.4675293,
  "Wolfsburg": 1622.42285156,
  "Sunderland": 1622.16516113,
  "Ajax": 1620.73620605,
  "Copenhagen": 1617.57580566,
  "Augsburg": 1616.70178223,
  "Udinese": 1615.74609375,
  "Elche": 1612.95056152,
  "Sassuolo": 1611.46533203,
  "CSKA Moskva": 1609.09484863,
  "Genk": 1608.81530762,
  "Cagliari": 1607.71276855,
  "Alkmaar": 1606.90551758,
  "Levante": 1605.99523926,
  "Lorient": 1604.70959473,
  "Gladbach": 1602.86816406,
  "Celtic": 1600.04016113,
  "Nantes": 1597.05383301,
  "Girona": 1596.01477051,
  "Parma": 1593.2824707,
  "Crvena Zvezda": 1592.51538086,
  "Sparta Praha": 1587.6628418,
  "Koeln": 1587.50866699,
  "Lecce": 1578.39550781,
  "Verona": 1577.77148438,
  "St Pauli": 1576.2722168,
  "PAOK": 1575.5501709,
  "Hamburg": 1575.20678711,
  "Paris FC": 1569.89001465,
  "Qarabag": 1566.93884277,
  "Anderlecht": 1566.71813965,
  "Cremonese": 1565.09558105,
  "Le Havre": 1564.1060791,
  "Shakhtar": 1561.95617676,
  "Viktoria Plzen": 1560.96740723,
  "Viking": 1560.27026367,
  "Guimaraes": 1558.70068359,
  "Real Oviedo": 1556.72961426,
  "Twente": 1555.98742676,
  "Brondby": 1555.08703613,
  "Spartak Moskva": 1554.22668457,
  "Utrecht": 1549.59448242,
  "Mjaellby": 1549.35192871,
  "Dinamo Zagreb": 1548.84069824,
  "Sturm Graz": 1547.96557617,
  "Lok Moskva": 1545.93579102,
  "Metz": 1545.62390137,
  "Heidenheim": 1545.17810059,
  "Brann": 1544.91931152,
  "Angers": 1544.4786377,
  "Basel": 1541.53271484,
  "AEK": 1540.71032715,
  "Famalicao": 1535.30993652,
  "Panathinaikos": 1530.39990234,
  "Pafos": 1529.50805664,
  "Aarhus": 1528.92651367,
  "Dynamo Moskva": 1528.63293457,
  "Jagiellonia": 1528.23254395,
  "Pisa": 1524.50012207,
  "Rakow": 1523.69335938,
  "RB Salzburg": 1521.35961914,
  "Rangers": 1519.79089355,
  "Lech": 1518.6361084,
  "M Tel Aviv": 1517.36157227,
  "Ferencvaros": 1517.01000977,
  "Hammarby": 1509.9666748,
  "Nordsjaelland": 1508.47546387,
  "Antwerp": 1503.65197754,
  "Nijmegen": 1499.05249023,
  "Mechelen": 1498.90100098,
  "Jablonec": 1497.61987305,
  "Trabzonspor": 1496.28344727,
  "Beer-Sheva": 1495.04040527,
  "Djurgarden": 1491.04223633,
  "Gent": 1490.54907227,
  "Gil Vicente": 1489.7623291,
  "Moreirense": 1486.43139648,
  "Charleroi": 1485.38378906,
  "Young Boys": 1484.87817383,
  "Larnaca": 1481.89953613,
  "Besiktas": 1478.04919434,
  "Sparta Rotterdam": 1476.91870117,
  "Celje": 1476.90478516,
  "Omonia": 1473.9901123,
  "Malmoe": 1473.67419434,
  "Aris Limassol": 1473.11975098,
  "Legia": 1472.92834473,
  "Randers": 1472.37719727,
  "Go Ahead Eagles": 1470.12963867,
  "Arouca": 1469.80126953,
  "Westerlo": 1469.5201416,
  "Razgrad": 1469.10400391,
  "St Truiden": 1468.13427734,
  "Gornik": 1467.2532959,
  "Rio Ave": 1466.11413574,
  "Dynamo Kyiv": 1465.87060547,
  "Santa Clara": 1462.78759766,
  "Cracovia": 1460.65039062,
  "Samsunspor": 1460.19262695,
  "Wolfsberg": 1458.33813477,
  "Silkeborg": 1456.60925293,
  "Pogon": 1454.15393066,
  "Rubin Kazan": 1453.67565918,
  "Estoril": 1453.18774414,
  "Craiova": 1452.66833496,
  "Cercle Brugge": 1452.46032715,
  "Casa Pia": 1450.69091797,
  "Rosenborg": 1447.66992188,
  "Hearts": 1443.28149414,
  "Austria Wien": 1442.02539062,
  "Tromso": 1440.43786621,
  "Standard": 1439.56262207,
  "Bueyueksehir": 1436.4029541,
  "Lausanne": 1434.84655762,
  "Steaua": 1434.44482422,
  "Heerenveen": 1433.95581055,
  "Baltika": 1433.69958496,
  "Alanyaspor": 1432.25927734,
  "Viborg": 1431.83972168,
  "Goeztepe": 1431.48535156,
  "Elfsborg": 1431.13317871,
  "Rostov": 1428.76647949,
  "Zwolle": 1428.6036377,
  "StGallen": 1428.34863281,
  "GAIS": 1426.00769043,
  "Korona": 1425.98852539,
  "Levski": 1423.26794434,
  "Nacional": 1423.23937988,
  "Banik Ostrava": 1422.6270752,
  "Molde": 1422.42553711,
  "Slovan Liberec": 1421.2010498,
  "Hajduk": 1419.68920898,
  "Groningen": 1418.68774414,
  "Maccabi Haifa": 1418.17236328,
  "Hradec Kralove": 1417.19885254,
  "Rapid Wien": 1417.0769043,
  "Sittard": 1416.22961426,
  "AIK": 1412.26928711,
  "Servette": 1411.22460938,
  "Rapid Bucuresti": 1410.56359863,
  "Aris": 1410.26403809,
  "Kasimpasa": 1407.57397461,
  "Hibernian": 1404.5435791,
  "Partizan": 1402.81530762,
  "Alverca": 1402.18164062,
  "Konyaspor": 1402.14880371,
  "Fredrikstad": 1401.62084961,
  "SonderjyskE": 1401.23046875,
  "Luzern": 1399.94165039,
  "Leuven": 1399.06982422,
  "Gaziantep FK": 1398.60583496,
  "Kryliya Sovetov": 1398.45568848,
  "Sandefjord": 1397.78857422,
  "Haecken": 1397.58544922,
  "KFUM Oslo": 1397.08996582,
  "LASK": 1396.31945801,
  "Paksi": 1395.5526123,
  "Piast Gliwice": 1394.68823242,
  "Goeteborg": 1392.46252441,
  "Rijeka": 1390.6529541,
  "Lugano": 1389.54504395,
  "Sarpsborg": 1386.86547852,
  "Puskas Akademia": 1386.68896484,
  "Radomiak": 1386.38562012,
  "Terek Grozny": 1385.68798828,
  "Zulte Waregem": 1385.48071289,
  "CFR Cluj": 1383.93371582,
  "Lubin": 1382.97497559,
  "Sigma Olomouc": 1382.95251465,
  "Zuerich": 1382.16162109,
  "Gyoer": 1380.18615723,
  "Rizespor": 1379.23876953,
  "Slovan Bratislava": 1378.30554199,
  "Estrela Amadora": 1377.49328613,
  "IK Sirius": 1375.18286133,
  "Widzew": 1373.19018555,
  "Plock": 1371.49145508,
  "Katowice": 1369.97888184,
  "Hartberg": 1369.37475586,
  "Tondela": 1368.67590332,
  "Sion": 1367.19128418,
  "Levadeiakos": 1362.89086914,
  "Odense": 1360.89282227,
  "Heracles": 1358.21826172,
  "Eyupspor": 1356.87231445,
  "FK Astana": 1355.50500488,
  "Lechia": 1354.75842285,
  "Bohemians Praha": 1354.67993164,