{
  "Barcelona": 1933.97473145,
  "Real Madrid": 1918.34008789,
  "Atlético": 1832.3638916,
  "Betis": 1756.10949707,
  "Villarreal": 1742.7890625,
  "Athletic": 1708.21142578,
  "Celta": 1707.4732666,
  "Osasuna": 1688.35644531,
  "Real Sociedad": 1673.26135254,
  "Valencia": 1646.07739258,
  "Rayo Vallecano": 1639.69018555,
  "Girona": 1631.09558105,
  "Espanyol": 1628.74719238,
  "Mallorca": 1615.79370117,
  "Getafe": 1611.97155762,
  "Sevilla": 1611.90625,
  "Alaves": 1608.19128418,
  "Elche": 1585.6114502,
  "Levante": 1571.85522461,
  "Real Oviedo": 1549.25085449,
  "Almeria": 1548.83862305,
  "Racing": 1546.4498291,
  "Castellon": 1545.21032715,
  "Las Palmas": 1535.55810547,
  "Leganes": 1514.06140137,
  "Depor": 1501.8659668,
  "Malaga": 1494.90222168,
  "Cordoba": 1490.25598145,
  "Granada": 1488.71936035,
  "Eibar": 1488.57836914,
  "Sporting": 1476.62915039,
  "Burgos": 1475.95166016,
  "Cadiz": 1462.20043945,
  "Albacete": 1455.85668945,
  "Ceuta": 1449.96960449,
  "Sociedad B": 1449.36779785,
  "Mirandes": 1444.44042969,
  "Huesca": 1436.8939209,
  "Valladolid": 1417.31323242,
  "FC Andorra": 1411.23193359,
  "Zaragoza": 1391.48620605,
  "Leonesa": 1388.3104248
}