{
  "PSG": 1940.27209473,
  "Lens": 1764.4552002,
  "Lyon": 1752.56286621,
  "Marseille": 1743.32299805,
  "Monaco": 1726.90148926,
  "Lille": 1715.2199707,
  "Strasbourg": 1711.78381348,
  "Rennais": 1708.94775391,
  "Brest": 1676.05847168,
  "Toulouse": 1632.9276123,
  "Lorient": 1631.23669434,
  "Auxerre": 1571.56384277,
  "Nice": 1570.97143555,
  "Angers": 1566.03662109,
  "Le Havre": 1561.6965332,
  "Paris FC": 1557.09216309,
  "Reims": 1544.41101074,
  "Saint-Etienne": 1529.02978516,
  "Nantes": 1521.19775391,
  "Metz": 1505.1619873,
  "Troyes": 1483.91760254,
  "Montpellier": 1466.04577637,
  "Dunkerque": 1462.77124023,
  "Rodez": 1453.65881348,
  "Le Mans": 1449.48303223,
  "Annecy": 1449.2253418,
  "Guingamp": 1435.32861328,
  "Red Star": 1404.96105957,
  "Clermont": 1389.31384277,
  "Grenoble": 1386.15893555,
  "Pau": 1384.80554199,
  "Bastia": 1373.0802002,
  "Boulogne": 1373.05566406,
  "Laval": 1353.30419922,
  "Nancy": 1335.80297852,
  "Amiens": 1329.96643066
}