{
  "Arsenal": 2043.18896484,
  "Manchester City": 1994.49719238,
  "Bayern Munich": 1989.95349121,
  "PSG": 1967.70605469,
  "Liverpool": 1939.62365723,
  "Barcelona": 1937.03112793,
  "Inter": 1920.04638672,
  "Aston Villa": 1917.27819824,
  "Real Madrid": 1907.2545166,
  "Chelsea": 1902.66210938,
  "Atlético": 1869.2052002,
  "Newcastle": 1867.99768066,
  "Borussia Dortmund": 1856.98706055,
  "Leverkusen": 1845.85546875,
  "Crystal Palace": 1844.88647461,
  "Brighton": 1840.67297363,
  "Manchester United": 1833.13671875,
  "Milan": 1821.45617676,
  "Sporting": 1819.21936035,
  "Napoli": 1819.12683105,
  "Tottenham": 1813.05529785,
  "Roma": 1812.84521484,
  "Everton": 1810.32470703,
  "Bournemouth": 1809.34484863,
  "Brentford": 1808.59655762,
  "Benfica": 1805.47692871,
  "PSV": 1805.03503418,
  "Juventus": 1804.1151123,
  "Atalanta": 1797.12036133,
  "Forest": 1789.84851074,
  "Marseille": 1785.77575684,
  "Fulham": 1784.55859375,
  "Villarreal": 1772.01977539,
  "RB Leipzig": 1769.41503906,
  "Porto": 1767.99853516,
  "Lazio": 1759.88305664,
  "Lille": 1759.65002441,
  "Bologna": 1757.24157715,
  "Betis": 1754.77209473,
  "Lens": 1753.32189941,
  "Stuttgart": 1745.50646973,
  "Lyon": 1739.55053711,
  "Leeds": 1735.59484863,
  "West Ham": 1735.40722656,
  "Frankfurt": 1729.32067871,
  "Athletic": 1721.2154541,
  "Galatasaray": 1717.82556152,
  "Freiburg": 1714.44299316,
  "Monaco": 1713.39013672,
  "Brugge": 1705.33789062,
  "Como": 1704.18896484,
  "Saint-Gilloise": 1702.96337891,
  "Fenerbahce": 1700.81054688,
  "Strasbourg": 1699.46716309,
  "Burnley": 1695.18969727,
  "Celta": 1693.88037109,
  "Rennais": 1691.50683594,
  "Braga": 1688.52478027,
  "Hoffenheim": 1686.83227539,
  "Olympiacos": 1684.92126465,
  "Slavia Prag": 1682.85046387,
  "Midtjylland": 1678.73010254,
  "Espanyol": 1671.5625,
  "Sunderland": 1671.24731445,
  "Toulouse": 1667.37255859,
  "Zenit": 1662.57800293,
  "Werder": 1660.20214844,
  "Torino": 1658.77294922,
  "Brest": 1655.85595703,
  "Fiorentina": 1655.66760254,
  "Wolverhampton": 1652.86889648,
  "Mainz": 1651.89648438,
  "Rayo Vallecano": 1650.2409668,
  "Wolfsburg": 1649.17248535,
  "Bodø/Glimt": 1648.58703613,
  "Osasuna": 1648.5423584,
  "Valencia": 1648.38256836,
  "Gladbach": 1645.8692627,
  "Union Berlin": 1640.73803711,
  "FC Krasnodar": 1639.16943359,
  "Sassuolo": 1638.10253906,
  "Real Sociedad": 1638.08410645,
  "Sevilla": 1637.05834961,
  "Genoa": 1633.19372559,
  "Mallorca": 1632.81140137,
  "Udinese": 1630.29248047,
  "Feyenoord": 1627.2265625,
  "Alaves": 1626.01342773,
  "Getafe": 1619.93603516,
  "Augsburg": 1617.91809082,
  "Cagliari": 1604.06506348,
  "Lorient": 1603.36096191,
  "Ajax": 1601.77172852,
  "Nice": 1600.87036133,
  "Girona": 1599.83874512,
  "Elche": 1599.80859375,
  "AEK": 1598.49609375,
  "PAOK": 1596.23974609,
  "Copenhagen": 1596.06982422,
  "CSKA Moskva": 1595.08752441,
  "Cremonese": 1592.54260254,
  "Koeln": 1591.59240723,
  "Parma": 1588.6484375,
  "Verona": 1586.62658691,
  "Genk": 1586.01196289,
  "Angers": 1581.89294434,
  "Lecce": 1581.67297363,
  "Auxerre": 1580.04882812,
  "Hamburg": 1579.49951172,
  "Viking": 1579.44616699,
  "Alkmaar": 1578.04797363,
  "Sparta Praha": 1577.16333008,
  "Lok Moskva": 1576.38366699,
  "Anderlecht": 1574.83728027,
  "Celtic": 1572.04467773,
  "Crvena Zvezda": 1570.01818848,
  "Aarhus": 1569.44262695,
  "Levante": 1569.20776367,
  "Viktoria Plzen": 1565.60778809,
  "St Pauli": 1563.02490234,
  "Guimaraes": 1562.38562012,
  "Famalicao": 1559.23718262,
  "Le Havre": 1556.41564941,
  "Pafos": 1554.18640137,
  "Mjaellby": 1553.38684082,
  "Heidenheim": 1553.25354004,
  "Brondby": 1551.41638184,
  "Spartak Moskva": 1550.35668945,
  "Shakhtar": 1548.86914062,
  "Qarabag": 1545.95715332,
  "Panathinaikos": 1545.46899414,
  "Rakow": 1543.60241699,
  "Nantes": 1543.14379883,
  "Ferencvaros": 1542.79638672,
  "Metz": 1542.47705078,
  "Twente": 1541.53125,
  "Real Oviedo": 1539.96020508,
  "Paris FC": 1538.7668457,
  "Pisa": 1535.96337891,
  "Trabzonspor": 1527.83825684,
  "Antwerp": 1527.41638184,
  "Utrecht": 1525.48669434,
  "Brann": 1523.38964844,
  "Dinamo Zagreb": 1520.06689453,
  "Nijmegen": 1517.84729004,
  "Hammarby": 1515.06994629,
  "Rangers": 1512.23242188,
  "Basel": 1511.0201416,
  "Mechelen": 1505.68457031,
  "Young Boys": 1505.54223633,
  "Nordsjaelland": 1504.32421875,
  "Dynamo Moskva": 1504.17370605,
  "Larnaca": 1502.40759277,
  "St Truiden": 1502.36437988,
  "Gil Vicente": 1501.80493164,
  "Besiktas": 1500.59448242,
  "Jablonec": 1498.09667969,
  "Omonia": 1497.99060059,
  "Jagiellonia": 1495.51245117,
  "Moreirense": 1494.78393555,
  "RB Salzburg": 1494.5222168,
  "Djurgarden": 1489.78796387,
  "Lech": 1489.40087891,
  "Beer-Sheva": 1486.89501953,
  "Aris Limassol": 1486.09643555,
  "Viborg": 1481.81420898,
  "Charleroi": 1480.48132324,
  "Baltika": 1477.88562012,
  "Bueyueksehir": 1473.13623047,
  "Westerlo": 1472.99597168,
  "Santa Clara": 1471.29211426,
  "Estoril": 1470.52539062,
  "Gent": 1470.078125,
  "SonderjyskE": 1466.10351562,
  "Sturm Graz": 1461.94934082,
  "Randers": 1459.92492676,
  "Tromso": 1459.36474609,
  "Rio Ave": 1458.21313477,
  "Samsunspor": 1458.05102539,
  "Slovan Liberec": 1457.4831543,
  "Goeztepe": 1454.84533691,
  "Hearts": 1452.28918457,
  "Go Ahead Eagles": 1451.82397461,
  "M Tel Aviv": 1450.48754883,
  "Celje": 1449.29345703,
  "Craiova": 1448.28308105,
  "Steaua": 1448.07897949,
  "Malmoe": 1447.74291992,
  "Razgrad": 1447.55969238,
  "Molde": 1443.29150391,
  "Silkeborg": 1441.70019531,
  "Arouca": 1441.1348877,
  "Standard": 1440.33410645,
  "Heerenveen": 1439.74230957,
  "Rostov": 1435.17053223,
  "Rosenborg": 1435.16918945,
  "Hradec Kralove": 1431.44042969,
  "Pogon": 1430.78344727,
  "Sparta Rotterdam": 1430.29577637,
  "Rubin Kazan": 1430.16821289,
  "Lausanne": 1430.0546875,
  "Cracovia": 1429.24853516,
  "StGallen": 1428.68579102,
  "Gornik": 1428.40356445,
  "Leuven": 1427.30358887,
  "Nacional": 1425.91210938,
  "Groningen": 1425.03918457,
  "Casa Pia": 1424.55932617,
  "Legia": 1424.02978516,
  "Aris": 1420.9050293,
  "LASK": 1417.94909668,
  "Servette": 1417.87451172,
  "Rapid Bucuresti": 1417.47790527,
  "Levski": 1417.18481445,
  "Wolfsberg": 1415.72351074,
  "Zwolle": 1415.69836426,
  "Alanyaspor": 1415.46435547,
  "Banik Ostrava": 1414.96813965,
  "GAIS": 1414.95629883,
  "Sandefjord": 1413.25305176,
  "Hajduk": 1412.86401367,
  "Odense": 1411.02819824,
  "Radomiak": 1410.9708252,
  "Alverca": 1410.69689941,
  "Cercle Brugge": 1410.30310059,
  "Fredrikstad": 1409.15258789,
  "Dynamo Kyiv": 1408.13525391,
  "Piast Gliwice": 1406.59106445,
  "Goeteborg": 1405.97998047,
  "Sigma Olomouc": 1404.25219727,
  "Estrela Amadora": 1403.87719727,
  "Gyoer": 1402.9699707,
  "Levadeiakos": 1402.02380371,
  "Korona": 1401.17749023,
  "Puskas Akademia": 1401.12719727,
  "AIK": 1400.67614746,
  "Austria Wien": 1398.24926758,
  "Gaziantep FK": 1397.58410645,
  "Hibernian": 1396.4786377,
  "IK Sirius": 1395.75842285,
  "Maccabi Haifa": 1395.2265625,
  "Paksi": 1394.78369141,
  "Lugano": 1393.7623291,
  "Rijeka": 1392.95239258,
  "Rizespor": 1391.2578125,
  "Sittard": 1391.23132324,
  "Sarpsborg": 1390.17114258,
  "Kasimpasa": 1389.9197998,
  "Lubin": 1389.78613281,
  "Zuerich": 1389.09863281,
  "Partizan": 1388.98498535,
  "Plock": 1388.06018066,
  "Terek Grozny": 1387.9239502,
  "Zulte Waregem": 1386.68701172,
  "Elfsborg": 1383.08361816,
  "Haecken": 1381.72033691,
  "Thun": 1380.43115234,
  "Katowice": 1379.82775879,
  "Sion": 1378.84790039,
  "Kryliya Sovetov": 1378.48681641,
  "Heracles": 1376.35742188,
  "Akron Togliatti": 1374.86279297,
  "Karvina": 1374.26745605,
  "Lechia": 1373.94262695,
  "Luzern": 1372.75842285,
  "Dinamo Bucuresti": 1372.62646484,
  "CFR Cluj": 1371.71557617,
  "Dender": 1370.69433594,
  "Ham-Kam": 1370.54064941,
  "Tondela": 1370.29699707,
  "Hartberg": 1369.50048828,
  "Konyaspor": 1369.02868652,
  "Kocaelispor": 1363.84362793,
  "Valerenga": 1361.37597656,