{
  "Bayern Munich": 1992.16503906,
  "Borussia Dortmund": 1860.62219238,
  "Leverkusen": 1855.72253418,
  "RB Leipzig": 1759.54772949,
  "Stuttgart": 1742.75109863,
  "Frankfurt": 1726.25036621,
  "Freiburg": 1721.71936035,
  "Hoffenheim": 1689.58752441,
  "Werder": 1660.12475586,
  "Union Berlin": 1648.54406738,
  "Mainz": 1648.41308594,
  "Gladbach": 1642.23376465,
  "Wolfsburg": 1641.89599609,
  "Augsburg": 1617.99523926,
  "Koeln": 1583.78601074,
  "Hamburg": 1582.56970215,
  "St Pauli": 1566.50817871,
  "Heidenheim": 1551.04187012,
  "Elversberg": 1550.90270996,
  "Paderborn": 1532.47045898,
  "Bochum": 1514.234375,
  "Darmstadt": 1511.19067383,
  "Hannover": 1506.36694336,
  "Holstein": 1501.50866699,
  "Schalke": 1500.55053711,
  "Hertha": 1485.734375,
  "Lautern": 1477.43884277,
  "Karlsruhe": 1456.42370605,
  "Duesseldorf": 1444.81713867,
  "Magdeburg": 1444.12329102,
  "Nuernberg": 1438.06066895,
  "Muenster": 1422.88061523,
  "Bielefeld": 1394.16467285,
  "Braunschweig": 1390.98059082,
  "Fuerth": 1378.50402832,
  "Dresden": 1344.57885742
}