{
  "PSG": 1971.92419434,
  "Lille": 1780.97277832,
  "Monaco": 1758.11120605,
  "Marseille": 1756.40637207,
  "Lyon": 1747.67663574,
  "Strasbourg": 1719.04785156,
  "Lens": 1707.72705078,
  "Nice": 1673.7947998,
  "Rennais": 1659.86669922,
  "Brest": 1656.95410156,
  "Toulouse": 1652.63769531,
  "Auxerre": 1616.02990723,
  "Lorient": 1583.73901367,
  "Nantes": 1579.7277832,
  "Reims": 1560.9888916,
  "Le Havre": 1549.28186035,
  "Saint-Etienne": 1548.42321777,
  "Metz": 1545.5612793,
  "Paris FC": 1540.88537598,
  "Angers": 1539.59875488,
  "Montpellier": 1475.68469238,
  "Troyes": 1461.03479004,
  "Guingamp": 1438.57397461,
  "Annecy": 1434.72058105,
  "Clermont": 1426.45227051,
  "Rodez": 1424.83728027,
  "Dunkerque": 1421.18212891,
  "Red Star": 1421.17980957,
  "Laval": 1421.01147461,
  "Amiens": 1415.30749512,
  "Pau": 1411.85351562,
  "Bastia": 1410.42822266,
  "Grenoble": 1398.45019531,
  "Nancy": 1378.03259277,
  "Le Mans": 1370.49023438,
  "Boulogne": 1341.7130127
}