{
  "Barcelona": 1952.69006348,
  "Real Madrid": 1937.38891602,
  "Atletico": 1869.16308594,
  "Athletic": 1810.78796387,
  "Villarreal": 1764.9432373,
  "Betis": 1750.75708008,
  "Sociedad": 1708.33483887,
  "Celta": 1689.85400391,
  "Getafe": 1686.43554688,
  "Valencia": 1677.77270508,
  "Sevilla": 1676.32714844,
  "Girona": 1674.98425293,
  "Osasuna": 1667.59179688,
  "Mallorca": 1654.48974609,
  "Rayo Vallecano": 1652.51965332,
  "Espanyol": 1643.67663574,
  "Alaves": 1631.2401123,
  "Levante": 1598.64147949,
  "Las Palmas": 1584.48156738,
  "Elche": 1583.6829834,
  "Leganes": 1582.75598145,
  "Almeria": 1551.5501709,
  "Oviedo": 1551.31433105,
  "Santander": 1545.9543457,
  "Granada": 1542.5300293,
  "Mirandes": 1541.85461426,
  "Cadiz": 1539.67407227,
  "Huesca": 1536.22045898,
  "Eibar": 1522.05200195,
  "Albacete": 1514.8458252,
  "Valladolid": 1510.42651367,
  "Burgos": 1501.34936523,
  "Depor": 1497.81652832,
  "Cordoba": 1490.60510254,
  "Gijon": 1476.97912598,
  "Zaragoza": 1463.19519043,
  "Tenerife": 1456.81994629,
  "Castellon": 1452.84313965,
  "Malaga": 1450.88305664,
  "Eldense": 1448.3894043,
  "Ferrol": 1367.00439453,
  "Cartagena": 1346.05358887
}