{
  "Bayern Munich": 1988.42089844,
  "Leverkusen": 1874.34533691,
  "Borussia Dortmund": 1855.34008789,
  "RB Leipzig": 1773.68835449,
  "Frankfurt": 1748.13305664,
  "Stuttgart": 1747.81945801,
  "Freiburg": 1709.87231445,
  "Werder": 1689.58984375,
  "Hoffenheim": 1674.94714355,
  "Mainz": 1668.32373047,
  "Gladbach": 1649.09387207,
  "Union Berlin": 1648.92724609,
  "Wolfsburg": 1622.41333008,
  "Augsburg": 1614.28088379,
  "Koeln": 1594.81469727,
  "Hamburg": 1568.12133789,
  "St Pauli": 1556.08068848,
  "Elversberg": 1541.35876465,
  "Heidenheim": 1538.75561523,
  "Paderborn": 1537.74682617,
  "Holstein": 1511.87915039,
  "Hannover": 1508.59936523,
  "Bochum": 1502.79748535,
  "Darmstadt": 1502.40344238,
  "Lautern": 1500.52587891,
  "Hertha": 1499.84130859,
  "Karlsruhe": 1487.88146973,
  "Schalke": 1487.48291016,
  "Duesseldorf": 1466.32446289,
  "Nuernberg": 1452.69848633,
  "Muenster": 1413.92333984,
  "Magdeburg": 1403.91296387,
  "Bielefeld": 1403.15100098,
  "Fuerth": 1391.19799805,
  "Braunschweig": 1355.59545898,
  "Dresden": 1354.35314941
}