{
  "PSG": 1971.92431641,
  "Lille": 1780.97290039,
  "Monaco": 1758.11218262,
  "Marseille": 1756.40637207,
  "Lyon": 1747.67663574,
  "Strasbourg": 1719.04772949,
  "Lens": 1707.72705078,
  "Nice": 1673.79016113,
  "Rennais": 1659.86682129,
  "Brest": 1656.95861816,
  "Toulouse": 1652.63818359,
  "Auxerre": 1616.02941895,
  "Lorient": 1583.73901367,
  "Nantes": 1579.7277832,
  "Reims": 1567.29003906,
  "Saint-Etienne": 1554.59594727,
  "Le Havre": 1549.28198242,
  "Metz": 1545.56030273,
  "Paris FC": 1540.88562012,
  "Angers": 1539.59875488,
  "Troyes": 1473.34729004,
  "Montpellier": 1457.33483887,
  "Guingamp": 1444.54772949,
  "Rodez": 1434.13525391,
  "Annecy": 1423.52404785,
  "Clermont": 1420.15014648,
  "Pau": 1418.47607422,
  "Dunkerque": 1415.20825195,
  "Laval": 1414.38891602,
  "Amiens": 1409.13598633,
  "Red Star": 1408.86743164,
  "Bastia": 1401.13012695,
  "Grenoble": 1391.2487793,
  "Nancy": 1389.22912598,
  "Le Mans": 1377.69152832,
  "Boulogne": 1360.06286621
}