{
  "Inter": 1927.33410645,
  "Napoli": 1843.76989746,
  "Atalanta": 1843.0065918,
  "Roma": 1833.78857422,
  "Juventus": 1818.17163086,
  "Milan": 1804.36791992,
  "Lazio": 1757.24084473,
  "Bologna": 1742.71899414,
  "Fiorentina": 1729.28894043,
  "Torino": 1667.02661133,
  "Como": 1664.87792969,
  "Genoa": 1640.61560059,
  "Udinese": 1621.1105957,
  "Cagliari": 1618.91333008,
  "Sassuolo": 1606.40759277,
  "Parma": 1604.78442383,
  "Verona": 1590.67504883,
  "Lecce": 1572.57531738,
  "Cremonese": 1570.82629395,
  "Venezia": 1552.58544922,
  "Empoli": 1534.42224121,
  "Pisa": 1533.70495605,
  "Frosinone": 1506.05285645,
  "Monza": 1504.6763916,
  "Palermo": 1494.10986328,
  "Spezia": 1483.3338623,
  "Juve Stabia": 1473.52172852,
  "Modena": 1463.69665527,
  "Catanzaro": 1459.94335938,
  "Suedtirol": 1456.48547363,
  "Cesena": 1454.08203125,
  "Sampdoria": 1424.9901123,
  "Carrarese": 1422.37158203,
  "Bari": 1416.09643555,
  "Reggiana": 1413.20214844,
  "Avellino": 1399.93127441,
  "Padova": 1385.20141602,
  "Pescara": 1379.55822754,
  "Mantova": 1376.28405762,
  "Entella": 1367.70654297
}