{
  "Arsenal": 2049.85522461,
  "Bayern Munich": 2020.93640137,
  "PSG": 1973.97619629,
  "Barcelona": 1972.5345459,
  "Manchester City": 1952.98388672,
  "Real Madrid": 1925.9855957,
  "Liverpool": 1914.78515625,
  "Inter": 1894.91027832,
  "Aston Villa": 1887.28771973,
  "Manchester United": 1868.84130859,
  "Sporting": 1866.91625977,
  "Atlético": 1862.00976562,
  "Chelsea": 1856.92431641,
  "Brighton": 1850.4119873,
  "Borussia Dortmund": 1845.9498291,
  "Bournemouth": 1836.5345459,
  "Everton": 1832.19482422,
  "Newcastle": 1832.00695801,
  "Brentford": 1831.18981934,
  "Leverkusen": 1828.11303711,
  "Benfica": 1816.85107422,
  "Porto": 1808.7800293,
  "Crystal Palace": 1808.65344238,
  "Napoli": 1797.83776855,
  "Fulham": 1795.08935547,
  "Juventus": 1791.66308594,
  "Forest": 1788.9630127,
  "Atalanta": 1785.54431152,
  "Milan": 1781.1784668,
  "RB Leipzig": 1776.65930176,
  "Leeds": 1776.54138184,
  "Stuttgart": 1767.1854248,
  "Villarreal": 1765.92871094,
  "Roma": 1760.30712891,
  "Lille": 1753.45178223,
  "West Ham": 1752.77587891,
  "PSV": 1751.23120117,
  "Betis": 1751.22473145,
  "Como": 1747.95324707,
  "Lens": 1745.7364502,
  "Tottenham": 1744.43774414,
  "Marseille": 1732.82055664,
  "Saint-Gilloise": 1731.5970459,
  "Monaco": 1730.30761719,
  "Brugge": 1729.94702148,
  "Bodø/Glimt": 1729.52062988,
  "Lyon": 1726.15539551,
  "Freiburg": 1725.2265625,
  "Sunderland": 1712.67797852,
  "Galatasaray": 1709.40966797,
  "Celta": 1709.29382324,
  "Strasbourg": 1709.23779297,
  "Braga": 1707.17382812,
  "Rennais": 1704.65588379,
  "Hoffenheim": 1704.65515137,
  "Mainz": 1703.83764648,
  "Real Sociedad": 1702.07775879,
  "Bologna": 1700.69165039,
  "Lazio": 1700.28833008,
  "Athletic": 1697.30944824,
  "Frankfurt": 1693.27978516,
  "Osasuna": 1693.07446289,
  "Wolverhampton": 1689.04675293,
  "Midtjylland": 1675.82055664,
  "Getafe": 1671.29345703,
  "Burnley": 1669.7277832,
  "Slavia Prag": 1669.66625977,
  "Girona": 1669.52197266,
  "Rayo Vallecano": 1669.07653809,
  "Fenerbahce": 1668.17712402,
  "Fiorentina": 1667.91052246,
  "Valencia": 1665.16125488,
  "Olympiacos": 1663.64172363,
  "Zenit": 1657.19775391,
  "Mallorca": 1656.72216797,
  "Udinese": 1652.25720215,
  "Brest": 1643.16943359,
  "FC Krasnodar": 1632.22900391,
  "Espanyol": 1631.86462402,
  "Alaves": 1631.72717285,
  "Genoa": 1631.36132812,
  "Toulouse": 1629.29504395,
  "Torino": 1628.68908691,
  "Sevilla": 1626.44152832,
  "Gladbach": 1625.64648438,
  "Lorient": 1624.39733887,
  "Sassuolo": 1624.00634766,
  "AEK": 1623.59313965,
  "Augsburg": 1623.05090332,
  "Werder": 1622.17822266,
  "Levante": 1615.34423828,
  "Elche": 1609.96777344,
  "Union Berlin": 1608.55114746,
  "PAOK": 1600.47265625,
  "Viking": 1598.37988281,
  "Real Oviedo": 1595.08483887,
  "Hamburg": 1594.71105957,
  "Koeln": 1592.51806641,
  "Feyenoord": 1592.03137207,
  "Paris FC": 1591.56555176,
  "Parma": 1589.2598877,
  "Aarhus": 1587.38146973,
  "Crvena Zvezda": 1586.54101562,
  "Ajax": 1585.13232422,
  "Genk": 1584.94702148,
  "Shakhtar": 1584.92138672,
  "Auxerre": 1581.63928223,
  "Wolfsburg": 1581.29174805,
  "Dinamo Zagreb": 1573.92907715,
  "Nice": 1572.59716797,
  "St Pauli": 1571.81982422,
  "Cagliari": 1570.9140625,
  "Famalicao": 1569.24365234,
  "Twente": 1569.05126953,
  "Panathinaikos": 1563.7689209,
  "Viktoria Plzen": 1562.37158203,
  "Pafos": 1561.03283691,
  "Trabzonspor": 1560.3704834,
  "Le Havre": 1559.34545898,
  "Copenhagen": 1557.01647949,
  "Sparta Praha": 1555.55651855,
  "Lok Moskva": 1555.28356934,
  "CSKA Moskva": 1554.62353516,
  "Qarabag FK": 1554.37609863,
  "Rangers": 1552.81884766,
  "Alkmaar": 1551.38757324,
  "Spartak Moskva": 1550.99316406,
  "Celtic": 1547.65600586,
  "Angers": 1546.81298828,
  "Lecce": 1542.85949707,
  "Nijmegen": 1541.38378906,
  "Nordsjaelland": 1540.51135254,
  "Dynamo Moskva": 1538.52539062,
  "Heidenheim": 1536.31665039,
  "Besiktas": 1535.2244873,
  "Anderlecht": 1534.46105957,
  "Mjaellby": 1531.88842773,
  "Guimaraes": 1531.79309082,
  "Gil Vicente": 1530.52587891,
  "Brondby": 1530.1730957,
  "St Truiden": 1527.16125488,
  "Utrecht": 1526.66674805,
  "Cremonese": 1524.89050293,
  "Hammarby": 1522.13037109,
  "Brann": 1521.97753906,
  "Nantes": 1520.20581055,
  "Ferencvaros": 1517.87719727,
  "Lech": 1507.81481934,
  "Westerlo": 1507.37988281,
  "Viborg": 1507.05078125,
  "Tromso": 1506.88110352,
  "Estoril": 1504.79064941,
  "Mechelen": 1504.02893066,
  "Gent": 1501.43505859,
  "Metz": 1500.46618652,
  "Rakow": 1500.26745605,
  "Bueyueksehir": 1499.14978027,
  "Verona": 1498.87341309,
  "Larnaca": 1494.35534668,
  "Pisa": 1491.93896484,
  "Djurgarden": 1489.67224121,
  "Moreirense": 1487.1697998,
  "RB Salzburg": 1485.87402344,
  "Baltika": 1484.52709961,
  "Arouca": 1483.37133789,
  "Antwerp": 1481.38769531,
  "Sturm Graz": 1481.16467285,
  "SonderjyskE": 1478.38317871,
  "Aris Limassol": 1478.18310547,
  "Charleroi": 1474.46313477,
  "Standard": 1474.21459961,
  "Heerenveen": 1470.50646973,
  "Craiova": 1468.96179199,
  "Jagiellonia": 1466.0111084,
  "Thun": 1464.59472656,
  "Rio Ave": 1464.27685547,
  "Randers": 1463.93115234,
  "Beer-Sheva": 1461.97473145,
  "StGallen": 1461.39160156,
  "Basel": 1460.3079834,
  "Santa Clara": 1459.64599609,
  "Hearts": 1458.99316406,
  "Cercle Brugge": 1457.72424316,
  "Omonia": 1456.90466309,
  "Razgrad": 1456.18762207,
  "Jablonec": 1453.4251709,
  "Molde": 1452.12683105,
  "Rubin Kazan": 1449.72570801,
  "Go Ahead Eagles": 1449.34472656,
  "Goeztepe": 1448.67358398,
  "Sparta Rotterdam": 1448.23474121,
  "Alverca": 1447.68273926,
  "Leuven": 1443.76135254,
  "Young Boys": 1442.58911133,
  "Groningen": 1441.89099121,
  "Legia": 1441.56274414,
  "Dynamo Kyiv": 1440.63110352,
  "Celje": 1438.01208496,
  "Hajduk": 1437.89404297,
  "Slovan Liberec": 1437.30383301,
  "Casa Pia": 1434.97558594,
  "Gyoer": 1434.87609863,
  "CFR Cluj": 1434.60058594,
  "Universitatea Cluj": 1434.51635742,
  "Gornik": 1433.55883789,
  "Lugano": 1433.07189941,
  "Fredrikstad": 1432.41540527,
  "Levski": 1430.70959473,
  "Nacional": 1427.80957031,
  "Malmoe": 1426.48278809,
  "M Tel Aviv": 1424.82678223,
  "Rostov": 1424.74597168,
  "LASK": 1424.33056641,
  "Rosenborg": 1423.6295166,
  "Odense": 1421.31628418,
  "Silkeborg": 1421.25195312,
  "Sandefjord": 1419.82910156,
  "Steaua": 1419.08129883,
  "Sarpsborg": 1418.76696777,
  "Alanyaspor": 1418.26208496,
  "Pogon": 1417.86901855,
  "Samsunspor": 1416.95617676,
  "Rizespor": 1416.36303711,
  "Piast Gliwice": 1416.07470703,
  "Hradec Kralove": 1415.91320801,
  "Katowice": 1415.18688965,
  "Austria Wien": 1415.02905273,
  "Lechia": 1413.16589355,
  "Servette": 1410.98425293,
  "Estrela Amadora": 1410.74084473,
  "Lubin": 1410.31665039,
  "Sion": 1408.72558594,
  "Rijeka": 1407.01269531,
  "Terek Grozny": 1406.51818848,
  "Cracovia": 1406.24853516,
  "Levadeiakos": 1405.63952637,
  "Zwolle": 1402.82275391,
  "GAIS": 1400.6340332,
  "Hibernian": 1400.40454102,
  "Valerenga": 1399.46728516,
  "Konyaspor": 1398.5098877,
  "AIK": 1398.11816406,
  "Korona": 1398.10546875,
  "IK Sirius": 1398.06188965,
  "Aris": 1397.16955566,
  "Motor Lublin": 1394.35595703,
  "Radomiak": 1393.06225586,
  "Sittard": 1391.87658691,
  "Luzern": 1389.74804688,
  "Zulte Waregem": 1389.60510254,
  "Goeteborg": 1387.78723145,
  "Beitar": 1387.76171875,
  "Ham-Kam": 1387.66638184,
  "Elfsborg": 1386.83862305,
  "Polissya Zhytomyr": 1386.08251953,
  "Tondela": 1385.92358398,
  "Rapid Bucuresti": 1383.67993164,
  "Maccabi Haifa": 1381.90673828,
  "Rapid Wien": 1381.59008789,
  "Kasimpasa": 1379.85742188,
  "Paksi": 1379.52209473,
  "Motherwell": 1379.07324219,
  "Gaziantep FK": 1377.18493652,
  "Sigma Olomouc": 1376.88085938,
  "RAAL": 1376.2755127,
  "Lausanne": 1375.88635254,
  "Banik Ostrava": 1375.13269043,
  "Fredericia": 1373.53356934,
  "Hartberg": 1369.33325195,
  "KFUM Oslo": 1368.33569336,
  "Zalaegerszegi": 1367.81494141,
  "Widzew": 1367.45471191,
  "Mlada Boleslav": 1367.02001953,