{
  "Arsenal": 2053.62329102,
  "Manchester City": 1999.29675293,
  "Liverpool": 1944.39221191,
  "Aston Villa": 1921.3717041,
  "Chelsea": 1887.01904297,
  "Newcastle": 1865.11877441,
  "Brighton": 1828.42419434,
  "Manchester United": 1827.09802246,
  "Brentford": 1824.1138916,
  "Everton": 1815.16430664,
  "Tottenham": 1814.06433105,
  "Crystal Palace": 1806.82299805,
  "Fulham": 1796.44970703,
  "Bournemouth": 1795.74389648,
  "Forest": 1763.25,
  "Leeds": 1748.40881348,
  "West Ham": 1722.78186035,
  "Burnley": 1690.39318848,
  "Sunderland": 1674.57055664,
  "Wolverhampton": 1647.17260742,
  "Coventry": 1620.42785645,
  "Ipswich": 1618.58117676,
  "Leicester": 1566.83251953,
  "Middlesbrough": 1560.24499512,
  "Sheffield United": 1554.17102051,
  "Southampton": 1545.19616699,
  "Hull": 1538.3293457,
  "Bristol City": 1536.73278809,
  "Watford": 1528.64697266,
  "Millwall": 1520.53723145,
  "Preston": 1518.0168457,
  "QPR": 1508.78674316,
  "West Brom": 1507.48071289,
  "Blackburn": 1502.45935059,
  "Stoke": 1501.1673584,
  "Derby": 1493.67785645,
  "Swansea": 1491.60339355,
  "Wrexham": 1489.15307617,
  "Birmingham": 1466.24450684,
  "Norwich": 1463.85571289,
  "Portsmouth": 1460.85205078,
  "Charlton": 1440.99914551,
  "Oxford": 1439.53955078,
  "Sheffield Weds": 1395.4597168
}