{
  "PSG": 1983.18786621,
  "Lille": 1805.67041016,
  "Marseille": 1794.18041992,
  "Lyon": 1756.15551758,
  "Monaco": 1749.06787109,
  "Strasbourg": 1738.15441895,
  "Lens": 1729.7755127,
  "Nice": 1680.33850098,
  "Toulouse": 1680.19580078,
  "Brest": 1672.86022949,
  "Rennais": 1666.24194336,
  "Auxerre": 1621.36523438,
  "Lorient": 1599.60717773,
  "Nantes": 1591.95507812,
  "Paris FC": 1564.78771973,
  "Reims": 1561.91809082,
  "Le Havre": 1559.00378418,
  "Saint-Etienne": 1550.89855957,
  "Metz": 1540.52160645,
  "Angers": 1539.3762207,
  "Troyes": 1495.80981445,
  "Montpellier": 1475.26721191,
  "Guingamp": 1463.14562988,
  "Pau": 1449.1237793,
  "Rodez": 1438.99414062,
  "Red Star": 1436.28222656,
  "Annecy": 1434.50183105,
  "Dunkerque": 1431.50524902,
  "Grenoble": 1419.83312988,
  "Clermont": 1410.12158203,
  "Laval": 1409.66247559,
  "Bastia": 1407.90612793,
  "Le Mans": 1406.1854248,
  "Amiens": 1405.97875977,
  "Nancy": 1389.27514648,
  "Boulogne": 1374.69665527
}