{
  "Barcelona": 1964.98547363,
  "Real Madrid": 1918.3503418,
  "Atlético": 1840.41430664,
  "Villarreal": 1754.27038574,
  "Betis": 1731.60290527,
  "Athletic": 1694.35339355,
  "Celta": 1688.42797852,
  "Real Sociedad": 1682.00415039,
  "Osasuna": 1677.96618652,
  "Getafe": 1673.28186035,
  "Rayo Vallecano": 1663.54199219,
  "Valencia": 1658.08996582,
  "Girona": 1652.02282715,
  "Mallorca": 1645.72766113,
  "Alaves": 1621.29504395,
  "Espanyol": 1617.46813965,
  "Levante": 1615.26745605,
  "Elche": 1613.49291992,
  "Sevilla": 1608.46972656,
  "Real Oviedo": 1588.67346191,
  "Las Palmas": 1560.2076416,
  "Racing": 1554.84924316,
  "Almeria": 1554.25292969,
  "Eibar": 1552.2845459,
  "Castellon": 1538.22766113,
  "Malaga": 1536.52685547,
  "Depor": 1529.32775879,
  "Burgos": 1525.28234863,
  "Leganes": 1507.39074707,
  "Granada": 1498.15576172,
  "Albacete": 1496.33325195,
  "FC Andorra": 1491.625,
  "Sporting": 1486.72265625,
  "Cordoba": 1469.25097656,
  "Ceuta": 1445.77368164,
  "Mirandes": 1437.99121094,
  "Sociedad B": 1435.23022461,
  "Valladolid": 1432.04370117,
  "Zaragoza": 1417.79162598,
  "Huesca": 1408.41088867,
  "Cadiz": 1403.07995605,
  "Leonesa": 1367.78149414
}