{
  "Bayern Munich": 1967.81640625,
  "Borussia Dortmund": 1845.06665039,
  "Leverkusen": 1829.61669922,
  "RB Leipzig": 1757.27429199,
  "Frankfurt": 1741.36071777,
  "Stuttgart": 1719.06347656,
  "Freiburg": 1683.5123291,
  "Werder": 1676.86328125,
  "Mainz": 1667.00891113,
  "Hoffenheim": 1636.92163086,
  "Wolfsburg": 1627.58850098,
  "Union Berlin": 1619.30944824,
  "Augsburg": 1601.26635742,
  "Gladbach": 1598.07873535,
  "Koeln": 1583.16345215,
  "St Pauli": 1568.9498291,
  "Hamburg": 1565.78967285,
  "Heidenheim": 1535.71569824,
  "Elversberg": 1530.31274414,
  "Paderborn": 1529.47265625,
  "Holstein": 1516.37805176,
  "Karlsruhe": 1495.33056641,
  "Hannover": 1486.70678711,
  "Bochum": 1486.67773438,
  "Lautern": 1481.22839355,
  "Darmstadt": 1475.94128418,
  "Schalke": 1472.35693359,
  "Hertha": 1466.87890625,
  "Duesseldorf": 1452.08789062,
  "Nuernberg": 1417.37304688,
  "Muenster": 1407.12011719,
  "Magdeburg": 1397.88623047,
  "Fuerth": 1379.3939209,
  "Bielefeld": 1373.96923828,
  "Braunschweig": 1358.78820801,
  "Dresden": 1339.57507324
}