{
  "Arsenal": 2046.26586914,
  "Liverpool": 1991.08276367,
  "Manchester City": 1985.75512695,
  "Chelsea": 1902.81506348,
  "Newcastle": 1878.71044922,
  "Aston Villa": 1872.78771973,
  "Crystal Palace": 1856.35205078,
  "Bournemouth": 1846.91564941,
  "Brighton": 1845.04089355,
  "Manchester United": 1833.00927734,
  "Tottenham": 1831.81689453,
  "Brentford": 1817.81335449,
  "Everton": 1794.14196777,
  "Fulham": 1788.68640137,
  "Forest": 1759.94689941,
  "Burnley": 1735.99780273,
  "West Ham": 1731.26464844,
  "Leeds": 1730.29956055,
  "Wolverhampton": 1686.93432617,
  "Sunderland": 1642.66833496,
  "Coventry": 1624.27868652,
  "Ipswich": 1594.07202148,
  "Leicester": 1586.19360352,
  "Middlesbrough": 1567.92651367,
  "Stoke": 1550.64685059,
  "Bristol City": 1538.06213379,
  "Millwall": 1536.20947266,
  "Sheffield United": 1530.34899902,
  "Southampton": 1527.80175781,
  "Preston": 1527.62011719,
  "West Brom": 1522.99243164,
  "Hull": 1522.13183594,
  "Swansea": 1514.49707031,
  "Blackburn": 1513.78759766,
  "Watford": 1505.58911133,
  "Derby": 1501.57458496,
  "Charlton": 1494.62109375,
  "QPR": 1488.28515625,
  "Birmingham": 1481.81396484,
  "Norwich": 1468.21972656,
  "Wrexham": 1465.80981445,
  "Portsmouth": 1465.42553711,
  "Oxford": 1457.86425781,
  "Sheffield Weds": 1440.52185059
}