{
  "Barcelona": 1953.10412598,
  "Real Madrid": 1942.31567383,
  "Atlético": 1836.40563965,
  "Athletic": 1796.60705566,
  "Villarreal": 1795.5411377,
  "Betis": 1744.22229004,
  "Osasuna": 1701.51855469,
  "Celta": 1674.32751465,
  "Valencia": 1671.42236328,
  "Rayo Vallecano": 1669.31262207,
  "Real Sociedad": 1667.44140625,
  "Getafe": 1652.17138672,
  "Espanyol": 1649.46411133,
  "Alaves": 1645.72351074,
  "Mallorca": 1635.45629883,
  "Sevilla": 1624.51208496,
  "Girona": 1617.76989746,
  "Levante": 1602.74499512,
  "Elche": 1595.00561523,
  "Leganes": 1594.68579102,
  "Real Oviedo": 1580.59741211,
  "Las Palmas": 1568.7520752,
  "Almeria": 1547.2734375,
  "Mirandes": 1542.38708496,
  "Santander": 1538.25268555,
  "Eibar": 1535.65698242,
  "Cadiz": 1531.9786377,
  "Huesca": 1513.8157959,
  "Granada": 1504.10986328,
  "Gijon": 1501.53015137,
  "Albacete": 1491.23120117,
  "Valladolid": 1486.02380371,
  "Burgos": 1485.75097656,
  "Depor": 1473.75488281,
  "Malaga": 1455.12341309,
  "Cordoba": 1451.44836426,
  "Castellon": 1446.23193359,
  "Andorra CF": 1445.88195801,
  "Zaragoza": 1428.93945312,
  "Sociedad B": 1426.71154785,
  "Leonesa": 1408.93383789,
  "Ceuta": 1408.77172852
}