{
  "Inter": 1927.01550293,
  "Napoli": 1849.04370117,
  "Atalanta": 1835.02990723,
  "Roma": 1826.38549805,
  "Juventus": 1816.10595703,
  "Milan": 1803.57324219,
  "Lazio": 1751.24206543,
  "Bologna": 1742.01501465,
  "Fiorentina": 1721.32666016,
  "Torino": 1668.24926758,
  "Como": 1668.07824707,
  "Genoa": 1635.38574219,
  "Cagliari": 1617.73718262,
  "Udinese": 1617.51037598,
  "Sassuolo": 1612.69165039,
  "Parma": 1592.37304688,
  "Lecce": 1580.21044922,
  "Verona": 1579.61462402,
  "Cremonese": 1566.36853027,
  "Venezia": 1560.4395752,
  "Empoli": 1537.12133789,
  "Pisa": 1525.6998291,
  "Monza": 1510.20202637,
  "Palermo": 1500.59790039,
  "Frosinone": 1493.42248535,
  "Spezia": 1472.06945801,
  "Modena": 1468.02087402,
  "Juve Stabia": 1456.38928223,
  "Catanzaro": 1451.87475586,
  "Suedtirol": 1445.97192383,
  "Cesena": 1441.46374512,
  "Carrarese": 1434.71105957,
  "Sampdoria": 1432.76818848,
  "Reggiana": 1421.04418945,
  "Bari": 1419.99914551,
  "Avellino": 1398.29211426,
  "Padova": 1375.77331543,
  "Mantova": 1373.89599609,
  "Pescara": 1367.80871582,
  "Entella": 1358.62268066
}