{
  "Barcelona": 1954.50512695,
  "Real Madrid": 1934.58886719,
  "Atletico": 1871.05383301,
  "Athletic": 1820.0970459,
  "Villarreal": 1774.54101562,
  "Betis": 1745.42553711,
  "Sociedad": 1692.71472168,
  "Valencia": 1684.66394043,
  "Celta": 1674.77075195,
  "Osasuna": 1674.63500977,
  "Mallorca": 1670.86645508,
  "Sevilla": 1670.2043457,
  "Getafe": 1669.2869873,
  "Girona": 1668.70617676,
  "Espanyol": 1659.51904297,
  "Rayo Vallecano": 1648.24975586,
  "Alaves": 1628.84777832,
  "Las Palmas": 1602.40136719,
  "Levante": 1597.73498535,
  "Elche": 1592.78735352,
  "Leganes": 1581.20288086,
  "Oviedo": 1556.58483887,
  "Granada": 1555.27368164,
  "Almeria": 1554.41455078,
  "Santander": 1542.20800781,
  "Huesca": 1541.29284668,
  "Mirandes": 1539.35705566,
  "Cadiz": 1531.32714844,
  "Eibar": 1522.57250977,
  "Valladolid": 1509.29858398,
  "Albacete": 1502.8770752,
  "Burgos": 1502.28601074,
  "Depor": 1501.10131836,
  "Cordoba": 1492.27966309,
  "Gijon": 1486.24780273,
  "Zaragoza": 1463.43444824,
  "Castellon": 1457.35595703,
  "Tenerife": 1456.65588379,
  "Malaga": 1446.58166504,
  "Eldense": 1439.88476562,
  "Ferrol": 1362.49829102,
  "Cartagena": 1343.95300293
}