{
  "Barcelona": 1943.10693359,
  "Real Madrid": 1908.23205566,
  "Atlético": 1839.96008301,
  "Villarreal": 1742.86962891,
  "Betis": 1737.99853516,
  "Celta": 1714.76879883,
  "Athletic": 1705.38183594,
  "Real Sociedad": 1679.62097168,
  "Osasuna": 1678.19702148,
  "Valencia": 1659.96801758,
  "Rayo Vallecano": 1649.37231445,
  "Getafe": 1642.91772461,
  "Espanyol": 1630.51708984,
  "Girona": 1625.1607666,
  "Sevilla": 1617.46887207,
  "Mallorca": 1612.08850098,
  "Alaves": 1593.49853516,
  "Elche": 1582.83349609,
  "Levante": 1582.76428223,
  "Racing": 1565.18688965,
  "Las Palmas": 1556.26647949,
  "Almeria": 1549.22058105,
  "Real Oviedo": 1539.2689209,
  "Castellon": 1520.43481445,
  "Eibar": 1508.32873535,
  "Leganes": 1506.45605469,
  "Malaga": 1501.76879883,
  "Depor": 1496.3380127,
  "Granada": 1495.20751953,
  "Burgos": 1492.46252441,
  "Sporting": 1476.07104492,
  "Cordoba": 1466.88452148,
  "Albacete": 1458.62927246,
  "Sociedad B": 1454.32226562,
  "Ceuta": 1451.57312012,
  "Cadiz": 1443.31469727,
  "FC Andorra": 1432.50622559,
  "Huesca": 1430.08447266,
  "Valladolid": 1429.12121582,
  "Mirandes": 1428.25830078,
  "Zaragoza": 1396.36499023,
  "Leonesa": 1378.75537109
}