{
  "Inter": 1916.19116211,
  "Milan": 1823.61425781,
  "Juventus": 1822.49523926,
  "Roma": 1816.51538086,
  "Napoli": 1802.74206543,
  "Atalanta": 1797.44506836,
  "Como": 1737.59069824,
  "Lazio": 1713.3638916,
  "Bologna": 1707.08227539,
  "Fiorentina": 1652.45007324,
  "Genoa": 1638.07800293,
  "Torino": 1624.56298828,
  "Udinese": 1621.86218262,
  "Sassuolo": 1613.18652344,
  "Cagliari": 1611.70202637,
  "Parma": 1596.14648438,
  "Venezia": 1591.06774902,
  "Cremonese": 1564.0526123,
  "Lecce": 1554.42407227,
  "Verona": 1547.98791504,
  "Frosinone": 1538.32885742,
  "Monza": 1536.72412109,
  "Pisa": 1528.79797363,
  "Palermo": 1502.26721191,
  "Empoli": 1484.07617188,
  "Catanzaro": 1465.98205566,
  "Juve Stabia": 1459.75256348,
  "Modena": 1449.93273926,
  "Cesena": 1440.62512207,
  "Suedtirol": 1435.89099121,
  "Spezia": 1430.83911133,
  "Carrarese": 1427.01586914,
  "Sampdoria": 1402.21447754,
  "Bari": 1387.41967773,
  "Padova": 1373.2755127,
  "Reggiana": 1370.61315918,
  "Mantova": 1367.1496582,
  "Avellino": 1363.10668945,
  "Entella": 1353.99304199,
  "Pescara": 1329.31982422
}