{
  "Barcelona": 1972.2019043,
  "Real Madrid": 1921.88342285,
  "Atlético": 1846.84155273,
  "Betis": 1744.9041748,
  "Villarreal": 1743.73608398,
  "Rayo Vallecano": 1706.79943848,
  "Celta": 1697.88110352,
  "Athletic": 1682.48632812,
  "Valencia": 1680.35900879,
  "Real Sociedad": 1670.34985352,
  "Getafe": 1659.41259766,
  "Osasuna": 1658.47753906,
  "Alaves": 1645.17492676,
  "Levante": 1644.52416992,
  "Girona": 1640.02844238,
  "Mallorca": 1636.28857422,
  "Sevilla": 1632.37670898,
  "Espanyol": 1632.12878418,
  "Elche": 1622.73815918,
  "Las Palmas": 1583.77880859,
  "Racing": 1577.11193848,
  "Real Oviedo": 1568.01049805,
  "Almeria": 1566.27587891,
  "Malaga": 1564.07189941,
  "Eibar": 1551.48400879,
  "Depor": 1547.54431152,
  "Burgos": 1535.20544434,
  "Castellon": 1534.94018555,
  "Albacete": 1498.80847168,
  "FC Andorra": 1495.75646973,
  "Leganes": 1492.99816895,
  "Cordoba": 1487.54614258,
  "Granada": 1482.9420166,
  "Sporting": 1480.6661377,
  "Ceuta": 1448.86999512,
  "Sociedad B": 1441.01013184,
  "Valladolid": 1440.64306641,
  "Mirandes": 1436.93811035,
  "Huesca": 1409.25744629,
  "Cadiz": 1401.50317383,
  "Zaragoza": 1388.01745605,
  "Leonesa": 1374.05895996
}