{
  "Arsenal": 2053.62329102,
  "Manchester City": 1992.83679199,
  "Liverpool": 1938.15966797,
  "Aston Villa": 1921.3717041,
  "Chelsea": 1887.01904297,
  "Newcastle": 1865.11877441,
  "Brighton": 1828.42419434,
  "Manchester United": 1827.09802246,
  "Brentford": 1822.18676758,
  "Tottenham": 1815.99145508,
  "Everton": 1815.16430664,
  "Crystal Palace": 1804.88684082,
  "Fulham": 1798.38574219,
  "Bournemouth": 1795.74389648,
  "Forest": 1763.25,
  "Leeds": 1754.64135742,
  "West Ham": 1722.78186035,
  "Burnley": 1690.39318848,
  "Sunderland": 1681.03063965,
  "Wolverhampton": 1647.17260742,
  "Ipswich": 1621.49938965,
  "Coventry": 1617.06225586,
  "Sheffield United": 1563.8972168,
  "Leicester": 1557.10632324,
  "Middlesbrough": 1551.92333984,
  "Bristol City": 1547.45703125,
  "Southampton": 1542.86767578,
  "Watford": 1537.58654785,
  "Hull": 1527.5736084,
  "Preston": 1524.70568848,
  "Millwall": 1522.86572266,
  "Stoke": 1511.9230957,
  "Wrexham": 1503.15112305,
  "Derby": 1501.99951172,
  "West Brom": 1500.39343262,
  "Swansea": 1498.69067383,
  "QPR": 1498.03491211,
  "Blackburn": 1488.46130371,
  "Norwich": 1474.60742188,
  "Birmingham": 1457.30493164,
  "Portsmouth": 1450.12780762,
  "Charlton": 1444.36474609,
  "Oxford": 1436.62145996,
  "Sheffield Weds": 1388.77087402
}