{
  "Bayern Munich": 1992.89208984,
  "Leverkusen": 1851.76647949,
  "Borussia Dortmund": 1851.58068848,
  "RB Leipzig": 1767.08068848,
  "Frankfurt": 1761.94604492,
  "Stuttgart": 1737.48095703,
  "Freiburg": 1715.99353027,
  "Werder": 1698.31005859,
  "Mainz": 1682.77258301,
  "Hoffenheim": 1674.73571777,
  "Union Berlin": 1642.96411133,
  "Gladbach": 1638.80407715,
  "Wolfsburg": 1628.61865234,
  "Augsburg": 1609.10375977,
  "Koeln": 1600.68920898,
  "Hamburg": 1575.41040039,
  "St Pauli": 1564.1652832,
  "Paderborn": 1553.83972168,
  "Heidenheim": 1551.14538574,
  "Elversberg": 1534.64855957,
  "Holstein": 1527.01208496,
  "Bochum": 1516.9152832,
  "Hertha": 1496.96337891,
  "Darmstadt": 1496.81811523,
  "Karlsruhe": 1496.7043457,
  "Hannover": 1494.6192627,
  "Schalke": 1489.71179199,
  "Lautern": 1487.50622559,
  "Duesseldorf": 1461.53613281,
  "Nuernberg": 1444.78369141,
  "Muenster": 1413.78894043,
  "Bielefeld": 1413.16479492,
  "Magdeburg": 1410.81469727,
  "Fuerth": 1398.89526367,
  "Braunschweig": 1360.58435059,
  "Dresden": 1342.34960938
}