{
  "Barcelona": 1969.25671387,
  "Real Madrid": 1918.62353516,
  "Atlético": 1844.45898438,
  "Villarreal": 1754.76806641,
  "Betis": 1747.84936523,
  "Celta": 1696.20996094,
  "Rayo Vallecano": 1695.76733398,
  "Athletic": 1684.1574707,
  "Real Sociedad": 1680.43383789,
  "Valencia": 1670.27478027,
  "Osasuna": 1669.64758301,
  "Getafe": 1667.22387695,
  "Mallorca": 1645.51708984,
  "Girona": 1642.41088867,
  "Alaves": 1636.66809082,
  "Sevilla": 1635.63647461,
  "Levante": 1635.29577637,
  "Espanyol": 1620.95874023,
  "Elche": 1614.92687988,
  "Real Oviedo": 1576.51745605,
  "Almeria": 1576.02905273,
  "Las Palmas": 1574.02563477,
  "Racing": 1571.1315918,
  "Eibar": 1562.91955566,
  "Malaga": 1551.13745117,
  "Depor": 1547.54431152,
  "Castellon": 1540.49597168,
  "Burgos": 1525.99768066,
  "Cordoba": 1497.54150391,
  "Leganes": 1497.35351562,
  "FC Andorra": 1495.75634766,
  "Granada": 1492.15002441,
  "Albacete": 1488.81311035,
  "Sporting": 1469.1192627,
  "Ceuta": 1461.80444336,
  "Valladolid": 1446.62316895,
  "Sociedad B": 1443.2878418,
  "Mirandes": 1434.66040039,
  "Huesca": 1404.90197754,
  "Zaragoza": 1399.56420898,
  "Cadiz": 1395.94763184,
  "Leonesa": 1362.62329102
}