{
  "Arsenal": 2062.5168457,
  "Manchester City": 1964.84411621,
  "Liverpool": 1958.13635254,
  "Aston Villa": 1930.51049805,
  "Chelsea": 1925.48864746,
  "Newcastle": 1876.71875,
  "Manchester United": 1872.82214355,
  "Brentford": 1843.37585449,
  "Brighton": 1840.2010498,
  "Bournemouth": 1833.76049805,
  "Tottenham": 1827.49755859,
  "Everton": 1822.26306152,
  "Fulham": 1817.01989746,
  "Forest": 1795.25085449,
  "Crystal Palace": 1795.08312988,
  "Leeds": 1769.64257812,
  "West Ham": 1731.49584961,
  "Burnley": 1710.04553223,
  "Sunderland": 1694.91931152,
  "Wolverhampton": 1674.27148438,
  "Ipswich": 1630.35681152,
  "Coventry": 1611.78552246,
  "Middlesbrough": 1608.95544434,
  "Hull": 1579.55505371,
  "Sheffield United": 1574.43981934,
  "Millwall": 1559.64111328,
  "Southampton": 1554.67773438,
  "Derby": 1544.95385742,
  "Leicester": 1541.33276367,
  "Wrexham": 1530.48217773,
  "Swansea": 1521.75219727,
  "Bristol City": 1521.67724609,
  "QPR": 1520.28051758,
  "Preston": 1520.01428223,
  "Watford": 1519.90246582,
  "Stoke": 1515.08105469,
  "Norwich": 1513.65209961,
  "Birmingham": 1505.63574219,
  "Portsmouth": 1487.13977051,
  "Blackburn": 1476.61328125,
  "West Brom": 1469.95776367,
  "Charlton": 1469.60083008,
  "Oxford": 1451.65429688,
  "Sheffield Weds": 1367.76257324
}