{
  "Bayern Munich": 1957.41394043,
  "Borussia Dortmund": 1851.13415527,
  "Leverkusen": 1836.43493652,
  "Frankfurt": 1759.35644531,
  "RB Leipzig": 1743.79003906,
  "Stuttgart": 1727.71765137,
  "Mainz": 1701.60876465,
  "Freiburg": 1688.47338867,
  "Werder": 1675.06164551,
  "Wolfsburg": 1650.89672852,
  "Hoffenheim": 1632.68249512,
  "Union Berlin": 1626.5435791,
  "Gladbach": 1616.57653809,
  "Augsburg": 1609.6595459,
  "St Pauli": 1600.59790039,
  "Koeln": 1582.46948242,
  "Hamburg": 1561.81640625,
  "Heidenheim": 1550.74206543,
  "Elversberg": 1533.59338379,
  "Holstein": 1529.18652344,
  "Paderborn": 1523.75695801,
  "Karlsruhe": 1504.63549805,
  "Hannover": 1502.51928711,
  "Bochum": 1492.84057617,
  "Darmstadt": 1492.35510254,
  "Duesseldorf": 1488.62609863,
  "Lautern": 1474.10693359,
  "Hertha": 1467.4173584,
  "Schalke": 1447.60339355,
  "Muenster": 1423.10681152,
  "Magdeburg": 1412.72094727,
  "Nuernberg": 1408.65930176,
  "Fuerth": 1404.8104248,
  "Bielefeld": 1374.26672363,
  "Braunschweig": 1369.50231934,
  "Dresden": 1344.48144531
}