{
  "Inter": 1920.04650879,
  "Milan": 1825.46105957,
  "Napoli": 1824.8182373,
  "Juventus": 1815.83654785,
  "Roma": 1805.53625488,
  "Atalanta": 1802.30273438,
  "Bologna": 1752.58190918,
  "Lazio": 1751.86474609,
  "Como": 1715.04272461,
  "Fiorentina": 1659.10925293,
  "Torino": 1656.43017578,
  "Sassuolo": 1633.94689941,
  "Genoa": 1628.01135254,
  "Udinese": 1620.39990234,
  "Cagliari": 1612.00683594,
  "Parma": 1597.63549805,
  "Cremonese": 1592.33325195,
  "Verona": 1582.62182617,
  "Venezia": 1580.28259277,
  "Lecce": 1570.81933594,
  "Monza": 1554.2409668,
  "Pisa": 1534.76733398,
  "Frosinone": 1534.23242188,
  "Empoli": 1513.37731934,
  "Palermo": 1508.96801758,
  "Catanzaro": 1492.92883301,
  "Modena": 1461.94494629,
  "Cesena": 1461.12402344,
  "Juve Stabia": 1460.53613281,
  "Spezia": 1447.60522461,
  "Sampdoria": 1418.81262207,
  "Suedtirol": 1414.58752441,
  "Carrarese": 1404.27636719,
  "Bari": 1399.85461426,
  "Reggiana": 1397.23205566,
  "Padova": 1390.21020508,
  "Avellino": 1378.36022949,
  "Mantova": 1370.58911133,
  "Entella": 1353.09472656,
  "Pescara": 1348.578125
}