{
  "Barcelona": 1981.92468262,
  "Real Madrid": 1960.14746094,
  "Atlético": 1869.68933105,
  "Villarreal": 1769.25183105,
  "Betis": 1756.59851074,
  "Celta": 1741.34606934,
  "Athletic": 1720.02050781,
  "Real Sociedad": 1703.09912109,
  "Osasuna": 1696.53796387,
  "Valencia": 1684.70117188,
  "Getafe": 1671.51452637,
  "Rayo Vallecano": 1668.8302002,
  "Girona": 1655.94433594,
  "Mallorca": 1633.14453125,
  "Espanyol": 1631.69372559,
  "Alaves": 1630.74780273,
  "Sevilla": 1624.47436523,
  "Levante": 1616.21862793,
  "Elche": 1609.88024902,
  "Almeria": 1579.01513672,
  "Real Oviedo": 1566.59790039,
  "Las Palmas": 1563.11328125,
  "Racing": 1560.21984863,
  "Eibar": 1546.73303223,
  "Malaga": 1542.66381836,
  "Depor": 1538.22180176,
  "Granada": 1532.56652832,
  "Burgos": 1531.40246582,
  "Leganes": 1530.7824707,
  "Castellon": 1525.06140137,
  "Albacete": 1512.13952637,
  "Sporting": 1490.56420898,
  "Sociedad B": 1468.7479248,
  "Ceuta": 1466.11633301,
  "FC Andorra": 1456.79443359,
  "Valladolid": 1456.09375,
  "Cordoba": 1454.70581055,
  "Mirandes": 1445.95532227,
  "Cadiz": 1445.21081543,
  "Zaragoza": 1442.33837891,
  "Huesca": 1426.46020508,
  "Leonesa": 1398.81298828
}