{
  "Inter": 1917.62231445,
  "Napoli": 1849.34667969,
  "Atalanta": 1835.30883789,
  "Roma": 1820.70214844,
  "Juventus": 1815.6796875,
  "Milan": 1792.68200684,
  "Bologna": 1747.33312988,
  "Lazio": 1742.32861328,
  "Fiorentina": 1730.67773438,
  "Torino": 1673.3125,
  "Como": 1665.67126465,
  "Genoa": 1649.41699219,
  "Udinese": 1629.44348145,
  "Cagliari": 1619.52807617,
  "Parma": 1592.38806152,
  "Sassuolo": 1591.96557617,
  "Verona": 1591.08886719,
  "Lecce": 1565.71533203,
  "Cremonese": 1563.9239502,
  "Venezia": 1541.79907227,
  "Empoli": 1535.65515137,
  "Pisa": 1526.20715332,
  "Monza": 1514.36767578,
  "Palermo": 1490.25732422,
  "Spezia": 1489.43640137,
  "Frosinone": 1480.59008789,
  "Juve Stabia": 1464.5604248,
  "Cesena": 1460.05407715,
  "Catanzaro": 1457.82250977,
  "Modena": 1455.3449707,
  "Suedtirol": 1444.35852051,
  "Sampdoria": 1421.00610352,
  "Reggiana": 1418.32678223,
  "Carrarese": 1415.02441406,
  "Bari": 1414.20324707,
  "Mantova": 1391.84851074,
  "Avellino": 1387.39099121,
  "Pescara": 1381.8001709,
  "Entella": 1373.91845703,
  "Padova": 1369.39611816
}