{
  "Arsenal": 2032.8302002,
  "Liverpool": 1974.4597168,
  "Manchester City": 1969.44152832,
  "Chelsea": 1896.61535645,
  "Newcastle": 1884.92932129,
  "Aston Villa": 1873.8560791,
  "Bournemouth": 1847.41931152,
  "Crystal Palace": 1842.23095703,
  "Brighton": 1832.25964355,
  "Tottenham": 1829.71008301,
  "Manchester United": 1828.62487793,
  "Brentford": 1821.59594727,
  "Everton": 1792.01953125,
  "Fulham": 1775.25598145,
  "Forest": 1753.9909668,
  "Burnley": 1734.79138184,
  "Leeds": 1732.7442627,
  "West Ham": 1710.3848877,
  "Wolverhampton": 1690.02941895,
  "Sunderland": 1634.45715332,
  "Coventry": 1623.3737793,
  "Leicester": 1600.47851562,
  "Ipswich": 1580.32250977,
  "Middlesbrough": 1576.95178223,
  "Bristol City": 1559.9329834,
  "Millwall": 1550.80041504,
  "Sheffield United": 1548.12878418,
  "West Brom": 1529.89672852,
  "Southampton": 1527.90991211,
  "Stoke": 1515.93078613,
  "Swansea": 1515.86364746,
  "Hull": 1513.08349609,
  "QPR": 1504.38867188,
  "Preston": 1501.51501465,
  "Charlton": 1481.70593262,
  "Blackburn": 1480.46472168,
  "Watford": 1480.26477051,
  "Portsmouth": 1477.43884277,
  "Norwich": 1474.12390137,
  "Derby": 1472.48535156,
  "Oxford": 1464.80664062,
  "Wrexham": 1448.00170898,
  "Birmingham": 1442.30102539,
  "Sheffield Weds": 1432.06848145
}