{
  "Real Madrid": 1958.51391602,
  "Barcelona": 1927.90649414,
  "Atletico": 1869.98779297,
  "Athletic": 1790.50817871,
  "Villarreal": 1757.34484863,
  "Betis": 1713.38439941,
  "Sociedad": 1701.52636719,
  "Sevilla": 1688.5847168,
  "Girona": 1687.51733398,
  "Celta": 1674.01782227,
  "Osasuna": 1670.44250488,
  "Getafe": 1667.73168945,
  "Mallorca": 1660.52246094,
  "Rayo Vallecano": 1658.48852539,
  "Valencia": 1647.11254883,
  "Alaves": 1627.28149414,
  "Espanyol": 1616.58972168,
  "Las Palmas": 1586.06604004,
  "Leganes": 1584.33703613,
  "Levante": 1580.60046387,
  "Elche": 1561.76831055,
  "Almeria": 1554.09545898,
  "Huesca": 1550.47570801,
  "Cadiz": 1549.71740723,
  "Oviedo": 1549.15234375,
  "Mirandes": 1548.51916504,
  "Santander": 1545.76159668,
  "Granada": 1536.49597168,
  "Valladolid": 1526.21643066,
  "Eibar": 1510.08703613,
  "Gijon": 1507.38586426,
  "Cordoba": 1484.40698242,
  "Depor": 1482.15393066,
  "Albacete": 1478.72741699,
  "Burgos": 1468.89367676,
  "Zaragoza": 1463.70629883,
  "Malaga": 1461.56237793,
  "Castellon": 1453.62585449,
  "Eldense": 1440.65808105,
  "Tenerife": 1420.28674316,
  "Ferrol": 1376.48547363,
  "Cartagena": 1349.36340332
}