{
  "Barcelona": 1963.50549316,
  "Real Madrid": 1916.95141602,
  "Atlético": 1852.97143555,
  "Villarreal": 1756.89245605,
  "Betis": 1723.13720703,
  "Real Sociedad": 1693.04406738,
  "Celta": 1689.9074707,
  "Athletic": 1688.27856445,
  "Osasuna": 1684.04077148,
  "Getafe": 1662.24169922,
  "Girona": 1660.48840332,
  "Rayo Vallecano": 1658.17895508,
  "Valencia": 1656.1262207,
  "Mallorca": 1647.69116211,
  "Espanyol": 1622.83105469,
  "Alaves": 1622.69360352,
  "Sevilla": 1617.40795898,
  "Levante": 1606.32897949,
  "Elche": 1600.93566895,
  "Real Oviedo": 1586.05126953,
  "Las Palmas": 1560.20751953,
  "Racing": 1554.84924316,
  "Almeria": 1554.25280762,
  "Eibar": 1552.2845459,
  "Castellon": 1538.22753906,
  "Malaga": 1536.5267334,
  "Depor": 1529.32763672,
  "Burgos": 1525.28222656,
  "Leganes": 1507.390625,
  "Granada": 1498.15563965,
  "Albacete": 1496.33325195,
  "FC Andorra": 1491.625,
  "Sporting": 1486.72253418,
  "Cordoba": 1469.25073242,
  "Ceuta": 1445.77368164,
  "Mirandes": 1437.99121094,
  "Sociedad B": 1435.23022461,
  "Valladolid": 1432.04370117,
  "Zaragoza": 1417.79150391,
  "Huesca": 1408.41088867,
  "Cadiz": 1403.07995605,
  "Leonesa": 1367.78137207
}