{
  "Arsenal": 2063.7578125,
  "Manchester City": 1970.85400391,
  "Aston Villa": 1920.97009277,
  "Manchester United": 1915.31604004,
  "Liverpool": 1910.7989502,
  "Bournemouth": 1871.97009277,
  "Brighton": 1842.01037598,
  "Newcastle": 1837.53112793,
  "Brentford": 1836.59033203,
  "Chelsea": 1831.10351562,
  "Forest": 1822.17028809,
  "Fulham": 1813.09558105,
  "Crystal Palace": 1803.82470703,
  "Everton": 1803.43066406,
  "Leeds": 1797.3885498,
  "Tottenham": 1777.30883789,
  "West Ham": 1768.80200195,
  "Sunderland": 1735.93017578,
  "Wolverhampton": 1679.69335938,
  "Burnley": 1666.33679199,
  "Coventry": 1661.4777832,
  "Ipswich": 1639.99816895,
  "Southampton": 1636.34643555,
  "Millwall": 1604.41845703,
  "Middlesbrough": 1588.94506836,
  "Norwich": 1560.36108398,
  "Sheffield United": 1546.58068848,
  "Derby": 1539.21325684,
  "Swansea": 1536.28552246,
  "Hull": 1532.88049316,
  "Wrexham": 1527.45922852,
  "Bristol City": 1507.68249512,
  "Birmingham": 1507.06591797,
  "West Brom": 1504.70581055,
  "Portsmouth": 1499.31555176,
  "Blackburn": 1493.27893066,
  "QPR": 1480.5098877,
  "Preston": 1478.86462402,
  "Bolton": 1468.6348877,
  "Cardiff": 1468.6348877,
  "Watford": 1458.16186523,
  "Charlton": 1452.98522949,
  "Stoke": 1452.73156738
}