{
  "Barcelona": 1981.92468262,
  "Real Madrid": 1960.14782715,
  "Atlético": 1869.68933105,
  "Villarreal": 1769.25183105,
  "Betis": 1756.59851074,
  "Celta": 1741.34643555,
  "Athletic": 1720.02062988,
  "Real Sociedad": 1703.09924316,
  "Osasuna": 1696.53808594,
  "Valencia": 1684.70129395,
  "Getafe": 1671.51464844,
  "Rayo Vallecano": 1668.83032227,
  "Girona": 1655.94445801,
  "Mallorca": 1633.14465332,
  "Espanyol": 1631.69372559,
  "Alaves": 1630.74804688,
  "Sevilla": 1624.47436523,
  "Levante": 1616.21875,
  "Elche": 1609.88037109,
  "Las Palmas": 1573.84777832,
  "Almeria": 1570.75280762,
  "Racing": 1567.19897461,
  "Real Oviedo": 1566.59802246,
  "Malaga": 1544.97314453,
  "Eibar": 1535.99853516,
  "Depor": 1530.81994629,
  "Leganes": 1528.4732666,
  "Burgos": 1527.4119873,
  "Granada": 1526.40441895,
  "Castellon": 1523.48034668,
  "Albacete": 1513.67504883,
  "Sporting": 1498.47875977,
  "Sociedad B": 1477.01025391,
  "Cordoba": 1463.57373047,
  "Cadiz": 1463.37414551,
  "FC Andorra": 1456.79455566,
  "Ceuta": 1455.6418457,
  "Valladolid": 1452.39587402,
  "Mirandes": 1443.59216309,
  "Huesca": 1435.48754883,
  "Zaragoza": 1428.38818359,
  "Leonesa": 1395.94812012
}