{
  "Arsenal": 2044.2142334,
  "Manchester City": 1966.48730469,
  "Liverpool": 1925.59228516,
  "Aston Villa": 1899.11425781,
  "Manchester United": 1881.35852051,
  "Brighton": 1852.33813477,
  "Chelsea": 1852.25500488,
  "Bournemouth": 1849.21350098,
  "Brentford": 1833.06665039,
  "Everton": 1829.22668457,
  "Newcastle": 1827.16125488,
  "Crystal Palace": 1810.97497559,
  "Forest": 1808.82104492,
  "Fulham": 1801.04760742,
  "Leeds": 1789.24951172,
  "West Ham": 1759.28198242,
  "Tottenham": 1750.35705566,
  "Sunderland": 1713.22875977,
  "Wolverhampton": 1684.17114258,
  "Burnley": 1666.23193359,
  "Coventry": 1633.43701172,
  "Southampton": 1628.88330078,
  "Ipswich": 1624.99487305,
  "Millwall": 1586.37231445,
  "Middlesbrough": 1572.59387207,
  "Norwich": 1558.75048828,
  "Sheffield United": 1558.48413086,
  "Derby": 1542.22521973,
  "Hull": 1528.88598633,
  "Wrexham": 1520.08740234,
  "Swansea": 1512.24304199,
  "QPR": 1498.00732422,
  "West Brom": 1497.00305176,
  "Bristol City": 1496.5123291,
  "Portsmouth": 1490.34875488,
  "Leicester": 1486.5078125,
  "Birmingham": 1486.43945312,
  "Watford": 1482.99377441,
  "Blackburn": 1481.62573242,
  "Stoke": 1477.41918945,
  "Preston": 1477.23815918,
  "Oxford": 1463.01843262,
  "Charlton": 1450.91638184,
  "Sheffield Weds": 1334.81994629
}