{
  "Inter": 1929.79260254,
  "Juventus": 1826.4420166,
  "Milan": 1822.3762207,
  "Roma": 1810.52856445,
  "Napoli": 1797.54016113,
  "Atalanta": 1787.69091797,
  "Como": 1736.58178711,
  "Lazio": 1717.43310547,
  "Bologna": 1711.93200684,
  "Fiorentina": 1647.40991211,
  "Genoa": 1631.53295898,
  "Torino": 1628.76989746,
  "Sassuolo": 1621.72827148,
  "Cagliari": 1621.46911621,
  "Udinese": 1620.62841797,
  "Venezia": 1593.19042969,
  "Parma": 1588.06079102,
  "Cremonese": 1560.20776367,
  "Lecce": 1547.74084473,
  "Monza": 1540.61279297,
  "Verona": 1535.7421875,
  "Frosinone": 1533.20080566,
  "Pisa": 1517.78308105,
  "Palermo": 1511.87097168,
  "Empoli": 1480.68994141,
  "Juve Stabia": 1457.21105957,
  "Catanzaro": 1456.92504883,
  "Modena": 1450.84277344,
  "Suedtirol": 1442.47497559,
  "Cesena": 1439.38696289,
  "Carrarese": 1422.41711426,
  "Spezia": 1421.72900391,
  "Sampdoria": 1408.84838867,
  "Bari": 1375.33972168,
  "Reggiana": 1370.67834473,
  "Padova": 1366.90734863,
  "Mantova": 1366.02197266,
  "Avellino": 1361.8684082,
  "Entella": 1356.64477539,
  "Pescara": 1327.97106934
}