{
  "PSG": 1959.97668457,
  "Lille": 1750.01171875,
  "Lens": 1742.29626465,
  "Marseille": 1729.38061523,
  "Monaco": 1726.86755371,
  "Lyon": 1722.71508789,
  "Strasbourg": 1705.79760742,
  "Rennais": 1701.21582031,
  "Brest": 1639.72937012,
  "Toulouse": 1625.85498047,
  "Lorient": 1620.95727539,
  "Paris FC": 1588.12561035,
  "Auxerre": 1578.19921875,
  "Nice": 1569.15710449,
  "Le Havre": 1555.90551758,
  "Angers": 1543.3729248,
  "Saint-Etienne": 1532.29150391,
  "Reims": 1529.56787109,
  "Nantes": 1516.76574707,
  "Troyes": 1500.90380859,
  "Metz": 1497.02624512,
  "Le Mans": 1469.48217773,
  "Montpellier": 1467.2434082,
  "Rodez": 1458.05065918,
  "Annecy": 1433.56506348,
  "Dunkerque": 1432.80603027,
  "Red Star": 1420.57055664,
  "Guingamp": 1416.50085449,
  "Pau": 1388.25,
  "Boulogne": 1382.24121094,
  "Grenoble": 1377.70874023,
  "Clermont": 1366.63745117,
  "Laval": 1358.17028809,
  "Bastia": 1355.28308105,
  "Nancy": 1332.37158203,
  "Amiens": 1310.99450684
}