{
  "Arsenal": 2061.98364258,
  "Manchester City": 1953.93127441,
  "Liverpool": 1948.87646484,
  "Aston Villa": 1920.9942627,
  "Chelsea": 1896.34716797,
  "Newcastle": 1884.41137695,
  "Manchester United": 1844.1784668,
  "Brighton": 1841.14562988,
  "Brentford": 1838.73706055,
  "Everton": 1814.36157227,
  "Tottenham": 1807.60974121,
  "Bournemouth": 1806.89758301,
  "Fulham": 1806.49987793,
  "Crystal Palace": 1794.8059082,
  "Forest": 1769.27941895,
  "Leeds": 1764.09155273,
  "West Ham": 1716.7791748,
  "Burnley": 1699.84411621,
  "Sunderland": 1695.03820801,
  "Wolverhampton": 1676.03259277,
  "Ipswich": 1638.85205078,
  "Coventry": 1621.90112305,
  "Middlesbrough": 1585.52258301,
  "Leicester": 1562.00964355,
  "Hull": 1558.32446289,
  "Sheffield United": 1551.99914551,
  "Millwall": 1542.89318848,
  "Southampton": 1533.28466797,
  "Bristol City": 1530.70605469,
  "Watford": 1525.26367188,
  "Stoke": 1518.7376709,
  "Preston": 1516.93566895,
  "Derby": 1516.84399414,
  "QPR": 1511.82531738,
  "Wrexham": 1506.72717285,
  "Swansea": 1504.25488281,
  "Norwich": 1499.99157715,
  "Birmingham": 1485.10864258,
  "Blackburn": 1475.22802734,
  "West Brom": 1470.44897461,
  "Portsmouth": 1466.18920898,
  "Charlton": 1453.21362305,
  "Oxford": 1442.98120117,
  "Sheffield Weds": 1369.14990234
}