{
  "Bayern Munich": 1954.95300293,
  "Borussia Dortmund": 1845.07702637,
  "Leverkusen": 1841.9486084,
  "Frankfurt": 1768.0333252,
  "RB Leipzig": 1744.59326172,
  "Stuttgart": 1728.52062988,
  "Mainz": 1702.41174316,
  "Freiburg": 1689.27636719,
  "Werder": 1675.86474609,
  "Wolfsburg": 1651.69995117,
  "Hoffenheim": 1633.48571777,
  "Union Berlin": 1627.34680176,
  "Gladbach": 1617.37963867,
  "Augsburg": 1610.46276855,
  "St Pauli": 1601.40100098,
  "Koeln": 1583.27270508,
  "Hamburg": 1562.61950684,
  "Heidenheim": 1551.54528809,
  "Elversberg": 1534.39648438,
  "Holstein": 1529.98974609,
  "Paderborn": 1524.56005859,
  "Karlsruhe": 1505.43859863,
  "Hannover": 1503.32226562,
  "Bochum": 1493.64367676,
  "Darmstadt": 1493.15808105,
  "Duesseldorf": 1489.42919922,
  "Lautern": 1474.91003418,
  "Hertha": 1468.22070312,
  "Schalke": 1448.40649414,
  "Muenster": 1423.90991211,
  "Magdeburg": 1413.52392578,
  "Nuernberg": 1409.46252441,
  "Fuerth": 1405.61352539,
  "Bielefeld": 1375.06982422,
  "Braunschweig": 1370.30554199,
  "Dresden": 1345.2845459
}