{
  "Barcelona": 1945.43078613,
  "Real Madrid": 1936.12768555,
  "Atlético": 1855.34985352,
  "Athletic": 1789.30957031,
  "Villarreal": 1785.54650879,
  "Betis": 1742.14367676,
  "Osasuna": 1697.22424316,
  "Celta": 1689.27087402,
  "Valencia": 1679.4161377,
  "Real Sociedad": 1667.32043457,
  "Rayo Vallecano": 1658.47619629,
  "Alaves": 1644.11950684,
  "Mallorca": 1641.24853516,
  "Sevilla": 1637.12231445,
  "Girona": 1637.03503418,
  "Espanyol": 1634.66210938,
  "Getafe": 1625.76000977,
  "Levante": 1610.27526855,
  "Leganes": 1599.0291748,
  "Real Oviedo": 1587.67199707,
  "Elche": 1584.90917969,
  "Las Palmas": 1563.5020752,
  "Mirandes": 1560.61950684,
  "Almeria": 1543.83959961,
  "Granada": 1530.59729004,
  "Eibar": 1525.10412598,
  "Santander": 1522.47363281,
  "Cadiz": 1520.49853516,
  "Huesca": 1501.46789551,
  "Albacete": 1496.50915527,
  "Gijon": 1487.59106445,
  "Burgos": 1473.21606445,
  "Valladolid": 1467.32800293,
  "Cordoba": 1467.14440918,
  "Castellon": 1461.74121094,
  "Depor": 1458.74182129,
  "Zaragoza": 1450.09301758,
  "Malaga": 1448.6973877,
  "Tenerife": 1428.20361328,
  "Eldense": 1419.25500488,
  "Ferrol": 1350.6854248,
  "Cartagena": 1332.4498291
}