{
  "Barcelona": 1951.85595703,
  "Real Madrid": 1929.46960449,
  "Atlético": 1856.07446289,
  "Villarreal": 1747.27111816,
  "Betis": 1740.87854004,
  "Celta": 1719.19433594,
  "Athletic": 1712.1862793,
  "Real Sociedad": 1686.42724609,
  "Osasuna": 1685.00439453,
  "Valencia": 1666.77197266,
  "Rayo Vallecano": 1659.6895752,
  "Getafe": 1649.73144531,
  "Espanyol": 1633.12719727,
  "Girona": 1631.96691895,
  "Sevilla": 1624.27502441,
  "Mallorca": 1618.89465332,
  "Alaves": 1602.70947266,
  "Elche": 1589.63977051,
  "Levante": 1589.57043457,
  "Racing": 1571.99414062,
  "Las Palmas": 1563.07409668,
  "Almeria": 1560.98535156,
  "Real Oviedo": 1550.27099609,
  "Castellon": 1527.23449707,
  "Eibar": 1515.1451416,
  "Leganes": 1513.25183105,
  "Malaga": 1508.57495117,
  "Depor": 1503.15368652,
  "Granada": 1502.00415039,
  "Burgos": 1499.26513672,
  "Sporting": 1475.26159668,
  "Cordoba": 1473.68078613,
  "Albacete": 1465.43530273,
  "Cadiz": 1463.39648438,
  "Sociedad B": 1461.1348877,
  "Ceuta": 1458.37780762,
  "FC Andorra": 1446.93701172,
  "Huesca": 1436.890625,
  "Valladolid": 1435.92736816,
  "Mirandes": 1421.78771973,
  "Zaragoza": 1403.17578125,
  "Leonesa": 1380.60302734
}