{
  "Inter": 1889.08374023,
  "Milan": 1804.56018066,
  "Napoli": 1802.32165527,
  "Atalanta": 1795.17614746,
  "Juventus": 1782.03088379,
  "Roma": 1756.89611816,
  "Como": 1753.77966309,
  "Lazio": 1708.36193848,
  "Bologna": 1695.52978516,
  "Fiorentina": 1659.83666992,
  "Sassuolo": 1630.97766113,
  "Udinese": 1628.87536621,
  "Torino": 1624.61462402,
  "Genoa": 1624.38989258,
  "Venezia": 1591.73010254,
  "Parma": 1584.77575684,
  "Cagliari": 1564.90319824,
  "Lecce": 1548.02111816,
  "Monza": 1543.00012207,
  "Frosinone": 1541.59741211,
  "Cremonese": 1530.90136719,
  "Palermo": 1513.23046875,
  "Verona": 1502.94775391,
  "Pisa": 1495.34985352,
  "Catanzaro": 1475.69482422,
  "Modena": 1442.73937988,
  "Empoli": 1430.32019043,
  "Juve Stabia": 1425.8762207,
  "Carrarese": 1419.65795898,
  "Suedtirol": 1415.93554688,
  "Sampdoria": 1395.01196289,
  "Cesena": 1389.74902344,
  "Spezia": 1383.21643066,
  "Mantova": 1383.00915527,
  "Pescara": 1366.55883789,
  "Bari": 1365.36853027,
  "Avellino": 1354.90869141,
  "Entella": 1346.8782959,
  "Padova": 1341.38671875,
  "Reggiana": 1320.74279785
}