{
  "Manchester City": 1957.57727051,
  "Inter": 1957.12768555,
  "PSG": 1950.23278809,
  "Real Madrid": 1938.56152344,
  "Bayern Munich": 1918.99780273,
  "Chelsea": 1892.46716309,
  "Atlético": 1857.78393555,
  "Borussia Dortmund": 1818.3503418,
  "Juventus": 1811.36987305,
  "Benfica": 1791.48046875,
  "Palmeiras": 1744.29056211795,
  "Botafogo": 1744.29056211795,
  "Flamengo": 1744.29056211795,
  "Fluminense": 1744.29056211795,
  "Boca Juniors": 1702.2023905953324,
  "River Plate": 1702.2023905953324,
  "Porto": 1678.19543457,
  "Seattle": 1660.1142190727146,
  "Inter Miami": 1639.070133311406,
  "Monterrey": 1639.070133311406,
  "Urawa Reds": 1618.026047550097,
  "Pachuca": 1618.026047550097,
  "León": 1575.9378760274794,
  "RB Salzburg": 1558.85534668,
  "Al-Ain": 1512.805618743553,
  "Al-Hilal": 1512.805618743553,
  "Ahly SC": 1491.7615329822443,
  "Ulsan HD": 1491.7615329822443,
  "Sundowns": 1449.6733614596267,
  "Wydad AC": 1428.6292756983178,
  "Esperance": 1386.5411041757002,
  "Auckland City": 965.6593889495239
}