{
  "Barcelona": 1972.53393555,
  "Real Madrid": 1925.98327637,
  "Atlético": 1862.00927734,
  "Villarreal": 1765.92822266,
  "Betis": 1751.22424316,
  "Celta": 1709.29345703,
  "Real Sociedad": 1702.07727051,
  "Athletic": 1697.30895996,
  "Osasuna": 1693.07397461,
  "Getafe": 1671.29284668,
  "Girona": 1669.52148438,
  "Rayo Vallecano": 1669.0760498,
  "Valencia": 1665.1607666,
  "Mallorca": 1656.72167969,
  "Espanyol": 1631.86413574,
  "Alaves": 1631.72668457,
  "Sevilla": 1626.44091797,
  "Levante": 1615.34387207,
  "Elche": 1609.96728516,
  "Real Oviedo": 1595.08435059,
  "Las Palmas": 1561.50671387,
  "Eibar": 1557.95446777,
  "Almeria": 1557.39172363,
  "Racing": 1553.71972656,
  "Malaga": 1551.45483398,
  "Burgos": 1543.25549316,
  "Castellon": 1538.32055664,
  "Depor": 1532.30297852,
  "Leganes": 1524.15771484,
  "Granada": 1518.93225098,
  "Albacete": 1493.62268066,
  "Sporting": 1487.75610352,
  "FC Andorra": 1487.09338379,
  "Cordoba": 1470.60473633,
  "Sociedad B": 1454.42480469,
  "Ceuta": 1453.39440918,
  "Mirandes": 1453.08227539,
  "Valladolid": 1446.06982422,
  "Cadiz": 1428.66589355,
  "Zaragoza": 1428.23693848,
  "Huesca": 1420.82519531,
  "Leonesa": 1384.49377441
}