{
  "Arsenal": 2052.12207031,
  "Bayern Munich": 2016.63793945,
  "Barcelona": 1972.03063965,
  "PSG": 1959.97692871,
  "Manchester City": 1955.78723145,
  "Real Madrid": 1930.23693848,
  "Liverpool": 1928.14770508,
  "Inter": 1894.91027832,
  "Aston Villa": 1890.09118652,
  "Manchester United": 1871.64477539,
  "Sporting": 1867.64794922,
  "Atlético": 1864.42785645,
  "Chelsea": 1859.72802734,
  "Brighton": 1853.21557617,
  "Borussia Dortmund": 1844.94543457,
  "Bournemouth": 1839.3380127,
  "Everton": 1834.99841309,
  "Newcastle": 1834.81066895,
  "Brentford": 1833.99328613,
  "Leverkusen": 1827.10864258,
  "Benfica": 1817.04602051,
  "Crystal Palace": 1811.45690918,
  "Porto": 1808.97497559,
  "Fulham": 1797.89294434,
  "Napoli": 1797.83764648,
  "Forest": 1791.76672363,
  "Juventus": 1791.6628418,
  "Atalanta": 1785.54418945,
  "Milan": 1781.1784668,
  "Leeds": 1779.34472656,
  "RB Leipzig": 1775.65478516,
  "Villarreal": 1766.88598633,
  "Stuttgart": 1766.1809082,
  "Roma": 1760.30700684,
  "West Ham": 1755.5793457,
  "Betis": 1752.18188477,
  "PSV": 1751.23132324,
  "Lille": 1750.01184082,
  "Como": 1747.95324707,
  "Tottenham": 1747.24145508,
  "Lens": 1742.29638672,
  "Saint-Gilloise": 1731.5970459,
  "Brugge": 1729.94714355,
  "Bodø/Glimt": 1729.52075195,
  "Marseille": 1729.3807373,
  "Monaco": 1726.86755371,
  "Freiburg": 1724.22180176,
  "Lyon": 1722.71533203,
  "Sunderland": 1715.48156738,
  "Celta": 1710.2512207,
  "Galatasaray": 1709.40979004,
  "Braga": 1707.36877441,
  "Strasbourg": 1705.79772949,
  "Hoffenheim": 1703.65063477,
  "Real Sociedad": 1703.03491211,
  "Mainz": 1702.83325195,
  "Rennais": 1701.21594238,
  "Bologna": 1700.69152832,
  "Lazio": 1700.28820801,
  "Athletic": 1698.26660156,
  "Osasuna": 1694.03161621,
  "Frankfurt": 1692.27539062,
  "Wolverhampton": 1691.85021973,
  "Midtjylland": 1675.82043457,
  "Burnley": 1672.53125,
  "Getafe": 1672.25061035,
  "Girona": 1670.47924805,
  "Rayo Vallecano": 1670.03381348,
  "Slavia Prag": 1669.66625977,
  "Fenerbahce": 1668.17712402,
  "Fiorentina": 1667.91052246,
  "Valencia": 1666.1184082,
  "Olympiacos": 1663.64172363,
  "Mallorca": 1657.67944336,
  "Zenit": 1657.19775391,
  "Udinese": 1652.25708008,
  "Brest": 1639.72949219,
  "Espanyol": 1632.82189941,
  "Alaves": 1632.68444824,
  "FC Krasnodar": 1632.22900391,
  "Genoa": 1631.36132812,
  "Torino": 1628.68908691,
  "Sevilla": 1627.39868164,
  "Toulouse": 1625.85510254,
  "Gladbach": 1624.64196777,
  "Sassuolo": 1624.00622559,
  "AEK": 1623.59326172,
  "Augsburg": 1622.04638672,
  "Werder": 1621.17370605,
  "Lorient": 1620.95751953,
  "Levante": 1616.30151367,
  "Elche": 1610.92504883,
  "Union Berlin": 1607.54675293,
  "PAOK": 1600.47265625,
  "Viking": 1598.37988281,
  "Real Oviedo": 1596.04211426,
  "Hamburg": 1593.70666504,
  "Feyenoord": 1592.03149414,
  "Koeln": 1591.51367188,
  "Parma": 1589.25976562,
  "Paris FC": 1588.12561035,
  "Aarhus": 1587.38146973,
  "Crvena Zvezda": 1586.5411377,
  "Ajax": 1585.13244629,
  "Genk": 1584.94726562,
  "Shakhtar": 1584.92102051,
  "Wolfsburg": 1580.28735352,
  "Auxerre": 1578.19921875,
  "Dinamo Zagreb": 1573.92907715,
  "Cagliari": 1570.9140625,
  "St Pauli": 1570.81530762,
  "Famalicao": 1569.43859863,
  "Nice": 1569.15722656,
  "Twente": 1569.05126953,
  "Panathinaikos": 1563.7689209,
  "Viktoria Plzen": 1562.37158203,
  "Pafos": 1561.03283691,
  "Trabzonspor": 1560.3704834,
  "Copenhagen": 1557.01647949,
  "Le Havre": 1555.90563965,
  "Sparta Praha": 1555.55651855,
  "Lok Moskva": 1555.28356934,
  "CSKA Moskva": 1554.62353516,
  "Qarabag FK": 1554.37609863,
  "Rangers": 1552.81884766,
  "Alkmaar": 1551.38781738,
  "Spartak Moskva": 1550.99316406,
  "Celtic": 1547.65600586,
  "Angers": 1543.37304688,
  "Lecce": 1542.859375,
  "Nijmegen": 1541.38378906,
  "Nordsjaelland": 1540.51135254,
  "Dynamo Moskva": 1538.5255127,
  "Heidenheim": 1535.31213379,
  "Besiktas": 1535.2244873,
  "Anderlecht": 1534.46105957,
  "Guimaraes": 1531.98803711,
  "Mjaellby": 1531.88842773,
  "Gil Vicente": 1530.72070312,
  "Brondby": 1530.17321777,
  "St Truiden": 1527.16125488,
  "Utrecht": 1526.66711426,
  "Cremonese": 1524.890625,
  "Hammarby": 1522.13037109,
  "Brann": 1521.97753906,
  "Ferencvaros": 1517.87719727,
  "Nantes": 1516.76586914,
  "Lech": 1507.81481934,
  "Westerlo": 1507.38000488,
  "Viborg": 1507.05065918,
  "Tromso": 1506.88110352,
  "Estoril": 1504.98547363,
  "Mechelen": 1504.02893066,
  "Gent": 1501.43505859,
  "Rakow": 1500.26745605,
  "Bueyueksehir": 1499.14978027,
  "Verona": 1498.87341309,
  "Metz": 1497.02636719,
  "Larnaca": 1494.35534668,
  "Pisa": 1491.93896484,
  "Djurgarden": 1489.67224121,
  "Moreirense": 1487.36474609,
  "RB Salzburg": 1485.87390137,
  "Baltika": 1484.52709961,
  "Arouca": 1483.56628418,
  "Antwerp": 1481.38757324,
  "Sturm Graz": 1481.16455078,
  "SonderjyskE": 1478.38317871,
  "Aris Limassol": 1478.18310547,
  "Charleroi": 1474.46313477,
  "Standard": 1474.21459961,
  "Heerenveen": 1470.50646973,
  "Craiova": 1468.96179199,
  "Jagiellonia": 1466.0111084,
  "Thun": 1464.59472656,
  "Rio Ave": 1464.47180176,
  "Randers": 1463.93103027,
  "Beer-Sheva": 1461.97473145,
  "StGallen": 1461.39147949,
  "Basel": 1460.3079834,
  "Santa Clara": 1459.84094238,
  "Hearts": 1458.99316406,
  "Cercle Brugge": 1457.72412109,
  "Omonia": 1456.90478516,
  "Razgrad": 1456.18762207,
  "Jablonec": 1453.4251709,
  "Molde": 1452.12695312,
  "Rubin Kazan": 1449.72570801,
  "Go Ahead Eagles": 1449.34472656,
  "Goeztepe": 1448.67370605,
  "Sparta Rotterdam": 1448.23486328,
  "Alverca": 1447.87756348,
  "Leuven": 1443.76147461,
  "Young Boys": 1442.58898926,
  "Groningen": 1441.89099121,
  "Legia": 1441.56274414,
  "Dynamo Kyiv": 1440.63098145,
  "Celje": 1438.01208496,
  "Hajduk": 1437.89404297,
  "Slovan Liberec": 1437.30383301,
  "Casa Pia": 1435.17053223,
  "Gyoer": 1434.87609863,
  "CFR Cluj": 1434.60058594,
  "Universitatea Cluj": 1434.51635742,
  "Gornik": 1433.55895996,
  "Lugano": 1433.07189941,
  "Fredrikstad": 1432.41552734,
  "Levski": 1430.70959473,
  "Nacional": 1428.00439453,
  "Malmoe": 1426.48278809,
  "M Tel Aviv": 1424.82678223,
  "Rostov": 1424.74597168,
  "LASK": 1424.33068848,
  "Rosenborg": 1423.62939453,
  "Odense": 1421.31628418,
  "Silkeborg": 1421.2520752,
  "Sandefjord": 1419.82910156,
  "Steaua": 1419.08129883,
  "Sarpsborg": 1418.76696777,
  "Alanyaspor": 1418.26208496,
  "Pogon": 1417.86901855,
  "Samsunspor": 1416.95629883,
  "Rizespor": 1416.36303711,
  "Piast Gliwice": 1416.0748291,
  "Hradec Kralove": 1415.91333008,
  "Katowice": 1415.18676758,
  "Austria Wien": 1415.02905273,
  "Lechia": 1413.16589355,
  "Servette": 1410.98413086,
  "Estrela Amadora": 1410.93591309,
  "Lubin": 1410.31665039,
  "Sion": 1408.72558594,
  "Rijeka": 1407.01269531,
  "Terek Grozny": 1406.51818848,
  "Cracovia": 1406.24853516,
  "Levadeiakos": 1405.63952637,
  "Zwolle": 1402.82287598,
  "GAIS": 1400.6340332,
  "Hibernian": 1400.40454102,
  "Valerenga": 1399.4675293,
  "Konyaspor": 1398.50976562,
  "AIK": 1398.11816406,
  "Korona": 1398.10546875,
  "IK Sirius": 1398.06188965,
  "Aris": 1397.16943359,
  "Motor Lublin": 1394.3560791,
  "Radomiak": 1393.06225586,
  "Sittard": 1391.87658691,
  "Luzern": 1389.74816895,
  "Zulte Waregem": 1389.60522461,
  "Goeteborg": 1387.78723145,
  "Beitar": 1387.76171875,
  "Ham-Kam": 1387.66638184,
  "Elfsborg": 1386.83862305,
  "Tondela": 1386.11853027,
  "Polissya Zhytomyr": 1386.08251953,
  "Rapid Bucuresti": 1383.67993164,
  "Maccabi Haifa": 1381.90673828,
  "Rapid Wien": 1381.59008789,
  "Kasimpasa": 1379.85742188,
  "Paksi": 1379.52209473,
  "Motherwell": 1379.07324219,
  "Gaziantep FK": 1377.18505859,
  "Sigma Olomouc": 1376.88085938,
  "RAAL": 1376.27575684,
  "Lausanne": 1375.88623047,
  "Banik Ostrava": 1375.13269043,
  "Fredericia": 1373.53344727,
  "Hartberg": 1369.33312988,
  "KFUM Oslo": 1368.33569336,
  "Zalaegerszegi": 1367.81494141,
  "Widzew": 1367.45471191,
  "Mlada Boleslav": 1367.0201416,