{
  "Arsenal": 2038.40356445,
  "Manchester City": 1997.45166016,
  "Bayern Munich": 1992.88439941,
  "Liverpool": 1979.05993652,
  "PSG": 1967.81750488,
  "Real Madrid": 1946.42468262,
  "Barcelona": 1933.01403809,
  "Inter": 1932.87902832,
  "Chelsea": 1906.93029785,
  "Aston Villa": 1886.14953613,
  "Atlético": 1872.92443848,
  "Newcastle": 1866.84362793,
  "Crystal Palace": 1857.00512695,
  "Leverkusen": 1851.78125,
  "Borussia Dortmund": 1851.57006836,
  "Brighton": 1846.7109375,
  "Bournemouth": 1834.4354248,
  "Manchester United": 1834.21862793,
  "Tottenham": 1830.28137207,
  "Brentford": 1829.35388184,
  "Napoli": 1808.49719238,
  "Roma": 1805.46386719,
  "Everton": 1803.57629395,
  "Sporting": 1798.91296387,
  "Milan": 1797.33996582,
  "Villarreal": 1792.23205566,
  "PSV": 1791.48779297,
  "Juventus": 1783.88879395,
  "Atalanta": 1782.88757324,
  "Fulham": 1778.92578125,
  "RB Leipzig": 1767.06628418,
  "Benfica": 1766.74694824,
  "Forest": 1764.1328125,
  "Frankfurt": 1761.95922852,
  "Betis": 1761.86950684,
  "Bologna": 1756.13366699,
  "Marseille": 1755.2520752,
  "Lazio": 1750.2833252,
  "Brugge": 1743.33813477,
  "Porto": 1742.41601562,
  "Lille": 1740.80651855,
  "West Ham": 1738.09814453,
  "Stuttgart": 1737.49133301,
  "Galatasaray": 1736.36608887,
  "Athletic": 1731.51806641,
  "Burnley": 1728.8380127,
  "Lyon": 1726.72692871,
  "Saint-Gilloise": 1725.67602539,
  "Lens": 1724.9744873,
  "Leeds": 1721.37854004,
  "Monaco": 1716.42993164,
  "Freiburg": 1716.00488281,
  "Strasbourg": 1711.31921387,
  "Fenerbahce": 1701.22497559,
  "Werder": 1698.31005859,
  "Celta": 1694.88928223,
  "Fiorentina": 1688.64208984,
  "Feyenoord": 1684.14355469,
  "Mainz": 1682.75939941,
  "Wolverhampton": 1682.49267578,
  "Como": 1681.47827148,
  "Olympiacos": 1681.08996582,
  "Torino": 1680.03735352,
  "Rayo Vallecano": 1676.07653809,
  "Hoffenheim": 1674.75024414,
  "Midtjylland": 1673.99072266,
  "Slavia Prag": 1672.17858887,
  "Osasuna": 1667.50793457,
  "Real Sociedad": 1659.99377441,
  "Rennais": 1659.93334961,
  "Valencia": 1657.36987305,
  "Sevilla": 1651.71813965,
  "Nice": 1650.47290039,
  "Braga": 1650.28527832,
  "Sunderland": 1650.20410156,
  "Espanyol": 1649.84436035,
  "Toulouse": 1647.45617676,
  "Alaves": 1643.41894531,
  "Union Berlin": 1642.97192383,
  "Getafe": 1642.52661133,
  "Bodø/Glimt": 1640.49487305,
  "Zenit": 1640.33081055,
  "Mallorca": 1639.3972168,
  "Gladbach": 1638.82617188,
  "Brest": 1633.45214844,
  "FC Krasnodar": 1631.63244629,
  "Wolfsburg": 1628.61865234,
  "Sassuolo": 1624.23730469,
  "Genk": 1621.68078613,
  "Udinese": 1618.09375,
  "Copenhagen": 1614.98999023,
  "Genoa": 1613.65466309,
  "CSKA Moskva": 1609.09484863,
  "Augsburg": 1609.09350586,
  "Elche": 1607.85534668,
  "PAOK": 1606.35119629,
  "Alkmaar": 1605.35791016,
  "Levante": 1601.07067871,
  "Koeln": 1600.66711426,
  "Girona": 1598.30737305,
  "Viktoria Plzen": 1594.96679688,
  "Ajax": 1594.15258789,
  "Cagliari": 1591.34851074,
  "Celtic": 1583.46081543,
  "Sparta Praha": 1582.69018555,
  "Parma": 1582.32897949,
  "Crvena Zvezda": 1582.09741211,
  "Anderlecht": 1579.28027344,
  "Brondby": 1577.36108398,
  "Hamburg": 1575.42089844,
  "Lecce": 1573.53369141,
  "Qarabag": 1571.18359375,
  "Lorient": 1569.05651855,
  "Viking": 1568.27929688,
  "Cremonese": 1567.13500977,
  "Auxerre": 1566.30175781,
  "St Pauli": 1564.15393066,
  "Verona": 1564.08959961,
  "Le Havre": 1560.74316406,
  "Real Oviedo": 1560.58984375,
  "Nantes": 1558.7088623,
  "Metz": 1556.43139648,
  "Brann": 1555.77282715,
  "Mjaellby": 1554.72216797,
  "Spartak Moskva": 1554.22668457,
  "Shakhtar": 1553.42248535,
  "Heidenheim": 1551.13061523,
  "Pafos": 1550.25415039,
  "Utrecht": 1548.38378906,
  "AEK": 1547.48681641,
  "Paris FC": 1546.58691406,
  "Lok Moskva": 1545.93579102,
  "Angers": 1545.92834473,
  "Aarhus": 1545.51721191,
  "Panathinaikos": 1545.4552002,
  "Pisa": 1543.11962891,
  "Famalicao": 1541.09960938,
  "Guimaraes": 1539.57067871,
  "Rakow": 1534.89855957,
  "Twente": 1534.66394043,
  "Basel": 1533.18322754,
  "Ferencvaros": 1530.50805664,
  "Dynamo Moskva": 1528.63293457,
  "Dinamo Zagreb": 1528.07141113,
  "RB Salzburg": 1526.29919434,
  "Trabzonspor": 1518.59863281,
  "Rangers": 1516.57971191,
  "Sturm Graz": 1514.21289062,
  "Hammarby": 1512.55615234,
  "Jagiellonia": 1508.12097168,
  "Besiktas": 1506.59423828,
  "Gil Vicente": 1503.47949219,
  "M Tel Aviv": 1503.11096191,
  "Antwerp": 1500.73132324,
  "Larnaca": 1499.9041748,
  "Jablonec": 1497.48925781,
  "Samsunspor": 1497.39135742,
  "Nijmegen": 1495.27966309,
  "Mechelen": 1495.01501465,
  "Beer-Sheva": 1494.78015137,
  "Charleroi": 1493.4407959,
  "Lech": 1491.4519043,
  "Young Boys": 1490.14013672,
  "Nordsjaelland": 1489.86743164,
  "Djurgarden": 1489.4786377,
  "Gent": 1488.32080078,
  "Celje": 1486.66821289,
  "Moreirense": 1485.04162598,
  "St Truiden": 1481.66943359,
  "Aris Limassol": 1481.47399902,
  "Go Ahead Eagles": 1479.92260742,
  "Omonia": 1479.67150879,
  "Gornik": 1477.88586426,
  "Legia": 1472.70336914,
  "Estoril": 1470.01342773,
  "Randers": 1467.1217041,
  "Sparta Rotterdam": 1461.03417969,
  "Goeztepe": 1460.40124512,
  "Wolfsberg": 1460.33117676,
  "Bueyueksehir": 1459.65600586,
  "Silkeborg": 1459.42016602,
  "Dynamo Kyiv": 1456.26513672,
  "Tromso": 1455.87927246,
  "Rubin Kazan": 1453.67578125,
  "Westerlo": 1453.55444336,
  "Santa Clara": 1453.00134277,
  "Craiova": 1451.50048828,
  "Viborg": 1451.05395508,
  "Hearts": 1450.59130859,
  "Malmoe": 1449.20349121,
  "Lausanne": 1447.92871094,
  "Cracovia": 1446.67663574,
  "Rio Ave": 1446.5625,
  "Pogon": 1444.65649414,
  "Arouca": 1440.85144043,
  "Steaua": 1439.84814453,
  "Razgrad": 1437.90124512,
  "Standard": 1437.68640137,
  "Alanyaspor": 1435.47888184,
  "Leuven": 1434.51599121,
  "Baltika": 1433.69970703,
  "Cercle Brugge": 1432.84936523,
  "Rosenborg": 1431.88366699,
  "Slovan Liberec": 1431.02441406,
  "StGallen": 1430.98510742,
  "Casa Pia": 1430.765625,
  "Hradec Kralove": 1430.26550293,
  "Molde": 1429.80102539,
  "Rostov": 1428.76635742,
  "Levski": 1427.74243164,
  "GAIS": 1426.48266602,
  "Banik Ostrava": 1424.27941895,
  "AIK": 1423.46618652,
  "Heerenveen": 1420.86096191,
  "Sigma Olomouc": 1419.86877441,
  "Servette": 1419.2512207,
  "Groningen": 1418.01245117,
  "Rapid Bucuresti": 1416.16003418,
  "Korona": 1415.45495605,
  "SonderjyskE": 1415.45361328,
  "Aris": 1414.19274902,
  "Austria Wien": 1413.11938477,
  "Nacional": 1412.43811035,
  "Rapid Wien": 1412.17993164,
  "Luzern": 1411.69030762,
  "Zwolle": 1411.00341797,
  "Fredrikstad": 1410.8293457,
  "Sittard": 1410.34570312,
  "Hajduk": 1410.29711914,
  "Hibernian": 1407.95202637,
  "Gaziantep FK": 1407.30493164,
  "Paksi": 1404.68798828,
  "Goeteborg": 1404.49902344,
  "Rizespor": 1404.08666992,
  "Kasimpasa": 1402.61743164,
  "Maccabi Haifa": 1402.42016602,
  "LASK": 1398.63562012,
  "Kryliya Sovetov": 1398.45568848,
  "Haecken": 1398.19750977,
  "Elfsborg": 1395.41906738,
  "IK Sirius": 1395.30407715,
  "Puskas Akademia": 1391.04699707,
  "Konyaspor": 1389.92492676,
  "Partizan": 1389.61279297,
  "Radomiak": 1388.96838379,
  "Zulte Waregem": 1388.60327148,
  "Katowice": 1387.89794922,
  "Levadeiakos": 1387.78979492,
  "Sandefjord": 1386.76757812,
  "Terek Grozny": 1385.68798828,
  "Lugano": 1384.85180664,
  "Sarpsborg": 1384.09765625,
  "Lubin": 1382.77404785,
  "Plock": 1382.19726562,
  "Piast Gliwice": 1381.17041016,
  "Alverca": 1380.93408203,
  "Estrela Amadora": 1379.79223633,
  "Valerenga": 1377.625,
  "Gyoer": 1377.5390625,
  "Odense": 1377.11584473,
  "Ham-Kam": 1375.23425293,
  "Rijeka": 1374.89196777,
  "Maribor": 1373.42993164,
  "Thun": 1373.03149414,
  "Kayseri": 1372.32263184,
  "Heracles": 1370.72729492,
  "Hartberg": 1368.9864502,
  "KFUM Oslo": 1367.38415527,
  "RAAL": 1365.73962402,
  "Karvina": 1365.6640625,
  "Zuerich": 1364.16015625,
  "Kocaelispor": 1364.01086426,
  "Sion": 1360.13439941,
  "Widzew": 1358.63366699,