{
  "PSG": 1947.82507324,
  "Lens": 1750.80688477,
  "Marseille": 1743.02148438,
  "Monaco": 1731.37548828,
  "Lyon": 1729.52087402,
  "Lille": 1713.19165039,
  "Strasbourg": 1705.00073242,
  "Rennais": 1696.32067871,
  "Brest": 1664.75671387,
  "Lorient": 1638.0567627,
  "Toulouse": 1635.4921875,
  "Nice": 1580.59741211,
  "Auxerre": 1565.03564453,
  "Le Havre": 1562.25463867,
  "Paris FC": 1558.94592285,
  "Angers": 1549.57666016,
  "Reims": 1529.38659668,
  "Saint-Etienne": 1522.91809082,
  "Nantes": 1517.78881836,
  "Metz": 1495.76818848,
  "Troyes": 1488.94812012,
  "Montpellier": 1468.67980957,
  "Rodez": 1461.85449219,
  "Le Mans": 1455.1105957,
  "Dunkerque": 1450.89611816,
  "Annecy": 1437.36901855,
  "Guingamp": 1436.22351074,
  "Red Star": 1410.00817871,
  "Pau": 1390.6940918,
  "Grenoble": 1385.44116211,
  "Boulogne": 1379.09020996,
  "Clermont": 1376.59692383,
  "Bastia": 1360.21716309,
  "Laval": 1343.84143066,
  "Nancy": 1323.34326172,
  "Amiens": 1322.24255371
}