{
  "Barcelona": 1970.57824707,
  "Real Madrid": 1916.27770996,
  "Atlético": 1843.79187012,
  "Villarreal": 1759.60351562,
  "Betis": 1735.55053711,
  "Athletic": 1692.19311523,
  "Celta": 1684.96972656,
  "Real Sociedad": 1684.64758301,
  "Osasuna": 1683.35424805,
  "Getafe": 1669.56396484,
  "Rayo Vallecano": 1666.6673584,
  "Valencia": 1665.01806641,
  "Girona": 1646.96960449,
  "Mallorca": 1639.88183594,
  "Alaves": 1629.01574707,
  "Elche": 1623.98364258,
  "Levante": 1618.48925781,
  "Espanyol": 1616.12109375,
  "Sevilla": 1604.9564209,
  "Real Oviedo": 1580.05773926,
  "Eibar": 1568.47705078,
  "Las Palmas": 1567.30859375,
  "Almeria": 1567.27087402,
  "Racing": 1554.90380859,
  "Castellon": 1548.94592285,
  "Depor": 1532.35974121,
  "Malaga": 1527.68334961,
  "Burgos": 1524.12512207,
  "Leganes": 1508.328125,
  "FC Andorra": 1492.5625,
  "Granada": 1487.01257324,
  "Albacete": 1482.015625,
  "Sporting": 1481.23254395,
  "Cordoba": 1476.61584473,
  "Ceuta": 1447.59399414,
  "Mirandes": 1443.36340332,
  "Valladolid": 1439.14575195,
  "Sociedad B": 1430.00317383,
  "Huesca": 1415.71826172,
  "Zaragoza": 1412.35913086,
  "Cadiz": 1397.85375977,
  "Leonesa": 1364.28417969
}