{
  "PSG": 1974.93774414,
  "Manchester City": 1959.94421387,
  "Real Madrid": 1936.12731934,
  "Inter": 1933.2421875,
  "Bayern Munich": 1918.9979248,
  "Chelsea": 1902.80126953,
  "Atlético": 1855.34960938,
  "Borussia Dortmund": 1818.3503418,
  "Juventus": 1805.84667969,
  "Benfica": 1791.48046875,
  "Palmeiras": 1751.7515694602025,
  "Flamengo": 1745.2216017509522,
  "Botafogo": 1720.4617622180456,
  "Fluminense": 1709.7717908181344,
  "River Plate": 1695.2136297344841,
  "Porto": 1678.19543457,
  "Boca Juniors": 1669.790718317794,
  "Monterrey": 1613.9732975632262,
  "Pachuca": 1592.8741520899198,
  "Los Ángeles FC": 1586.8143704241174,
  "Seattle": 1575.9827815254353,
  "RB Salzburg": 1558.85534668,
  "Inter Miami": 1556.5125365213335,
  "Al-Hilal": 1555.1270641318592,
  "Urawa Reds": 1553.2067789859343,
  "Ahly SC": 1544.6951305954822,
  "Sundowns": 1495.0544525948203,
  "Ulsan HD": 1478.312589843767,
  "Al-Ain": 1477.1523492279816,
  "Esperance": 1448.9894981544962,
  "Wydad AC": 1441.7145404422572,
  "Auckland City": 1128.5831173941124
}