{
  "Liverpool": 2015.11755371,
  "Arsenal": 2006.3215332,
  "Manchester City": 1947.48962402,
  "Chelsea": 1915.26306152,
  "Newcastle": 1867.49780273,
  "Crystal Palace": 1848.81408691,
  "Aston Villa": 1847.85534668,
  "Bournemouth": 1827.1661377,
  "Brighton": 1818.61328125,
  "Tottenham": 1811.77648926,
  "Everton": 1805.91906738,
  "Brentford": 1801.20239258,
  "Manchester United": 1796.9732666,
  "Forest": 1792.11901855,
  "Fulham": 1785.67749023,
  "West Ham": 1728.18762207,
  "Leeds": 1725.92028809,
  "Burnley": 1718.93005371,
  "Wolverhampton": 1714.15014648,
  "Leicester": 1619.58129883,
  "Ipswich": 1589.31201172,
  "Sunderland": 1585.45593262,
  "Middlesbrough": 1570.24902344,
  "Coventry": 1563.3848877,
  "Bristol City": 1560.62817383,
  "Sheffield United": 1560.2791748,
  "Southampton": 1548.7097168,
  "West Brom": 1545.84106445,
  "Swansea": 1524.26928711,
  "Norwich": 1517.04943848,
  "Millwall": 1513.03417969,
  "Stoke": 1512.07495117,
  "Blackburn": 1509.03039551,
  "Portsmouth": 1494.48339844,
  "QPR": 1492.38574219,
  "Preston": 1487.48730469,
  "Hull": 1481.30505371,
  "Watford": 1468.30114746,
  "Derby": 1467.81384277,
  "Oxford": 1446.8671875,
  "Sheffield Weds": 1446.78381348,
  "Birmingham": 1436.65881348,
  "Charlton": 1425.30090332,
  "Wrexham": 1421.01428223
}