{
  "Arsenal": 2060.09692383,
  "Manchester City": 1979.5435791,
  "Bayern Munich": 1979.2109375,
  "Liverpool": 1952.64709473,
  "Inter": 1939.71569824,
  "Barcelona": 1938.57006836,
  "PSG": 1937.88171387,
  "Aston Villa": 1933.72741699,
  "Chelsea": 1925.30371094,
  "Real Madrid": 1915.88037109,
  "Manchester United": 1878.12084961,
  "Newcastle": 1874.52978516,
  "Brentford": 1857.94604492,
  "Sporting": 1851.04614258,
  "Borussia Dortmund": 1845.14379883,
  "Bournemouth": 1844.31835938,
  "Milan": 1835.75061035,
  "Brighton": 1825.0078125,
  "Everton": 1822.35644531,
  "Benfica": 1819.05419922,
  "Juventus": 1817.98828125,
  "Leverkusen": 1815.54077148,
  "Tottenham": 1811.74987793,
  "Atlético": 1809.41723633,
  "Roma": 1804.35327148,
  "Fulham": 1802.05895996,
  "Napoli": 1801.4552002,
  "Atalanta": 1800.62683105,
  "Crystal Palace": 1793.43359375,
  "Leeds": 1785.33105469,
  "Forest": 1780.41491699,
  "Porto": 1779.43896484,
  "Lyon": 1772.81164551,
  "PSV": 1769.61767578,
  "Lens": 1766.22521973,
  "Betis": 1753.6282959,
  "Stuttgart": 1751.78381348,
  "West Ham": 1746.12316895,
  "RB Leipzig": 1737.05493164,
  "Marseille": 1735.6550293,
  "Hoffenheim": 1732.53857422,
  "Brugge": 1729.50109863,
  "Villarreal": 1725.25292969,
  "Como": 1725.11437988,
  "Saint-Gilloise": 1718.9041748,
  "Galatasaray": 1716.34484863,
  "Lazio": 1711.1229248,
  "Sunderland": 1702.13769531,
  "Olympiacos": 1700.19519043,
  "Lille": 1697.66870117,
  "Burnley": 1697.41235352,
  "Athletic": 1696.77185059,
  "Bologna": 1696.58728027,
  "Strasbourg": 1696.34008789,
  "Fenerbahce": 1695.96142578,
  "Bodø/Glimt": 1694.00708008,
  "Braga": 1688.58581543,
  "Freiburg": 1688.43579102,
  "Midtjylland": 1688.14355469,
  "Celta": 1687.44396973,
  "Monaco": 1685.64599609,
  "Frankfurt": 1676.49987793,
  "Wolverhampton": 1673.60400391,
  "Rennais": 1673.29626465,
  "Real Sociedad": 1670.95007324,
  "Osasuna": 1668.02746582,
  "Zenit": 1662.57800293,
  "Fiorentina": 1657.05419922,
  "Mainz": 1656.66442871,
  "Slavia Prag": 1654.56494141,
  "Brest": 1645.77734375,
  "Toulouse": 1643.69689941,
  "Valencia": 1642.7298584,
  "FC Krasnodar": 1639.16955566,
  "AEK": 1634.35302734,
  "PAOK": 1632.00891113,
  "Rayo Vallecano": 1627.03601074,
  "Genoa": 1625.66247559,
  "Sassuolo": 1625.45690918,
  "Espanyol": 1624.93652344,
  "Lorient": 1624.29418945,
  "Torino": 1622.91479492,
  "Werder": 1617.63000488,
  "Cagliari": 1616.90344238,
  "Getafe": 1615.03393555,
  "Union Berlin": 1614.83300781,
  "Mallorca": 1614.56274414,
  "Udinese": 1613.94372559,
  "Gladbach": 1612.89599609,
  "Augsburg": 1610.24523926,
  "Wolfsburg": 1608.92504883,
  "Girona": 1608.30761719,
  "Genk": 1608.265625,
  "Parma": 1605.57446289,
  "Feyenoord": 1605.31677246,
  "Alaves": 1602.03845215,
  "Ajax": 1596.5390625,
  "Copenhagen": 1595.61352539,
  "CSKA Moskva": 1595.08752441,
  "Sevilla": 1593.7220459,
  "Hamburg": 1591.92211914,
  "Viking": 1591.15405273,
  "Viktoria Plzen": 1587.04760742,
  "Nice": 1585.84399414,
  "Elche": 1581.90515137,
  "Crvena Zvezda": 1581.55395508,
  "Sparta Praha": 1580.63549805,
  "Lok Moskva": 1576.38354492,
  "Le Havre": 1575.84570312,
  "Aarhus": 1574.90637207,
  "Celtic": 1571.94091797,
  "Pafos": 1571.88012695,
  "Levante": 1571.65161133,
  "Auxerre": 1571.21313477,
  "Koeln": 1570.40759277,
  "Angers": 1562.78222656,
  "Cremonese": 1558.48388672,
  "Qarabag FK": 1558.25183105,
  "Panathinaikos": 1557.56958008,
  "Lecce": 1557.09606934,
  "Gil Vicente": 1553.52636719,
  "St Pauli": 1551.05700684,
  "Spartak Moskva": 1550.35656738,
  "Brondby": 1549.78967285,
  "Rangers": 1548.19543457,
  "Guimaraes": 1548.07556152,
  "St Truiden": 1546.64086914,
  "Mjaellby": 1546.16772461,
  "Shakhtar": 1544.38671875,
  "Famalicao": 1538.6619873,
  "Real Oviedo": 1536.42565918,
  "Dinamo Zagreb": 1534.54467773,
  "Rakow": 1534.20715332,
  "Paris FC": 1532.43908691,
  "Twente": 1532.11193848,
  "Estoril": 1531.66845703,
  "Anderlecht": 1530.45727539,
  "Alkmaar": 1529.72521973,
  "Brann": 1528.71325684,
  "Verona": 1528.46813965,
  "Trabzonspor": 1524.43505859,
  "Jagiellonia": 1521.93554688,
  "Charleroi": 1521.52685547,
  "Nijmegen": 1520.08300781,
  "Ferencvaros": 1517.60571289,
  "Pisa": 1517.11767578,
  "Nantes": 1515.02270508,
  "Nordsjaelland": 1512.2677002,
  "Gent": 1511.14172363,
  "Heidenheim": 1510.71374512,
  "Metz": 1509.43713379,
  "Antwerp": 1509.0057373,
  "Besiktas": 1508.18225098,
  "Hammarby": 1507.85095215,
  "Larnaca": 1507.01647949,
  "Mechelen": 1505.83361816,
  "Dynamo Moskva": 1504.17382812,
  "RB Salzburg": 1497.07189941,
  "Moreirense": 1494.90197754,
  "Viborg": 1491.94042969,
  "Omonia": 1491.3059082,
  "Utrecht": 1489.80383301,
  "Lech": 1489.24890137,
  "Aris Limassol": 1489.03039551,
  "Jablonec": 1487.4473877,
  "Bueyueksehir": 1483.07629395,
  "Djurgarden": 1482.56896973,
  "Basel": 1480.9329834,
  "Baltika": 1477.88574219,
  "Westerlo": 1476.24951172,
  "Beer-Sheva": 1471.55358887,
  "Tromso": 1471.07250977,
  "Goeztepe": 1468.48596191,
  "Sparta Rotterdam": 1466.38000488,
  "Razgrad": 1465.74206543,
  "Randers": 1465.73742676,
  "Hearts": 1464.1184082,
  "SonderjyskE": 1462.34570312,
  "Arouca": 1462.01123047,
  "Sturm Graz": 1461.52270508,
  "Cercle Brugge": 1456.19604492,
  "Slovan Liberec": 1456.0324707,
  "Molde": 1454.99938965,
  "Craiova": 1454.19238281,
  "Casa Pia": 1452.0534668,
  "Leuven": 1451.14379883,
  "Standard": 1447.21313477,
  "Rosenborg": 1446.8770752,
  "Cracovia": 1446.26464844,
  "Steaua": 1443.88830566,
  "Heerenveen": 1443.55883789,
  "Levadeiakos": 1443.45776367,
  "Aris": 1441.42919922,
  "Santa Clara": 1440.68774414,
  "Lugano": 1438.17956543,
  "Young Boys": 1437.95153809,
  "Rio Ave": 1436.62597656,
  "StGallen": 1436.25231934,
  "Thun": 1436.01586914,
  "Silkeborg": 1435.75976562,
  "Nacional": 1435.59619141,
  "Gornik": 1435.47521973,
  "Rostov": 1435.17077637,
  "Piast Gliwice": 1434.89782715,
  "LASK": 1431.83703613,
  "Austria Wien": 1431.7677002,
  "Malmoe": 1430.48388672,
  "Rubin Kazan": 1430.16821289,
  "Pogon": 1427.54260254,
  "Celje": 1425.90527344,
  "Lausanne": 1425.63830566,
  "Radomiak": 1425.46337891,
  "Sandefjord": 1424.96081543,
  "Gyoer": 1424.84667969,
  "CFR Cluj": 1423.43212891,
  "Levski": 1422.6652832,
  "Estrela Amadora": 1422.18041992,
  "Fredrikstad": 1420.86035156,
  "Alverca": 1420.46655273,
  "Hradec Kralove": 1419.76550293,
  "Go Ahead Eagles": 1419.02038574,
  "Dynamo Kyiv": 1418.65649414,
  "Samsunspor": 1416.62280273,
  "M Tel Aviv": 1415.32055664,
  "Legia": 1414.11865234,
  "Wolfsberg": 1410.37902832,
  "Korona": 1410.34240723,
  "Odense": 1409.75036621,
  "Katowice": 1409.47546387,
  "Lubin": 1408.39794922,
  "GAIS": 1407.73730469,
  "Hibernian": 1407.01940918,
  "Alanyaspor": 1406.92480469,
  "Plock": 1402.00549316,
  "Sarpsborg": 1401.87902832,
  "Hajduk": 1401.40539551,
  "Lechia": 1400.81018066,
  "Zulte Waregem": 1400.50402832,
  "Maccabi Haifa": 1400.39306641,
  "Groningen": 1400.25427246,
  "Zwolle": 1400.20825195,
  "Goeteborg": 1398.76123047,
  "Rijeka": 1397.10522461,
  "Motherwell": 1396.78771973,
  "Servette": 1396.54663086,
  "Banik Ostrava": 1396.08154297,
  "Paksi": 1395.74389648,
  "AIK": 1393.45727539,
  "Sittard": 1392.49133301,
  "Rapid Bucuresti": 1392.09741211,
  "IK Sirius": 1388.53955078,
  "Terek Grozny": 1387.9239502,
  "Tondela": 1384.69775391,
  "RAAL": 1382.86804199,
  "Ham-Kam": 1382.24829102,
  "Sion": 1382.05493164,
  "Dender": 1381.62963867,
  "Kocaelispor": 1380.69543457,
  "Dinamo Bucuresti": 1380.67932129,
  "Hartberg": 1379.91894531,
  "Kryliya Sovetov": 1378.48657227,
  "Partizan": 1377.29736328,
  "Luzern": 1376.55407715,
  "Elfsborg": 1375.86462402,
  "Rizespor": 1375.7824707,
  "Puskas Akademia": 1375.32202148,
  "Akron Togliatti": 1374.86291504,
  "Universitatea Cluj": 1374.84240723,
  "Gaziantep FK": 1373.99584961,
  "Valerenga": 1373.08361816,
  "Motor Lublin": 1370.66174316,
  "KFUM Oslo": 1370.61804199,
  "Beitar": 1369.49536133,