{
  "Bayern Munich": 2020.93640137,
  "Borussia Dortmund": 1845.94995117,
  "Leverkusen": 1828.11315918,
  "RB Leipzig": 1776.65930176,
  "Stuttgart": 1767.1854248,
  "Freiburg": 1725.2265625,
  "Hoffenheim": 1704.65515137,
  "Mainz": 1703.83776855,
  "Frankfurt": 1693.27978516,
  "Gladbach": 1625.64648438,
  "Augsburg": 1623.05090332,
  "Werder": 1622.17822266,
  "Union Berlin": 1608.55114746,
  "Hamburg": 1594.71118164,
  "Koeln": 1592.51806641,
  "Wolfsburg": 1581.29187012,
  "St Pauli": 1571.81982422,
  "Paderborn": 1546.18518066,
  "Heidenheim": 1536.31665039,
  "Hannover": 1528.76208496,
  "Elversberg": 1520.60339355,
  "Schalke": 1517.90161133,
  "Hertha": 1504.27502441,
  "Darmstadt": 1499.22229004,
  "Bochum": 1493.55932617,
  "Lautern": 1481.89868164,
  "Holstein": 1463.89074707,
  "Karlsruhe": 1458.54577637,
  "Nuernberg": 1439.46557617,
  "Magdeburg": 1429.79089355,
  "Duesseldorf": 1419.2277832,
  "Dresden": 1409.88342285,
  "Bielefeld": 1388.87133789,
  "Fuerth": 1386.44714355,
  "Muenster": 1375.60339355,
  "Braunschweig": 1371.05639648
}