{
  "Arsenal": 2063.75805664,
  "Manchester City": 1970.85388184,
  "Aston Villa": 1920.97009277,
  "Manchester United": 1915.31604004,
  "Liverpool": 1910.79907227,
  "Bournemouth": 1871.97009277,
  "Brighton": 1842.01049805,
  "Newcastle": 1837.53125,
  "Brentford": 1836.59033203,
  "Chelsea": 1831.1036377,
  "Forest": 1822.17041016,
  "Fulham": 1813.09570312,
  "Crystal Palace": 1803.82470703,
  "Everton": 1803.43078613,
  "Leeds": 1797.38867188,
  "Tottenham": 1777.30895996,
  "West Ham": 1768.80200195,
  "Sunderland": 1735.93017578,
  "Wolverhampton": 1679.69335938,
  "Burnley": 1666.33679199,
  "Coventry": 1661.4777832,
  "Ipswich": 1639.99816895,
  "Southampton": 1636.34655762,
  "Millwall": 1604.41845703,
  "Middlesbrough": 1588.94519043,
  "Norwich": 1560.36120605,
  "Sheffield United": 1546.58081055,
  "Derby": 1539.21337891,
  "Swansea": 1536.28552246,
  "Hull": 1532.88049316,
  "Wrexham": 1527.45922852,
  "Bristol City": 1507.68249512,
  "Birmingham": 1507.06591797,
  "West Brom": 1504.70593262,
  "Leicester": 1503.45812988,
  "Portsmouth": 1499.31567383,
  "Blackburn": 1493.27893066,
  "QPR": 1480.51000977,
  "Preston": 1478.86462402,
  "Oxford": 1462.52392578,
  "Watford": 1458.1619873,
  "Charlton": 1452.98535156,
  "Stoke": 1452.73156738,
  "Sheffield Weds": 1342.17163086
}