{
  "Bayern Munich": 2000.87023926,
  "Borussia Dortmund": 1834.76867676,
  "Leverkusen": 1804.02612305,
  "Stuttgart": 1763.83459473,
  "RB Leipzig": 1761.90344238,
  "Freiburg": 1724.91296387,
  "Hoffenheim": 1700.35375977,
  "Mainz": 1671.92553711,
  "Frankfurt": 1663.77978516,
  "Gladbach": 1640.84313965,
  "Augsburg": 1636.4465332,
  "Union Berlin": 1619.43054199,
  "Werder": 1606.01928711,
  "Hamburg": 1602.1472168,
  "Wolfsburg": 1599.56982422,
  "Koeln": 1568.1685791,
  "Heidenheim": 1552.56970215,
  "St Pauli": 1532.94165039,
  "Hannover": 1527.87036133,
  "Paderborn": 1525.36743164,
  "Elversberg": 1523.39831543,
  "Schalke": 1519.7421875,
  "Bochum": 1486.64123535,
  "Darmstadt": 1463.35717773,
  "Holstein": 1462.63525391,
  "Hertha": 1461.53930664,
  "Nuernberg": 1458.7109375,
  "Lautern": 1456.03540039,
  "Magdeburg": 1439.74829102,
  "Karlsruhe": 1435.78088379,
  "Dresden": 1414.36047363,
  "Duesseldorf": 1410.23022461,
  "Bielefeld": 1404.89770508,
  "Fuerth": 1394.82653809,
  "Braunschweig": 1381.04870605,
  "Muenster": 1352.77770996
}