{
  "PSG": 1974.93774414,
  "Manchester City": 1959.94421387,
  "Real Madrid": 1936.12731934,
  "Inter": 1933.2421875,
  "Bayern Munich": 1918.9979248,
  "Chelsea": 1902.80126953,
  "Atlético": 1855.34960938,
  "Borussia Dortmund": 1818.3503418,
  "Juventus": 1805.84667969,
  "Benfica": 1791.48046875,
  "Palmeiras": 1750.760747933101,
  "Flamengo": 1743.9059823962225,
  "Botafogo": 1719.2766595490862,
  "Fluminense": 1710.2420659799022,
  "River Plate": 1695.4255939702043,
  "Porto": 1678.19543457,
  "Boca Juniors": 1669.9541028354004,
  "Monterrey": 1614.1476300721147,
  "Pachuca": 1593.1300848214619,
  "Los Ángeles FC": 1587.1607469798105,
  "Seattle": 1576.1940711068066,
  "RB Salzburg": 1558.85534668,
  "Inter Miami": 1556.5507438944892,
  "Al-Hilal": 1554.828233817197,
  "Urawa Reds": 1553.5292691948082,
  "Ahly SC": 1544.77994589103,
  "Sundowns": 1495.6268554154703,
  "Ulsan HD": 1478.836656902652,
  "Al-Ain": 1476.8309363911449,
  "Esperance": 1448.575835102149,
  "Wydad AC": 1441.5269090502718,
  "Auckland City": 1128.1456714281808
}