{
  "Arsenal": 2060.58569336,
  "Bayern Munich": 1998.9152832,
  "Barcelona": 1988.59838867,
  "PSG": 1953.5032959,
  "Real Madrid": 1946.16809082,
  "Manchester City": 1940.95422363,
  "Liverpool": 1926.35253906,
  "Inter": 1892.42333984,
  "Aston Villa": 1884.63342285,
  "Manchester United": 1880.53747559,
  "Sporting": 1873.67626953,
  "Chelsea": 1868.98400879,
  "Atlético": 1863.01550293,
  "Borussia Dortmund": 1846.36975098,
  "Brighton": 1843.56872559,
  "Newcastle": 1840.26281738,
  "Brentford": 1832.27941895,
  "Everton": 1831.13537598,
  "Bournemouth": 1822.14831543,
  "Benfica": 1818.54577637,
  "Porto": 1810.55029297,
  "Leverkusen": 1808.08740234,
  "Milan": 1807.89123535,
  "Napoli": 1805.67602539,
  "Fulham": 1801.1529541,
  "Atalanta": 1798.51074219,
  "Crystal Palace": 1793.72802734,
  "Juventus": 1785.38354492,
  "Forest": 1784.46350098,
  "Leeds": 1764.87524414,
  "RB Leipzig": 1763.32080078,
  "Villarreal": 1760.26123047,
  "Roma": 1760.24182129,
  "Como": 1757.11218262,
  "Tottenham": 1752.99560547,
  "Betis": 1751.51342773,
  "PSV": 1751.13134766,
  "Stuttgart": 1750.79492188,
  "Celta": 1749.75964355,
  "Monaco": 1746.99047852,
  "Lens": 1742.86779785,
  "West Ham": 1740.47607422,
  "Lille": 1736.70324707,
  "Saint-Gilloise": 1727.59594727,
  "Marseille": 1726.65490723,
  "Bodø/Glimt": 1726.4041748,
  "Brugge": 1725.62927246,
  "Lyon": 1716.81799316,
  "Strasbourg": 1715.16601562,
  "Galatasaray": 1712.67016602,
  "Lazio": 1711.70471191,
  "Braga": 1710.00268555,
  "Real Sociedad": 1709.13000488,
  "Athletic": 1709.0526123,
  "Sunderland": 1704.15039062,
  "Bologna": 1703.50061035,
  "Wolverhampton": 1701.37670898,
  "Rennais": 1698.27416992,
  "Osasuna": 1696.63745117,
  "Hoffenheim": 1695.86560059,
  "Mainz": 1694.44506836,
  "Freiburg": 1692.40258789,
  "Getafe": 1682.4822998,
  "Midtjylland": 1681.97790527,
  "Frankfurt": 1676.95166016,
  "Burnley": 1676.60119629,
  "Valencia": 1676.28759766,
  "Rayo Vallecano": 1673.83044434,
  "Fiorentina": 1669.87744141,
  "Olympiacos": 1667.87426758,
  "Slavia Prag": 1665.46276855,
  "Girona": 1664.93493652,
  "Fenerbahce": 1663.25488281,
  "Zenit": 1657.19775391,
  "Mallorca": 1647.12414551,
  "Toulouse": 1640.29638672,
  "Brest": 1640.29248047,
  "AEK": 1638.66320801,
  "Espanyol": 1636.77893066,
  "Sassuolo": 1634.3203125,
  "FC Krasnodar": 1632.22900391,
  "Udinese": 1632.22839355,
  "Alaves": 1630.6484375,
  "Lorient": 1627.99108887,
  "Torino": 1627.95935059,
  "Genoa": 1627.72253418,
  "Werder": 1624.0501709,
  "Gladbach": 1619.37927246,
  "Sevilla": 1616.59814453,
  "Augsburg": 1612.23474121,
  "Union Berlin": 1611.94848633,
  "Levante": 1610.18786621,
  "Elche": 1604.88012695,
  "PAOK": 1604.70812988,
  "Feyenoord": 1595.59423828,
  "Viking": 1593.67456055,
  "Hamburg": 1591.49609375,
  "Genk": 1590.06152344,
  "Parma": 1588.11853027,
  "Crvena Zvezda": 1584.8717041,
  "Ajax": 1583.09179688,
  "Auxerre": 1581.99707031,
  "Aarhus": 1580.12207031,
  "Wolfsburg": 1578.01403809,
  "Famalicao": 1576.15991211,
  "Real Oviedo": 1574.47424316,
  "Nice": 1571.61328125,
  "Koeln": 1571.04040527,
  "Twente": 1570.87023926,
  "Viktoria Plzen": 1569.13989258,
  "Paris FC": 1569.13903809,
  "Dinamo Zagreb": 1568.90014648,
  "Cagliari": 1568.24584961,
  "Panathinaikos": 1568.00427246,
  "Shakhtar": 1565.59790039,
  "St Pauli": 1564.70129395,
  "Trabzonspor": 1562.81115723,
  "Pafos": 1561.03283691,
  "Alkmaar": 1558.68444824,
  "Lok Moskva": 1555.28356934,
  "CSKA Moskva": 1554.62353516,
  "Le Havre": 1554.58544922,
  "Qarabag FK": 1554.37609863,
  "Sparta Praha": 1552.35168457,
  "Lecce": 1551.37194824,
  "Spartak Moskva": 1550.99316406,
  "Angers": 1547.45593262,
  "Rangers": 1546.29772949,
  "Mjaellby": 1546.16772461,
  "Celtic": 1546.01489258,
  "Nijmegen": 1545.84924316,
  "Copenhagen": 1545.57458496,
  "Dynamo Moskva": 1538.52539062,
  "Brondby": 1537.26660156,
  "Guimaraes": 1534.8671875,
  "Cremonese": 1534.24536133,
  "Nordsjaelland": 1533.41784668,
  "St Truiden": 1531.48120117,
  "Gil Vicente": 1531.44152832,
  "Besiktas": 1531.33190918,
  "Anderlecht": 1525.33203125,
  "Utrecht": 1525.2722168,
  "Viborg": 1514.31018066,
  "Nantes": 1514.10412598,
  "Heidenheim": 1513.31359863,
  "Estoril": 1511.69702148,
  "Ferencvaros": 1510.86328125,
  "Gent": 1510.56103516,
  "Brann": 1508.12548828,
  "Mechelen": 1508.03039551,
  "Hammarby": 1507.85095215,
  "Lech": 1507.08703613,
  "Verona": 1506.29199219,
  "Rakow": 1505.65441895,
  "Metz": 1500.88806152,
  "Tromso": 1500.22583008,
  "Pisa": 1498.69055176,
  "Westerlo": 1498.42492676,
  "Larnaca": 1494.35534668,
  "Bueyueksehir": 1493.9564209,
  "Antwerp": 1488.98803711,
  "Arouca": 1488.91125488,
  "Moreirense": 1486.40307617,
  "Baltika": 1484.52722168,
  "Standard": 1483.1685791,
  "Heerenveen": 1482.74487305,
  "Djurgarden": 1482.56896973,
  "RB Salzburg": 1479.70593262,
  "Aris Limassol": 1478.18310547,
  "Santa Clara": 1476.87902832,
  "Thun": 1472.40759277,
  "SonderjyskE": 1472.22570801,
  "Sturm Graz": 1471.49902344,
  "Beer-Sheva": 1468.04675293,
  "Charleroi": 1466.86352539,
  "Jagiellonia": 1466.73901367,
  "Randers": 1466.00256348,
  "Molde": 1465.16772461,
  "Basel": 1462.49291992,
  "Craiova": 1460.07006836,
  "StGallen": 1457.75402832,
  "Goeztepe": 1457.5291748,
  "Omonia": 1456.90466309,
  "Razgrad": 1456.57702637,
  "Sparta Rotterdam": 1456.36352539,
  "Rio Ave": 1453.20959473,
  "Hearts": 1452.19372559,
  "Go Ahead Eagles": 1451.5958252,
  "Rubin Kazan": 1449.72570801,
  "Cercle Brugge": 1448.34204102,
  "Dynamo Kyiv": 1448.25488281,
  "Casa Pia": 1447.97387695,
  "Groningen": 1447.67871094,
  "CFR Cluj": 1443.49230957,
  "Jablonec": 1442.89953613,
  "Alverca": 1440.82873535,
  "Young Boys": 1440.4041748,
  "Leuven": 1438.64697266,
  "Levski": 1434.30700684,
  "Slovan Liberec": 1433.3125,
  "Celje": 1432.70080566,
  "Silkeborg": 1432.69384766,
  "Pogon": 1431.58605957,
  "Gyoer": 1431.23059082,
  "Malmoe": 1430.48388672,
  "Rosenborg": 1430.28479004,
  "Steaua": 1429.9831543,
  "Austria Wien": 1428.28405762,
  "Legia": 1427.8458252,
  "Hajduk": 1427.31811523,
  "Fredrikstad": 1426.04443359,
  "Universitatea Cluj": 1425.90722656,
  "Piast Gliwice": 1425.68066406,
  "Lugano": 1425.2590332,
  "Rostov": 1424.74597168,
  "Sarpsborg": 1423.67126465,
  "Estrela Amadora": 1423.51794434,
  "Lubin": 1422.84277344,
  "Gornik": 1422.66125488,
  "Nacional": 1422.54589844,
  "Samsunspor": 1421.92504883,
  "M Tel Aviv": 1417.34472656,
  "Cracovia": 1417.14611816,
  "Alanyaspor": 1415.8170166,
  "Hibernian": 1415.29736328,
  "Odense": 1415.2755127,
  "LASK": 1411.07556152,
  "Sandefjord": 1411.06677246,
  "Zwolle": 1410.73352051,
  "Levadeiakos": 1409.875,
  "Katowice": 1409.63366699,
  "Hradec Kralove": 1409.58935547,
  "GAIS": 1407.73730469,
  "Korona": 1407.04748535,
  "Terek Grozny": 1406.51818848,
  "Lechia": 1404.22363281,
  "Valerenga": 1404.17272949,
  "Ham-Kam": 1401.51831055,
  "Aris": 1401.40478516,
  "Luzern": 1400.79284668,
  "Servette": 1399.93933105,
  "Sittard": 1399.8762207,
  "Goeteborg": 1398.76123047,
  "Rizespor": 1397.95410156,
  "Rijeka": 1396.43591309,
  "Maccabi Haifa": 1396.15625,
  "Radomiak": 1395.02490234,
  "Sion": 1394.60058594,
  "AIK": 1393.45727539,
  "Motor Lublin": 1392.39355469,
  "Rapid Bucuresti": 1392.28918457,
  "Sigma Olomouc": 1392.02075195,
  "Rapid Wien": 1391.2557373,
  "Konyaspor": 1390.55749512,
  "IK Sirius": 1388.53955078,
  "Tondela": 1386.20629883,
  "Polissya Zhytomyr": 1385.89733887,
  "Motherwell": 1385.87268066,
  "RAAL": 1385.65710449,
  "Beitar": 1384.28881836,
  "Gaziantep FK": 1383.05236816,
  "Zulte Waregem": 1380.55102539,
  "Fredericia": 1379.57421875,
  "Banik Ostrava": 1379.33618164,
  "KFUM Oslo": 1377.09790039,
  "Kasimpasa": 1376.11169434,
  "Elfsborg": 1375.86462402,
  "Hartberg": 1375.5012207,
  "Dender": 1374.10437012,
  "Paksi": 1373.54064941,
  "Lausanne": 1372.03955078,
  "Plock": 1371.36437988,
  "Atromitos": 1370.06323242,
  "Telstar": 1368.39709473,