{
  "Liverpool": 1993.41784668,
  "Arsenal": 1993.34033203,
  "PSG": 1974.93774414,
  "Manchester City": 1959.9440918,
  "Barcelona": 1945.43066406,
  "Real Madrid": 1936.12744141,
  "Inter": 1933.24206543,
  "Chelsea": 1902.80126953,
  "Aston Villa": 1872.8392334,
  "Newcastle": 1868.55273438,
  "Atlético": 1855.34973145,
  "Leverkusen": 1848.78625488,
  "Atalanta": 1842.22375488,
  "Napoli": 1838.37182617,
  "Crystal Palace": 1835.04040527,
  "Brighton": 1827.12915039,
  "Roma": 1819.65991211,
  "Borussia Dortmund": 1818.3503418,
  "Brentford": 1811.27429199,
  "Bournemouth": 1808.09521484,
  "Juventus": 1805.84667969,
  "Forest": 1802.86804199,
  "Man United": 1799.46313477,
  "PSV": 1797.03527832,
  "Everton": 1793.97998047,
  "Benfica": 1791.48046875,
  "Athletic": 1789.3092041,
  "Sporting": 1788.59997559,
  "Milan": 1786.90783691,
  "Villarreal": 1785.54650879,
  "Lille": 1782.04833984,
  "Fulham": 1781.72058105,
  "Tottenham": 1774.00683594,
  "Lazio": 1770.40881348,
  "Monaco": 1762.12573242,
  "Fiorentina": 1756.97167969,
  "Marseille": 1756.52758789,
  "Bologna": 1750.82421875,
  "West Ham": 1750.13244629,
  "Brugge": 1747.07775879,
  "Frankfurt": 1745.75805664,
  "Lyon": 1744.62878418,
  "Betis": 1742.14367676,
  "Feyenoord": 1738.36352539,
  "Wolves": 1735.76245117,
  "St Gillis": 1730.55700684,
  "Burnley": 1729.59777832,
  "Leeds": 1722.36022949,
  "Nice": 1720.62451172,
  "Stuttgart": 1719.31481934,
  "Strasbourg": 1707.00744629,
  "Mainz": 1706.18286133,
  "Galatasaray": 1701.14599609,
  "Osasuna": 1697.22424316,
  "Slavia Praha": 1694.71618652,
  "Lens": 1693.22021484,
  "Celta": 1689.27099609,
  "Freiburg": 1684.34057617,
  "Valencia": 1679.41601562,
  "Brest": 1679.1048584,
  "Porto": 1678.19543457,
  "Werder": 1677.45446777,
  "Torino": 1675.24279785,
  "Fenerbahce": 1673.91918945,
  "Olympiakos": 1670.36547852,
  "Sociedad": 1667.32043457,
  "Genoa": 1664.06433105,
  "Ajax": 1663.94873047,
  "Rennes": 1663.48522949,
  "Celtic": 1662.38671875,
  "Rayo Vallecano": 1658.47607422,
  "Zenit": 1654.94470215,
  "Toulouse": 1653.90771484,
  "Braga": 1650.64880371,
  "Como": 1648.34375,
  "Wolfsburg": 1645.72424316,
  "Alaves": 1644.11950684,
  "Mallorca": 1641.24841309,
  "Sevilla": 1637.12219238,
  "Girona": 1637.03491211,
  "Genk": 1634.98864746,
  "Espanyol": 1634.6619873,
  "Gladbach": 1632.47961426,
  "Auxerre": 1629.10119629,
  "Alkmaar": 1626.27575684,
  "Getafe": 1625.76000977,
  "FC Kobenhavn": 1621.64001465,
  "Udinese": 1620.25646973,
  "Augsburg": 1618.65966797,
  "Union Berlin": 1617.16503906,
  "Viktoria Plzen": 1616.74365234,
  "FC Krasnodar": 1614.2935791,
  "Bodoe Glimt": 1606.6685791,
  "Hoffenheim": 1605.84069824,
  "Parma": 1602.97497559,
  "Cagliari": 1602.2791748,
  "Leganes": 1599.02905273,
  "Midtjylland": 1595.68408203,
  "Verona": 1595.0670166,
  "Reims": 1589.82873535,
  "Rangers": 1587.43981934,
  "Nantes": 1586.95227051,
  "Anderlecht": 1586.59545898,
  "CSKA Moskva": 1586.48449707,
  "Utrecht": 1584.75146484,
  "Lecce": 1583.05078125,
  "Crvena Zvezda": 1579.49633789,
  "Empoli": 1577.66162109,
  "St Pauli": 1577.1072998,
  "Twente": 1576.95092773,
  "Guimaraes": 1576.2767334,
  "Spartak Moskva": 1575.06237793,
  "Sparta Praha": 1573.58947754,
  "Las Palmas": 1563.50219727,
  "Dynamo Moskva": 1559.70544434,
  "RB Salzburg": 1558.85534668,
  "Heidenheim": 1558.72521973,
  "Venezia": 1557.56433105,
  "Hamburg": 1554.54541016,
  "Le Havre": 1553.54162598,
  "Sturm Graz": 1553.17565918,
  "M Tel Aviv": 1553.10192871,
  "Koeln": 1552.19458008,
  "Steaua": 1549.41760254,
  "Brondby": 1547.92456055,
  "Sunderland": 1547.09912109,
  "PAOK": 1544.87280273,
  "Antwerp": 1538.63525391,
  "Angers": 1538.24450684,
  "Rakow": 1536.76599121,
  "Panathinaikos": 1535.48669434,
  "Viking": 1535.13085938,
  "Shakhtar": 1534.69421387,
  "Saint-Etienne": 1532.84289551,
  "Lech": 1532.80053711,
  "Lok Moskva": 1528.8885498,
  "Malmoe": 1527.89733887,
  "Dinamo Zagreb": 1527.02514648,
  "Charleroi": 1526.21923828,
  "Banik Ostrava": 1525.75,
  "Basel": 1523.00378418,
  "Hammarby": 1521.47253418,
  "Monza": 1519.14404297,
  "AEK": 1516.50256348,
  "Beer-Sheva": 1516.07617188,
  "Nordsjaelland": 1515.36804199,
  "Famalicao": 1511.26550293,
  "Elfsborg": 1509.50268555,
  "Dynamo Kyiv": 1507.92675781,
  "Besiktas": 1506.78662109,
  "Nijmegen": 1505.06640625,
  "Mjaellby": 1500.25305176,
  "Ferencvaros": 1498.90063477,
  "Go Ahead Eagles": 1498.68859863,
  "Young Boys": 1498.67150879,
  "Sparta Rotterdam": 1493.50878906,
  "Legia": 1491.17993164,
  "Brann": 1491.06506348,
  "Montpellier": 1490.47045898,
  "Jablonec": 1488.07983398,
  "Jagiellonia": 1485.94433594,
  "Santa Clara": 1484.9387207,
  "Mechelen": 1484.82263184,
  "Gent": 1483.28735352,
  "Pogon": 1482.26196289,
  "CFR Cluj": 1480.39782715,
  "Wolfsberg": 1480.16235352,
  "Austria Wien": 1476.18188477,
  "AIK": 1475.98864746,
  "Razgrad": 1472.8125,
  "Arouca": 1471.92883301,
  "Estoril": 1470.43786621,
  "Trabzonspor": 1470.06982422,
  "Westerlo": 1470.00048828,
  "Servette": 1468.03637695,
  "Valladolid": 1467.32800293,
  "Randers": 1466.17724609,
  "Zwolle": 1462.80822754,
  "Silkeborg": 1461.40344238,
  "Moreirense": 1460.36962891,
  "Casa Pia": 1459.93005371,
  "Rostov": 1454.07470703,
  "Rosenborg": 1453.62463379,
  "Djurgarden": 1453.37438965,
  "Maccabi Haifa": 1451.9498291,
  "Cercle Brugge": 1451.55505371,
  "Rio Ave": 1450.02990723,
  "Bueyueksehir": 1449.87194824,
  "Aarhus": 1449.50964355,
  "Rubin Kazan": 1449.19909668,
  "Viborg": 1447.69433594,
  "St Truiden": 1445.72253418,
  "Aris": 1445.51269531,
  "Heerenveen": 1445.41308594,
  "LASK": 1443.68151855,
  "Rijeka": 1442.31982422,
  "Samsunspor": 1436.43029785,
  "Rapid Wien": 1436.13745117,
  "Tromso": 1435.91064453,
  "Hajduk": 1435.51623535,
  "Standard": 1433.52770996,
  "Gil Vicente": 1432.91479492,
  "Leuven": 1431.72790527,
  "Molde": 1430.85437012,
  "Hibernian": 1429.87890625,
  "Hradec Kralove": 1427.42724609,
  "Olimpija Ljubljana": 1424.86975098,
  "Kasimpasa": 1423.47290039,
  "Craiova": 1423.16784668,
  "Piast Gliwice": 1422.67822266,
  "Puskas Akademia": 1422.34509277,
  "Haecken": 1422.25341797,
  "Sittard": 1420.51074219,
  "Slovan Liberec": 1420.46704102,
  "Gornik": 1411.76379395,
  "Groningen": 1410.41210938,
  "Nacional": 1410.27539062,
  "Sarpsborg": 1409.81494141,
  "Heracles": 1409.36730957,
  "Cracovia": 1407.90673828,
  "Alanyaspor": 1407.70080566,
  "Hearts": 1406.42919922,
  "GAIS": 1403.5916748,
  "Lausanne": 1403.11108398,
  "Lugano": 1402.29016113,
  "Dender": 1401.82885742,
  "Levski": 1395.66918945,
  "StGallen": 1391.01074219,
  "Korona": 1390.28857422,
  "Kryliya Sovetov": 1389.45117188,
  "Kayseri": 1389.22131348,
  "Universitatea Cluj": 1389.13916016,
  "Farense": 1388.83325195,
  "Rizespor": 1388.77099609,
  "Katowice": 1388.59912109,
  "Konyaspor": 1388.09265137,
  "Fredrikstad": 1388.0682373,
  "Celje": 1387.11218262,
  "Zuerich": 1387.01538086,
  "Goeztepe": 1384.90698242,
  "Sigma Olomouc": 1384.57910156,
  "Luzern": 1383.43859863,
  "Olexandriya": 1382.78405762,
  "Maribor": 1382.3536377,
  "Terek Grozny": 1378.00061035,
  "Slask": 1377.77575684,
  "Hartberg": 1376.58984375,
  "Paksi": 1376.43237305,
  "CSKA Sofia": 1373.86352539,
  "Eyupspor": 1370.41467285,
  "Sandefjord": 1368.06054688,
  "Radomiak": 1368.01513672,
  "Estrela Amadora": 1367.90283203,
  "Gaziantep FK": 1367.83752441,
  "Goeteborg": 1367.14746094,
  "St Mirren": 1367.06835938,
  "Teplice": 1364.72045898,
  "Hapoel Haifa": 1364.65893555,
  "IK Sirius": 1362.7590332,
  "Istra 1961": 1362.64489746,
  "Mlada Boleslav": 1361.43188477,
  "SonderjyskE": 1360.40319824,
  "Bohemians Praha": 1355.88806152,
  "Antalyaspor": 1355.68505859,
  "Osijek": 1353.87353516,
  "AVS Futebol": 1353.67407227,
  "Akron Togliatti": 1351.15979004,
  "Breda": 1351.14196777,
  "Partizan": 1350.70410156,
  "Motor Lublin": 1349.76318359,
  "Volendam": 1347.61462402,
  "Telstar": 1347.61462402,
  "Excelsior": 1347.61462402,