{
  "Liverpool": 2013.10742188,
  "Arsenal": 2000.40319824,
  "Manchester City": 1945.47961426,
  "Chelsea": 1913.25292969,
  "Newcastle": 1865.4876709,
  "Crystal Palace": 1846.80407715,
  "Aston Villa": 1845.84533691,
  "Bournemouth": 1825.15612793,
  "Brighton": 1816.60314941,
  "Tottenham": 1807.21606445,
  "Everton": 1803.90893555,
  "Brentford": 1799.19238281,
  "Manchester United": 1794.96313477,
  "Forest": 1790.10888672,
  "Fulham": 1783.6673584,
  "West Ham": 1726.1776123,
  "Leeds": 1723.91027832,
  "Burnley": 1716.91992188,
  "Wolverhampton": 1712.14001465,
  "Leicester": 1617.57116699,
  "Ipswich": 1587.30187988,
  "Sunderland": 1583.44580078,
  "Middlesbrough": 1568.23901367,
  "Coventry": 1561.37475586,
  "Bristol City": 1558.61804199,
  "Sheffield United": 1558.26904297,
  "Southampton": 1546.69970703,
  "West Brom": 1543.83093262,
  "Swansea": 1522.25927734,
  "Norwich": 1515.03930664,
  "Millwall": 1511.02404785,
  "Stoke": 1510.06494141,
  "Blackburn": 1507.02026367,
  "Portsmouth": 1492.4732666,
  "QPR": 1490.37573242,
  "Preston": 1485.47717285,
  "Hull": 1479.29492188,
  "Watford": 1466.2911377,
  "Derby": 1465.80371094,
  "Oxford": 1444.85705566,
  "Sheffield Weds": 1444.77380371,
  "Birmingham": 1434.64880371,
  "Charlton": 1423.29089355,
  "Wrexham": 1419.00415039
}