{
  "Bayern Munich": 2005.33398438,
  "Leverkusen": 1884.06359863,
  "Borussia Dortmund": 1865.05834961,
  "RB Leipzig": 1783.40661621,
  "Frankfurt": 1775.43200684,
  "Stuttgart": 1750.19360352,
  "Freiburg": 1720.87768555,
  "Werder": 1699.3079834,
  "Mainz": 1690.18078613,
  "Hoffenheim": 1684.66552734,
  "Gladbach": 1658.81225586,
  "Union Berlin": 1658.64562988,
  "Wolfsburg": 1632.1315918,
  "Augsburg": 1623.99902344,
  "Koeln": 1604.53295898,
  "Hamburg": 1577.83972168,
  "St Pauli": 1565.7989502,
  "Elversberg": 1551.07702637,
  "Heidenheim": 1548.47387695,
  "Paderborn": 1547.46508789,
  "Holstein": 1521.59753418,
  "Hannover": 1518.31750488,
  "Bochum": 1512.515625,
  "Darmstadt": 1512.12194824,
  "Lautern": 1510.2442627,
  "Hertha": 1509.55969238,
  "Karlsruhe": 1497.59973145,
  "Schalke": 1497.20117188,
  "Duesseldorf": 1476.04260254,
  "Nuernberg": 1462.41662598,
  "Muenster": 1423.64172363,
  "Magdeburg": 1413.63122559,
  "Bielefeld": 1412.8692627,
  "Fuerth": 1400.91625977,
  "Braunschweig": 1365.3137207,
  "Dresden": 1364.07141113
}