{
  "Arsenal": 2069.87329102,
  "Bayern Munich": 1985.93347168,
  "Manchester City": 1985.62548828,
  "Liverpool": 1952.19897461,
  "PSG": 1944.9395752,
  "Barcelona": 1939.16845703,
  "Chelsea": 1933.90881348,
  "Inter": 1903.515625,
  "Real Madrid": 1903.26574707,
  "Aston Villa": 1897.86743164,
  "Manchester United": 1886.62658691,
  "Newcastle": 1873.08654785,
  "Brentford": 1853.97180176,
  "Sporting": 1853.91186523,
  "Brighton": 1844.33117676,
  "Bournemouth": 1840.55187988,
  "Atlético": 1836.76379395,
  "Everton": 1835.11523438,
  "Borussia Dortmund": 1825.3236084,
  "Milan": 1813.37609863,
  "Benfica": 1812.77355957,
  "Fulham": 1810.83312988,
  "Leverkusen": 1809.89807129,
  "Tottenham": 1802.34960938,
  "Atalanta": 1800.27453613,
  "Roma": 1798.27062988,
  "Crystal Palace": 1796.8248291,
  "Forest": 1788.53051758,
  "Napoli": 1788.51879883,
  "Porto": 1779.98132324,
  "Leeds": 1778.19714355,
  "Juventus": 1776.73449707,
  "PSV": 1774.50500488,
  "Stuttgart": 1757.79858398,
  "West Ham": 1757.51721191,
  "Lens": 1756.90771484,
  "Lyon": 1754.88916016,
  "Betis": 1751.73718262,
  "RB Leipzig": 1744.53991699,
  "Como": 1741.11657715,
  "Villarreal": 1739.72839355,
  "Bodø/Glimt": 1738.67834473,
  "Marseille": 1732.67285156,
  "Brugge": 1723.48730469,
  "Galatasaray": 1723.13061523,
  "Celta": 1719.73498535,
  "Saint-Gilloise": 1716.22351074,
  "Hoffenheim": 1716.01391602,
  "Lille": 1715.09472656,
  "Sunderland": 1712.80004883,
  "Wolverhampton": 1712.76672363,
  "Strasbourg": 1710.5670166,
  "Athletic": 1709.3203125,
  "Bologna": 1703.95935059,
  "Monaco": 1702.27600098,
  "Burnley": 1695.94665527,
  "Midtjylland": 1693.81872559,
  "Braga": 1692.82287598,
  "Rennais": 1692.5291748,
  "Olympiacos": 1688.52099609,
  "Lazio": 1686.83728027,
  "Frankfurt": 1685.17285156,
  "Freiburg": 1683.27563477,
  "Real Sociedad": 1682.81726074,
  "Osasuna": 1681.91442871,
  "Fenerbahce": 1679.27856445,
  "Slavia Prag": 1667.5300293,
  "Brest": 1665.78845215,
  "Zenit": 1662.57800293,
  "Mainz": 1658.9876709,
  "Valencia": 1654.65258789,
  "Rayo Vallecano": 1648.42956543,
  "Fiorentina": 1642.40429688,
  "FC Krasnodar": 1639.16955566,
  "Sassuolo": 1637.04602051,
  "Toulouse": 1635.65808105,
  "Espanyol": 1630.51696777,
  "Getafe": 1629.17895508,
  "Augsburg": 1627.55419922,
  "AEK": 1626.83032227,
  "Genoa": 1626.8013916,
  "Girona": 1624.55944824,
  "Lorient": 1623.44226074,
  "Union Berlin": 1619.79577637,
  "Sevilla": 1618.41162109,
  "Torino": 1615.81469727,
  "Werder": 1615.29199219,
  "Udinese": 1615.23339844,
  "Gladbach": 1615.14147949,
  "PAOK": 1615.10070801,
  "Parma": 1609.76794434,
  "Mallorca": 1608.37097168,
  "Genk": 1603.02087402,
  "Viking": 1602.5612793,
  "Alaves": 1598.81396484,
  "Feyenoord": 1596.93383789,
  "Cagliari": 1596.56152344,
  "Sparta Praha": 1595.56152344,
  "CSKA Moskva": 1595.08752441,
  "Wolfsburg": 1593.13012695,
  "Ajax": 1590.91088867,
  "Elche": 1585.97460938,
  "Hamburg": 1585.44396973,
  "Levante": 1583.36560059,
  "Aarhus": 1582.86767578,
  "Crvena Zvezda": 1582.06970215,
  "Nice": 1579.47058105,
  "Lok Moskva": 1576.38354492,
  "St Pauli": 1572.97961426,
  "Copenhagen": 1568.54516602,
  "Panathinaikos": 1568.50817871,
  "Viktoria Plzen": 1568.08813477,
  "Koeln": 1565.47253418,
  "Auxerre": 1564.86108398,
  "Le Havre": 1564.04675293,
  "Pafos": 1561.80773926,
  "Celtic": 1556.81616211,
  "Lecce": 1556.57226562,
  "Qarabag FK": 1554.37609863,
  "Angers": 1553.28222656,
  "Spartak Moskva": 1550.35656738,
  "Shakhtar": 1549.43115234,
  "Twente": 1548.96789551,
  "Dinamo Zagreb": 1548.53967285,
  "Anderlecht": 1548.24597168,
  "Paris FC": 1546.84643555,
  "St Truiden": 1546.83642578,
  "Mjaellby": 1546.16772461,
  "Brondby": 1543.48303223,
  "Cremonese": 1541.59716797,
  "Guimaraes": 1540.73876953,
  "Famalicao": 1540.63659668,
  "Trabzonspor": 1540.1217041,
  "Real Oviedo": 1539.2689209,
  "Rangers": 1537.33825684,
  "Gil Vicente": 1536.41369629,
  "Brann": 1533.67993164,
  "Besiktas": 1532.75976562,
  "Alkmaar": 1532.04528809,
  "Rakow": 1528.22216797,
  "Nantes": 1526.0324707,
  "Ferencvaros": 1520.17724609,
  "Lech": 1519.66088867,
  "Mechelen": 1518.25,
  "Estoril": 1516.42895508,
  "Antwerp": 1514.14831543,
  "Nijmegen": 1512.9317627,
  "Nordsjaelland": 1510.33605957,
  "Heidenheim": 1509.52258301,
  "Charleroi": 1509.02880859,
  "Verona": 1508.90820312,
  "Jagiellonia": 1508.61108398,
  "Hammarby": 1507.85095215,
  "Metz": 1504.78991699,
  "Dynamo Moskva": 1504.17382812,
  "Bueyueksehir": 1503.51879883,
  "RB Salzburg": 1501.84533691,
  "Pisa": 1500.58300781,
  "Viborg": 1498.76464844,
  "Utrecht": 1498.51135254,
  "Larnaca": 1496.9440918,
  "Moreirense": 1496.26623535,
  "Gent": 1492.2722168,
  "Westerlo": 1488.85900879,
  "Jablonec": 1483.83483887,
  "Djurgarden": 1482.56896973,
  "Tromso": 1482.4798584,
  "Aris Limassol": 1478.95800781,
  "Baltika": 1477.88574219,
  "SonderjyskE": 1477.06433105,
  "Randers": 1471.92492676,
  "Thun": 1470.53466797,
  "Beer-Sheva": 1468.04675293,
  "Arouca": 1467.68164062,
  "Hearts": 1467.60742188,
  "Craiova": 1467.56970215,
  "Molde": 1466.40661621,
  "Standard": 1466.24536133,
  "Cercle Brugge": 1462.71508789,
  "Goeztepe": 1460.02941895,
  "Rosenborg": 1458.28442383,
  "Omonia": 1457.67956543,
  "Basel": 1456.83349609,
  "Sparta Rotterdam": 1453.65319824,
  "Sturm Graz": 1451.85461426,
  "Slovan Liberec": 1451.60668945,
  "Heerenveen": 1450.35107422,
  "Steaua": 1448.68310547,
  "StGallen": 1446.45654297,
  "Pogon": 1446.16845703,
  "Gyoer": 1443.96984863,
  "Casa Pia": 1442.6583252,
  "Leuven": 1439.27416992,
  "Santa Clara": 1438.98254395,
  "CFR Cluj": 1437.86938477,
  "Go Ahead Eagles": 1436.69091797,
  "Sandefjord": 1436.36804199,
  "Cracovia": 1435.64697266,
  "Rostov": 1435.17077637,
  "Rijeka": 1435.03527832,
  "Razgrad": 1433.92736816,
  "Fredrikstad": 1432.26757812,
  "Levski": 1431.96777344,
  "Lubin": 1431.71020508,
  "Young Boys": 1430.62438965,
  "Malmoe": 1430.48388672,
  "Rubin Kazan": 1430.16821289,
  "Lugano": 1429.7298584,
  "Samsunspor": 1427.70703125,
  "Austria Wien": 1427.0736084,
  "Rio Ave": 1426.72070312,
  "Legia": 1426.34692383,
  "Dynamo Kyiv": 1426.01184082,
  "Piast Gliwice": 1425.60339355,
  "Hradec Kralove": 1425.4864502,
  "Hajduk": 1425.02746582,
  "Celje": 1424.86315918,
  "Aris": 1424.0333252,
  "Alverca": 1421.6015625,
  "Levadeiakos": 1420.64465332,
  "Nacional": 1418.9161377,
  "M Tel Aviv": 1417.34472656,
  "LASK": 1415.90600586,
  "Hibernian": 1415.51818848,
  "Radomiak": 1415.31298828,
  "Silkeborg": 1415.19299316,
  "Motherwell": 1415.16943359,
  "Gornik": 1414.78881836,
  "Sarpsborg": 1413.28613281,
  "Sittard": 1412.26281738,
  "Katowice": 1409.68774414,
  "Zwolle": 1409.36010742,
  "Rizespor": 1408.7755127,
  "GAIS": 1407.73730469,
  "Korona": 1406.5333252,
  "Alanyaspor": 1404.93151855,
  "Odense": 1403.27636719,
  "Universitatea Cluj": 1403.19543457,
  "Estrela Amadora": 1400.13830566,
  "Sigma Olomouc": 1399.11462402,
  "Goeteborg": 1398.76123047,
  "Sion": 1397.76977539,
  "Lechia": 1396.59765625,
  "Maccabi Haifa": 1396.15625,
  "Tondela": 1396.15527344,
  "Servette": 1394.71386719,
  "Luzern": 1393.98376465,
  "Ham-Kam": 1393.65551758,
  "AIK": 1393.45727539,
  "Rapid Bucuresti": 1391.30493164,
  "Groningen": 1390.17956543,
  "IK Sirius": 1388.53955078,
  "Terek Grozny": 1387.9239502,
  "Wolfsberg": 1387.59411621,
  "Zulte Waregem": 1387.59313965,
  "Banik Ostrava": 1386.7668457,
  "Hartberg": 1385.6036377,
  "Motor Lublin": 1384.64355469,
  "Valerenga": 1384.49084473,
  "Beitar": 1384.28881836,
  "KFUM Oslo": 1382.02526855,
  "Lausanne": 1380.75158691,
  "Gaziantep FK": 1378.91552734,
  "Kryliya Sovetov": 1378.48657227,
  "RAAL": 1377.62609863,
  "Konyaspor": 1377.50170898,
  "Dinamo Bucuresti": 1376.66052246,
  "Dender": 1376.31872559,
  "Polissya Zhytomyr": 1376.12438965,
  "Fredericia": 1375.99609375,
  "Elfsborg": 1375.86462402,
  "Akron Togliatti": 1374.86291504,
  "Plock": 1372.87744141,