{
  "PSG": 2000.54760742,
  "Lille": 1808.47998047,
  "Marseille": 1791.07897949,
  "Lyon": 1758.96130371,
  "Monaco": 1751.19360352,
  "Strasbourg": 1740.96032715,
  "Lens": 1732.5814209,
  "Nice": 1683.14440918,
  "Toulouse": 1683.00170898,
  "Brest": 1675.6661377,
  "Rennais": 1669.04785156,
  "Auxerre": 1624.17102051,
  "Lorient": 1602.41308594,
  "Nantes": 1594.75732422,
  "Paris FC": 1567.59350586,
  "Reims": 1564.72399902,
  "Le Havre": 1561.80957031,
  "Saint-Etienne": 1553.7043457,
  "Metz": 1543.32739258,
  "Angers": 1542.18212891,
  "Troyes": 1498.61572266,
  "Montpellier": 1478.07299805,
  "Guingamp": 1465.95141602,
  "Pau": 1451.9296875,
  "Rodez": 1441.80004883,
  "Red Star": 1439.08813477,
  "Annecy": 1437.30773926,
  "Dunkerque": 1434.31115723,
  "Grenoble": 1422.63891602,
  "Clermont": 1412.92736816,
  "Laval": 1412.46838379,
  "Bastia": 1410.71191406,
  "Le Mans": 1408.99133301,
  "Amiens": 1408.7800293,
  "Nancy": 1392.08581543,
  "Boulogne": 1377.50244141
}