{
  "PSG": 1974.93762207,
  "Manchester City": 1959.94421387,
  "Real Madrid": 1936.12731934,
  "Inter": 1933.2421875,
  "Bayern Munich": 1918.9979248,
  "Chelsea": 1902.8013916,
  "Atlético": 1855.34960938,
  "Borussia Dortmund": 1818.3503418,
  "Juventus": 1805.84655762,
  "Benfica": 1791.48046875,
  "Palmeiras": 1755.9700591316314,
  "Flamengo": 1741.2937264475331,
  "Botafogo": 1692.3726175005395,
  "River Plate": 1686.0389332412162,
  "Porto": 1678.19543457,
  "Fluminense": 1674.9007928766132,
  "Boca Juniors": 1635.0212053393514,
  "Ahly SC": 1602.653911057777,
  "Al-Hilal": 1591.1444205033406,
  "Monterrey": 1584.9860458228572,
  "Pachuca": 1565.7451250391832,
  "RB Salzburg": 1558.85534668,
  "Sundowns": 1536.9160230771042,
  "Esperance": 1507.8470531093215,
  "Los Ángeles FC": 1504.9870027426298,
  "Seattle": 1490.3106700585317,
  "Urawa Reds": 1484.6758587841655,
  "Ulsan HD": 1462.8793140663665,
  "Inter Miami": 1457.791162560674,
  "Wydad AC": 1450.5832957375533,
  "Al-Ain": 1438.7901097827034,
  "Auckland City": 1306.1333594945906
}