{
  "PSG": 1967.6685791,
  "Lens": 1757.16918945,
  "Lille": 1754.91674805,
  "Lyon": 1748.27600098,
  "Monaco": 1732.37915039,
  "Rennais": 1729.13574219,
  "Marseille": 1727.07177734,
  "Strasbourg": 1721.74609375,
  "Brest": 1648.45324707,
  "Lorient": 1644.72436523,
  "Toulouse": 1632.44763184,
  "Paris FC": 1608.77026367,
  "Auxerre": 1594.14416504,
  "Nice": 1585.69946289,
  "Le Havre": 1567.70959473,
  "Angers": 1553.02526855,
  "Reims": 1544.6529541,
  "Nantes": 1528.25720215,
  "Saint-Etienne": 1526.97937012,
  "Troyes": 1507.95092773,
  "Metz": 1497.83789062,
  "Le Mans": 1484.61010742,
  "Montpellier": 1482.66711426,
  "Rodez": 1480.0871582,
  "Annecy": 1457.80480957,
  "Dunkerque": 1427.59191895,
  "Red Star": 1426.9420166,
  "Guingamp": 1419.79675293,
  "Pau": 1406.41052246,
  "Boulogne": 1388.70825195,
  "Laval": 1384.84082031,
  "Grenoble": 1383.74157715,
  "Bastia": 1382.05163574,
  "Clermont": 1372.96606445,
  "Nancy": 1329.58837891,
  "Amiens": 1318.35668945
}