{
  "Liverpool": 2015.11755371,
  "Arsenal": 2006.3215332,
  "PSG": 1981.21923828,
  "Barcelona": 1949.71337891,
  "Manchester City": 1947.48962402,
  "Real Madrid": 1945.29675293,
  "Bayern Munich": 1932.61962891,
  "Chelsea": 1915.26306152,
  "Inter": 1912.22558594,
  "Newcastle": 1867.49780273,
  "Napoli": 1855.05078125,
  "Crystal Palace": 1848.81408691,
  "Aston Villa": 1847.85534668,
  "Leverkusen": 1840.58789062,
  "Atlético": 1838.47692871,
  "Atalanta": 1833.10021973,
  "Bournemouth": 1827.1661377,
  "Borussia Dortmund": 1826.94824219,
  "Juventus": 1822.57922363,
  "Brighton": 1818.61328125,
  "Roma": 1814.97302246,
  "Tottenham": 1811.77648926,
  "Everton": 1805.91906738,
  "Brentford": 1801.20239258,
  "Benfica": 1800.01904297,
  "Lille": 1799.77001953,
  "Manchester United": 1796.9732666,
  "Sporting": 1792.95300293,
  "Forest": 1792.11901855,
  "Athletic": 1785.71923828,
  "Fulham": 1785.67749023,
  "Milan": 1784.89172363,
  "Villarreal": 1782.15222168,
  "PSV": 1771.40002441,
  "Monaco": 1767.54638672,
  "Frankfurt": 1756.82800293,
  "Saint-Gilloise": 1754.25195312,
  "Lazio": 1751.53369141,
  "Marseille": 1748.53979492,
  "Lyon": 1747.80395508,
  "Bologna": 1744.04199219,
  "Fiorentina": 1743.68139648,
  "Brugge": 1743.32971191,
  "Betis": 1731.6126709,
  "Feyenoord": 1731.19616699,
  "West Ham": 1728.18762207,
  "Leeds": 1725.92028809,
  "RB Leipzig": 1725.17541504,
  "Porto": 1723.98449707,
  "Burnley": 1718.93005371,
  "Strasbourg": 1716.23608398,
  "Galatasaray": 1714.37695312,
  "Wolverhampton": 1714.15014648,
  "Stuttgart": 1704.65246582,
  "Osasuna": 1700.31872559,
  "Lens": 1694.11865234,
  "Olympiakos": 1692.31005859,
  "Mainz": 1690.54003906,
  "Nice": 1689.60754395,
  "Werder": 1688.85327148,
  "Fenerbahce": 1684.81640625,
  "Torino": 1684.63317871,
  "Slavia Praha": 1681.18981934,
  "Valencia": 1675.86462402,
  "Celta": 1669.97851562,
  "Freiburg": 1666.15014648,
  "Rayo Vallecano": 1664.39038086,
  "Rennais": 1663.14404297,
  "Toulouse": 1663.07189941,
  "Espanyol": 1661.12463379,
  "Alaves": 1660.70825195,
  "Ajax": 1660.57958984,
  "Bodø/Glimt": 1657.8770752,
  "Genoa": 1656.18408203,
  "Como": 1656.14367676,
  "Celtic": 1655.41442871,
  "Wolfsburg": 1654.62182617,
  "Real Sociedad": 1653.47314453,
  "Copenhagen": 1653.38525391,
  "Getafe": 1647.20361328,
  "Brest": 1646.33032227,
  "Braga": 1643.4666748,
  "Udinese": 1640.7097168,
  "Zenit": 1640.33081055,
  "Alkmaar": 1638.66833496,
  "Genk": 1635.60070801,
  "Sevilla": 1633.08679199,
  "FC Krasnodar": 1631.63244629,
  "Hoffenheim": 1627.61657715,
  "Mallorca": 1626.13317871,
  "Augsburg": 1625.19128418,
  "Midtjylland": 1618.32226562,
  "Cagliari": 1612.83605957,
  "Gladbach": 1611.3963623,
  "Auxerre": 1610.78442383,
  "Union Berlin": 1610.41442871,
  "CSKA Moskva": 1609.09484863,
  "Girona": 1606.21850586,
  "Elche": 1605.29296875,
  "St Pauli": 1604.66577148,
  "Sassuolo": 1595.13366699,
  "Parma": 1593.78723145,
  "Levante": 1593.47229004,
  "Utrecht": 1592.46679688,
  "Crvena Zvezda": 1590.41052246,
  "Verona": 1587.78881836,
  "Koeln": 1587.26220703,
  "PAOK": 1586.18481445,
  "Lorient": 1585.49475098,
  "Sunderland": 1585.45593262,
  "Nantes": 1581.63952637,
  "AEK": 1579.92456055,
  "Real Oviedo": 1579.88903809,
  "Lecce": 1575.88317871,
  "Viktoria Plzen": 1573.5859375,
  "Anderlecht": 1572.92175293,
  "Sparta Praha": 1571.17382812,
  "Guimaraes": 1566.15441895,
  "Cremonese": 1566.00073242,
  "Rangers": 1560.33288574,
  "Spartak Moskva": 1554.22668457,
  "Le Havre": 1552.71508789,
  "Metz": 1552.3503418,
  "Brondby": 1552.19799805,
  "Shakhtar": 1551.20666504,
  "Paris FC": 1548.88598633,
  "Twente": 1547.20495605,
  "Mjaellby": 1546.73901367,
  "Lok Moskva": 1545.93566895,
  "RB Salzburg": 1545.91516113,
  "Hamburg": 1545.75524902,
  "Angers": 1544.66027832,
  "Heidenheim": 1542.25964355,
  "M Tel Aviv": 1541.35534668,
  "Qarabag": 1537.91674805,
  "Antwerp": 1537.71789551,
  "Viking": 1533.85339355,
  "Brann": 1533.21447754,
  "Panathinaikos": 1529.88769531,
  "Pisa": 1529.47387695,
  "Dynamo Moskva": 1528.63293457,
  "Sturm Graz": 1528.47338867,
  "Famalicao": 1528.46899414,
  "Pafos": 1524.84204102,
  "Rakow": 1523.06982422,
  "Malmoe": 1522.48156738,
  "Basel": 1519.16870117,
  "Charleroi": 1518.67419434,
  "Nordsjaelland": 1514.34411621,
  "Nijmegen": 1512.5723877,
  "Hammarby": 1511.32617188,
  "Sparta Rotterdam": 1510.47009277,
  "Young Boys": 1510.45849609,
  "Dinamo Zagreb": 1509.16882324,
  "Jablonec": 1508.20910645,
  "Ferencvaros": 1507.26171875,
  "Jagiellonia": 1505.78918457,
  "Beer-Sheva": 1503.24035645,
  "Mechelen": 1502.8416748,
  "Legia": 1501.82287598,
  "Aarhus": 1501.11230469,
  "Lech": 1499.84606934,
  "Gent": 1496.26000977,
  "Djurgarden": 1495.5625,
  "Dynamo Kyiv": 1489.11010742,
  "Moreirense": 1488.59887695,
  "Go Ahead Eagles": 1488.59204102,
  "Craiova": 1482.86096191,
  "Westerlo": 1482.39746094,
  "Trabzonspor": 1477.04602051,
  "Rosenborg": 1475.68469238,
  "Besiktas": 1475.41455078,
  "Omonia": 1472.90844727,
  "Gil Vicente": 1471.82702637,
  "Santa Clara": 1471.80944824,
  "Razgrad": 1470.08447266,
  "Wolfsberg": 1468.41271973,
  "Rapid Wien": 1468.06921387,
  "St Truiden": 1467.50708008,
  "Aris Limassol": 1467.36364746,
  "Zwolle": 1465.49511719,
  "Elfsborg": 1465.3326416,
  "Arouca": 1464.48803711,
  "Cercle Brugge": 1463.93347168,
  "Casa Pia": 1462.23950195,
  "Pogon": 1461.1472168,
  "Randers": 1460.02026367,
  "Estoril": 1459.7310791,
  "Steaua": 1458.75219727,
  "Larnaca": 1457.03344727,
  "AIK": 1455.90673828,
  "Rubin Kazan": 1453.67565918,
  "Celje": 1448.68579102,
  "Gornik": 1448.42346191,
  "Viborg": 1447.72460938,
  "Rio Ave": 1447.16760254,
  "Tromso": 1446.3170166,
  "Cracovia": 1446.20654297,
  "Bueyueksehir": 1444.22033691,
  "Silkeborg": 1443.15209961,
  "Maccabi Haifa": 1441.19274902,
  "Banik Ostrava": 1439.87353516,
  "Molde": 1439.73999023,
  "Aris": 1439.71508789,
  "Austria Wien": 1438.66088867,
  "Groningen": 1435.58862305,
  "Hearts": 1435.42785645,
  "StGallen": 1434.0657959,
  "Baltika": 1433.69958496,
  "Sittard": 1430.90246582,
  "Standard": 1430.22888184,
  "Rostov": 1428.76647949,
  "Samsunspor": 1427.96765137,
  "Leuven": 1425.71289062,
  "Korona": 1424.98620605,
  "Heerenveen": 1423.53674316,
  "Goeteborg": 1419.21606445,
  "Hibernian": 1417.06970215,
  "Alanyaspor": 1416.36645508,
  "Levski": 1414.66088867,
  "Goeztepe": 1414.63146973,
  "Piast Gliwice": 1411.0513916,
  "Servette": 1410.83105469,
  "Hajduk": 1409.68713379,
  "Slovan Liberec": 1407.93273926,
  "GAIS": 1406.91101074,
  "Konyaspor": 1403.17163086,
  "Nacional": 1403.15515137,
  "Lausanne": 1402.87573242,
  "Hradec Kralove": 1402.26879883,
  "CFR Cluj": 1401.85424805,
  "Rapid Bucuresti": 1401.53356934,
  "Fredrikstad": 1401.44628906,
  "Kasimpasa": 1401.35559082,
  "Haecken": 1399.60949707,
  "Kryliya Sovetov": 1398.45556641,
  "Rijeka": 1395.64831543,
  "Partizan": 1395.47436523,
  "SonderjyskE": 1392.8515625,
  "Puskas Akademia": 1391.07287598,
  "IK Sirius": 1389.90917969,
  "KFUM Oslo": 1389.74987793,
  "LASK": 1387.15332031,
  "Zuerich": 1385.95129395,
  "Luzern": 1385.70385742,
  "Terek Grozny": 1385.68811035,
  "Kayseri": 1384.05419922,
  "Slovan Bratislava": 1382.40649414,
  "Sarpsborg": 1382.2376709,
  "Paksi": 1381.00280762,
  "Hartberg": 1379.08508301,
  "Dender": 1378.28723145,
  "Sandefjord": 1377.02026367,
  "Alverca": 1375.79992676,
  "Gaziantep FK": 1374.94616699,
  "Rizespor": 1374.9230957,
  "Radomiak": 1374.88537598,
  "St Mirren": 1373.77270508,
  "Heracles": 1372.2199707,
  "Plock": 1369.69799805,
  "Sigma Olomouc": 1369.36132812,
  "Lubin": 1368.90075684,
  "Estrela Amadora": 1368.77587891,
  "Katowice": 1368.70056152,
  "Fredericia": 1368.0793457,
  "Antalyaspor": 1366.32189941,
  "Tondela": 1362.90600586,
  "Gyoer": 1362.58850098,
  "Widzew": 1362.38684082,
  "Motor Lublin": 1361.07324219,
  "Sion": 1360.95898438,
  "Lugano": 1360.91308594,
  "Universitatea Cluj": 1357.18908691,