{
  "Real Madrid": 1965.74853516,
  "Barcelona": 1915.44836426,
  "Atletico": 1872.44665527,
  "Athletic": 1799.69067383,
  "Villarreal": 1760.27124023,
  "Sociedad": 1706.66564941,
  "Girona": 1692.4029541,
  "Betis": 1691.73962402,
  "Osasuna": 1679.97631836,
  "Sevilla": 1678.82897949,
  "Getafe": 1673.91894531,
  "Rayo Vallecano": 1668.65551758,
  "Celta": 1660.38378906,
  "Mallorca": 1655.82727051,
  "Valencia": 1647.95324707,
  "Alaves": 1624.59411621,
  "Espanyol": 1606.14123535,
  "Las Palmas": 1593.49108887,
  "Leganes": 1586.64648438,
  "Almeria": 1566.13928223,
  "Levante": 1564.60693359,
  "Elche": 1563.49633789,
  "Huesca": 1562.13195801,
  "Oviedo": 1560.64196777,
  "Cadiz": 1557.66320801,
  "Granada": 1554.39831543,
  "Mirandes": 1542.50708008,
  "Valladolid": 1534.75732422,
  "Santander": 1533.94750977,
  "Gijon": 1507.47766113,
  "Eibar": 1494.06542969,
  "Albacete": 1481.99768066,
  "Zaragoza": 1476.77514648,
  "Depor": 1471.11096191,
  "Burgos": 1467.8704834,
  "Malaga": 1463.66589355,
  "Cordoba": 1454.58679199,
  "Castellon": 1448.3939209,
  "Eldense": 1419.63757324,
  "Tenerife": 1415.85229492,
  "Ferrol": 1403.43139648,
  "Cartagena": 1364.8996582
}