{
  "Bayern Munich": 1954.95300293,
  "Borussia Dortmund": 1845.07678223,
  "Leverkusen": 1841.94873047,
  "Frankfurt": 1768.0333252,
  "RB Leipzig": 1744.59313965,
  "Stuttgart": 1728.52111816,
  "Mainz": 1702.41186523,
  "Freiburg": 1689.27648926,
  "Werder": 1675.86462402,
  "Wolfsburg": 1651.69995117,
  "Hoffenheim": 1633.48571777,
  "Union Berlin": 1627.34667969,
  "Gladbach": 1617.3795166,
  "Augsburg": 1610.46252441,
  "St Pauli": 1601.40112305,
  "Koeln": 1583.27233887,
  "Hamburg": 1562.61950684,
  "Heidenheim": 1551.54516602,
  "Elversberg": 1534.39379883,
  "Holstein": 1529.99243164,
  "Paderborn": 1524.56005859,
  "Karlsruhe": 1505.43859863,
  "Hannover": 1503.32519531,
  "Bochum": 1493.64355469,
  "Darmstadt": 1493.15808105,
  "Duesseldorf": 1489.42907715,
  "Lautern": 1474.91003418,
  "Hertha": 1468.21887207,
  "Schalke": 1448.40637207,
  "Muenster": 1414.76647949,
  "Magdeburg": 1413.52416992,
  "Nuernberg": 1409.46398926,
  "Fuerth": 1405.61340332,
  "Braunschweig": 1379.44873047,
  "Bielefeld": 1375.06713867,
  "Dresden": 1345.28442383
}