{
  "Bayern Munich": 1974.59399414,
  "Borussia Dortmund": 1848.17602539,
  "Leverkusen": 1822.83813477,
  "RB Leipzig": 1766.14074707,
  "Frankfurt": 1736.65368652,
  "Stuttgart": 1710.20153809,
  "Freiburg": 1682.47839355,
  "Werder": 1677.38842773,
  "Mainz": 1666.47900391,
  "Hoffenheim": 1645.32275391,
  "Union Berlin": 1620.34448242,
  "Wolfsburg": 1619.18725586,
  "Gladbach": 1614.12243652,
  "Augsburg": 1598.15783691,
  "Koeln": 1595.01782227,
  "Hamburg": 1553.93518066,
  "St Pauli": 1552.90612793,
  "Heidenheim": 1540.42260742,
  "Paderborn": 1533.19714355,
  "Elversberg": 1528.28771973,
  "Holstein": 1506.11987305,
  "Karlsruhe": 1501.96813965,
  "Bochum": 1494.17504883,
  "Hannover": 1488.72155762,
  "Lautern": 1481.24157715,
  "Hertha": 1472.875,
  "Darmstadt": 1472.36279297,
  "Schalke": 1465.71948242,
  "Duesseldorf": 1452.07519531,
  "Nuernberg": 1423.20019531,
  "Muenster": 1406.66296387,
  "Magdeburg": 1401.10437012,
  "Bielefeld": 1377.54785156,
  "Fuerth": 1375.66796875,
  "Braunschweig": 1352.97143555,
  "Dresden": 1333.58007812
}