{
  "Barcelona": 1946.63098145,
  "Real Madrid": 1929.76306152,
  "Atletico": 1856.0904541,
  "Athletic": 1786.69482422,
  "Betis": 1765.5447998,
  "Villarreal": 1765.04553223,
  "Valencia": 1693.02294922,
  "Celta": 1684.51098633,
  "Osasuna": 1676.50439453,
  "Sociedad": 1675.7734375,
  "Mallorca": 1653.79956055,
  "Rayo Vallecano": 1651.10888672,
  "Girona": 1649.45898438,
  "Sevilla": 1643.72973633,
  "Espanyol": 1640.96655273,
  "Getafe": 1634.5423584,
  "Alaves": 1633.13916016,
  "Levante": 1597.31274414,
  "Leganes": 1589.81274414,
  "Las Palmas": 1588.16479492,
  "Elche": 1575.08483887,
  "Oviedo": 1566.66467285,
  "Mirandes": 1540.20788574,
  "Santander": 1539.72216797,
  "Almeria": 1535.74572754,
  "Granada": 1526.21850586,
  "Cadiz": 1526.17443848,
  "Eibar": 1517.14575195,
  "Huesca": 1503.66955566,
  "Albacete": 1496.54101562,
  "Depor": 1491.92053223,
  "Cordoba": 1488.48876953,
  "Valladolid": 1487.77282715,
  "Burgos": 1486.82250977,
  "Gijon": 1483.87768555,
  "Zaragoza": 1460.76574707,
  "Castellon": 1460.36730957,
  "Tenerife": 1452.24438477,
  "Malaga": 1450.99768066,
  "Eldense": 1422.20788574,
  "Ferrol": 1357.4473877,
  "Cartagena": 1335.7142334
}