{
  "Arsenal": 2036.95959473,
  "Liverpool": 1992.74121094,
  "Manchester City": 1986.30566406,
  "Chelsea": 1919.63476562,
  "Newcastle": 1887.63562012,
  "Aston Villa": 1886.50964355,
  "Crystal Palace": 1869.20983887,
  "Brighton": 1849.96325684,
  "Bournemouth": 1847.5123291,
  "Manchester United": 1825.26403809,
  "Tottenham": 1820.96923828,
  "Brentford": 1817.65722656,
  "Everton": 1815.10314941,
  "Fulham": 1786.89245605,
  "Forest": 1760.22375488,
  "Burnley": 1733.30944824,
  "Leeds": 1733.21630859,
  "West Ham": 1724.2557373,
  "Wolverhampton": 1705.85412598,
  "Sunderland": 1625.78051758,
  "Coventry": 1625.05932617,
  "Leicester": 1616.5222168,
  "Middlesbrough": 1588.94934082,
  "Ipswich": 1581.50842285,
  "Sheffield United": 1564.10314941,
  "Bristol City": 1562.71923828,
  "Millwall": 1549.0994873,
  "Southampton": 1543.79699707,
  "West Brom": 1543.05358887,
  "Hull": 1522.52294922,
  "QPR": 1519.84753418,
  "Swansea": 1516.8482666,
  "Stoke": 1514.33654785,
  "Preston": 1499.88342285,
  "Portsmouth": 1493.37573242,
  "Watford": 1492.92199707,
  "Norwich": 1487.48193359,
  "Charlton": 1486.60913086,
  "Blackburn": 1478.92041016,
  "Derby": 1471.3692627,
  "Oxford": 1463.17895508,
  "Birmingham": 1453.85754395,
  "Wrexham": 1450.34692383,
  "Sheffield Weds": 1448.03894043
}