{
  "Arsenal": 2038.04553223,
  "Manchester City": 1964.17443848,
  "Liverpool": 1949.6784668,
  "Chelsea": 1919.94885254,
  "Aston Villa": 1886.61572266,
  "Newcastle": 1863.60144043,
  "Crystal Palace": 1859.31018066,
  "Brighton": 1848.08508301,
  "Bournemouth": 1825.58850098,
  "Tottenham": 1821.04943848,
  "Manchester United": 1819.18493652,
  "Brentford": 1818.4041748,
  "Everton": 1809.02709961,
  "Forest": 1783.92382812,
  "Fulham": 1778.02490234,
  "West Ham": 1737.35656738,
  "Burnley": 1717.02355957,
  "Leeds": 1711.32995605,
  "Wolverhampton": 1670.60351562,
  "Coventry": 1641.64855957,
  "Sunderland": 1641.51721191,
  "Ipswich": 1606.81201172,
  "Leicester": 1579.23693848,
  "Southampton": 1559.8704834,
  "Middlesbrough": 1555.11889648,
  "Sheffield United": 1543.95397949,
  "Stoke": 1541.85424805,
  "Bristol City": 1531.5246582,
  "Millwall": 1521.5958252,
  "West Brom": 1516.6751709,
  "Preston": 1515.51940918,
  "Watford": 1508.44372559,
  "Derby": 1505.84899902,
  "Hull": 1504.87561035,
  "QPR": 1503.29052734,
  "Blackburn": 1499.56567383,
  "Wrexham": 1485.61999512,
  "Birmingham": 1485.47290039,
  "Swansea": 1477.6763916,
  "Portsmouth": 1458.4095459,
  "Charlton": 1456.31677246,
  "Oxford": 1450.82885742,
  "Norwich": 1444.7565918,
  "Sheffield Weds": 1412.44799805
}