{
  "Inter": 1924.73425293,
  "Napoli": 1838.86364746,
  "Milan": 1824.44812012,
  "Roma": 1795.59033203,
  "Juventus": 1789.71813965,
  "Atalanta": 1782.46789551,
  "Bologna": 1754.14208984,
  "Lazio": 1751.53125,
  "Como": 1705.71716309,
  "Fiorentina": 1662.63549805,
  "Torino": 1650.10961914,
  "Genoa": 1633.11206055,
  "Sassuolo": 1629.00366211,
  "Udinese": 1614.80847168,
  "Cagliari": 1603.94506836,
  "Cremonese": 1595.09863281,
  "Parma": 1590.89331055,
  "Lecce": 1572.39831543,
  "Verona": 1571.88342285,
  "Venezia": 1562.38269043,
  "Monza": 1546.29846191,
  "Pisa": 1539.13110352,
  "Frosinone": 1520.53796387,
  "Empoli": 1518.1965332,
  "Palermo": 1499.22998047,
  "Catanzaro": 1468.57177734,
  "Cesena": 1464.47790527,
  "Modena": 1459.84484863,
  "Spezia": 1458.07592773,
  "Juve Stabia": 1436.52722168,
  "Suedtirol": 1420.00610352,
  "Reggiana": 1419.92236328,
  "Sampdoria": 1412.94604492,
  "Bari": 1404.57751465,
  "Carrarese": 1402.2746582,
  "Padova": 1381.98217773,
  "Mantova": 1375.68518066,
  "Avellino": 1371.4987793,
  "Entella": 1360.27050781,
  "Pescara": 1346.4597168
}