{
  "Arsenal": 2048.81982422,
  "Manchester City": 1970.27075195,
  "Liverpool": 1933.21911621,
  "Manchester United": 1888.47265625,
  "Aston Villa": 1886.95043945,
  "Brighton": 1865.9041748,
  "Bournemouth": 1847.7869873,
  "Chelsea": 1841.20581055,
  "Forest": 1828.62194824,
  "Brentford": 1828.46948242,
  "Newcastle": 1825.7310791,
  "Everton": 1821.38220215,
  "Fulham": 1811.88684082,
  "Crystal Palace": 1809.73657227,
  "Leeds": 1793.19287109,
  "West Ham": 1769.64355469,
  "Tottenham": 1758.71289062,
  "Sunderland": 1699.78662109,
  "Wolverhampton": 1678.33215332,
  "Burnley": 1664.96533203,
  "Coventry": 1648.61035156,
  "Ipswich": 1629.45556641,
  "Southampton": 1624.70922852,
  "Millwall": 1594.4017334,
  "Middlesbrough": 1585.64587402,
  "Norwich": 1564.51489258,
  "Derby": 1544.44958496,
  "Sheffield United": 1533.22680664,
  "Swansea": 1524.36071777,
  "Wrexham": 1522.64086914,
  "Hull": 1520.60925293,
  "West Brom": 1512.68701172,
  "Birmingham": 1502.1295166,
  "Blackburn": 1498.53955078,
  "Portsmouth": 1496.13427734,
  "Bristol City": 1494.78686523,
  "Leicester": 1490.07995605,
  "QPR": 1482.93505859,
  "Preston": 1482.38439941,
  "Oxford": 1464.42285156,
  "Watford": 1462.91174316,
  "Stoke": 1457.50964355,
  "Charlton": 1456.79248047,
  "Sheffield Weds": 1326.07287598
}