{
  "Inter": 1932.87878418,
  "Napoli": 1808.49816895,
  "Roma": 1805.46374512,
  "Milan": 1797.33996582,
  "Juventus": 1783.88879395,
  "Atalanta": 1782.88745117,
  "Bologna": 1756.13269043,
  "Lazio": 1750.28369141,
  "Fiorentina": 1688.64208984,
  "Como": 1681.47827148,
  "Torino": 1680.03723145,
  "Sassuolo": 1624.23730469,
  "Udinese": 1618.09387207,
  "Genoa": 1613.65466309,
  "Cagliari": 1591.34863281,
  "Parma": 1582.32897949,
  "Lecce": 1573.53369141,
  "Cremonese": 1567.13500977,
  "Verona": 1564.08959961,
  "Venezia": 1545.97509766,
  "Monza": 1544.31958008,
  "Pisa": 1543.11962891,
  "Empoli": 1510.17492676,
  "Frosinone": 1493.3236084,
  "Modena": 1476.08984375,
  "Palermo": 1469.0559082,
  "Cesena": 1459.24060059,
  "Spezia": 1456.92114258,
  "Catanzaro": 1454.68994141,
  "Juve Stabia": 1451.18005371,
  "Carrarese": 1420.01635742,
  "Suedtirol": 1419.51464844,
  "Bari": 1418.82348633,
  "Reggiana": 1412.99291992,
  "Sampdoria": 1400.14440918,
  "Padova": 1375.70141602,
  "Mantova": 1370.4888916,
  "Entella": 1367.21887207,
  "Avellino": 1366.62768555,
  "Pescara": 1344.06152344
}