{
  "Arsenal": 2057.37646484,
  "Bayern Munich": 1986.94689941,
  "Barcelona": 1956.66333008,
  "PSG": 1955.02209473,
  "Real Madrid": 1943.73168945,
  "Manchester City": 1937.73022461,
  "Liverpool": 1924.0255127,
  "Inter": 1889.01538086,
  "Chelsea": 1881.42883301,
  "Manchester United": 1878.02404785,
  "Aston Villa": 1871.37011719,
  "Newcastle": 1862.05993652,
  "Sporting": 1861.45532227,
  "Atlético": 1861.38696289,
  "Brighton": 1830.75244141,
  "Brentford": 1830.01391602,
  "Borussia Dortmund": 1829.76818848,
  "Bournemouth": 1818.24243164,
  "Benfica": 1814.43688965,
  "Everton": 1812.27575684,
  "Milan": 1811.26171875,
  "Leverkusen": 1805.75524902,
  "Porto": 1794.36791992,
  "Napoli": 1793.23876953,
  "Atalanta": 1791.96899414,
  "Fulham": 1791.63757324,
  "Crystal Palace": 1785.72521973,
  "Juventus": 1784.66296387,
  "Roma": 1779.02563477,
  "Tottenham": 1766.06201172,
  "PSV": 1762.46691895,
  "Leeds": 1760.72399902,
  "Forest": 1759.49902344,
  "Lens": 1758.00097656,
  "Lyon": 1754.75036621,
  "Como": 1753.55554199,
  "Stuttgart": 1753.36779785,
  "Marseille": 1750.21557617,
  "Villarreal": 1750.06677246,
  "West Ham": 1742.95056152,
  "Betis": 1741.19555664,
  "RB Leipzig": 1739.41357422,
  "Monaco": 1738.56958008,
  "Galatasaray": 1735.46252441,
  "Bodø/Glimt": 1726.3996582,
  "Lille": 1724.75695801,
  "Celta": 1724.46899414,
  "Saint-Gilloise": 1723.69567871,
  "Brugge": 1723.02246094,
  "Hoffenheim": 1714.51086426,
  "Strasbourg": 1711.9798584,
  "Midtjylland": 1707.78027344,
  "Rennais": 1703.51477051,
  "Lazio": 1701.90527344,
  "Athletic": 1700.16894531,
  "Real Sociedad": 1698.20068359,
  "Wolverhampton": 1698.16833496,
  "Bologna": 1695.39428711,
  "Olympiacos": 1692.21838379,
  "Sunderland": 1687.82263184,
  "Braga": 1687.4708252,
  "Frankfurt": 1683.8092041,
  "Burnley": 1679.6998291,
  "Osasuna": 1678.8223877,
  "Slavia Prag": 1673.00549316,
  "Brest": 1671.95092773,
  "Mainz": 1670.30822754,
  "Freiburg": 1667.89025879,
  "Valencia": 1660.0324707,
  "Fenerbahce": 1659.53710938,
  "Rayo Vallecano": 1658.7142334,
  "Fiorentina": 1652.23205566,
  "Zenit": 1651.2767334,
  "Getafe": 1650.01062012,
  "Girona": 1649.57556152,
  "Genoa": 1646.11914062,
  "Lorient": 1645.25085449,
  "Toulouse": 1642.68554688,
  "AEK": 1630.8605957,
  "FC Krasnodar": 1629.65258789,
  "Espanyol": 1629.11584473,
  "Mallorca": 1628.49743652,
  "PAOK": 1626.42016602,
  "Sevilla": 1625.05895996,
  "Torino": 1623.69238281,
  "Sassuolo": 1622.43286133,
  "Gladbach": 1619.46972656,
  "Augsburg": 1617.27734375,
  "Werder": 1616.96203613,
  "Udinese": 1614.63244629,
  "Union Berlin": 1612.23693848,
  "Genk": 1609.3807373,
  "Alaves": 1605.50512695,
  "Viking": 1598.91760254,
  "Parma": 1598.38574219,
  "Levante": 1596.13708496,
  "Feyenoord": 1594.44799805,
  "Elche": 1590.44140625,
  "Hamburg": 1589.97680664,
  "Nice": 1587.79162598,
  "Aarhus": 1587.15881348,
  "Wolfsburg": 1586.17993164,
  "Sparta Praha": 1583.55773926,
  "Ajax": 1583.34362793,
  "Crvena Zvezda": 1582.77990723,
  "Panathinaikos": 1578.27966309,
  "Cagliari": 1576.83032227,
  "Viktoria Plzen": 1576.82250977,
  "Copenhagen": 1572.83618164,
  "Auxerre": 1572.2298584,
  "Lok Moskva": 1572.06103516,
  "Le Havre": 1569.44885254,
  "Paris FC": 1566.14001465,
  "Shakhtar": 1565.99633789,
  "St Pauli": 1563.71948242,
  "CSKA Moskva": 1563.29858398,
  "Pafos": 1563.08483887,
  "Real Oviedo": 1562.60180664,
  "Koeln": 1561.96911621,
  "Celtic": 1561.3034668,
  "Lecce": 1559.85766602,
  "Dinamo Zagreb": 1556.9395752,
  "Spartak Moskva": 1556.91418457,
  "Angers": 1556.77075195,
  "Famalicao": 1556.69042969,
  "Qarabag FK": 1554.37609863,
  "Trabzonspor": 1550.54016113,
  "Brondby": 1547.77416992,
  "St Truiden": 1547.3548584,
  "Anderlecht": 1547.13574219,
  "Mjaellby": 1546.16772461,
  "Twente": 1545.99401855,
  "Ferencvaros": 1540.96716309,
  "Rangers": 1540.54724121,
  "Alkmaar": 1539.67456055,
  "Besiktas": 1535.08850098,
  "Nijmegen": 1534.5098877,
  "Gil Vicente": 1531.48034668,
  "Dynamo Moskva": 1531.3248291,
  "Brann": 1530.03625488,
  "Rakow": 1527.82055664,
  "Nantes": 1524.98291016,
  "Cremonese": 1522.53393555,
  "Estoril": 1521.79296875,
  "Guimaraes": 1520.2244873,
  "Mechelen": 1517.12768555,
  "Nordsjaelland": 1514.62817383,
  "Utrecht": 1512.58129883,
  "Verona": 1512.55725098,
  "Antwerp": 1510.59753418,
  "Gent": 1509.85058594,
  "Pisa": 1508.81188965,
  "Hammarby": 1507.85095215,
  "Bueyueksehir": 1505.23535156,
  "Viborg": 1503.0546875,
  "Metz": 1502.96313477,
  "Larnaca": 1501.20178223,
  "Heidenheim": 1498.140625,
  "Lech": 1494.58959961,
  "Westerlo": 1494.3157959,
  "Charleroi": 1491.98571777,
  "Moreirense": 1491.80908203,
  "RB Salzburg": 1490.87365723,
  "Jagiellonia": 1488.03942871,
  "Randers": 1487.69189453,
  "Djurgarden": 1482.56896973,
  "SonderjyskE": 1481.35534668,
  "Aris Limassol": 1480.23510742,
  "Tromso": 1478.83618164,
  "Standard": 1477.28601074,
  "Thun": 1476.8795166,
  "Baltika": 1475.85229492,
  "Jablonec": 1470.60083008,
  "Beer-Sheva": 1468.04675293,
  "Craiova": 1466.78466797,
  "Heerenveen": 1465.37695312,
  "Molde": 1462.76293945,
  "Arouca": 1462.51098633,
  "StGallen": 1460.68774414,
  "Omonia": 1458.95678711,
  "Sturm Graz": 1457.72058105,
  "Hearts": 1455.41455078,
  "Rosenborg": 1454.640625,
  "Santa Clara": 1454.3737793,
  "Goeztepe": 1451.4140625,
  "Leuven": 1448.67272949,
  "Basel": 1448.6262207,
  "Slovan Liberec": 1448.10400391,
  "Casa Pia": 1448.07739258,
  "CFR Cluj": 1445.15795898,
  "Sparta Rotterdam": 1444.40637207,
  "Razgrad": 1443.57824707,
  "Cercle Brugge": 1443.24169922,
  "Dynamo Kyiv": 1440.70935059,
  "Lubin": 1440.5357666,
  "Rio Ave": 1437.39990234,
  "Go Ahead Eagles": 1436.29443359,
  "Rijeka": 1435.57641602,
  "Pogon": 1434.94567871,
  "Austria Wien": 1434.93713379,
  "Gyoer": 1434.44055176,
  "Steaua": 1433.52319336,
  "Rubin Kazan": 1432.94812012,
  "Sandefjord": 1432.72436523,
  "Rostov": 1431.94628906,
  "Malmoe": 1430.48388672,
  "Young Boys": 1430.390625,
  "Legia": 1429.3269043,
  "Fredrikstad": 1428.62390137,
  "Levski": 1427.54553223,
  "Samsunspor": 1427.12036133,
  "Cracovia": 1424.15551758,
  "Alverca": 1424.04162598,
  "LASK": 1423.07507324,
  "Celje": 1421.67150879,
  "Aris": 1420.66479492,
  "Lugano": 1420.53137207,
  "Silkeborg": 1419.48376465,
  "Universitatea Cluj": 1418.35534668,
  "Nacional": 1417.55871582,
  "M Tel Aviv": 1417.34472656,
  "Hajduk": 1414.8807373,
  "Katowice": 1414.59448242,
  "Hradec Kralove": 1413.79699707,
  "Zwolle": 1411.67907715,
  "Gornik": 1410.92883301,
  "Rizespor": 1410.42114258,
  "Levadeiakos": 1410.0637207,
  "Sarpsborg": 1409.64245605,
  "Groningen": 1409.62548828,
  "Sigma Olomouc": 1409.1739502,
  "Hibernian": 1408.18066406,
  "GAIS": 1407.73730469,
  "Odense": 1407.56750488,
  "Lechia": 1407.43151855,
  "Piast Gliwice": 1407.03991699,
  "Korona": 1406.11242676,
  "Terek Grozny": 1405.74511719,
  "Radomiak": 1405.66296387,
  "Alanyaspor": 1404.73364258,
  "Estrela Amadora": 1404.50134277,
  "Sittard": 1401.88378906,
  "Luzern": 1400.71191406,
  "Motherwell": 1400.39599609,
  "Goeteborg": 1398.76123047,
  "RAAL": 1397.54614258,
  "Servette": 1396.92712402,
  "Lausanne": 1396.88452148,
  "Maccabi Haifa": 1396.15625,
  "Banik Ostrava": 1396.15405273,
  "AIK": 1393.45727539,
  "Rapid Bucuresti": 1392.07055664,
  "Gaziantep FK": 1390.04187012,
  "Ham-Kam": 1390.01184082,
  "Tondela": 1389.39233398,
  "IK Sirius": 1388.53955078,
  "Motor Lublin": 1386.68554688,
  "Sion": 1386.5065918,
  "Konyaspor": 1385.40283203,
  "Beitar": 1384.28881836,
  "Hartberg": 1383.32922363,
  "Atromitos": 1380.95019531,
  "Valerenga": 1380.84716797,
  "Kryliya Sovetov": 1379.50891113,
  "KFUM Oslo": 1378.3815918,
  "Wolfsberg": 1378.29821777,
  "Dender": 1378.26574707,
  "Zulte Waregem": 1375.984375,
  "Elfsborg": 1375.86462402,
  "Paksi": 1374.61828613,
  "Kasimpasa": 1373.87597656,
  "Polissya Zhytomyr": 1373.37023926,
  "Kocaelispor": 1372.35681152,
  "Fredericia": 1368.81152344,