{
  "Arsenal": 2049.58813477,
  "Manchester City": 2002.05639648,
  "Bayern Munich": 1992.16503906,
  "PSG": 1967.70617676,
  "Liverpool": 1947.14892578,
  "Barcelona": 1944.20178223,
  "Aston Villa": 1930.91906738,
  "Inter": 1920.04650879,
  "Real Madrid": 1909.73828125,
  "Chelsea": 1894.0723877,
  "Atlético": 1874.88562012,
  "Borussia Dortmund": 1860.62231445,
  "Newcastle": 1860.01977539,
  "Leverkusen": 1855.72265625,
  "Manchester United": 1836.06396484,
  "Brighton": 1832.58276367,
  "Brentford": 1826.86535645,
  "Milan": 1825.46105957,
  "Napoli": 1824.8182373,
  "Sporting": 1824.81738281,
  "Crystal Palace": 1818.42578125,
  "Tottenham": 1817.16003418,
  "Juventus": 1815.83654785,
  "PSV": 1808.14367676,
  "Benfica": 1807.75830078,
  "Roma": 1805.53625488,
  "Everton": 1805.03271484,
  "Atalanta": 1802.30273438,
  "Fulham": 1799.21594238,
  "Bournemouth": 1794.2208252,
  "Marseille": 1785.77587891,
  "Forest": 1778.90136719,
  "Porto": 1771.31726074,
  "Villarreal": 1764.84912109,
  "Betis": 1762.16040039,
  "Lille": 1759.65002441,
  "RB Leipzig": 1759.54797363,
  "Lens": 1753.32177734,
  "Bologna": 1752.58190918,
  "Lazio": 1751.86474609,
  "Leeds": 1751.49291992,
  "Stuttgart": 1742.7512207,
  "Lyon": 1739.55053711,
  "Frankfurt": 1726.25048828,
  "West Ham": 1724.13781738,
  "Freiburg": 1721.71948242,
  "Galatasaray": 1720.04284668,
  "Brugge": 1716.35314941,
  "Como": 1715.04272461,
  "Monaco": 1713.39025879,
  "Athletic": 1710.07739258,
  "Fenerbahce": 1704.26318359,
  "Burnley": 1701.00317383,
  "Strasbourg": 1699.46716309,
  "Saint-Gilloise": 1699.25671387,
  "Rennais": 1691.50695801,
  "Celta": 1691.20263672,
  "Hoffenheim": 1689.58776855,
  "Slavia Prag": 1682.85046387,
  "Espanyol": 1682.70043945,
  "Midtjylland": 1678.73034668,
  "Sunderland": 1677.33874512,
  "Olympiacos": 1676.32470703,
  "Braga": 1676.00866699,
  "Toulouse": 1667.37255859,
  "Zenit": 1662.57800293,
  "Werder": 1660.12475586,
  "Osasuna": 1659.30957031,
  "Fiorentina": 1659.10925293,
  "Torino": 1656.43017578,
  "Brest": 1655.85595703,
  "Bodø/Glimt": 1648.58691406,
  "Union Berlin": 1648.54418945,
  "Mainz": 1648.41308594,
  "Valencia": 1646.3013916,
  "Wolverhampton": 1643.73547363,
  "Gladbach": 1642.23388672,
  "Wolfsburg": 1641.89611816,
  "FC Krasnodar": 1639.16955566,
  "Real Sociedad": 1637.7869873,
  "Mallorca": 1634.89245605,
  "Sevilla": 1634.57446289,
  "Rayo Vallecano": 1634.11035156,
  "Sassuolo": 1633.94689941,
  "Genoa": 1628.01135254,
  "Feyenoord": 1623.1159668,
  "Udinese": 1620.39990234,
  "Augsburg": 1617.99523926,
  "Elche": 1615.93920898,
  "Alaves": 1615.24645996,
  "Getafe": 1612.54772949,
  "Cagliari": 1612.00683594,
  "PAOK": 1604.30578613,
  "Lorient": 1603.36083984,
  "Ajax": 1601.28991699,
  "Nice": 1600.87036133,
  "AEK": 1600.03845215,
  "Parma": 1597.63549805,
  "Copenhagen": 1596.06982422,
  "CSKA Moskva": 1595.08752441,
  "Girona": 1594.15856934,
  "Cremonese": 1592.33325195,
  "Koeln": 1583.78613281,
  "Verona": 1582.62182617,
  "Hamburg": 1582.56970215,
  "Angers": 1581.89294434,
  "Auxerre": 1580.04907227,
  "Viking": 1579.44616699,
  "Sparta Praha": 1577.16345215,
  "Celtic": 1577.05932617,
  "Lok Moskva": 1576.38366699,
  "Genk": 1575.73413086,
  "Lecce": 1570.81933594,
  "Crvena Zvezda": 1570.01843262,
  "Levante": 1569.50476074,
  "Aarhus": 1569.44274902,
  "Alkmaar": 1566.99047852,
  "St Pauli": 1566.50817871,
  "Viktoria Plzen": 1565.60778809,
  "Anderlecht": 1563.12683105,
  "Famalicao": 1556.95593262,
  "Le Havre": 1556.41552734,
  "Guimaraes": 1554.42468262,
  "Pafos": 1554.18640137,
  "Mjaellby": 1553.38671875,
  "Brondby": 1551.41638184,
  "Heidenheim": 1551.04199219,
  "Spartak Moskva": 1550.35668945,
  "Shakhtar": 1548.86914062,
  "Qarabag": 1545.95727539,
  "Twente": 1545.64160156,
  "Rakow": 1543.60241699,
  "Nantes": 1543.14379883,
  "Ferencvaros": 1542.79650879,
  "Real Oviedo": 1542.63830566,
  "Metz": 1542.47692871,
  "Paris FC": 1538.76696777,
  "Panathinaikos": 1537.4029541,
  "Pisa": 1534.76733398,
  "Antwerp": 1530.76525879,
  "Brann": 1523.38964844,
  "Utrecht": 1522.37805176,
  "Dinamo Zagreb": 1520.06677246,
  "Nijmegen": 1518.3293457,
  "St Truiden": 1516.98925781,
  "Trabzonspor": 1516.43359375,
  "Hammarby": 1515.06994629,
  "Basel": 1511.0201416,
  "Rangers": 1507.27502441,
  "Young Boys": 1505.54223633,
  "Besiktas": 1504.68237305,
  "Nordsjaelland": 1504.32434082,
  "Dynamo Moskva": 1504.17382812,
  "Larnaca": 1502.40771484,
  "Gil Vicente": 1498.9588623,
  "Jablonec": 1498.09667969,
  "Omonia": 1497.99060059,
  "Jagiellonia": 1495.51269531,
  "Moreirense": 1494.78393555,
  "RB Salzburg": 1494.52233887,
  "Mechelen": 1494.06176758,
  "Charleroi": 1493.85375977,
  "Estoril": 1491.97045898,
  "Djurgarden": 1489.7878418,
  "Lech": 1489.40087891,
  "Beer-Sheva": 1486.8951416,
  "Aris Limassol": 1486.09643555,
  "Bueyueksehir": 1482.80078125,
  "Viborg": 1481.81420898,
  "Baltika": 1477.88574219,
  "Gent": 1477.5402832,
  "Santa Clara": 1469.26098633,
  "Westerlo": 1467.30810547,
  "SonderjyskE": 1466.10339355,
  "Goeztepe": 1464.54211426,
  "Sturm Graz": 1461.94958496,
  "Rio Ave": 1460.61706543,
  "Randers": 1459.92504883,
  "Tromso": 1459.36462402,
  "Slovan Liberec": 1457.4831543,
  "Heerenveen": 1453.55200195,
  "Hearts": 1452.24267578,
  "M Tel Aviv": 1450.48779297,
  "Celje": 1449.2935791,
  "Go Ahead Eagles": 1449.21289062,
  "Samsunspor": 1448.35437012,
  "Craiova": 1448.2833252,
  "Steaua": 1448.0793457,
  "Malmoe": 1447.74304199,
  "Razgrad": 1447.55969238,
  "Arouca": 1443.60864258,
  "Molde": 1443.29150391,
  "Silkeborg": 1441.70031738,
  "Standard": 1440.10180664,
  "Sparta Rotterdam": 1437.44995117,
  "Rostov": 1435.17077637,
  "Rosenborg": 1435.16906738,
  "Casa Pia": 1434.61791992,
  "Hradec Kralove": 1431.44042969,
  "Pogon": 1430.78369141,
  "Rubin Kazan": 1430.16821289,
  "Lausanne": 1430.05480957,
  "Cercle Brugge": 1429.96813965,
  "Cracovia": 1429.24853516,
  "StGallen": 1428.68579102,
  "Gornik": 1428.40344238,
  "Aris": 1427.86535645,
  "Groningen": 1427.65039062,
  "Nacional": 1425.91210938,
  "Legia": 1424.02978516,
  "Alanyaspor": 1420.96594238,
  "LASK": 1417.94921875,
  "Servette": 1417.87426758,
  "Rapid Bucuresti": 1417.47814941,
  "Levski": 1417.18493652,
  "Wolfsberg": 1415.72351074,
  "Banik Ostrava": 1414.96826172,
  "GAIS": 1414.95629883,
  "Sandefjord": 1413.25305176,
  "Leuven": 1413.10070801,
  "Hajduk": 1412.86401367,
  "Odense": 1411.02832031,
  "Radomiak": 1410.97094727,
  "Fredrikstad": 1409.15246582,
  "Dynamo Kyiv": 1408.13500977,
  "Levadeiakos": 1408.10693359,
  "Zwolle": 1407.04577637,
  "Piast Gliwice": 1406.59118652,
  "Goeteborg": 1405.98010254,
  "Sigma Olomouc": 1404.2520752,
  "Estrela Amadora": 1403.8770752,
  "Hibernian": 1403.40576172,
  "Gyoer": 1402.9699707,
  "Sittard": 1402.28857422,
  "Korona": 1401.17749023,
  "Puskas Akademia": 1401.12744141,
  "AIK": 1400.67614746,
  "Alverca": 1398.44897461,
  "Austria Wien": 1398.24963379,
  "IK Sirius": 1395.75842285,
  "Maccabi Haifa": 1395.22668457,
  "Paksi": 1394.78393555,
  "Lugano": 1393.76208496,
  "Rijeka": 1392.95227051,
  "Sarpsborg": 1390.17102051,
  "Lubin": 1389.78625488,
  "Zuerich": 1389.09838867,
  "Partizan": 1388.98498535,
  "Plock": 1388.06030273,
  "Terek Grozny": 1387.9239502,
  "Gaziantep FK": 1387.91931152,
  "Kasimpasa": 1387.70263672,
  "Rizespor": 1387.16992188,
  "Elfsborg": 1383.08349609,
  "Haecken": 1381.72021484,
  "Zulte Waregem": 1381.09606934,
  "Thun": 1380.4309082,
  "Katowice": 1379.82775879,
  "Sion": 1378.84790039,
  "Kryliya Sovetov": 1378.48657227,
  "Akron Togliatti": 1374.86291504,
  "Karvina": 1374.26757812,
  "Lechia": 1373.94262695,
  "Luzern": 1372.75817871,
  "Dinamo Bucuresti": 1372.62670898,
  "CFR Cluj": 1371.71606445,
  "Ham-Kam": 1370.54064941,
  "Kocaelispor": 1369.92370605,
  "Hartberg": 1369.50036621,
  "Dender": 1367.92431641,
  "Konyaspor": 1367.24255371,
  "Tondela": 1362.60144043,
  "Heracles": 1362.54748535,