{
  "Barcelona": 1957.68969727,
  "Real Madrid": 1941.79553223,
  "Atletico": 1862.23876953,
  "Athletic": 1818.8013916,
  "Betis": 1760.0480957,
  "Villarreal": 1759.56054688,
  "Celta": 1688.60998535,
  "Sociedad": 1688.18261719,
  "Osasuna": 1686.34863281,
  "Valencia": 1683.15893555,
  "Mallorca": 1665.20373535,
  "Espanyol": 1664.31848145,
  "Sevilla": 1661.07116699,
  "Getafe": 1659.07470703,
  "Girona": 1657.62988281,
  "Rayo Vallecano": 1643.25793457,
  "Alaves": 1640.1472168,
  "Las Palmas": 1612.86657715,
  "Levante": 1596.22924805,
  "Elche": 1589.63659668,
  "Leganes": 1585.62866211,
  "Oviedo": 1564.29211426,
  "Santander": 1560.98132324,
  "Granada": 1558.75061035,
  "Almeria": 1538.90161133,
  "Cadiz": 1537.97851562,
  "Mirandes": 1533.96044922,
  "Huesca": 1527.41308594,
  "Eibar": 1518.96618652,
  "Albacete": 1511.22619629,
  "Valladolid": 1499.94677734,
  "Burgos": 1495.42138672,
  "Depor": 1493.046875,
  "Cordoba": 1492.390625,
  "Gijon": 1491.85778809,
  "Castellon": 1465.85583496,
  "Tenerife": 1459.49353027,
  "Zaragoza": 1457.35424805,
  "Malaga": 1457.31359863,
  "Eldense": 1431.21166992,
  "Ferrol": 1371.15002441,
  "Cartagena": 1335.27758789
}