{
  "PSG": 1974.93774414,
  "Manchester City": 1959.94421387,
  "Real Madrid": 1936.12731934,
  "Inter": 1933.2421875,
  "Bayern Munich": 1918.9979248,
  "Chelsea": 1902.80126953,
  "Atlético": 1855.34973145,
  "Borussia Dortmund": 1818.3503418,
  "Juventus": 1805.84667969,
  "Benfica": 1791.48046875,
  "Palmeiras": 1750.7607591766287,
  "Flamengo": 1743.9059925017032,
  "Botafogo": 1719.2766721601029,
  "Fluminense": 1710.2420803293733,
  "River Plate": 1695.425605508805,
  "Porto": 1678.19543457,
  "Boca Juniors": 1669.954116231878,
  "Monterrey": 1614.1476426009558,
  "Pachuca": 1593.130101174217,
  "Los Ángeles FC": 1587.160757466916,
  "Seattle": 1576.1940841229573,
  "RB Salzburg": 1558.85534668,
  "Inter Miami": 1556.5507546625422,
  "Al-Hilal": 1554.828243371397,
  "Urawa Reds": 1553.5292854055715,
  "Ahly SC": 1544.7799579402085,
  "Sundowns": 1495.6268688596851,
  "Ulsan HD": 1478.8366761682357,
  "Al-Ain": 1476.8309583291543,
  "Esperance": 1448.5758529742534,
  "Wydad AC": 1441.5269272954138,
  "Auckland City": 1128.145724186853
}