{
  "Bayern Munich": 2003.01428223,
  "Borussia Dortmund": 1836.91259766,
  "Leverkusen": 1806.17016602,
  "Stuttgart": 1765.97851562,
  "RB Leipzig": 1764.04748535,
  "Freiburg": 1734.07983398,
  "Hoffenheim": 1702.49780273,
  "Mainz": 1674.06958008,
  "Frankfurt": 1665.92382812,
  "Gladbach": 1642.98730469,
  "Augsburg": 1638.5904541,
  "Union Berlin": 1621.57470703,
  "Werder": 1608.16333008,
  "Hamburg": 1604.29138184,
  "Wolfsburg": 1601.71386719,
  "Koeln": 1570.31274414,
  "Heidenheim": 1554.71374512,
  "St Pauli": 1535.08557129,
  "Hannover": 1530.0144043,
  "Paderborn": 1527.51147461,
  "Elversberg": 1525.5423584,
  "Schalke": 1521.88635254,
  "Bochum": 1488.78527832,
  "Darmstadt": 1465.5012207,
  "Holstein": 1464.77929688,
  "Hertha": 1463.68334961,
  "Nuernberg": 1460.85510254,
  "Lautern": 1458.17932129,
  "Magdeburg": 1441.89233398,
  "Karlsruhe": 1437.92504883,
  "Dresden": 1416.50463867,
  "Duesseldorf": 1412.37426758,
  "Bielefeld": 1407.04162598,
  "Fuerth": 1396.97070312,
  "Braunschweig": 1383.19287109,
  "Muenster": 1354.92175293
}