{
  "Barcelona": 1952.88891602,
  "Real Madrid": 1942.11279297,
  "Atlético": 1836.17419434,
  "Athletic": 1796.37060547,
  "Villarreal": 1795.3137207,
  "Betis": 1744.00268555,
  "Osasuna": 1701.28723145,
  "Celta": 1674.10876465,
  "Valencia": 1671.19763184,
  "Rayo Vallecano": 1668.36621094,
  "Real Sociedad": 1667.18811035,
  "Getafe": 1651.94921875,
  "Espanyol": 1649.22595215,
  "Alaves": 1645.49902344,
  "Mallorca": 1635.2331543,
  "Sevilla": 1624.27197266,
  "Girona": 1617.54309082,
  "Levante": 1602.51623535,
  "Elche": 1594.78234863,
  "Leganes": 1594.46362305,
  "Real Oviedo": 1580.36914062,
  "Las Palmas": 1568.52209473,
  "Almeria": 1547.04870605,
  "Mirandes": 1542.15710449,
  "Santander": 1538.02746582,
  "Eibar": 1535.42321777,
  "Cadiz": 1531.74157715,
  "Huesca": 1513.59509277,
  "Granada": 1503.89477539,
  "Gijon": 1501.30847168,
  "Albacete": 1491.00854492,
  "Valladolid": 1485.80383301,
  "Burgos": 1485.52844238,
  "Depor": 1473.53222656,
  "Malaga": 1454.89489746,
  "Cordoba": 1451.22131348,
  "Castellon": 1446.00170898,
  "Andorra CF": 1445.6550293,
  "Zaragoza": 1428.70410156,
  "Sociedad B": 1426.48681641,
  "Leonesa": 1408.7097168,
  "Ceuta": 1408.54785156
}