{
  "Inter": 1903.515625,
  "Milan": 1813.37609863,
  "Atalanta": 1800.27453613,
  "Roma": 1798.27062988,
  "Napoli": 1788.51879883,
  "Juventus": 1776.73449707,
  "Como": 1741.11657715,
  "Bologna": 1703.95935059,
  "Lazio": 1686.83728027,
  "Fiorentina": 1642.40429688,
  "Sassuolo": 1637.04602051,
  "Genoa": 1626.8013916,
  "Torino": 1615.81469727,
  "Udinese": 1615.23339844,
  "Parma": 1609.76794434,
  "Cagliari": 1596.56152344,
  "Venezia": 1582.67651367,
  "Lecce": 1556.57226562,
  "Monza": 1556.20422363,
  "Cremonese": 1541.59716797,
  "Frosinone": 1529.67651367,
  "Palermo": 1511.48022461,
  "Verona": 1508.90820312,
  "Pisa": 1500.58300781,
  "Catanzaro": 1478.5324707,
  "Empoli": 1452.98120117,
  "Suedtirol": 1452.41723633,
  "Modena": 1446.10131836,
  "Juve Stabia": 1439.09960938,
  "Spezia": 1400.52661133,
  "Sampdoria": 1394.35119629,
  "Carrarese": 1391.12597656,
  "Cesena": 1387.89648438,
  "Padova": 1374.29931641,
  "Bari": 1369.1784668,
  "Mantova": 1360.07971191,
  "Reggiana": 1359.87304688,
  "Entella": 1354.48510742,
  "Avellino": 1348.16040039,
  "Pescara": 1326.40979004
}