{
  "Bayern Munich": 2005.36022949,
  "Borussia Dortmund": 1865.44506836,
  "Leverkusen": 1826.51611328,
  "Stuttgart": 1765.47265625,
  "RB Leipzig": 1762.06542969,
  "Frankfurt": 1723.23620605,
  "Freiburg": 1715.96337891,
  "Hoffenheim": 1712.64196777,
  "Werder": 1657.06018066,
  "Union Berlin": 1652.95800781,
  "Mainz": 1649.23840332,
  "Gladbach": 1643.47570801,
  "Wolfsburg": 1641.2734375,
  "Augsburg": 1608.16467285,
  "Koeln": 1592.16601562,
  "Hamburg": 1580.45751953,
  "St Pauli": 1560.65185547,
  "Heidenheim": 1551.08642578,
  "Elversberg": 1539.58862305,
  "Paderborn": 1522.80773926,
  "Darmstadt": 1518.24938965,
  "Bochum": 1514.04504395,
  "Holstein": 1513.34265137,
  "Schalke": 1502.35961914,
  "Hannover": 1496.61096191,
  "Lautern": 1489.24560547,
  "Hertha": 1485.98254395,
  "Magdeburg": 1458.3548584,
  "Karlsruhe": 1457.4588623,
  "Duesseldorf": 1451.58532715,
  "Nuernberg": 1448.72949219,
  "Muenster": 1421.62145996,
  "Bielefeld": 1389.45129395,
  "Braunschweig": 1378.80529785,
  "Fuerth": 1368.58898926,
  "Dresden": 1356.55566406
}