{
  "Barcelona": 1951.68212891,
  "Real Madrid": 1946.97839355,
  "Atlético": 1840.44885254,
  "Athletic": 1791.60290527,
  "Villarreal": 1786.6673584,
  "Betis": 1733.58093262,
  "Osasuna": 1702.29150391,
  "Valencia": 1677.83251953,
  "Celta": 1671.94677734,
  "Rayo Vallecano": 1666.35437012,
  "Espanyol": 1663.11181641,
  "Alaves": 1662.66955566,
  "Real Sociedad": 1655.44152832,
  "Getafe": 1649.17211914,
  "Sevilla": 1635.05517578,
  "Mallorca": 1628.0826416,
  "Girona": 1608.18688965,
  "Elche": 1607.26123047,
  "Leganes": 1597.11816406,
  "Levante": 1595.44055176,
  "Real Oviedo": 1581.85717773,
  "Las Palmas": 1559.35559082,
  "Cadiz": 1542.50256348,
  "Mirandes": 1541.81018066,
  "Racing": 1535.30725098,
  "Eibar": 1528.79614258,
  "Almeria": 1525.60656738,
  "Huesca": 1516.77355957,
  "Depor": 1509.23779297,
  "Valladolid": 1494.21948242,
  "Burgos": 1489.28076172,
  "Sporting": 1488.09960938,
  "Granada": 1485.8939209,
  "Albacete": 1472.52844238,
  "Malaga": 1461.30725098,
  "Cordoba": 1460.26257324,
  "FC Andorra": 1446.80126953,
  "Castellon": 1435.1965332,
  "Zaragoza": 1430.12902832,
  "Leonesa": 1426.36694336,
  "Sociedad B": 1425.7746582,
  "Ceuta": 1414.87890625
}