{
  "Inter": 1892.42333984,
  "Milan": 1807.90075684,
  "Napoli": 1805.66650391,
  "Atalanta": 1798.52124023,
  "Juventus": 1785.37268066,
  "Roma": 1760.24182129,
  "Como": 1757.12243652,
  "Lazio": 1711.70471191,
  "Bologna": 1703.50061035,
  "Fiorentina": 1669.87744141,
  "Sassuolo": 1634.32043457,
  "Udinese": 1632.21813965,
  "Torino": 1627.95947266,
  "Genoa": 1627.73364258,
  "Venezia": 1595.07299805,
  "Parma": 1588.11853027,
  "Cagliari": 1568.24584961,
  "Lecce": 1551.3614502,
  "Monza": 1546.34277344,
  "Frosinone": 1544.9420166,
  "Cremonese": 1534.24536133,
  "Palermo": 1516.57116699,
  "Verona": 1506.29211426,
  "Pisa": 1498.69055176,
  "Catanzaro": 1479.03759766,
  "Modena": 1446.07678223,
  "Empoli": 1433.65942383,
  "Juve Stabia": 1429.21887207,
  "Carrarese": 1422.99865723,
  "Suedtirol": 1419.27819824,
  "Sampdoria": 1398.3581543,
  "Cesena": 1393.0916748,
  "Spezia": 1386.56115723,
  "Mantova": 1386.35192871,
  "Pescara": 1369.90405273,
  "Bari": 1368.71643066,
  "Avellino": 1358.25341797,
  "Entella": 1350.22106934,
  "Padova": 1344.72753906,
  "Reggiana": 1324.08300781
}