{
  "Inter": 1932.87902832,
  "Napoli": 1808.49719238,
  "Roma": 1805.46386719,
  "Milan": 1797.33996582,
  "Juventus": 1783.88879395,
  "Atalanta": 1782.88757324,
  "Bologna": 1756.13366699,
  "Lazio": 1750.2833252,
  "Fiorentina": 1688.64208984,
  "Como": 1681.47827148,
  "Torino": 1680.03735352,
  "Sassuolo": 1624.23730469,
  "Udinese": 1618.09375,
  "Genoa": 1613.65466309,
  "Cagliari": 1591.34851074,
  "Parma": 1582.32897949,
  "Lecce": 1573.53369141,
  "Cremonese": 1567.13500977,
  "Verona": 1564.08959961,
  "Venezia": 1545.97436523,
  "Monza": 1544.31970215,
  "Pisa": 1543.11962891,
  "Empoli": 1510.17492676,
  "Frosinone": 1493.32348633,
  "Modena": 1476.08996582,
  "Palermo": 1469.05224609,
  "Cesena": 1459.23876953,
  "Spezia": 1456.92114258,
  "Catanzaro": 1454.68981934,
  "Juve Stabia": 1451.18395996,
  "Carrarese": 1420.01635742,
  "Suedtirol": 1419.51464844,
  "Bari": 1418.82348633,
  "Reggiana": 1412.99291992,
  "Sampdoria": 1400.14526367,
  "Padova": 1375.69934082,
  "Mantova": 1370.49108887,
  "Entella": 1367.21899414,
  "Avellino": 1366.6295166,
  "Pescara": 1344.06140137
}