{
  "Arsenal": 2038.40759277,
  "Manchester City": 1997.46118164,
  "Bayern Munich": 1992.89074707,
  "Liverpool": 1979.05737305,
  "PSG": 1967.8302002,
  "Real Madrid": 1946.42236328,
  "Barcelona": 1933.00769043,
  "Inter": 1932.88500977,
  "Chelsea": 1906.93554688,
  "Aston Villa": 1886.15588379,
  "Atlético": 1872.94006348,
  "Newcastle": 1866.85021973,
  "Crystal Palace": 1857.01416016,
  "Leverkusen": 1851.76379395,
  "Borussia Dortmund": 1851.57788086,
  "Brighton": 1846.72033691,
  "Bournemouth": 1834.43359375,
  "Manchester United": 1834.22058105,
  "Tottenham": 1830.27880859,
  "Brentford": 1829.36035156,
  "Napoli": 1808.51062012,
  "Roma": 1805.46777344,
  "Everton": 1803.58276367,
  "Sporting": 1798.91467285,
  "Milan": 1797.3392334,
  "Villarreal": 1792.24401855,
  "PSV": 1791.47692871,
  "Juventus": 1783.89367676,
  "Atalanta": 1782.88598633,
  "Fulham": 1778.9276123,
  "RB Leipzig": 1767.07568359,
  "Benfica": 1766.74279785,
  "Forest": 1764.13635254,
  "Frankfurt": 1761.94360352,
  "Betis": 1761.86730957,
  "Bologna": 1756.13500977,
  "Marseille": 1755.26123047,
  "Lazio": 1750.28051758,
  "Brugge": 1743.33081055,
  "Porto": 1742.4152832,
  "Lille": 1740.80541992,
  "West Ham": 1738.1027832,
  "Stuttgart": 1737.48461914,
  "Galatasaray": 1736.3671875,
  "Athletic": 1731.52270508,
  "Burnley": 1728.8470459,
  "Lyon": 1726.73046875,
  "Saint-Gilloise": 1725.67041016,
  "Lens": 1724.97607422,
  "Leeds": 1721.38110352,
  "Monaco": 1716.43432617,
  "Freiburg": 1715.9901123,
  "Strasbourg": 1711.3223877,
  "Fenerbahce": 1701.22314453,
  "Werder": 1698.30822754,
  "Celta": 1694.90771484,
  "Fiorentina": 1688.64147949,
  "Feyenoord": 1684.13708496,
  "Mainz": 1682.76672363,
  "Slavia Prag": 1682.66052246,
  "Wolverhampton": 1682.4909668,
  "Como": 1681.4822998,
  "Olympiacos": 1681.09228516,
  "Torino": 1680.03710938,
  "Midtjylland": 1679.67016602,
  "Rayo Vallecano": 1676.08056641,
  "Hoffenheim": 1674.74853516,
  "Osasuna": 1667.51306152,
  "Real Sociedad": 1659.99963379,
  "Rennais": 1659.93774414,
  "Valencia": 1657.37597656,
  "Zenit": 1654.78503418,
  "Sevilla": 1651.71887207,
  "Nice": 1650.4810791,
  "Braga": 1650.28955078,
  "Sunderland": 1650.20593262,
  "Espanyol": 1649.84191895,
  "Toulouse": 1647.46228027,
  "Alaves": 1643.43273926,
  "Bodø/Glimt": 1643.31420898,
  "Union Berlin": 1642.95788574,
  "Getafe": 1642.52587891,
  "Mallorca": 1639.40197754,
  "Gladbach": 1638.80651855,
  "Brest": 1633.45068359,
  "FC Krasnodar": 1629.06811523,
  "Wolfsburg": 1628.60583496,
  "Sassuolo": 1624.23876953,
  "Genk": 1621.68395996,
  "Udinese": 1618.09228516,
  "Genoa": 1613.65881348,
  "Augsburg": 1609.09606934,
  "Elche": 1607.85925293,
  "PAOK": 1606.3548584,
  "CSKA Moskva": 1606.08630371,
  "Alkmaar": 1605.35180664,
  "Levante": 1601.06799316,
  "Koeln": 1600.69067383,
  "Girona": 1598.29956055,
  "Copenhagen": 1595.49157715,
  "Ajax": 1594.15185547,
  "Cagliari": 1591.34521484,
  "Viktoria Plzen": 1584.48901367,
  "Brondby": 1584.07495117,
  "Celtic": 1583.4564209,
  "Crvena Zvezda": 1583.10778809,
  "Parma": 1582.3302002,
  "Anderlecht": 1579.28369141,
  "Sparta Praha": 1575.64282227,
  "Hamburg": 1575.4119873,
  "Lecce": 1573.53527832,
  "Viking": 1572.6550293,
  "Qarabag": 1571.18371582,
  "Lorient": 1569.0604248,
  "Cremonese": 1567.14123535,
  "Auxerre": 1566.30981445,
  "St Pauli": 1564.15600586,
  "Verona": 1564.0892334,
  "Lok Moskva": 1562.22839355,
  "Le Havre": 1560.74682617,
  "Real Oviedo": 1560.58483887,
  "Nantes": 1558.7166748,
  "Mjaellby": 1558.29772949,
  "Metz": 1556.4329834,
  "Shakhtar": 1555.30200195,
  "Spartak Moskva": 1554.91369629,
  "Heidenheim": 1551.14868164,
  "Pafos": 1550.25415039,
  "Brann": 1549.60266113,
  "Utrecht": 1548.37597656,
  "AEK": 1547.48535156,
  "Rakow": 1546.90039062,
  "Paris FC": 1546.58532715,
  "Angers": 1545.92211914,
  "Panathinaikos": 1545.45788574,
  "Pisa": 1543.11291504,
  "Famalicao": 1541.09680176,
  "Guimaraes": 1539.57397461,
  "Twente": 1534.65734863,
  "Ferencvaros": 1534.35021973,
  "Aarhus": 1533.19848633,
  "Dinamo Zagreb": 1528.07128906,
  "RB Salzburg": 1526.68884277,
  "Basel": 1520.16699219,
  "Hammarby": 1519.98095703,
  "Trabzonspor": 1518.60131836,
  "Rangers": 1516.58239746,
  "Jagiellonia": 1516.26708984,
  "Sturm Graz": 1513.82666016,
  "Besiktas": 1506.60253906,
  "Dynamo Moskva": 1505.26525879,
  "Jablonec": 1505.02075195,
  "Young Boys": 1504.33276367,
  "Antwerp": 1500.73168945,
  "Larnaca": 1499.90393066,
  "Gil Vicente": 1499.28356934,
  "Samsunspor": 1497.39648438,
  "Nijmegen": 1495.27478027,
  "Mechelen": 1495.02062988,
  "Djurgarden": 1494.69873047,
  "Charleroi": 1493.44104004,
  "Beer-Sheva": 1488.34448242,
  "Gent": 1488.31103516,
  "Moreirense": 1485.04602051,
  "Nordsjaelland": 1483.16210938,
  "St Truiden": 1481.66369629,
  "Aris Limassol": 1481.47387695,
  "Celje": 1481.06445312,
  "Go Ahead Eagles": 1479.91882324,
  "Omonia": 1479.671875,
  "M Tel Aviv": 1477.39074707,
  "Lech": 1476.06030273,
  "Estoril": 1470.0057373,
  "Gornik": 1465.44873047,
  "Baltika": 1464.58374023,
  "Viborg": 1461.75146484,
  "Randers": 1461.45690918,
  "Sparta Rotterdam": 1461.03430176,
  "Goeztepe": 1460.40332031,
  "Bueyueksehir": 1459.65820312,
  "Legia": 1458.78759766,
  "Silkeborg": 1458.28601074,
  "Malmoe": 1455.80725098,
  "Westerlo": 1453.54577637,
  "Santa Clara": 1452.99938965,
  "Hearts": 1450.59338379,
  "Wolfsberg": 1449.31750488,
  "Tromso": 1447.62060547,
  "Rio Ave": 1446.57080078,
  "Rostov": 1446.07946777,
  "Lausanne": 1443.75390625,
  "Slovan Liberec": 1443.68981934,
  "Dynamo Kyiv": 1442.1809082,
  "Arouca": 1440.84411621,
  "Craiova": 1438.16687012,
  "Standard": 1437.68859863,
  "Hradec Kralove": 1437.61877441,
  "Rubin Kazan": 1437.05541992,
  "Rosenborg": 1437.00012207,
  "Pogon": 1436.52099609,
  "Molde": 1436.48449707,
  "Steaua": 1435.54052734,
  "Alanyaspor": 1435.47460938,
  "Leuven": 1434.52307129,
  "Cracovia": 1433.29394531,
  "Cercle Brugge": 1432.84960938,
  "Casa Pia": 1430.77124023,
  "SonderjyskE": 1427.7767334,
  "Sigma Olomouc": 1424.98840332,
  "Razgrad": 1423.51794434,
  "Fredrikstad": 1423.42028809,
  "Rapid Bucuresti": 1421.41931152,
  "Heerenveen": 1420.86242676,
  "GAIS": 1419.8671875,
  "Groningen": 1418.00402832,
  "Austria Wien": 1416.81872559,
  "StGallen": 1416.77819824,
  "Banik Ostrava": 1416.73522949,
  "Levski": 1415.71594238,
  "Aris": 1414.19091797,
  "Nacional": 1412.68566895,
  "Zwolle": 1410.99328613,
  "Goeteborg": 1410.89111328,
  "Sittard": 1410.34143066,
  "Hajduk": 1410.29663086,
  "Paksi": 1409.58129883,
  "Rapid Wien": 1409.26989746,
  "Servette": 1408.32080078,
  "Hibernian": 1407.95129395,
  "Gaziantep FK": 1407.30444336,
  "AIK": 1405.5871582,
  "Luzern": 1404.31115723,
  "Rizespor": 1404.0814209,
  "Korona": 1403.45898438,
  "LASK": 1403.19104004,
  "Kasimpasa": 1402.62280273,
  "Radomiak": 1402.34301758,
  "IK Sirius": 1400.66955566,
  "Maccabi Haifa": 1399.25720215,
  "Lugano": 1397.85095215,
  "Piast Gliwice": 1395.38842773,
  "Lubin": 1395.21142578,
  "Sandefjord": 1395.02319336,
  "Haecken": 1394.62023926,
  "Partizan": 1393.62219238,
  "Konyaspor": 1389.91430664,
  "Gyoer": 1388.78930664,
  "Zulte Waregem": 1388.61083984,
  "Elfsborg": 1387.99450684,
  "Puskas Akademia": 1387.9276123,
  "Levadeiakos": 1387.79138184,
  "Akron Togliatti": 1384.13623047,
  "Thun": 1383.94702148,
  "Plock": 1383.43884277,
  "Alverca": 1380.93188477,
  "Hartberg": 1380.0020752,
  "Estrela Amadora": 1379.53308105,
  "Odense": 1378.25415039,
  "Terek Grozny": 1378.05541992,
  "Kryliya Sovetov": 1377.54748535,
  "Rijeka": 1374.8918457,
  "Katowice": 1373.68115234,
  "KFUM Oslo": 1373.55175781,
  "Valerenga": 1372.50537109,
  "Kayseri": 1372.31213379,
  "Zuerich": 1371.51831055,
  "Sarpsborg": 1371.50744629,
  "Ham-Kam": 1370.85925293,
  "Heracles": 1370.72155762,
  "Maribor": 1368.9987793,
  "RAAL": 1365.73608398,
  "Sion": 1364.30273438,
  "Kocaelispor": 1364.01281738,
  "CFR Cluj": 1363.96740723,