{
  "Inter": 1920.04199219,
  "Milan": 1821.46240234,
  "Napoli": 1819.11828613,
  "Roma": 1808.26367188,
  "Juventus": 1804.1060791,
  "Atalanta": 1797.12036133,
  "Lazio": 1759.88305664,
  "Bologna": 1757.25073242,
  "Como": 1708.77062988,
  "Torino": 1658.77294922,
  "Fiorentina": 1655.67370605,
  "Sassuolo": 1638.09631348,
  "Genoa": 1633.19824219,
  "Udinese": 1630.30102539,
  "Cagliari": 1604.06506348,
  "Cremonese": 1592.54260254,
  "Parma": 1588.6484375,
  "Verona": 1586.6204834,
  "Lecce": 1581.67297363,
  "Venezia": 1570.9263916,
  "Monza": 1540.00354004,
  "Pisa": 1535.96350098,
  "Frosinone": 1528.44799805,
  "Empoli": 1508.34118652,
  "Palermo": 1507.10083008,
  "Modena": 1476.1229248,
  "Cesena": 1472.26184082,
  "Catanzaro": 1471.62805176,
  "Juve Stabia": 1452.48950195,
  "Spezia": 1447.90185547,
  "Suedtirol": 1421.27770996,
  "Carrarese": 1413.61999512,
  "Reggiana": 1412.60986328,
  "Sampdoria": 1411.18200684,
  "Bari": 1409.41271973,
  "Padova": 1395.40209961,
  "Avellino": 1378.41064453,
  "Mantova": 1374.00830078,
  "Entella": 1355.03222656,
  "Pescara": 1344.65661621
}