{
  "Arsenal": 2060.58544922,
  "Manchester City": 1940.95397949,
  "Liverpool": 1926.35253906,
  "Aston Villa": 1884.63330078,
  "Manchester United": 1880.53735352,
  "Chelsea": 1868.98364258,
  "Brighton": 1843.56848145,
  "Newcastle": 1840.26269531,
  "Brentford": 1832.27929688,
  "Everton": 1831.13525391,
  "Bournemouth": 1822.14819336,
  "Fulham": 1801.15283203,
  "Crystal Palace": 1793.7277832,
  "Forest": 1784.46337891,
  "Leeds": 1764.87512207,
  "Tottenham": 1752.99536133,
  "West Ham": 1740.47595215,
  "Sunderland": 1704.15039062,
  "Wolverhampton": 1701.37658691,
  "Burnley": 1676.60107422,
  "Coventry": 1638.24035645,
  "Ipswich": 1626.70605469,
  "Southampton": 1591.40344238,
  "Middlesbrough": 1588.77905273,
  "Millwall": 1577.24145508,
  "Sheffield United": 1547.67053223,
  "Norwich": 1547.0534668,
  "Wrexham": 1534.27770996,
  "Derby": 1533.82348633,
  "Hull": 1533.58227539,
  "Watford": 1511.72790527,
  "Leicester": 1504.7598877,
  "Swansea": 1502.27941895,
  "QPR": 1494.91259766,
  "Stoke": 1487.86071777,
  "Bristol City": 1485.78979492,
  "Birmingham": 1481.21008301,
  "West Brom": 1476.43591309,
  "Preston": 1476.27355957,
  "Blackburn": 1472.22595215,
  "Charlton": 1464.2668457,
  "Oxford": 1450.28088379,
  "Portsmouth": 1447.69775391,
  "Sheffield Weds": 1321.63549805
}