{
  "Arsenal": 2057.15087891,
  "Manchester City": 1982.90136719,
  "Liverpool": 1935.91748047,
  "Aston Villa": 1923.92321777,
  "Chelsea": 1882.60693359,
  "Newcastle": 1876.20507812,
  "Brentford": 1841.53430176,
  "Brighton": 1838.91809082,
  "Manchester United": 1824.42858887,
  "Fulham": 1809.49267578,
  "Tottenham": 1803.93261719,
  "Crystal Palace": 1799.60229492,
  "Bournemouth": 1799.17553711,
  "Everton": 1796.4831543,
  "Forest": 1767.03271484,
  "Leeds": 1751.14904785,
  "West Ham": 1699.84411621,
  "Burnley": 1687.70825195,
  "Sunderland": 1680.29211426,
  "Wolverhampton": 1666.98193359,
  "Ipswich": 1621.49938965,
  "Coventry": 1606.5604248,
  "Middlesbrough": 1564.43908691,
  "Sheffield United": 1563.8972168,
  "Leicester": 1562.34191895,
  "Preston": 1539.23327637,
  "Watford": 1537.58654785,
  "Bristol City": 1532.92944336,
  "Southampton": 1530.35205078,
  "Millwall": 1528.94641113,
  "Hull": 1527.5736084,
  "Stoke": 1524.30383301,
  "Wrexham": 1512.74243164,
  "QPR": 1504.9486084,
  "West Brom": 1495.15783691,
  "Swansea": 1492.60998535,
  "Derby": 1492.40820312,
  "Blackburn": 1485.5378418,
  "Birmingham": 1467.8067627,
  "Norwich": 1462.22668457,
  "Portsmouth": 1450.12780762,
  "Charlton": 1447.28820801,
  "Oxford": 1436.62145996,
  "Sheffield Weds": 1381.85717773
}