{
  "Barcelona": 1938.57019043,
  "Real Madrid": 1912.33190918,
  "Atlético": 1830.78027344,
  "Betis": 1747.17944336,
  "Villarreal": 1727.72009277,
  "Athletic": 1690.67895508,
  "Celta": 1687.43518066,
  "Real Sociedad": 1674.515625,
  "Osasuna": 1668.74023438,
  "Espanyol": 1632.26940918,
  "Valencia": 1630.53430176,
  "Mallorca": 1621.03234863,
  "Girona": 1608.328125,
  "Rayo Vallecano": 1605.65222168,
  "Getafe": 1605.30029297,
  "Alaves": 1600.33325195,
  "Sevilla": 1595.34936523,
  "Levante": 1583.85180664,
  "Elche": 1581.19238281,
  "Real Oviedo": 1542.49707031,
  "Racing": 1538.13293457,
  "Almeria": 1532.56115723,
  "Las Palmas": 1530.92822266,
  "Castellon": 1527.92980957,
  "Leganes": 1519.14880371,
  "Depor": 1495.82983398,
  "Malaga": 1489.8762207,
  "Cordoba": 1488.27746582,
  "Eibar": 1479.39880371,
  "Granada": 1479.06164551,
  "Burgos": 1475.24743652,
  "Sporting": 1471.35302734,
  "Cadiz": 1468.35290527,
  "Albacete": 1455.4239502,
  "Ceuta": 1436.04956055,
  "Huesca": 1430.1184082,
  "Mirandes": 1429.49475098,
  "Valladolid": 1416.04052734,
  "FC Andorra": 1410.66638184,
  "Sociedad B": 1408.08410645,
  "Zaragoza": 1388.67089844,
  "Leonesa": 1376.92028809
}