{
  "Barcelona": 1936.31713867,
  "Real Madrid": 1907.56237793,
  "Atlético": 1843.16540527,
  "Betis": 1734.79431152,
  "Villarreal": 1727.72009277,
  "Celta": 1687.43518066,
  "Athletic": 1684.6151123,
  "Osasuna": 1668.74023438,
  "Real Sociedad": 1668.08837891,
  "Valencia": 1635.30383301,
  "Espanyol": 1632.26940918,
  "Mallorca": 1623.28540039,
  "Alaves": 1615.60949707,
  "Girona": 1606.74414062,
  "Rayo Vallecano": 1605.65222168,
  "Sevilla": 1596.93334961,
  "Getafe": 1590.02404785,
  "Levante": 1589.91564941,
  "Elche": 1587.61962891,
  "Real Oviedo": 1542.49707031,
  "Racing": 1538.13305664,
  "Las Palmas": 1534.44360352,
  "Almeria": 1524.03967285,
  "Leganes": 1519.14880371,
  "Castellon": 1512.85400391,
  "Depor": 1490.10571289,
  "Cordoba": 1488.27746582,
  "Malaga": 1485.81555176,
  "Eibar": 1480.18701172,
  "Granada": 1479.06164551,
  "Cadiz": 1476.87451172,
  "Burgos": 1471.73205566,
  "Sporting": 1465.56018066,
  "Albacete": 1461.14819336,
  "Ceuta": 1436.04956055,
  "Huesca": 1435.91125488,
  "Valladolid": 1431.11633301,
  "Mirandes": 1429.49475098,
  "FC Andorra": 1410.66625977,
  "Sociedad B": 1408.08410645,
  "Zaragoza": 1387.88269043,
  "Leonesa": 1380.98120117
}