{
  "Arsenal": 2038.72399902,
  "Bayern Munich": 1989.51611328,
  "PSG": 1969.42932129,
  "Manchester City": 1963.13110352,
  "Real Madrid": 1936.26025391,
  "Barcelona": 1926.63830566,
  "Inter": 1919.38647461,
  "Liverpool": 1917.61193848,
  "Chelsea": 1896.86779785,
  "Aston Villa": 1890.53283691,
  "Atlético": 1869.28723145,
  "Newcastle": 1866.28393555,
  "Leverkusen": 1865.1739502,
  "Borussia Dortmund": 1864.51135254,
  "Brighton": 1842.47436523,
  "Crystal Palace": 1837.82080078,
  "Napoli": 1832.78039551,
  "Milan": 1819.16955566,
  "Manchester United": 1817.4720459,
  "Sporting": 1816.03613281,
  "PSV": 1813.43847656,
  "Brentford": 1813.19665527,
  "Roma": 1808.11010742,
  "Tottenham": 1802.0715332,
  "Atalanta": 1801.09521484,
  "Everton": 1797.05969238,
  "Bournemouth": 1796.37683105,
  "Juventus": 1795.80200195,
  "Benfica": 1783.87426758,
  "Villarreal": 1783.71569824,
  "Marseille": 1781.33349609,
  "Fulham": 1775.79052734,
  "Forest": 1773.69055176,
  "RB Leipzig": 1771.16125488,
  "Lille": 1762.80090332,
  "Betis": 1758.31872559,
  "Porto": 1758.18041992,
  "Lazio": 1752.9119873,
  "Bologna": 1752.76171875,
  "Lyon": 1748.14477539,
  "Lens": 1745.90527344,
  "Frankfurt": 1743.78222656,
  "Stuttgart": 1736.41796875,
  "Saint-Gilloise": 1730.38439941,
  "West Ham": 1726.95251465,
  "Brugge": 1724.60107422,
  "Monaco": 1723.13183594,
  "Freiburg": 1722.17053223,
  "Athletic": 1719.25378418,
  "Leeds": 1718.70288086,
  "Galatasaray": 1718.4473877,
  "Strasbourg": 1712.50354004,
  "Como": 1711.05981445,
  "Burnley": 1696.84863281,
  "Slavia Prag": 1690.62585449,
  "Fenerbahce": 1689.89233398,
  "Rennais": 1689.1607666,
  "Werder": 1685.98095703,
  "Olympiacos": 1684.8215332,
  "Hoffenheim": 1684.48815918,
  "Fiorentina": 1674.34057617,
  "Midtjylland": 1670.57104492,
  "Celta": 1670.38977051,
  "Braga": 1664.36523438,
  "Brest": 1658.80859375,
  "Real Sociedad": 1657.94970703,
  "Espanyol": 1657.45983887,
  "Mainz": 1656.0255127,
  "Torino": 1655.38977051,
  "Zenit": 1654.78503418,
  "Valencia": 1654.625,
  "Wolverhampton": 1653.74536133,
  "Sunderland": 1652.46557617,
  "Gladbach": 1651.62109375,
  "Toulouse": 1649.77148438,
  "Rayo Vallecano": 1649.39038086,
  "Feyenoord": 1646.68334961,
  "Osasuna": 1645.03039551,
  "Bodø/Glimt": 1643.90014648,
  "Union Berlin": 1637.06872559,
  "Getafe": 1634.67895508,
  "FC Krasnodar": 1629.06811523,
  "Nice": 1628.6361084,
  "Wolfsburg": 1626.76403809,
  "Sevilla": 1625.99450684,
  "Mallorca": 1625.21447754,
  "Udinese": 1624.28356934,
  "Genoa": 1623.63684082,
  "Alaves": 1623.06335449,
  "Genk": 1618.05639648,
  "Sassuolo": 1617.30444336,
  "Celtic": 1616.3470459,
  "PAOK": 1611.98669434,
  "CSKA Moskva": 1606.08630371,
  "Augsburg": 1604.73986816,
  "Girona": 1601.07495117,
  "Elche": 1598.83581543,
  "Koeln": 1598.42358398,
  "Anderlecht": 1596.81958008,
  "Viktoria Plzen": 1592.40991211,
  "Cagliari": 1591.42578125,
  "Lorient": 1591.13330078,
  "Copenhagen": 1590.80712891,
  "Cremonese": 1585.37182617,
  "Parma": 1582.34692383,
  "Lecce": 1582.12414551,
  "Viking": 1581.95202637,
  "Alkmaar": 1580.12438965,
  "Hamburg": 1579.52294922,
  "Auxerre": 1579.37890625,
  "AEK": 1577.82702637,
  "Levante": 1577.35986328,
  "Crvena Zvezda": 1572.11083984,
  "Ajax": 1571.67480469,
  "Sparta Praha": 1568.68066406,
  "Qarabag": 1567.44592285,
  "Le Havre": 1563.86669922,
  "Lok Moskva": 1562.22839355,
  "Angers": 1562.15808105,
  "Nantes": 1561.60192871,
  "Brondby": 1555.52990723,
  "Pafos": 1555.39953613,
  "St Pauli": 1554.98547363,
  "Metz": 1554.91491699,
  "Spartak Moskva": 1554.91381836,
  "Aarhus": 1554.45593262,
  "Mjaellby": 1553.49658203,
  "Verona": 1553.25646973,
  "Shakhtar": 1552.18212891,
  "Guimaraes": 1552.07287598,
  "Paris FC": 1551.23388672,
  "Heidenheim": 1550.61425781,
  "Real Oviedo": 1550.57653809,
  "Panathinaikos": 1549.24414062,
  "Famalicao": 1548.23388672,
  "Pisa": 1547.67785645,
  "Rakow": 1544.26879883,
  "Brann": 1539.05285645,
  "Utrecht": 1538.13427734,
  "Twente": 1535.64294434,
  "Ferencvaros": 1527.85498047,
  "Trabzonspor": 1522.77404785,
  "Dinamo Zagreb": 1522.53930664,
  "Jagiellonia": 1519.45495605,
  "Nijmegen": 1518.51953125,
  "Hammarby": 1515.1796875,
  "Rangers": 1514.10839844,
  "Dynamo Moskva": 1505.26538086,
  "Antwerp": 1505.22058105,
  "Basel": 1504.62548828,
  "Young Boys": 1502.97302246,
  "Besiktas": 1502.46569824,
  "St Truiden": 1501.95214844,
  "Larnaca": 1501.90808105,
  "RB Salzburg": 1499.16687012,
  "Jablonec": 1499.00585938,
  "Mechelen": 1498.62585449,
  "Gil Vicente": 1493.92797852,
  "Sturm Graz": 1493.07519531,
  "Moreirense": 1493.03393555,
  "Lech": 1492.61499023,
  "Djurgarden": 1489.89770508,
  "Omonia": 1489.50158691,
  "Charleroi": 1488.97521973,
  "Aris Limassol": 1484.65124512,
  "Nordsjaelland": 1482.73193359,
  "Gent": 1482.13928223,
  "Samsunspor": 1481.76245117,
  "Beer-Sheva": 1480.91223145,
  "Estoril": 1475.6907959,
  "Viborg": 1469.22546387,
  "Celje": 1467.76318359,
  "Slovan Liberec": 1465.52246094,
  "Baltika": 1464.58374023,
  "Tromso": 1461.87060547,
  "Santa Clara": 1461.49829102,
  "Randers": 1458.2277832,
  "M Tel Aviv": 1457.42175293,
  "Go Ahead Eagles": 1456.88574219,
  "Bueyueksehir": 1454.72106934,
  "Westerlo": 1454.49121094,
  "Goeztepe": 1454.10595703,
  "Rio Ave": 1453.19677734,
  "Craiova": 1452.60961914,
  "Legia": 1449.75793457,
  "Malmoe": 1449.04846191,
  "Standard": 1448.61120605,
  "Razgrad": 1448.58190918,
  "Gornik": 1448.38232422,
  "Sparta Rotterdam": 1447.29956055,
  "Hradec Kralove": 1446.74084473,
  "Silkeborg": 1446.60620117,
  "Rostov": 1446.07922363,
  "Molde": 1445.7956543,
  "Arouca": 1440.37036133,
  "Hearts": 1439.65625,
  "SonderjyskE": 1439.61157227,
  "Pogon": 1438.76977539,
  "Steaua": 1438.20422363,
  "Rosenborg": 1437.67602539,
  "Rubin Kazan": 1437.05541992,
  "StGallen": 1435.94958496,
  "Cracovia": 1434.28442383,
  "Cercle Brugge": 1433.62487793,
  "Lausanne": 1430.65710449,
  "Levski": 1430.15820312,
  "Sigma Olomouc": 1429.2800293,
  "Heerenveen": 1425.97351074,
  "LASK": 1425.80444336,
  "Leuven": 1425.63903809,
  "Casa Pia": 1423.38745117,
  "Alanyaspor": 1419.46704102,
  "Banik Ostrava": 1419.04089355,
  "Nacional": 1418.38916016,
  "Aris": 1416.9888916,
  "Zwolle": 1416.54663086,
  "Rapid Bucuresti": 1416.17858887,
  "Sandefjord": 1415.75878906,
  "Wolfsberg": 1415.48010254,
  "GAIS": 1415.06604004,
  "Radomiak": 1413.76318359,
  "Austria Wien": 1412.77392578,
  "Fredrikstad": 1411.65844727,
  "Korona": 1409.05310059,
  "Hajduk": 1408.79138184,
  "Groningen": 1408.17236328,
  "Sittard": 1407.49560547,
  "Dynamo Kyiv": 1406.89208984,
  "Servette": 1406.5020752,
  "Goeteborg": 1406.08984375,
  "Alverca": 1403.44055176,
  "Hibernian": 1402.06018066,
  "Gaziantep FK": 1402.01916504,
  "Piast Gliwice": 1401.04211426,
  "AIK": 1400.78601074,
  "IK Sirius": 1395.86828613,
  "Levadeiakos": 1395.10778809,
  "Zulte Waregem": 1393.58728027,
  "Maccabi Haifa": 1393.23364258,
  "Sarpsborg": 1392.67883301,
  "Kasimpasa": 1392.35449219,
  "Odense": 1391.67810059,
  "Plock": 1391.64685059,
  "Puskas Akademia": 1390.45507812,
  "Lubin": 1389.57385254,
  "Gyoer": 1388.55651855,
  "Katowice": 1388.30029297,
  "Lugano": 1386.96850586,
  "Paksi": 1385.83093262,
  "Estrela Amadora": 1385.48168945,
  "Akron Togliatti": 1384.13623047,
  "Elfsborg": 1383.19348145,
  "CFR Cluj": 1382.8581543,
  "Heracles": 1382.78063965,
  "Haecken": 1380.88452148,
  "Luzern": 1380.60791016,
  "Rizespor": 1379.60717773,
  "Karvina": 1379.16516113,
  "Partizan": 1378.35375977,
  "Slovan Bratislava": 1378.08496094,
  "Terek Grozny": 1378.05529785,
  "Kryliya Sovetov": 1377.54760742,
  "Hartberg": 1375.92431641,
  "Tondela": 1375.1036377,
  "Rijeka": 1374.55969238,
  "Zuerich": 1374.15991211,
  "Rapid Wien": 1373.67382812,
  "Konyaspor": 1373.19836426,
  "Ham-Kam": 1373.04553223,
  "Dender": 1372.83044434,
  "Motor Lublin": 1369.93701172,
  "RAAL": 1368.63293457,
  "Dinamo Bucuresti": 1367.49194336,