{
  "Inter": 1892.42333984,
  "Milan": 1807.89123535,
  "Napoli": 1805.67602539,
  "Atalanta": 1798.51074219,
  "Juventus": 1785.38354492,
  "Roma": 1760.24182129,
  "Como": 1757.11218262,
  "Lazio": 1711.70471191,
  "Bologna": 1703.50061035,
  "Fiorentina": 1669.87744141,
  "Sassuolo": 1634.3203125,
  "Udinese": 1632.22839355,
  "Torino": 1627.95935059,
  "Genoa": 1627.72253418,
  "Venezia": 1595.08325195,
  "Parma": 1588.11853027,
  "Cagliari": 1568.24584961,
  "Lecce": 1551.37194824,
  "Monza": 1546.33215332,
  "Frosinone": 1544.9420166,
  "Cremonese": 1534.24536133,
  "Palermo": 1511.56384277,
  "Verona": 1506.29199219,
  "Pisa": 1498.69055176,
  "Catanzaro": 1479.04821777,
  "Modena": 1446.06518555,
  "Empoli": 1433.6505127,
  "Juve Stabia": 1429.20849609,
  "Carrarese": 1423.01013184,
  "Suedtirol": 1419.26745605,
  "Sampdoria": 1398.36694336,
  "Cesena": 1393.10241699,
  "Spezia": 1386.54943848,
  "Mantova": 1386.35986328,
  "Pescara": 1369.89294434,
  "Bari": 1368.72802734,
  "Avellino": 1363.26062012,
  "Entella": 1350.21289062,
  "Padova": 1344.72741699,
  "Reggiana": 1324.09411621
}