{
  "Arsenal": 2044.21435547,
  "Manchester City": 1969.0123291,
  "Liverpool": 1925.59265137,
  "Aston Villa": 1899.11437988,
  "Manchester United": 1881.35864258,
  "Brighton": 1864.64599609,
  "Bournemouth": 1846.52856445,
  "Chelsea": 1839.9473877,
  "Brentford": 1833.06677246,
  "Everton": 1829.22680664,
  "Newcastle": 1827.16137695,
  "Crystal Palace": 1810.97521973,
  "Forest": 1808.82128906,
  "Fulham": 1801.04772949,
  "Leeds": 1791.93457031,
  "West Ham": 1759.28210449,
  "Tottenham": 1750.35717773,
  "Sunderland": 1713.22888184,
  "Wolverhampton": 1684.17126465,
  "Burnley": 1663.70690918,
  "Coventry": 1641.20703125,
  "Ipswich": 1629.69885254,
  "Southampton": 1624.40820312,
  "Millwall": 1595.24353027,
  "Middlesbrough": 1575.0135498,
  "Norwich": 1565.46679688,
  "Sheffield United": 1542.82885742,
  "Derby": 1535.50915527,
  "Hull": 1528.67236328,
  "Wrexham": 1527.52758789,
  "Swansea": 1520.89196777,
  "West Brom": 1508.96960449,
  "Bristol City": 1500.98754883,
  "Blackburn": 1497.28112793,
  "Birmingham": 1493.41052246,
  "QPR": 1489.35864258,
  "Leicester": 1486.72155762,
  "Portsmouth": 1482.57910156,
  "Watford": 1471.02746582,
  "Preston": 1470.26733398,
  "Stoke": 1468.5480957,
  "Oxford": 1455.57836914,
  "Charlton": 1446.21264648,
  "Sheffield Weds": 1332.4005127
}