{
  "Inter": 1927.61999512,
  "Milan": 1826.22375488,
  "Napoli": 1822.35681152,
  "Juventus": 1819.40539551,
  "Atalanta": 1816.09460449,
  "Roma": 1809.36682129,
  "Bologna": 1739.72387695,
  "Lazio": 1739.46911621,
  "Como": 1713.96154785,
  "Fiorentina": 1657.67785645,
  "Torino": 1649.96899414,
  "Genoa": 1633.93066406,
  "Udinese": 1618.97705078,
  "Sassuolo": 1615.45007324,
  "Parma": 1608.42529297,
  "Cagliari": 1593.71362305,
  "Venezia": 1583.41638184,
  "Cremonese": 1577.35351562,
  "Verona": 1563.15490723,
  "Lecce": 1558.63452148,
  "Frosinone": 1539.29724121,
  "Monza": 1538.5567627,
  "Pisa": 1530.50500488,
  "Empoli": 1517.72692871,
  "Palermo": 1502.87780762,
  "Catanzaro": 1481.0456543,
  "Juve Stabia": 1453.00280762,
  "Cesena": 1449.96618652,
  "Modena": 1445.8951416,
  "Spezia": 1436.19555664,
  "Suedtirol": 1419.16955566,
  "Carrarese": 1407.85961914,
  "Sampdoria": 1407.29162598,
  "Padova": 1399.43969727,
  "Bari": 1389.44812012,
  "Reggiana": 1387.27966309,
  "Avellino": 1383.06103516,
  "Mantova": 1369.86071777,
  "Entella": 1361.96459961,
  "Pescara": 1349.29736328
}