{
  "Arsenal": 2060.58569336,
  "Manchester City": 1940.95422363,
  "Liverpool": 1926.35253906,
  "Aston Villa": 1884.63342285,
  "Manchester United": 1880.53747559,
  "Chelsea": 1868.98400879,
  "Brighton": 1843.56872559,
  "Newcastle": 1840.26281738,
  "Brentford": 1832.27941895,
  "Everton": 1831.13537598,
  "Bournemouth": 1822.14831543,
  "Fulham": 1801.1529541,
  "Crystal Palace": 1793.72802734,
  "Forest": 1784.46350098,
  "Leeds": 1764.87524414,
  "Tottenham": 1752.99560547,
  "West Ham": 1740.47607422,
  "Sunderland": 1704.15039062,
  "Wolverhampton": 1701.37670898,
  "Burnley": 1676.60119629,
  "Coventry": 1640.65441895,
  "Ipswich": 1630.3770752,
  "Southampton": 1591.40368652,
  "Middlesbrough": 1578.24768066,
  "Millwall": 1576.61584473,
  "Norwich": 1553.35644531,
  "Derby": 1538.19946289,
  "Sheffield United": 1536.8770752,
  "Hull": 1534.37634277,
  "Wrexham": 1533.66674805,
  "Swansea": 1505.72583008,
  "Bristol City": 1502.85314941,
  "QPR": 1502.79541016,
  "Watford": 1501.79455566,
  "Leicester": 1498.82092285,
  "Stoke": 1483.86755371,
  "Blackburn": 1480.43933105,
  "West Brom": 1478.19055176,
  "Preston": 1477.80810547,
  "Birmingham": 1468.18286133,
  "Charlton": 1458.0480957,
  "Oxford": 1452.62646484,
  "Portsmouth": 1450.41357422,
  "Sheffield Weds": 1320.79650879
}