{
  "Manchester City": 1975.7755054923468,
  "Real Madrid": 1954.731419731038,
  "Bayern Munich": 1933.6873339697295,
  "Inter": 1933.6873339697295,
  "Borussia Dortmund": 1870.5550766858028,
  "Juventus": 1870.5550766858028,
  "Atlético": 1849.510990924494,
  "Chelsea": 1849.510990924494,
  "PSG": 1807.4228194018765,
  "Palmeiras": 1744.2905621179502,
  "Porto": 1744.2905621179502,
  "Botafogo": 1744.2905621179502,
  "Benfica": 1744.2905621179502,
  "Flamengo": 1744.2905621179502,
  "Fluminense": 1744.2905621179502,
  "Boca Juniors": 1702.2023905953324,
  "River Plate": 1702.2023905953324,
  "Seattle": 1660.114219072715,
  "Inter Miami": 1639.0701333114062,
  "Monterrey": 1639.0701333114062,
  "Urawa Reds": 1618.0260475500972,
  "Pachuca": 1618.0260475500972,
  "RB Salzburg": 1596.9819617887886,
  "León": 1575.93787602748,
  "Al-Ain": 1512.8056187435534,
  "Al-Hilal": 1512.8056187435534,
  "Ahly SC": 1491.7615329822447,
  "Ulsan HD": 1491.7615329822447,
  "Sundowns": 1449.673361459627,
  "Wydad AC": 1428.6292756983182,
  "Esperance": 1386.5411041757006,
  "Auckland City": 965.6593889495247
}