{
  "Arsenal": 2046.10266113,
  "Liverpool": 1990.91955566,
  "Manchester City": 1985.59191895,
  "Chelsea": 1902.65185547,
  "Newcastle": 1878.54724121,
  "Aston Villa": 1873.83239746,
  "Crystal Palace": 1858.83825684,
  "Bournemouth": 1846.75244141,
  "Brighton": 1844.87768555,
  "Manchester United": 1832.84606934,
  "Tottenham": 1831.65368652,
  "Brentford": 1817.65014648,
  "Everton": 1793.97875977,
  "Fulham": 1788.52319336,
  "Forest": 1755.37475586,
  "Burnley": 1735.83459473,
  "West Ham": 1731.10144043,
  "Leeds": 1730.13635254,
  "Wolverhampton": 1686.77111816,
  "Sunderland": 1642.50512695,
  "Coventry": 1624.11547852,
  "Ipswich": 1593.90869141,
  "Leicester": 1586.03039551,
  "Middlesbrough": 1567.76330566,
  "Stoke": 1550.48364258,
  "Bristol City": 1537.89892578,
  "Millwall": 1536.04626465,
  "Sheffield United": 1530.18591309,
  "Southampton": 1527.6385498,
  "Preston": 1527.45690918,
  "West Brom": 1522.82922363,
  "Hull": 1521.96850586,
  "Swansea": 1514.3338623,
  "Blackburn": 1513.62438965,
  "Watford": 1505.42590332,
  "Derby": 1501.41137695,
  "Charlton": 1494.45788574,
  "QPR": 1488.12194824,
  "Birmingham": 1481.65075684,
  "Norwich": 1468.05651855,
  "Wrexham": 1465.64660645,
  "Portsmouth": 1465.26220703,
  "Oxford": 1457.7010498,
  "Sheffield Weds": 1440.35864258
}