{
  "Inter": 1920.04650879,
  "Milan": 1821.45629883,
  "Napoli": 1819.12683105,
  "Juventus": 1811.42407227,
  "Roma": 1805.53613281,
  "Atalanta": 1802.29797363,
  "Bologna": 1757.24157715,
  "Lazio": 1754.40100098,
  "Como": 1704.18908691,
  "Fiorentina": 1668.10473633,
  "Torino": 1667.5838623,
  "Sassuolo": 1629.29162598,
  "Genoa": 1628.01611328,
  "Udinese": 1617.85522461,
  "Cagliari": 1600.85351562,
  "Cremonese": 1598.0246582,
  "Parma": 1588.6484375,
  "Verona": 1586.62658691,
  "Lecce": 1581.67297363,
  "Venezia": 1577.80285645,
  "Monza": 1546.93920898,
  "Pisa": 1539.17504883,
  "Frosinone": 1533.45239258,
  "Empoli": 1514.15234375,
  "Palermo": 1507.10083008,
  "Catanzaro": 1483.67871094,
  "Cesena": 1470.37390137,
  "Modena": 1469.24658203,
  "Juve Stabia": 1454.37731934,
  "Spezia": 1442.90356445,
  "Suedtirol": 1420.7409668,
  "Sampdoria": 1412.06738281,
  "Carrarese": 1406.67346191,
  "Reggiana": 1403.97729492,
  "Bari": 1401.89868164,
  "Padova": 1394.52001953,
  "Avellino": 1373.8737793,
  "Mantova": 1368.19726562,
  "Entella": 1355.57983398,
  "Pescara": 1353.27990723
}