{
  "Bayern Munich": 1967.81628418,
  "Borussia Dortmund": 1845.06665039,
  "Leverkusen": 1829.61560059,
  "RB Leipzig": 1757.27368164,
  "Frankfurt": 1741.3605957,
  "Stuttgart": 1719.06835938,
  "Freiburg": 1683.51330566,
  "Werder": 1676.86328125,
  "Mainz": 1667.00390625,
  "Hoffenheim": 1636.92150879,
  "Wolfsburg": 1627.58825684,
  "Union Berlin": 1619.30944824,
  "Augsburg": 1601.26708984,
  "Gladbach": 1598.07873535,
  "Koeln": 1583.16345215,
  "St Pauli": 1568.94970703,
  "Hamburg": 1565.78930664,
  "Heidenheim": 1535.71569824,
  "Elversberg": 1530.31286621,
  "Paderborn": 1529.47119141,
  "Holstein": 1516.37805176,
  "Karlsruhe": 1495.33056641,
  "Hannover": 1486.69616699,
  "Bochum": 1486.67785645,
  "Lautern": 1481.22839355,
  "Darmstadt": 1475.94128418,
  "Schalke": 1472.35693359,
  "Hertha": 1466.87841797,
  "Duesseldorf": 1452.08825684,
  "Nuernberg": 1417.37304688,
  "Magdeburg": 1408.60168457,
  "Muenster": 1396.40454102,
  "Fuerth": 1379.39379883,
  "Bielefeld": 1373.96936035,
  "Braunschweig": 1358.79858398,
  "Dresden": 1339.57641602
}