{
  "Arsenal": 2056.31347656,
  "Manchester City": 1936.68249512,
  "Liverpool": 1931.68811035,
  "Chelsea": 1880.36804199,
  "Manchester United": 1876.9630127,
  "Aston Villa": 1870.30383301,
  "Newcastle": 1849.10998535,
  "Brighton": 1829.68884277,
  "Brentford": 1828.95019531,
  "Bournemouth": 1817.17871094,
  "Everton": 1811.2121582,
  "Fulham": 1790.57385254,
  "Crystal Palace": 1784.66149902,
  "Tottenham": 1764.35144043,
  "Leeds": 1759.66040039,
  "Forest": 1758.4354248,
  "West Ham": 1741.88684082,
  "Wolverhampton": 1697.10461426,
  "Sunderland": 1686.75891113,
  "Burnley": 1678.6361084,
  "Ipswich": 1624.99560547,
  "Coventry": 1623.60510254,
  "Middlesbrough": 1586.90356445,
  "Southampton": 1581.28149414,
  "Millwall": 1570.40795898,
  "Sheffield United": 1553.09619141,
  "Norwich": 1535.54309082,
  "Hull": 1525.2857666,
  "Derby": 1523.37756348,
  "Wrexham": 1520.30725098,
  "Watford": 1508.77441406,
  "Swansea": 1508.37060547,
  "Leicester": 1499.17053223,
  "Stoke": 1495.21191406,
  "Bristol City": 1491.2722168,
  "Birmingham": 1483.11108398,
  "QPR": 1475.6640625,
  "Charlton": 1467.23376465,
  "Blackburn": 1465.55761719,
  "West Brom": 1462.4095459,
  "Preston": 1460.37841797,
  "Portsmouth": 1458.40344238,
  "Oxford": 1451.85839844,
  "Sheffield Weds": 1321.38818359
}