{
  "Arsenal": 2063.7578125,
  "Manchester City": 1970.85388184,
  "PSG": 1967.87866211,
  "Barcelona": 1951.58874512,
  "Real Madrid": 1922.91210938,
  "Aston Villa": 1920.97009277,
  "Manchester United": 1915.31591797,
  "Liverpool": 1910.7989502,
  "Inter": 1888.60229492,
  "Bournemouth": 1871.9699707,
  "Sporting": 1847.9276123,
  "Brighton": 1842.01049805,
  "Newcastle": 1837.53112793,
  "Brentford": 1836.59033203,
  "Borussia Dortmund": 1834.76879883,
  "Chelsea": 1831.10351562,
  "Atlético": 1827.67553711,
  "Benfica": 1823.50854492,
  "Forest": 1822.17004395,
  "Fulham": 1813.09558105,
  "Porto": 1805.94543457,
  "Leverkusen": 1804.02624512,
  "Crystal Palace": 1803.82458496,
  "Everton": 1803.43054199,
  "Leeds": 1797.3885498,
  "Roma": 1793.45068359,
  "Napoli": 1780.29577637,
  "Tottenham": 1777.30895996,
  "Juventus": 1772.25610352,
  "Lens": 1767.04321289,
  "Atalanta": 1763.51831055,
  "RB Leipzig": 1761.90368652,
  "Como": 1760.02868652,
  "Villarreal": 1759.3449707,
  "PSV": 1759.13476562,
  "Brugge": 1757.43847656,
  "Milan": 1750.04199219,
  "Betis": 1747.13122559,
  "Lille": 1743.7088623,
  "Sunderland": 1735.93017578,
  "Lyon": 1731.61791992,
  "Freiburg": 1724.91333008,
  "Monaco": 1717.51818848,
  "Saint-Gilloise": 1716.76196289,
  "Marseille": 1716.74267578,
  "Rennais": 1716.11877441,
  "Strasbourg": 1710.80432129,
  "Bodø/Glimt": 1708.89233398,
  "Rayo Vallecano": 1707.34008789,
  "Lazio": 1703.16967773,
  "Bologna": 1701.2779541,
  "Celta": 1700.77709961,
  "Hoffenheim": 1700.35388184,
  "Braga": 1698.91101074,
  "Valencia": 1697.41503906,
  "Midtjylland": 1687.3840332,
  "Galatasaray": 1684.27087402,
  "Athletic": 1677.90087891,
  "Mainz": 1671.92553711,
  "Fiorentina": 1670.17321777,
  "Real Sociedad": 1669.46557617,
  "Getafe": 1664.07507324,
  "Frankfurt": 1663.77990723,
  "Coventry": 1661.4777832,
  "Zenit": 1657.19775391,
  "Fenerbahce": 1655.55847168,
  "Slavia Prag": 1654.11645508,
  "Toulouse": 1652.31567383,
  "Osasuna": 1650.25805664,
  "Udinese": 1645.94152832,
  "Mallorca": 1642.77294922,
  "Gladbach": 1640.84326172,
  "AEK": 1640.65856934,
  "Ipswich": 1639.99816895,
  "Lorient": 1639.05737305,
  "Levante": 1638.74023438,
  "Augsburg": 1636.44641113,
  "Girona": 1635.80603027,
  "Alaves": 1634.98193359,
  "FC Krasnodar": 1632.22900391,
  "Viking": 1631.9107666,
  "Espanyol": 1629.45593262,
  "Paris FC": 1629.32714844,
  "Sevilla": 1625.92346191,
  "Auxerre": 1624.1114502,
  "Torino": 1624.05883789,
  "Elche": 1623.40356445,
  "Sassuolo": 1622.01721191,
  "Brest": 1620.84448242,
  "Union Berlin": 1619.43066406,
  "Genoa": 1618.22717285,
  "Werder": 1606.01940918,
  "PAOK": 1605.5760498,
  "Feyenoord": 1602.56091309,
  "Hamburg": 1602.14733887,
  "Parma": 1599.93127441,
  "Cagliari": 1594.30493164,
  "Famalicao": 1590.96594238,
  "Crvena Zvezda": 1586.15515137,
  "Aarhus": 1582.55212402,
  "Nice": 1582.37219238,
  "Genk": 1581.32556152,
  "Le Havre": 1580.06848145,
  "Copenhagen": 1578.41003418,
  "Ajax": 1578.02783203,
  "Dinamo Zagreb": 1577.11853027,
  "Celtic": 1575.15283203,
  "Koeln": 1568.16882324,
  "Lecce": 1568.02038574,
  "Twente": 1567.7479248,
  "Pafos": 1561.03271484,
  "Real Oviedo": 1557.96923828,
  "Viktoria Plzen": 1556.39904785,
  "Lok Moskva": 1555.28356934,
  "CSKA Moskva": 1554.62353516,
  "St Truiden": 1554.60766602,
  "Qarabag FK": 1554.37609863,
  "Spartak Moskva": 1550.99316406,
  "Sparta Praha": 1547.84729004,
  "Angers": 1547.54577637,
  "Panathinaikos": 1546.63842773,
  "Nantes": 1544.4296875,
  "Nordsjaelland": 1541.78027344,
  "Alkmaar": 1539.21289062,
  "Dynamo Moskva": 1538.52539062,
  "Hull": 1532.88037109,
  "Nijmegen": 1531.59875488,
  "Cremonese": 1531.55664062,
  "Brondby": 1529.92553711,
  "Brann": 1528.16906738,
  "Trabzonspor": 1526.23779297,
  "Paderborn": 1525.36767578,
  "Anderlecht": 1523.74462891,
  "Elversberg": 1523.3984375,
  "Lech": 1520.91870117,
  "Bueyueksehir": 1520.46105957,
  "Utrecht": 1520.30163574,
  "Ferencvaros": 1520.05029297,
  "Schalke": 1519.74243164,
  "Rangers": 1517.05700684,
  "Besiktas": 1516.3416748,
  "Mjaellby": 1515.64575195,
  "Guimaraes": 1515.55187988,
  "Rakow": 1513.4987793,
  "Viborg": 1512.19714355,
  "Gil Vicente": 1507.84594727,
  "Hammarby": 1507.66381836,
  "Charleroi": 1504.9967041,
  "Verona": 1502.55664062,
  "Standard": 1502.06079102,
  "Arouca": 1500.69458008,
  "Gent": 1497.22473145,
  "Tromso": 1496.79089355,
  "Larnaca": 1494.35522461,
  "Estoril": 1493.87988281,
  "Metz": 1489.80969238,
  "Baltika": 1484.52722168,
  "Santa Clara": 1482.95849609,
  "RB Salzburg": 1482.40710449,
  "Antwerp": 1480.32495117,
  "Moreirense": 1478.99890137,
  "Mechelen": 1478.85229492,
  "Westerlo": 1475.3503418,
  "Apollon Lemesos": 1474.15783691,
  "Hearts": 1473.26843262,
  "Djurgarden": 1472.00268555,
  "Sturm Graz": 1471.63842773,
  "StGallen": 1469.69934082,
  "Heerenveen": 1468.30761719,
  "Molde": 1467.12402344,
  "Jagiellonia": 1466.60546875,
  "Beer-Sheva": 1466.13781738,
  "SonderjyskE": 1465.48193359,
  "Thun": 1463.22167969,
  "Samsunspor": 1461.5769043,
  "Craiova": 1458.68530273,
  "Omonia": 1456.90466309,
  "Pisa": 1455.70275879,
  "Celje": 1455.5267334,
  "Gyoer": 1454.81445312,
  "LASK": 1452.54577637,
  "Gornik": 1452.04492188,
  "Rio Ave": 1451.29150391,
  "Nacional": 1451.03393555,
  "Goeztepe": 1450.39257812,
  "Lugano": 1450.05969238,
  "Rubin Kazan": 1449.72570801,
  "Cercle Brugge": 1445.62512207,
  "Hradec Kralove": 1445.51147461,
  "Silkeborg": 1445.33203125,
  "Jablonec": 1445.09521484,
  "Malmoe": 1444.68371582,
  "Alverca": 1443.62683105,
  "Levski": 1441.24841309,
  "Go Ahead Eagles": 1440.8338623,
  "Legia": 1440.72375488,
  "Groningen": 1438.96704102,
  "M Tel Aviv": 1438.46240234,
  "CFR Cluj": 1437.53100586,
  "Basel": 1436.5378418,
  "Sion": 1433.71716309,
  "Universitatea Cluj": 1433.61633301,
  "Randers": 1432.48901367,
  "Razgrad": 1431.40698242,
  "Slovan Liberec": 1431.40258789,
  "Young Boys": 1431.35949707,
  "Odense": 1430.63183594,
  "Zulte Waregem": 1430.47900391,
  "Casa Pia": 1427.91748047,
  "IK Sirius": 1427.83239746,
  "Rosenborg": 1427.67407227,
  "Hajduk": 1426.87268066,
  "Steaua": 1426.69921875,
  "Katowice": 1426.26806641,
  "Pogon": 1424.82568359,
  "Rostov": 1424.74609375,
  "Sandefjord": 1423.67431641,
  "Leuven": 1422.09460449,
  "Servette": 1417.44897461,
  "Beitar": 1414.83398438,
  "Piast Gliwice": 1413.75854492,
  "Fredrikstad": 1412.80065918,
  "Sparta Rotterdam": 1411.77038574,
  "Terek Grozny": 1406.51831055,
  "Levadeiakos": 1405.93115234,
  "Sarpsborg": 1403.36450195,
  "Estrela Amadora": 1403.16516113,
  "Rizespor": 1402.17834473,
  "Tondela": 1399.92504883,
  "Austria Wien": 1398.94311523,
  "Hibernian": 1398.91040039,
  "Alanyaspor": 1398.89465332,
  "Konyaspor": 1398.39013672,
  "Lubin": 1397.54760742,
  "Luzern": 1397.09777832,
  "Ham-Kam": 1395.87011719,
  "Telstar": 1394.6973877,
  "Cracovia": 1394.18835449,
  "Korona": 1390.38623047,
  "Motherwell": 1389.7043457,
  "Zwolle": 1389.3717041,
  "Elfsborg": 1388.13391113,
  "Rijeka": 1387.4979248,
  "GAIS": 1387.08862305,
  "Haecken": 1383.41943359,
  "Sittard": 1383.10021973,
  "Kasimpasa": 1383.04516602,
  "Rapid Wien": 1381.19360352,
  "AIK": 1381.11547852,
  "Motor Lublin": 1379.69775391,
  "Valerenga": 1377.26928711,
  "Excelsior": 1377.12597656,
  "Plock": 1375.22241211,
  "Lausanne": 1374.96118164,
  "Sigma Olomouc": 1371.94616699,
  "Widzew": 1371.26391602,
  "Hartberg": 1370.59326172,
  "Eyupspor": 1370.07275391,
  "Goeteborg": 1368.79516602,
  "Rapid Bucuresti": 1368.52380371,
  "Dinamo Bucuresti": 1368.21972656,
  "Paksi": 1367.53356934,
  "Slovan Bratislava": 1366.51843262,
  "Kryliya Sovetov": 1366.14489746,
  "Koper": 1364.5402832,
  "Puskas Akademia": 1363.62231445,
  "KFUM Oslo": 1363.44885254,
  "Lillestrom": 1363.40356445,
  "Akron Togliatti": 1360.69018555,
  "Varazdin": 1357.82263184,
  "CSKA Sofia": 1355.23095703,
  "Gaziantep FK": 1354.34484863,
  "Debrecen": 1353.97338867,