{
  "Arsenal": 2042.26855469,
  "Bayern Munich": 1998.08544922,
  "Manchester City": 1983.80944824,
  "PSG": 1966.32519531,
  "Barcelona": 1934.81433105,
  "Liverpool": 1933.28112793,
  "Inter": 1917.06872559,
  "Aston Villa": 1912.16625977,
  "Real Madrid": 1903.95690918,
  "Chelsea": 1895.74694824,
  "Newcastle": 1880.37756348,
  "Atlético": 1866.81896973,
  "Borussia Dortmund": 1860.00048828,
  "Crystal Palace": 1855.57458496,
  "Brighton": 1847.01574707,
  "Leverkusen": 1842.76525879,
  "Manchester United": 1835.53430176,
  "Napoli": 1831.56359863,
  "Milan": 1827.50158691,
  "Tottenham": 1826.74462891,
  "Sporting": 1819.21936035,
  "Everton": 1817.23999023,
  "Brentford": 1812.33117676,
  "Roma": 1808.2635498,
  "Bournemouth": 1806.94763184,
  "PSV": 1804.42407227,
  "Benfica": 1800.33374023,
  "Juventus": 1795.42993164,
  "Atalanta": 1794.18237305,
  "RB Leipzig": 1785.13574219,
  "Marseille": 1780.82141113,
  "Fulham": 1777.05554199,
  "Forest": 1776.1595459,
  "Villarreal": 1772.01977539,
  "Porto": 1767.99841309,
  "Bologna": 1765.92675781,
  "Betis": 1756.21105957,
  "Lazio": 1754.5847168,
  "Lille": 1754.32788086,
  "Lens": 1748.3651123,
  "West Ham": 1740.51953125,
  "Lyon": 1736.62182617,
  "Athletic": 1732.52612305,
  "Leeds": 1731.8605957,
  "Stuttgart": 1730.67163086,
  "Frankfurt": 1724.89282227,
  "Monaco": 1718.34472656,
  "Galatasaray": 1714.68676758,
  "Freiburg": 1711.42944336,
  "Como": 1708.77062988,
  "Saint-Gilloise": 1707.60241699,
  "Strasbourg": 1703.82714844,
  "Burnley": 1702.69274902,
  "Brugge": 1700.42163086,
  "Fenerbahce": 1698.16101074,
  "Olympiacos": 1690.76171875,
  "Braga": 1685.75146484,
  "Rennais": 1682.99853516,
  "Slavia Prag": 1682.85046387,
  "Celta": 1682.56982422,
  "Hoffenheim": 1678.83618164,
  "Midtjylland": 1678.73022461,
  "Werder": 1675.03723145,
  "Fiorentina": 1667.3572998,
  "Brest": 1664.36425781,
  "Espanyol": 1662.6151123,
  "Zenit": 1662.57800293,
  "Gladbach": 1659.19702148,
  "Sunderland": 1658.86767578,
  "Toulouse": 1655.44750977,
  "Wolverhampton": 1653.78991699,
  "Torino": 1653.16308594,
  "Valencia": 1650.76879883,
  "Osasuna": 1650.75915527,
  "Real Sociedad": 1649.27856445,
  "Rayo Vallecano": 1648.80200195,
  "Bodø/Glimt": 1648.58691406,
  "Mainz": 1643.76428223,
  "FC Krasnodar": 1639.16955566,
  "Feyenoord": 1637.67236328,
  "Genoa": 1636.171875,
  "Wolfsburg": 1635.84460449,
  "Sassuolo": 1632.05725098,
  "Alaves": 1629.31103516,
  "Getafe": 1628.88305664,
  "Sevilla": 1627.42749023,
  "Union Berlin": 1625.01708984,
  "Mallorca": 1623.7767334,
  "Augsburg": 1622.34558105,
  "Udinese": 1617.85571289,
  "PAOK": 1615.89050293,
  "Elche": 1608.84301758,
  "Cagliari": 1607.00280762,
  "Nice": 1605.82702637,
  "Lorient": 1599.00085449,
  "Cremonese": 1598.15222168,
  "Copenhagen": 1596.06994629,
  "CSKA Moskva": 1595.08740234,
  "Koeln": 1594.68273926,
  "Parma": 1593.94677734,
  "AEK": 1591.39758301,
  "Ajax": 1591.32592773,
  "Genk": 1590.76928711,
  "Girona": 1588.64428711,
  "Hamburg": 1587.49572754,
  "Celtic": 1585.92199707,
  "Auxerre": 1585.37109375,
  "Viking": 1579.44616699,
  "Alkmaar": 1578.04772949,
  "Sparta Praha": 1577.16345215,
  "Lok Moskva": 1576.38366699,
  "Lecce": 1575.45178223,
  "Verona": 1574.93676758,
  "Angers": 1570.95629883,
  "Crvena Zvezda": 1570.01855469,
  "Anderlecht": 1569.65429688,
  "Aarhus": 1569.44250488,
  "Levante": 1569.2076416,
  "Viktoria Plzen": 1565.60778809,
  "Heidenheim": 1560.52502441,
  "Le Havre": 1559.34399414,
  "St Pauli": 1555.7532959,
  "Guimaraes": 1555.62683105,
  "Pafos": 1554.1862793,
  "Nantes": 1554.08044434,
  "Mjaellby": 1553.38671875,
  "Brondby": 1551.41625977,
  "Paris FC": 1550.69177246,
  "Spartak Moskva": 1550.35656738,
  "Real Oviedo": 1549.59094238,
  "Shakhtar": 1548.8692627,
  "Famalicao": 1548.37988281,
  "Qarabag": 1545.95715332,
  "Metz": 1543.85766602,
  "Rakow": 1543.60241699,
  "Ferencvaros": 1542.79650879,
  "Panathinaikos": 1542.7857666,
  "Pisa": 1542.18469238,
  "Twente": 1535.25402832,
  "Trabzonspor": 1530.30090332,
  "Utrecht": 1529.29345703,
  "Brann": 1523.38977051,
  "Nijmegen": 1521.43835449,
  "Dinamo Zagreb": 1520.06665039,
  "Hammarby": 1515.06994629,
  "Antwerp": 1515.0267334,
  "Basel": 1511.0201416,
  "Rangers": 1508.13818359,
  "St Truiden": 1507.54736328,
  "Young Boys": 1505.54223633,
  "Nordsjaelland": 1504.32434082,
  "Dynamo Moskva": 1504.17370605,
  "Gil Vicente": 1502.9588623,
  "Larnaca": 1502.40759277,
  "Moreirense": 1499.92700195,
  "Mechelen": 1498.34106445,
  "Besiktas": 1498.13195801,
  "Jablonec": 1498.09667969,
  "Omonia": 1497.99060059,
  "Jagiellonia": 1495.51269531,
  "RB Salzburg": 1494.52246094,
  "Djurgarden": 1489.7878418,
  "Lech": 1489.40087891,
  "Beer-Sheva": 1486.8951416,
  "Aris Limassol": 1486.09631348,
  "Gent": 1482.46789551,
  "Viborg": 1481.81408691,
  "Estoril": 1481.38256836,
  "Baltika": 1477.88562012,
  "Charleroi": 1475.84228516,
  "Santa Clara": 1474.06530762,
  "Samsunspor": 1471.83007812,
  "Westerlo": 1468.23901367,
  "SonderjyskE": 1466.10339355,
  "Rio Ave": 1464.9720459,
  "Sturm Graz": 1461.94970703,
  "Randers": 1459.92504883,
  "Tromso": 1459.36474609,
  "Bueyueksehir": 1459.35717773,
  "Go Ahead Eagles": 1458.10131836,
  "Slovan Liberec": 1457.4831543,
  "Standard": 1451.17102051,
  "M Tel Aviv": 1450.48791504,
  "Celje": 1449.2935791,
  "Sparta Rotterdam": 1448.76818848,
  "Craiova": 1448.28320312,
  "Steaua": 1448.07922363,
  "Malmoe": 1447.74304199,
  "Razgrad": 1447.55981445,
  "Goeztepe": 1446.32702637,
  "Hearts": 1445.93395996,
  "Molde": 1443.29162598,
  "Silkeborg": 1441.70019531,
  "Rostov": 1435.17077637,
  "Rosenborg": 1435.16906738,
  "Arouca": 1434.56018066,
  "Hradec Kralove": 1431.44030762,
  "Pogon": 1430.78381348,
  "Rubin Kazan": 1430.16821289,
  "Lausanne": 1430.05493164,
  "Cracovia": 1429.24841309,
  "StGallen": 1428.68579102,
  "Gornik": 1428.40356445,
  "Legia": 1424.02990723,
  "Casa Pia": 1423.40551758,
  "Heerenveen": 1421.26989746,
  "LASK": 1417.94921875,
  "Servette": 1417.87438965,
  "Cercle Brugge": 1417.64697266,
  "Rapid Bucuresti": 1417.47814941,
  "Alverca": 1417.27160645,
  "Groningen": 1417.25280762,
  "Levski": 1417.18505859,
  "Nacional": 1417.14294434,
  "Leuven": 1416.46618652,
  "Wolfsberg": 1415.72338867,
  "Alanyaspor": 1415.47949219,
  "Aris": 1415.06469727,
  "Banik Ostrava": 1414.96838379,
  "GAIS": 1414.95629883,
  "Sandefjord": 1413.25305176,
  "Hajduk": 1412.86401367,
  "Odense": 1411.02819824,
  "Radomiak": 1410.97094727,
  "Zwolle": 1409.62268066,
  "Fredrikstad": 1409.15246582,
  "Dynamo Kyiv": 1408.13500977,
  "Piast Gliwice": 1406.59118652,
  "Gaziantep FK": 1406.10241699,
  "Goeteborg": 1405.97998047,
  "Sigma Olomouc": 1404.2520752,
  "Estrela Amadora": 1403.87695312,
  "Gyoer": 1402.96984863,
  "Korona": 1401.17749023,
  "Puskas Akademia": 1401.12744141,
  "AIK": 1400.67614746,
  "Hibernian": 1400.57287598,
  "Austria Wien": 1398.24963379,
  "Sittard": 1397.30700684,
  "Levadeiakos": 1396.47827148,
  "IK Sirius": 1395.75842285,
  "Maccabi Haifa": 1395.22668457,
  "Paksi": 1394.78393555,
  "Lugano": 1393.76208496,
  "Kasimpasa": 1393.04260254,
  "Rijeka": 1392.95227051,
  "Sarpsborg": 1390.17114258,
  "Lubin": 1389.78625488,
  "Zulte Waregem": 1389.34228516,
  "Zuerich": 1389.09838867,
  "Partizan": 1388.98498535,
  "Plock": 1388.06018066,
  "Terek Grozny": 1387.9239502,
  "Elfsborg": 1383.08374023,
  "Haecken": 1381.72033691,
  "Rizespor": 1380.87597656,
  "Thun": 1380.4309082,
  "Katowice": 1379.82775879,
  "Tondela": 1379.06616211,
  "Sion": 1378.84790039,
  "Kryliya Sovetov": 1378.48669434,
  "Heracles": 1376.96826172,
  "Dender": 1375.6105957,
  "Akron Togliatti": 1374.86291504,
  "Karvina": 1374.26757812,
  "Lechia": 1373.94262695,
  "Luzern": 1372.75817871,
  "Dinamo Bucuresti": 1372.62658691,
  "CFR Cluj": 1371.71606445,
  "Konyaspor": 1371.67822266,
  "Ham-Kam": 1370.54064941,
  "Hartberg": 1369.50024414,
  "Kocaelispor": 1364.43579102,
  "Valerenga": 1361.37585449,