{
  "Bayern Munich": 1991.25305176,
  "Borussia Dortmund": 1848.79724121,
  "Leverkusen": 1838.23059082,
  "RB Leipzig": 1772.23510742,
  "Frankfurt": 1747.47753906,
  "Stuttgart": 1716.29602051,
  "Freiburg": 1688.57287598,
  "Werder": 1683.48278809,
  "Mainz": 1672.57348633,
  "Hoffenheim": 1651.41723633,
  "Union Berlin": 1626.43896484,
  "Wolfsburg": 1625.28186035,
  "Gladbach": 1620.21691895,
  "Augsburg": 1604.25219727,
  "Koeln": 1601.11230469,
  "Hamburg": 1560.02978516,
  "St Pauli": 1559.00073242,
  "Heidenheim": 1546.51721191,
  "Paderborn": 1539.29162598,
  "Elversberg": 1534.38220215,
  "Holstein": 1512.21435547,
  "Karlsruhe": 1508.06262207,
  "Bochum": 1500.26953125,
  "Hannover": 1494.81604004,
  "Lautern": 1487.3359375,
  "Hertha": 1478.96948242,
  "Darmstadt": 1478.45715332,
  "Schalke": 1471.81396484,
  "Duesseldorf": 1458.16992188,
  "Nuernberg": 1429.29455566,
  "Muenster": 1412.75744629,
  "Magdeburg": 1407.19885254,
  "Bielefeld": 1383.64233398,
  "Fuerth": 1381.76245117,
  "Braunschweig": 1359.0657959,
  "Dresden": 1339.67456055
}