{
  "Arsenal": 2042.84118652,
  "Manchester City": 1987.46484375,
  "Liverpool": 1954.47412109,
  "Chelsea": 1913.96325684,
  "Aston Villa": 1891.41125488,
  "Newcastle": 1876.84655762,
  "Crystal Palace": 1864.10595703,
  "Brighton": 1852.8807373,
  "Manchester United": 1834.22045898,
  "Bournemouth": 1830.38427734,
  "Tottenham": 1825.8449707,
  "Brentford": 1823.1998291,
  "Everton": 1803.58276367,
  "Forest": 1788.71948242,
  "Fulham": 1782.82067871,
  "West Ham": 1742.15234375,
  "Burnley": 1721.81921387,
  "Leeds": 1716.12573242,
  "Wolverhampton": 1675.39916992,
  "Sunderland": 1646.31286621,
  "Coventry": 1635.76293945,
  "Ipswich": 1601.51501465,
  "Leicester": 1597.86767578,
  "Middlesbrough": 1570.5958252,
  "Southampton": 1550.83105469,
  "Bristol City": 1548.58312988,
  "Sheffield United": 1539.71228027,
  "Stoke": 1537.50244141,
  "West Brom": 1523.90942383,
  "Millwall": 1521.95324707,
  "Hull": 1519.76379395,
  "Preston": 1518.9786377,
  "Watford": 1514.5760498,
  "Blackburn": 1514.06604004,
  "Derby": 1501.4564209,
  "QPR": 1498.3815918,
  "Swansea": 1491.66015625,
  "Birmingham": 1487.82995605,
  "Wrexham": 1478.15270996,
  "Portsmouth": 1472.24267578,
  "Charlton": 1470.26000977,
  "Oxford": 1454.25805664,
  "Norwich": 1450.91870117,
  "Sheffield Weds": 1421.68212891
}