{
  "PSG": 1987.74902344,
  "Lille": 1775.34924316,
  "Marseille": 1767.13513184,
  "Monaco": 1755.1505127,
  "Lyon": 1754.50390625,
  "Strasbourg": 1726.14379883,
  "Lens": 1715.18322754,
  "Nice": 1690.41333008,
  "Toulouse": 1666.94921875,
  "Brest": 1653.6706543,
  "Rennais": 1653.01098633,
  "Auxerre": 1597.17004395,
  "Lorient": 1589.51660156,
  "Nantes": 1586.79333496,
  "Le Havre": 1573.08666992,
  "Paris FC": 1554.12634277,
  "Reims": 1552.53405762,
  "Angers": 1551.69018555,
  "Metz": 1546.59265137,
  "Saint-Etienne": 1525.59191895,
  "Troyes": 1492.94250488,
  "Montpellier": 1477.38024902,
  "Annecy": 1447.55700684,
  "Guingamp": 1446.22167969,
  "Dunkerque": 1442.09814453,
  "Red Star": 1436.55065918,
  "Pau": 1426.27954102,
  "Rodez": 1425.22631836,
  "Clermont": 1414.79431152,
  "Amiens": 1407.49060059,
  "Grenoble": 1407.31347656,
  "Le Mans": 1406.06481934,
  "Laval": 1403.5369873,
  "Bastia": 1401.78051758,
  "Nancy": 1374.91577148,
  "Boulogne": 1362.56604004
}