{
  "Barcelona": 1937.03100586,
  "Real Madrid": 1907.25439453,
  "Atlético": 1869.20532227,
  "Villarreal": 1772.01977539,
  "Betis": 1756.2109375,
  "Athletic": 1721.2154541,
  "Celta": 1693.88037109,
  "Espanyol": 1671.56237793,
  "Rayo Vallecano": 1648.80212402,
  "Osasuna": 1648.5423584,
  "Valencia": 1648.38256836,
  "Real Sociedad": 1638.08410645,
  "Sevilla": 1637.05383301,
  "Mallorca": 1632.8112793,
  "Alaves": 1626.01342773,
  "Getafe": 1619.93603516,
  "Girona": 1599.83874512,
  "Elche": 1599.80859375,
  "Levante": 1569.20776367,
  "Las Palmas": 1563.34545898,
  "Almeria": 1552.35986328,
  "Racing": 1550.87353516,
  "Real Oviedo": 1539.96459961,
  "Leganes": 1528.10864258,
  "Castellon": 1499.04528809,
  "Cadiz": 1498.20861816,
  "Depor": 1497.0411377,
  "Granada": 1487.38146973,
  "Burgos": 1486.59143066,
  "Mirandes": 1475.68481445,
  "Valladolid": 1472.21606445,
  "Sporting": 1469.39807129,
  "Eibar": 1463.9050293,
  "Huesca": 1461.05944824,
  "Cordoba": 1460.69702148,
  "Albacete": 1454.55297852,
  "Malaga": 1454.46447754,
  "Ceuta": 1450.3494873,
  "Sociedad B": 1434.19165039,
  "Leonesa": 1426.24035645,
  "FC Andorra": 1405.94116211,
  "Zaragoza": 1393.79614258
}