{
  "Bayern Munich": 2008.38549805,
  "Borussia Dortmund": 1826.88525391,
  "Leverkusen": 1823.23425293,
  "RB Leipzig": 1774.57055664,
  "Stuttgart": 1754.45227051,
  "Freiburg": 1715.88720703,
  "Hoffenheim": 1714.82116699,
  "Mainz": 1679.97180176,
  "Frankfurt": 1666.47814941,
  "Augsburg": 1644.42590332,
  "Gladbach": 1633.08532715,
  "Werder": 1616.94482422,
  "Wolfsburg": 1590.02270508,
  "Union Berlin": 1587.61071777,
  "Hamburg": 1586.40930176,
  "Koeln": 1585.31567383,
  "Heidenheim": 1548.2989502,
  "St Pauli": 1548.14953613,
  "Elversberg": 1538.39648438,
  "Schalke": 1532.64367676,
  "Hannover": 1532.50817871,
  "Paderborn": 1517.98339844,
  "Holstein": 1486.92285156,
  "Bochum": 1479.00256348,
  "Hertha": 1478.4029541,
  "Darmstadt": 1476.1418457,
  "Karlsruhe": 1441.77819824,
  "Nuernberg": 1440.38305664,
  "Lautern": 1439.78955078,
  "Magdeburg": 1434.87817383,
  "Dresden": 1414.83203125,
  "Duesseldorf": 1410.51477051,
  "Bielefeld": 1393.49133301,
  "Fuerth": 1386.85144043,
  "Braunschweig": 1378.02685547,
  "Muenster": 1353.73986816
}