{
  "Arsenal": 2036.95959473,
  "PSG": 2000.54760742,
  "Liverpool": 1992.74121094,
  "Manchester City": 1986.30566406,
  "Bayern Munich": 1965.77636719,
  "Real Madrid": 1947.50439453,
  "Inter": 1940.04602051,
  "Barcelona": 1933.52746582,
  "Chelsea": 1919.63476562,
  "Newcastle": 1887.63562012,
  "Aston Villa": 1886.50964355,
  "Crystal Palace": 1869.20983887,
  "Atlético": 1851.41955566,
  "Brighton": 1849.96325684,
  "Bournemouth": 1847.5123291,
  "Borussia Dortmund": 1843.47070312,
  "Manchester United": 1825.26403809,
  "Leverkusen": 1824.43115234,
  "Tottenham": 1820.96923828,
  "Atalanta": 1820.95068359,
  "Brentford": 1817.65722656,
  "Napoli": 1817.24975586,
  "Roma": 1815.43798828,
  "Everton": 1815.10314941,
  "Lille": 1808.47998047,
  "Milan": 1804.19042969,
  "Sporting": 1800.2208252,
  "Juventus": 1793.35095215,
  "Marseille": 1791.07897949,
  "Fulham": 1786.89245605,
  "Benfica": 1783.26171875,
  "Villarreal": 1777.22961426,
  "PSV": 1776.66101074,
  "Forest": 1760.22375488,
  "Betis": 1758.99230957,
  "Lyon": 1758.96130371,
  "Athletic": 1754.44018555,
  "Monaco": 1751.19360352,
  "Lazio": 1750.37060547,
  "Porto": 1749.3215332,
  "Bologna": 1746.14624023,
  "RB Leipzig": 1744.58825684,
  "Brugge": 1742.86682129,
  "Strasbourg": 1740.96032715,
  "Frankfurt": 1736.78771973,
  "Burnley": 1733.30944824,
  "Leeds": 1733.21630859,
  "Lens": 1732.5814209,
  "Galatasaray": 1731.9309082,
  "West Ham": 1724.2557373,
  "Saint-Gilloise": 1723.77722168,
  "Stuttgart": 1720.42602539,
  "Fiorentina": 1711.96691895,
  "Feyenoord": 1711.02880859,
  "Wolverhampton": 1705.85412598,
  "Freiburg": 1685.62402344,
  "Osasuna": 1685.4029541,
  "Nice": 1683.14440918,
  "Toulouse": 1683.00170898,
  "Como": 1679.07373047,
  "Brest": 1675.6661377,
  "Torino": 1675.57189941,
  "Rayo Vallecano": 1673.95117188,
  "Mainz": 1673.17089844,
  "Slavia Prag": 1672.4276123,
  "Werder": 1671.25744629,
  "Fenerbahce": 1669.52172852,
  "Rennais": 1669.04785156,
  "Valencia": 1668.52429199,
  "Celta": 1664.35021973,
  "Braga": 1661.5090332,
  "Bodø/Glimt": 1660.53356934,
  "Espanyol": 1660.20446777,
  "Olympiacos": 1659.5032959,
  "Sevilla": 1654.82885742,
  "Midtjylland": 1650.99133301,
  "Alaves": 1649.98339844,
  "Real Sociedad": 1643.09753418,
  "Mallorca": 1641.5723877,
  "Zenit": 1640.33081055,
  "FC Krasnodar": 1631.63244629,
  "Getafe": 1630.37658691,
  "Hoffenheim": 1630.20849609,
  "Genoa": 1628.5847168,
  "Union Berlin": 1626.16247559,
  "Sunderland": 1625.78051758,
  "Auxerre": 1624.17102051,
  "Wolfsburg": 1620.9206543,
  "Copenhagen": 1617.57580566,
  "Ajax": 1617.14648438,
  "Augsburg": 1615.19958496,
  "Elche": 1614.99511719,
  "Udinese": 1612.89648438,
  "CSKA Moskva": 1609.09484863,
  "Sassuolo": 1608.61572266,
  "Levante": 1608.03979492,
  "Genk": 1607.34277344,
  "Alkmaar": 1605.95446777,
  "Cagliari": 1604.86303711,
  "Lorient": 1602.41308594,
  "Gladbach": 1601.3659668,
  "Celtic": 1600.04016113,
  "Girona": 1598.0592041,
  "Nantes": 1594.75732422,
  "Crvena Zvezda": 1592.51538086,
  "Parma": 1590.43273926,
  "Sparta Praha": 1590.15673828,
  "Koeln": 1586.0065918,
  "PAOK": 1575.5501709,
  "Lecce": 1575.54577637,
  "Verona": 1574.92175293,
  "St Pauli": 1574.77001953,
  "Hamburg": 1573.70458984,
  "Paris FC": 1567.59350586,
  "Anderlecht": 1565.24560547,
  "Viktoria Plzen": 1563.46118164,
  "Cremonese": 1562.24584961,
  "Shakhtar": 1561.95617676,
  "Le Havre": 1561.80957031,
  "Qarabag": 1561.56445312,
  "Guimaraes": 1560.90734863,
  "Real Oviedo": 1558.77404785,
  "Viking": 1557.5793457,
  "Brondby": 1555.08703613,
  "Twente": 1555.03649902,
  "Spartak Moskva": 1554.22668457,
  "Mjaellby": 1549.35192871,
  "Dinamo Zagreb": 1548.84069824,
  "Utrecht": 1548.64343262,
  "Sturm Graz": 1547.96557617,
  "Lok Moskva": 1545.93579102,
  "Heidenheim": 1543.67602539,
  "Metz": 1543.32739258,
  "Brann": 1542.22839355,
  "Angers": 1542.18212891,
  "Basel": 1541.53271484,
  "AEK": 1540.71032715,
  "Famalicao": 1537.51660156,
  "Panathinaikos": 1530.39990234,
  "Pafos": 1529.50805664,
  "Aarhus": 1528.92651367,
  "Dynamo Moskva": 1528.63293457,
  "Jagiellonia": 1528.23254395,
  "Rakow": 1523.69335938,
  "Pisa": 1521.65039062,
  "RB Salzburg": 1521.35961914,
  "Rangers": 1519.79089355,
  "Lech": 1518.6361084,
  "M Tel Aviv": 1517.36157227,
  "Ferencvaros": 1517.01000977,
  "Hammarby": 1509.9666748,
  "Nordsjaelland": 1508.47546387,
  "Antwerp": 1502.17944336,
  "Jablonec": 1500.11376953,
  "Trabzonspor": 1498.79003906,
  "Nijmegen": 1498.10144043,
  "Mechelen": 1497.42834473,
  "Beer-Sheva": 1495.04040527,
  "Gil Vicente": 1491.96911621,
  "Besiktas": 1491.36853027,
  "Djurgarden": 1491.04223633,
  "Gent": 1489.07641602,
  "Moreirense": 1488.63806152,
  "Young Boys": 1484.87817383,
  "Charleroi": 1483.91113281,
  "Larnaca": 1481.89953613,
  "Celje": 1476.90478516,
  "Sparta Rotterdam": 1475.96765137,
  "Omonia": 1473.9901123,
  "Malmoe": 1473.67419434,
  "Aris Limassol": 1473.11975098,
  "Legia": 1472.92834473,
  "Randers": 1472.37719727,
  "Arouca": 1472.00793457,
  "Go Ahead Eagles": 1469.17858887,
  "Razgrad": 1469.10400391,
  "Rio Ave": 1468.32092285,
  "Westerlo": 1468.04748535,
  "Gornik": 1467.2532959,
  "St Truiden": 1466.66174316,
  "Dynamo Kyiv": 1465.87060547,
  "Santa Clara": 1464.9942627,
  "Samsunspor": 1462.69934082,
  "Cracovia": 1460.65039062,
  "Wolfsberg": 1458.33813477,
  "Silkeborg": 1456.60925293,
  "Estoril": 1455.39440918,
  "Pogon": 1454.15393066,
  "Rubin Kazan": 1453.67565918,
  "Casa Pia": 1452.89770508,
  "Craiova": 1452.66833496,
  "Cercle Brugge": 1450.98779297,
  "Rosenborg": 1444.97900391,
  "Hearts": 1443.28149414,
  "Austria Wien": 1442.02539062,
  "Bueyueksehir": 1439.09082031,
  "Standard": 1438.08996582,
  "Tromso": 1437.74694824,
  "Lausanne": 1434.84655762,
  "Alanyaspor": 1434.76599121,
  "Steaua": 1434.44482422,
  "Goeztepe": 1433.99206543,
  "Baltika": 1433.69958496,
  "Heerenveen": 1433.00476074,
  "Viborg": 1431.83972168,
  "Elfsborg": 1431.13317871,
  "Rostov": 1428.76647949,
  "StGallen": 1428.34863281,
  "Zwolle": 1427.65270996,
  "GAIS": 1426.00769043,
  "Korona": 1425.98852539,
  "Nacional": 1425.44604492,
  "Banik Ostrava": 1425.12084961,
  "Slovan Liberec": 1423.69494629,
  "Levski": 1423.26794434,
  "Molde": 1419.73461914,
  "Hradec Kralove": 1419.69274902,
  "Hajduk": 1419.68920898,
  "Maccabi Haifa": 1418.17236328,
  "Groningen": 1417.73669434,
  "Rapid Wien": 1417.0769043,
  "Sittard": 1415.27856445,
  "AIK": 1412.26928711,
  "Servette": 1411.22460938,
  "Rapid Bucuresti": 1410.56359863,
  "Aris": 1410.26403809,
  "Kasimpasa": 1410.08056641,
  "Hibernian": 1404.5435791,
  "Alverca": 1404.38830566,
  "Partizan": 1402.81530762,
  "SonderjyskE": 1401.23046875,
  "Gaziantep FK": 1401.11242676,
  "Luzern": 1399.94165039,
  "Fredrikstad": 1398.92993164,
  "Kryliya Sovetov": 1398.45568848,
  "Leuven": 1397.59716797,
  "Haecken": 1397.58544922,
  "LASK": 1396.31945801,
  "Paksi": 1395.5526123,
  "Sandefjord": 1395.09765625,
  "Piast Gliwice": 1394.68823242,
  "KFUM Oslo": 1394.39892578,
  "Konyaspor": 1393.84265137,
  "Goeteborg": 1392.46252441,
  "Rijeka": 1390.6529541,
  "Lugano": 1389.54504395,
  "Puskas Akademia": 1386.68896484,
  "Radomiak": 1386.38562012,
  "Terek Grozny": 1385.68798828,
  "Sigma Olomouc": 1385.44641113,
  "Sarpsborg": 1384.17456055,
  "Zulte Waregem": 1384.00817871,
  "CFR Cluj": 1383.93371582,
  "Lubin": 1382.97497559,
  "Zuerich": 1382.16162109,
  "Rizespor": 1381.56420898,
  "Gyoer": 1380.18615723,
  "Estrela Amadora": 1379.70007324,
  "Slovan Bratislava": 1378.30554199,
  "IK Sirius": 1375.18286133,
  "Widzew": 1373.19018555,
  "Plock": 1371.49145508,
  "Tondela": 1370.88256836,
  "Katowice": 1369.97888184,
  "Hartberg": 1369.37475586,
  "Sion": 1367.19128418,
  "Levadeiakos": 1362.89086914,
  "Odense": 1360.89282227,
  "Eyupspor": 1359.37890625,
  "Heracles": 1357.26721191,
  "Bohemians Praha": 1357.17382812,
  "FK Astana": 1355.50500488,
  "Lechia": 1354.75842285,