{
  "Barcelona": 1941.46679688,
  "Real Madrid": 1936.63183594,
  "Atletico": 1850.99304199,
  "Athletic": 1794.1574707,
  "Betis": 1763.69494629,
  "Villarreal": 1758.9473877,
  "Valencia": 1684.20214844,
  "Sociedad": 1682.57080078,
  "Celta": 1679.7286377,
  "Osasuna": 1672.89624023,
  "Girona": 1657.25500488,
  "Mallorca": 1651.51757812,
  "Sevilla": 1650.21179199,
  "Espanyol": 1650.05041504,
  "Getafe": 1645.06286621,
  "Rayo Vallecano": 1643.21008301,
  "Alaves": 1637.33117676,
  "Las Palmas": 1597.76330566,
  "Elche": 1590.12121582,
  "Levante": 1583.97607422,
  "Leganes": 1582.42858887,
  "Oviedo": 1566.24902344,
  "Almeria": 1543.44360352,
  "Granada": 1542.63024902,
  "Santander": 1541.83764648,
  "Mirandes": 1536.42797852,
  "Cadiz": 1520.17321777,
  "Huesca": 1511.38989258,
  "Eibar": 1502.43579102,
  "Depor": 1499.68408203,
  "Cordoba": 1496.1340332,
  "Valladolid": 1491.75622559,
  "Albacete": 1490.52246094,
  "Burgos": 1480.87695312,
  "Gijon": 1477.81237793,
  "Castellon": 1465.84643555,
  "Malaga": 1459.37219238,
  "Zaragoza": 1457.81591797,
  "Tenerife": 1457.69030762,
  "Eldense": 1415.53381348,
  "Ferrol": 1353.70117188,
  "Cartagena": 1340.36364746
}