{
  "Inter": 1892.5267334,
  "Milan": 1821.04467773,
  "Napoli": 1790.19238281,
  "Atalanta": 1787.33825684,
  "Roma": 1785.05578613,
  "Juventus": 1778.93127441,
  "Como": 1744.89416504,
  "Lazio": 1691.01220703,
  "Bologna": 1688.67382812,
  "Fiorentina": 1638.70849609,
  "Genoa": 1636.69592285,
  "Sassuolo": 1629.55065918,
  "Udinese": 1619.24853516,
  "Torino": 1610.82080078,
  "Parma": 1610.14331055,
  "Cagliari": 1589.46350098,
  "Venezia": 1589.34179688,
  "Lecce": 1561.78857422,
  "Monza": 1538.74633789,
  "Cremonese": 1533.06054688,
  "Frosinone": 1529.19140625,
  "Verona": 1520.87353516,
  "Palermo": 1519.36486816,
  "Pisa": 1495.0657959,
  "Catanzaro": 1481.6875,
  "Modena": 1441.72314453,
  "Suedtirol": 1439.1262207,
  "Empoli": 1435.72924805,
  "Juve Stabia": 1422.09716797,
  "Spezia": 1414.6640625,
  "Cesena": 1388.9543457,
  "Sampdoria": 1387.8449707,
  "Carrarese": 1384.99951172,
  "Mantova": 1367.76062012,
  "Padova": 1364.71691895,
  "Entella": 1364.45581055,
  "Bari": 1360.23730469,
  "Reggiana": 1354.67785645,
  "Avellino": 1349.63183594,
  "Pescara": 1347.40075684
}