{
  "Arsenal": 2055.61938477,
  "Manchester City": 1956.81274414,
  "Liverpool": 1934.18701172,
  "Chelsea": 1907.47924805,
  "Aston Villa": 1886.9420166,
  "Manchester United": 1872.24609375,
  "Newcastle": 1856.76367188,
  "Brentford": 1839.59057617,
  "Brighton": 1829.94897461,
  "Bournemouth": 1826.1706543,
  "Everton": 1820.73413086,
  "Fulham": 1796.4519043,
  "Crystal Palace": 1792.42858887,
  "Tottenham": 1765.69445801,
  "Forest": 1764.47875977,
  "Leeds": 1763.8145752,
  "West Ham": 1743.13439941,
  "Sunderland": 1698.42016602,
  "Wolverhampton": 1698.38562012,
  "Burnley": 1681.56542969,
  "Coventry": 1640.30688477,
  "Ipswich": 1627.35571289,
  "Middlesbrough": 1596.66699219,
  "Millwall": 1588.7277832,
  "Southampton": 1570.28918457,
  "Sheffield United": 1560.09472656,
  "Hull": 1547.80969238,
  "Norwich": 1539.83703613,
  "Wrexham": 1537.74780273,
  "Derby": 1521.69775391,
  "Leicester": 1519.8269043,
  "Watford": 1514.49633789,
  "Swansea": 1514.3314209,
  "Bristol City": 1493.43005371,
  "Stoke": 1489.93139648,
  "Birmingham": 1488.03393555,
  "Preston": 1474.21728516,
  "Charlton": 1472.56921387,
  "Portsmouth": 1472.0045166,
  "QPR": 1466.92919922,
  "Blackburn": 1459.15905762,
  "Oxford": 1458.44421387,
  "West Brom": 1451.80688477,
  "Sheffield Weds": 1330.94934082
}