{
  "Barcelona": 1933.4519043,
  "Real Madrid": 1916.06005859,
  "Atlético": 1831.84130859,
  "Betis": 1755.58679199,
  "Villarreal": 1742.26635742,
  "Athletic": 1707.6887207,
  "Celta": 1706.95056152,
  "Osasuna": 1687.8338623,
  "Real Sociedad": 1672.73864746,
  "Valencia": 1645.55480957,
  "Rayo Vallecano": 1639.16748047,
  "Girona": 1630.57287598,
  "Espanyol": 1628.2244873,
  "Mallorca": 1615.27111816,
  "Getafe": 1611.44897461,
  "Sevilla": 1611.38354492,
  "Alaves": 1607.66870117,
  "Elche": 1585.08886719,
  "Levante": 1571.3326416,
  "Real Oviedo": 1548.72827148,
  "Almeria": 1548.31591797,
  "Racing": 1545.92724609,
  "Castellon": 1544.68762207,
  "Las Palmas": 1535.03540039,
  "Leganes": 1513.53869629,
  "Depor": 1501.34326172,
  "Cordoba": 1497.46191406,
  "Malaga": 1494.37963867,
  "Granada": 1488.19677734,
  "Eibar": 1488.05578613,
  "Sporting": 1476.10644531,
  "Burgos": 1475.42895508,
  "Cadiz": 1461.67785645,
  "Albacete": 1455.33410645,
  "Sociedad B": 1448.84521484,
  "Mirandes": 1443.91772461,
  "Ceuta": 1441.71826172,
  "Huesca": 1436.37133789,
  "Valladolid": 1416.79052734,
  "FC Andorra": 1410.70935059,
  "Zaragoza": 1390.96362305,
  "Leonesa": 1387.7878418
}