{
  "Arsenal": 2059.56884766,
  "Manchester City": 1981.04492188,
  "Liverpool": 1922.57287598,
  "Manchester United": 1893.57861328,
  "Aston Villa": 1888.90869141,
  "Bournemouth": 1867.3157959,
  "Brighton": 1861.28173828,
  "Newcastle": 1839.1237793,
  "Chelsea": 1832.8416748,
  "Brentford": 1832.54870605,
  "Everton": 1826.09655762,
  "Forest": 1824.39379883,
  "Fulham": 1801.20776367,
  "Leeds": 1800.64331055,
  "Crystal Palace": 1795.9440918,
  "Tottenham": 1771.79260254,
  "West Ham": 1758.39746094,
  "Sunderland": 1705.67626953,
  "Wolverhampton": 1673.53808594,
  "Burnley": 1665.3503418,
  "Coventry": 1658.63623047,
  "Ipswich": 1637.15661621,
  "Southampton": 1633.50488281,
  "Millwall": 1601.57678223,
  "Middlesbrough": 1586.1036377,
  "Norwich": 1557.51953125,
  "Sheffield United": 1543.73901367,
  "Derby": 1536.3717041,
  "Swansea": 1533.44384766,
  "Hull": 1530.03894043,
  "Wrexham": 1524.61755371,
  "Bristol City": 1504.84082031,
  "Birmingham": 1504.22436523,
  "West Brom": 1501.86425781,
  "Leicester": 1500.61657715,
  "Portsmouth": 1496.47399902,
  "Blackburn": 1490.43737793,
  "QPR": 1477.66833496,
  "Preston": 1476.02319336,
  "Oxford": 1459.68225098,
  "Watford": 1455.3203125,
  "Charlton": 1450.14379883,
  "Stoke": 1449.89001465,
  "Sheffield Weds": 1339.33007812
}