{
  "Bayern Munich": 2013.95361328,
  "Borussia Dortmund": 1855.16845703,
  "Leverkusen": 1816.88574219,
  "RB Leipzig": 1772.11914062,
  "Stuttgart": 1759.59326172,
  "Freiburg": 1715.01147461,
  "Mainz": 1712.04370117,
  "Hoffenheim": 1704.6640625,
  "Frankfurt": 1685.75,
  "Werder": 1632.84851074,
  "Gladbach": 1628.17773438,
  "Augsburg": 1621.03308105,
  "Union Berlin": 1620.74694824,
  "Hamburg": 1600.29443359,
  "Wolfsburg": 1586.81262207,
  "Koeln": 1579.83874512,
  "St Pauli": 1573.49975586,
  "Paderborn": 1540.9642334,
  "Elversberg": 1529.2956543,
  "Heidenheim": 1522.11206055,
  "Hannover": 1514.74743652,
  "Hertha": 1513.74365234,
  "Darmstadt": 1511.22802734,
  "Schalke": 1507.20031738,
  "Bochum": 1485.02453613,
  "Lautern": 1470.42114258,
  "Holstein": 1454.32104492,
  "Nuernberg": 1453.77001953,
  "Karlsruhe": 1447.96704102,
  "Magdeburg": 1433.00280762,
  "Duesseldorf": 1426.78869629,
  "Bielefeld": 1397.44116211,
  "Dresden": 1393.57006836,
  "Fuerth": 1385.44274902,
  "Braunschweig": 1377.58215332,
  "Muenster": 1374.59887695
}