{
  "PSG": 1974.93762207,
  "Manchester City": 1959.94421387,
  "Real Madrid": 1936.12731934,
  "Inter": 1933.2421875,
  "Bayern Munich": 1918.99780273,
  "Chelsea": 1902.8013916,
  "Atlético": 1855.34960938,
  "Borussia Dortmund": 1818.35009766,
  "Juventus": 1805.84667969,
  "Benfica": 1791.48046875,
  "Palmeiras": 1755.9700468083752,
  "Flamengo": 1741.2937188132667,
  "Botafogo": 1692.3726254962387,
  "River Plate": 1686.038934727479,
  "Porto": 1678.19543457,
  "Fluminense": 1674.900806454443,
  "Boca Juniors": 1635.0212231254359,
  "Ahly SC": 1602.6538965199652,
  "Al-Hilal": 1591.1444139092368,
  "Monterrey": 1584.98606679533,
  "Pachuca": 1565.7451478924984,
  "RB Salzburg": 1558.85534668,
  "Sundowns": 1536.9160210091004,
  "Esperance": 1507.8470475291497,
  "Los Ángeles FC": 1504.9870535407626,
  "Seattle": 1490.310725545654,
  "Urawa Reds": 1484.6759075385662,
  "Ulsan HD": 1462.8793441855996,
  "Wydad AC": 1450.5833169857729,
  "Al-Ain": 1438.7901518647784,
  "Inter Miami": 1424.9368273537725,
  "Auckland City": 1306.133333030531
}