{
  "Real Madrid": 1947.50439453,
  "Barcelona": 1933.52746582,
  "Atlético": 1851.41955566,
  "Villarreal": 1777.22961426,
  "Betis": 1758.99230957,
  "Athletic": 1754.44018555,
  "Osasuna": 1685.4029541,
  "Rayo Vallecano": 1673.95117188,
  "Valencia": 1668.52429199,
  "Celta": 1664.35021973,
  "Espanyol": 1660.20446777,
  "Sevilla": 1654.82885742,
  "Alaves": 1649.98339844,
  "Real Sociedad": 1643.09753418,
  "Mallorca": 1641.5723877,
  "Getafe": 1630.37658691,
  "Elche": 1614.99511719,
  "Levante": 1608.03979492,
  "Girona": 1598.0592041,
  "Leganes": 1582.48535156,
  "Las Palmas": 1570.16711426,
  "Real Oviedo": 1558.77404785,
  "Almeria": 1544.46801758,
  "Racing": 1525.67407227,
  "Cadiz": 1524.49865723,
  "Mirandes": 1512.69799805,
  "Eibar": 1506.99645996,
  "Granada": 1502.67004395,
  "Depor": 1499.04260254,
  "Albacete": 1494.11157227,
  "Huesca": 1490.99072266,
  "Burgos": 1489.11938477,
  "Sporting": 1478.36071777,
  "Valladolid": 1469.50354004,
  "Cordoba": 1464.09863281,
  "Castellon": 1461.54736328,
  "Ceuta": 1448.17053223,
  "Malaga": 1445.97314453,
  "FC Andorra": 1444.00390625,
  "Leonesa": 1437.82629395,
  "Sociedad B": 1422.37792969,
  "Zaragoza": 1395.99353027
}