{
  "Bayern Munich": 1965.8182373,
  "Leverkusen": 1843.01501465,
  "Borussia Dortmund": 1840.78198242,
  "Frankfurt": 1749.48974609,
  "RB Leipzig": 1748.61804199,
  "Stuttgart": 1724.45568848,
  "Freiburg": 1689.64794922,
  "Mainz": 1677.20068359,
  "Werder": 1675.28723145,
  "Hoffenheim": 1634.25231934,
  "Union Berlin": 1630.19372559,
  "Wolfsburg": 1624.95056152,
  "Augsburg": 1619.22949219,
  "Gladbach": 1605.39440918,
  "Koeln": 1590.03637695,
  "St Pauli": 1578.7857666,
  "Hamburg": 1577.734375,
  "Elversberg": 1552.2088623,
  "Heidenheim": 1547.70581055,
  "Paderborn": 1529.88085938,
  "Holstein": 1522.72802734,
  "Bochum": 1489.6373291,
  "Karlsruhe": 1489.53088379,
  "Lautern": 1488.58349609,
  "Darmstadt": 1488.44042969,
  "Hannover": 1481.01623535,
  "Schalke": 1469.15991211,
  "Hertha": 1464.27294922,
  "Duesseldorf": 1464.00354004,
  "Nuernberg": 1419.31933594,
  "Muenster": 1414.45214844,
  "Magdeburg": 1402.5447998,
  "Fuerth": 1394.50793457,
  "Braunschweig": 1373.78491211,
  "Bielefeld": 1361.37231445,
  "Dresden": 1345.79492188
}