{
  "Barcelona": 1981.92468262,
  "Real Madrid": 1960.14782715,
  "Atlético": 1869.68945312,
  "Villarreal": 1769.25183105,
  "Betis": 1756.59863281,
  "Celta": 1741.34631348,
  "Athletic": 1720.02062988,
  "Real Sociedad": 1703.09924316,
  "Osasuna": 1696.53808594,
  "Valencia": 1684.70117188,
  "Getafe": 1671.51464844,
  "Rayo Vallecano": 1668.83032227,
  "Girona": 1655.94445801,
  "Mallorca": 1633.14453125,
  "Espanyol": 1631.69384766,
  "Alaves": 1630.7479248,
  "Sevilla": 1624.4744873,
  "Levante": 1616.21887207,
  "Elche": 1609.88037109,
  "Las Palmas": 1573.84777832,
  "Almeria": 1570.75280762,
  "Racing": 1567.19885254,
  "Real Oviedo": 1566.59802246,
  "Malaga": 1544.97302246,
  "Eibar": 1535.99865723,
  "Depor": 1530.82006836,
  "Leganes": 1528.4732666,
  "Burgos": 1527.41210938,
  "Granada": 1526.40429688,
  "Castellon": 1523.48034668,
  "Albacete": 1513.67504883,
  "Sporting": 1498.47875977,
  "Sociedad B": 1477.01049805,
  "Cordoba": 1463.5736084,
  "Cadiz": 1463.37402344,
  "FC Andorra": 1456.79467773,
  "Ceuta": 1455.6418457,
  "Valladolid": 1452.39587402,
  "Mirandes": 1443.59228516,
  "Huesca": 1435.48754883,
  "Zaragoza": 1428.38818359,
  "Leonesa": 1395.94812012
}