{
  "Bayern Munich": 1976.3441307176283,
  "PSG": 1974.93774414,
  "Manchester City": 1959.9440918,
  "Real Madrid": 1936.12744141,
  "Inter": 1933.2421875,
  "Chelsea": 1902.80126953,
  "Atlético": 1855.34973145,
  "Borussia Dortmund": 1818.3503418,
  "Juventus": 1805.84655762,
  "Benfica": 1791.48046875,
  "Palmeiras": 1774.0497148459203,
  "Flamengo": 1753.4076059143545,
  "Fluminense": 1721.3123708370726,
  "Botafogo": 1694.026832299165,
  "River Plate": 1680.8737384120236,
  "Porto": 1678.19543457,
  "Boca Juniors": 1627.0566423467867,
  "Al-Hilal": 1611.021905030513,
  "Monterrey": 1602.181543788413,
  "Ahly SC": 1588.622935837227,
  "RB Salzburg": 1558.85534668,
  "Sundowns": 1544.6655005854398,
  "Pachuca": 1530.4815747790144,
  "Esperance": 1499.323200505983,
  "Los Ángeles FC": 1480.210369992778,
  "Inter Miami": 1467.9092917214505,
  "Seattle": 1457.6480058700386,
  "Urawa Reds": 1445.5565469164048,
  "Ulsan HD": 1435.2346539827372,
  "Al-Ain": 1430.3761919034737,
  "Wydad AC": 1421.2938859909034,
  "Auckland City": 1317.3871288208518
}