{
  "Barcelona": 1981.91833496,
  "Real Madrid": 1960.13623047,
  "Atlético": 1869.69470215,
  "Villarreal": 1769.25061035,
  "Betis": 1756.61083984,
  "Celta": 1741.34228516,
  "Athletic": 1720.0057373,
  "Real Sociedad": 1703.0970459,
  "Osasuna": 1696.53662109,
  "Valencia": 1684.70056152,
  "Getafe": 1671.51342773,
  "Rayo Vallecano": 1668.83398438,
  "Girona": 1655.9440918,
  "Mallorca": 1633.14038086,
  "Espanyol": 1631.69458008,
  "Alaves": 1630.74865723,
  "Sevilla": 1624.47241211,
  "Levante": 1616.21643066,
  "Elche": 1609.87976074,
  "Las Palmas": 1573.83154297,
  "Almeria": 1570.74841309,
  "Racing": 1567.1973877,
  "Real Oviedo": 1566.59777832,
  "Malaga": 1544.97558594,
  "Depor": 1530.81811523,
  "Castellon": 1528.75476074,
  "Leganes": 1528.4720459,
  "Eibar": 1527.66027832,
  "Burgos": 1527.37890625,
  "Granada": 1526.42687988,
  "Albacete": 1513.67272949,
  "Sporting": 1498.49365234,
  "Sociedad B": 1476.98510742,
  "FC Andorra": 1465.13024902,
  "Cordoba": 1463.60424805,
  "Cadiz": 1463.36914062,
  "Ceuta": 1455.64050293,
  "Valladolid": 1452.41381836,
  "Mirandes": 1443.5715332,
  "Huesca": 1435.48925781,
  "Zaragoza": 1428.38745117,
  "Leonesa": 1390.67114258
}