{
  "Real Madrid": 1963.34594727,
  "Barcelona": 1949.38171387,
  "Atletico": 1870.17138672,
  "Athletic": 1817.08190918,
  "Villarreal": 1758.71118164,
  "Betis": 1740.21337891,
  "Sociedad": 1696.53918457,
  "Girona": 1690.5526123,
  "Sevilla": 1687.75097656,
  "Celta": 1685.95507812,
  "Getafe": 1683.82788086,
  "Mallorca": 1672.0267334,
  "Osasuna": 1666.44775391,
  "Rayo Vallecano": 1663.48278809,
  "Valencia": 1656.17114258,
  "Alaves": 1634.09143066,
  "Espanyol": 1617.16967773,
  "Levante": 1599.32678223,
  "Las Palmas": 1591.35131836,
  "Leganes": 1584.19360352,
  "Elche": 1574.73583984,
  "Mirandes": 1559.83447266,
  "Almeria": 1555.12597656,
  "Cadiz": 1551.70678711,
  "Santander": 1549.04406738,
  "Oviedo": 1546.87207031,
  "Granada": 1543.27124023,
  "Huesca": 1539.88867188,
  "Valladolid": 1526.37438965,
  "Eibar": 1521.62756348,
  "Albacete": 1508.19763184,
  "Gijon": 1499.75671387,
  "Burgos": 1494.09008789,
  "Cordoba": 1490.35925293,
  "Depor": 1483.88061523,
  "Malaga": 1465.75463867,
  "Zaragoza": 1461.30761719,
  "Castellon": 1455.21264648,
  "Eldense": 1442.50732422,
  "Tenerife": 1432.75061035,
  "Ferrol": 1377.80737305,
  "Cartagena": 1353.9161377
}