{
  "Arsenal": 2042.8425293,
  "Bayern Munich": 1996.66870117,
  "Manchester City": 1987.46496582,
  "PSG": 1969.20373535,
  "Liverpool": 1954.47412109,
  "Real Madrid": 1939.8951416,
  "Barcelona": 1937.71447754,
  "Inter": 1920.2833252,
  "Chelsea": 1913.96398926,
  "Aston Villa": 1891.41223145,
  "Atlético": 1877.16271973,
  "Newcastle": 1876.84655762,
  "Crystal Palace": 1864.10668945,
  "Leverkusen": 1856.90319824,
  "Brighton": 1852.8807373,
  "Borussia Dortmund": 1847.53430176,
  "Manchester United": 1834.22058105,
  "Bournemouth": 1830.38427734,
  "Tottenham": 1825.84375,
  "Brentford": 1823.19995117,
  "Napoli": 1817.4083252,
  "Roma": 1810.77368164,
  "Milan": 1809.94104004,
  "Everton": 1803.58276367,
  "Sporting": 1798.91467285,
  "Villarreal": 1795.36193848,
  "PSV": 1792.66601562,
  "Forest": 1788.71972656,
  "Fulham": 1782.82067871,
  "Juventus": 1782.53564453,
  "RB Leipzig": 1774.7434082,
  "Atalanta": 1773.98828125,
  "Marseille": 1768.72436523,
  "Frankfurt": 1766.76696777,
  "Benfica": 1766.74279785,
  "Bologna": 1766.14941406,
  "Betis": 1756.04907227,
  "Lazio": 1754.8223877,
  "Lille": 1744.61132812,
  "Brugge": 1743.33093262,
  "Porto": 1742.4152832,
  "West Ham": 1742.15234375,
  "Stuttgart": 1741.52819824,
  "Galatasaray": 1737.20532227,
  "Lens": 1731.29833984,
  "Athletic": 1726.8157959,
  "Saint-Gilloise": 1725.67041016,
  "Lyon": 1723.8626709,
  "Burnley": 1721.81848145,
  "Leeds": 1716.12487793,
  "Freiburg": 1712.21240234,
  "Fenerbahce": 1706.16711426,
  "Strasbourg": 1705.0,
  "Celta": 1703.58398438,
  "Monaco": 1702.72570801,
  "Werder": 1690.64038086,
  "Fiorentina": 1689.99963379,
  "Olympiacos": 1683.25830078,
  "Slavia Prag": 1682.66052246,
  "Mainz": 1681.51538086,
  "Como": 1681.48242188,
  "Torino": 1680.03710938,
  "Midtjylland": 1679.67016602,
  "Hoffenheim": 1676.00012207,
  "Wolverhampton": 1675.39855957,
  "Rayo Vallecano": 1674.70935059,
  "Real Sociedad": 1674.34020996,
  "Rennais": 1673.64624023,
  "Feyenoord": 1664.61437988,
  "Valencia": 1662.37011719,
  "Zenit": 1654.78503418,
  "Osasuna": 1653.17211914,
  "Sevilla": 1651.71887207,
  "Braga": 1650.28967285,
  "Gladbach": 1650.14685059,
  "Union Berlin": 1649.98071289,
  "Espanyol": 1649.84204102,
  "Sunderland": 1646.31286621,
  "Bodø/Glimt": 1643.31433105,
  "Getafe": 1638.30310059,
  "Brest": 1638.10876465,
  "Nice": 1637.01794434,
  "Mallorca": 1636.28393555,
  "Toulouse": 1635.28686523,
  "Alaves": 1634.75610352,
  "FC Krasnodar": 1629.06811523,
  "Sassuolo": 1624.23901367,
  "Wolfsburg": 1623.46643066,
  "Genk": 1621.68408203,
  "Augsburg": 1615.3338623,
  "Genoa": 1614.39038086,
  "Elche": 1614.38647461,
  "PAOK": 1608.51452637,
  "Udinese": 1608.07775879,
  "CSKA Moskva": 1606.08630371,
  "Girona": 1604.11767578,
  "Levante": 1596.07373047,
  "Koeln": 1595.86743164,
  "Copenhagen": 1595.49145508,
  "Parma": 1591.25109863,
  "Cagliari": 1590.61364746,
  "Alkmaar": 1589.98120117,
  "Celtic": 1586.78723145,
  "Viktoria Plzen": 1584.48913574,
  "Brondby": 1584.0748291,
  "Crvena Zvezda": 1583.10754395,
  "Anderlecht": 1579.28356934,
  "Ajax": 1578.38659668,
  "Sparta Praha": 1575.6427002,
  "Viking": 1572.65551758,
  "Qarabag": 1571.18371582,
  "Lorient": 1570.42089844,
  "Auxerre": 1569.17773438,
  "Hamburg": 1569.17431641,
  "Lecce": 1568.99353027,
  "Lok Moskva": 1562.22851562,
  "Real Oviedo": 1561.95605469,
  "Cremonese": 1561.83557129,
  "Le Havre": 1559.37341309,
  "Mjaellby": 1558.29772949,
  "Angers": 1558.09790039,
  "Nantes": 1557.3560791,
  "St Pauli": 1557.13305664,
  "Shakhtar": 1555.30187988,
  "Verona": 1555.16821289,
  "Spartak Moskva": 1554.91369629,
  "Metz": 1551.77502441,
  "AEK": 1551.47900391,
  "Pafos": 1550.2545166,
  "Panathinaikos": 1549.69360352,
  "Brann": 1549.6027832,
  "Rakow": 1546.90014648,
  "Utrecht": 1544.14990234,
  "Pisa": 1543.11291504,
  "Paris FC": 1542.77941895,
  "Famalicao": 1541.09680176,
  "Heidenheim": 1539.80834961,
  "Guimaraes": 1539.57397461,
  "Ferencvaros": 1534.35021973,
  "Aarhus": 1533.19848633,
  "Twente": 1531.23828125,
  "Dinamo Zagreb": 1528.0715332,
  "RB Salzburg": 1526.68847656,
  "Basel": 1520.16699219,
  "Hammarby": 1519.98095703,
  "Trabzonspor": 1518.60131836,
  "Rangers": 1517.84362793,
  "Jagiellonia": 1516.26696777,
  "Nijmegen": 1514.79711914,
  "Sturm Graz": 1513.82641602,
  "Dynamo Moskva": 1505.26525879,
  "Jablonec": 1505.02062988,
  "Besiktas": 1504.6217041,
  "Young Boys": 1504.33276367,
  "Antwerp": 1500.73156738,
  "Larnaca": 1499.90405273,
  "Samsunspor": 1499.37719727,
  "Gil Vicente": 1499.28356934,
  "Mechelen": 1495.02050781,
  "Djurgarden": 1494.69885254,
  "Charleroi": 1493.44116211,
  "Beer-Sheva": 1488.34436035,
  "Gent": 1488.31115723,
  "Moreirense": 1485.04602051,
  "Nordsjaelland": 1483.16210938,
  "St Truiden": 1481.66394043,
  "Aris Limassol": 1481.47436523,
  "Celje": 1481.06445312,
  "Omonia": 1479.67224121,
  "M Tel Aviv": 1477.390625,
  "Lech": 1476.0604248,
  "Estoril": 1470.0057373,
  "Go Ahead Eagles": 1467.17907715,
  "Gornik": 1465.44885254,
  "Baltika": 1464.5838623,
  "Viborg": 1461.75146484,
  "Randers": 1461.45703125,
  "Bueyueksehir": 1459.65820312,
  "Legia": 1458.78735352,
  "Silkeborg": 1458.28588867,
  "Sparta Rotterdam": 1457.79309082,
  "Goeztepe": 1456.1706543,
  "Malmoe": 1455.80725098,
  "Westerlo": 1453.54577637,
  "Santa Clara": 1452.99951172,
  "Wolfsberg": 1449.31750488,
  "Tromso": 1447.62084961,
  "Rio Ave": 1446.57080078,
  "Rostov": 1446.07922363,
  "Lausanne": 1443.75390625,
  "Slovan Liberec": 1443.68994141,
  "Dynamo Kyiv": 1442.1809082,
  "Arouca": 1440.84411621,
  "Hearts": 1439.90441895,
  "Craiova": 1438.16674805,
  "Standard": 1437.68859863,
  "Hradec Kralove": 1437.61865234,
  "Rubin Kazan": 1437.05541992,
  "Rosenborg": 1437.00024414,
  "Pogon": 1436.52062988,
  "Molde": 1436.48461914,
  "Heerenveen": 1436.23291016,
  "Steaua": 1435.54040527,
  "Leuven": 1434.52294922,
  "Cracovia": 1433.29394531,
  "Cercle Brugge": 1432.84973145,
  "Casa Pia": 1430.77111816,
  "SonderjyskE": 1427.77697754,
  "Sigma Olomouc": 1424.98840332,
  "Alanyaspor": 1424.89416504,
  "Razgrad": 1423.51782227,
  "Fredrikstad": 1423.42053223,
  "Gaziantep FK": 1422.3692627,
  "Rapid Bucuresti": 1421.41931152,
  "GAIS": 1419.86730957,
  "Austria Wien": 1416.81860352,
  "StGallen": 1416.77819824,
  "Banik Ostrava": 1416.73510742,
  "Groningen": 1415.93774414,
  "Levski": 1415.71569824,
  "Sittard": 1413.5826416,
  "Kasimpasa": 1413.203125,
  "Zwolle": 1413.05957031,
  "Nacional": 1412.68579102,
  "Hibernian": 1412.17333984,
  "Goeteborg": 1410.89111328,
  "Hajduk": 1410.29663086,
  "Aris": 1410.19714355,
  "Paksi": 1409.58105469,
  "Rapid Wien": 1409.26977539,
  "Servette": 1408.32080078,
  "AIK": 1405.58728027,
  "Luzern": 1404.31115723,
  "Korona": 1403.45898438,
  "LASK": 1403.19104004,
  "Radomiak": 1402.34277344,
  "IK Sirius": 1400.66955566,
  "Maccabi Haifa": 1399.25720215,
  "Rizespor": 1399.13781738,
  "Lugano": 1397.85083008,
  "Piast Gliwice": 1395.38830566,
  "Lubin": 1395.21142578,
  "Sandefjord": 1395.0234375,
  "Haecken": 1394.62036133,
  "Partizan": 1393.62231445,
  "Konyaspor": 1389.91430664,
  "Gyoer": 1388.78918457,
  "Zulte Waregem": 1388.61083984,
  "Elfsborg": 1387.99438477,
  "Puskas Akademia": 1387.92736816,
  "Levadeiakos": 1387.79125977,
  "Akron Togliatti": 1384.1361084,
  "Thun": 1383.94726562,
  "Heracles": 1383.46105957,
  "Plock": 1383.43896484,
  "Alverca": 1380.93200684,
  "Hartberg": 1380.00219727,
  "Estrela Amadora": 1379.53320312,
  "Odense": 1378.25415039,
  "Terek Grozny": 1378.05529785,
  "Kryliya Sovetov": 1377.54760742,
  "Rijeka": 1374.8918457,
  "Katowice": 1373.68115234,
  "KFUM Oslo": 1373.55200195,
  "Valerenga": 1372.50561523,
  "Zuerich": 1371.51843262,
  "Sarpsborg": 1371.50756836,
  "Ham-Kam": 1370.85961914,
  "Maribor": 1368.99865723,
  "Kocaelispor": 1368.24560547,
  "RAAL": 1365.73620605,
  "Sion": 1364.30285645,
  "CFR Cluj": 1363.96704102,
  "Bohemians Praha": 1360.63964844,