{
  "Arsenal": 2053.04174805,
  "Manchester City": 1970.27062988,
  "Liverpool": 1925.09240723,
  "Manchester United": 1896.59912109,
  "Aston Villa": 1874.75598145,
  "Bournemouth": 1858.42163086,
  "Brighton": 1854.48779297,
  "Chelsea": 1841.20568848,
  "Brentford": 1838.26293945,
  "Newcastle": 1837.14746094,
  "Forest": 1828.62194824,
  "Everton": 1821.38208008,
  "Fulham": 1807.66455078,
  "Crystal Palace": 1799.10180664,
  "Leeds": 1799.09411621,
  "Tottenham": 1770.90710449,
  "West Ham": 1759.84997559,
  "Sunderland": 1700.22119141,
  "Wolverhampton": 1677.89746094,
  "Burnley": 1659.06384277,
  "Coventry": 1657.41894531,
  "Ipswich": 1635.93933105,
  "Southampton": 1632.28759766,
  "Millwall": 1600.35949707,
  "Middlesbrough": 1584.88635254,
  "Norwich": 1556.30224609,
  "Sheffield United": 1542.52172852,
  "Derby": 1535.15441895,
  "Swansea": 1532.22619629,
  "Hull": 1528.82165527,
  "Wrexham": 1523.40026855,
  "Bristol City": 1503.6217041,
  "Birmingham": 1503.00708008,
  "West Brom": 1500.64685059,
  "Leicester": 1499.39929199,
  "Portsmouth": 1495.2565918,
  "Blackburn": 1489.22021484,
  "QPR": 1476.4510498,
  "Preston": 1474.8059082,
  "Oxford": 1458.46496582,
  "Watford": 1454.10302734,
  "Charlton": 1448.92687988,
  "Stoke": 1448.67468262,
  "Sheffield Weds": 1338.11279297
}