{
  "PSG": 1966.32519531,
  "Marseille": 1780.82141113,
  "Lille": 1754.32788086,
  "Lens": 1748.3651123,
  "Lyon": 1736.62182617,
  "Monaco": 1718.34472656,
  "Strasbourg": 1703.82714844,
  "Rennais": 1682.99853516,
  "Brest": 1664.36425781,
  "Toulouse": 1655.44750977,
  "Nice": 1605.82702637,
  "Lorient": 1599.00085449,
  "Auxerre": 1585.37109375,
  "Angers": 1570.95629883,
  "Reims": 1564.00244141,
  "Le Havre": 1559.34399414,
  "Nantes": 1554.08044434,
  "Paris FC": 1550.69177246,
  "Metz": 1543.85766602,
  "Saint-Etienne": 1522.23657227,
  "Troyes": 1486.03601074,
  "Montpellier": 1463.91186523,
  "Dunkerque": 1462.51293945,
  "Annecy": 1446.21655273,
  "Guingamp": 1434.18811035,
  "Red Star": 1425.32861328,
  "Le Mans": 1419.83422852,
  "Rodez": 1413.57592773,
  "Pau": 1413.26623535,
  "Grenoble": 1409.19458008,
  "Clermont": 1405.61486816,
  "Laval": 1398.63635254,
  "Boulogne": 1368.12768555,
  "Amiens": 1363.92736816,
  "Bastia": 1363.63513184,
  "Nancy": 1349.98217773
}