{
  "Arsenal": 2035.26135254,
  "Bayern Munich": 1989.51611328,
  "PSG": 1969.42932129,
  "Manchester City": 1958.28796387,
  "Real Madrid": 1927.87426758,
  "Liverpool": 1924.99902344,
  "Barcelona": 1919.41015625,
  "Inter": 1919.39819336,
  "Chelsea": 1914.14147949,
  "Aston Villa": 1882.00708008,
  "Atlético": 1876.5098877,
  "Newcastle": 1869.6505127,
  "Leverkusen": 1865.17419434,
  "Borussia Dortmund": 1864.51147461,
  "Brighton": 1851.00695801,
  "Napoli": 1832.80371094,
  "Crystal Palace": 1831.68823242,
  "Manchester United": 1821.47399902,
  "Milan": 1819.16943359,
  "Brentford": 1816.65979004,
  "Sporting": 1814.42199707,
  "PSV": 1813.43884277,
  "Roma": 1808.08679199,
  "Bournemouth": 1806.24047852,
  "Atalanta": 1801.0690918,
  "Tottenham": 1798.71008301,
  "Juventus": 1795.8026123,
  "Everton": 1787.19128418,
  "Benfica": 1783.87036133,
  "Villarreal": 1783.72155762,
  "Marseille": 1781.33349609,
  "Fulham": 1780.63366699,
  "Bologna": 1772.62145996,
  "RB Leipzig": 1771.16137695,
  "Forest": 1767.17272949,
  "Lille": 1762.80078125,
  "Betis": 1758.32678223,
  "Porto": 1758.18457031,
  "Lazio": 1752.91186523,
  "Lyon": 1748.14624023,
  "Lens": 1745.90527344,
  "Frankfurt": 1743.78222656,
  "Saint-Gilloise": 1741.01123047,
  "Brugge": 1739.79150391,
  "Stuttgart": 1736.41918945,
  "Athletic": 1727.65136719,
  "Monaco": 1723.13171387,
  "West Ham": 1722.95092773,
  "Freiburg": 1722.16491699,
  "Galatasaray": 1717.63134766,
  "Strasbourg": 1712.50268555,
  "Como": 1711.05969238,
  "Burnley": 1702.98132324,
  "Leeds": 1701.42956543,
  "Fenerbahce": 1690.70800781,
  "Rennais": 1689.1607666,
  "Slavia Prag": 1689.01171875,
  "Werder": 1685.98095703,
  "Olympiacos": 1684.82165527,
  "Hoffenheim": 1684.48840332,
  "Fiorentina": 1674.36633301,
  "Celta": 1670.38928223,
  "Midtjylland": 1663.04370117,
  "Wolverhampton": 1660.25646973,
  "Brest": 1658.80944824,
  "Real Sociedad": 1657.94384766,
  "Espanyol": 1657.46032715,
  "Braga": 1656.32910156,
  "Mainz": 1656.03125,
  "Torino": 1655.40368652,
  "Zenit": 1654.78503418,
  "Valencia": 1652.76171875,
  "Gladbach": 1651.62121582,
  "Rayo Vallecano": 1651.25366211,
  "Toulouse": 1649.7713623,
  "Feyenoord": 1646.68359375,
  "Sunderland": 1645.07861328,
  "Osasuna": 1645.03723145,
  "Bodø/Glimt": 1638.8626709,
  "Union Berlin": 1637.06506348,
  "Getafe": 1634.67883301,
  "FC Krasnodar": 1629.06811523,
  "Nice": 1628.62060547,
  "Wolfsburg": 1626.76403809,
  "Sevilla": 1625.9864502,
  "Mallorca": 1625.2076416,
  "Udinese": 1624.28356934,
  "Genoa": 1623.63684082,
  "Alaves": 1623.06604004,
  "Sassuolo": 1617.30444336,
  "Celtic": 1615.30700684,
  "Genk": 1615.22412109,
  "PAOK": 1611.98632812,
  "CSKA Moskva": 1606.08630371,
  "Augsburg": 1604.73999023,
  "Copenhagen": 1602.7767334,
  "Girona": 1601.07104492,
  "Elche": 1598.83569336,
  "Koeln": 1598.42370605,
  "Sparta Praha": 1591.58557129,
  "Cagliari": 1591.42504883,
  "Lorient": 1591.14892578,
  "Viktoria Plzen": 1590.61083984,
  "Anderlecht": 1586.19274902,
  "Parma": 1582.34680176,
  "Lecce": 1582.11010742,
  "Alkmaar": 1580.11608887,
  "Hamburg": 1579.52185059,
  "Auxerre": 1579.37902832,
  "AEK": 1577.8269043,
  "Levante": 1577.35192871,
  "Viking": 1577.34997559,
  "Brondby": 1576.71533203,
  "Crvena Zvezda": 1570.66101074,
  "Qarabag": 1567.44592285,
  "Ajax": 1567.29333496,
  "Cremonese": 1565.51184082,
  "Le Havre": 1563.86669922,
  "Lok Moskva": 1562.22839355,
  "Angers": 1562.15808105,
  "Nantes": 1561.60070801,
  "Shakhtar": 1559.16418457,
  "Pafos": 1555.39978027,
  "St Pauli": 1554.9855957,
  "Metz": 1554.91479492,
  "Spartak Moskva": 1554.91369629,
  "Mjaellby": 1553.49645996,
  "Verona": 1553.25622559,
  "Paris FC": 1551.23376465,
  "Heidenheim": 1550.61791992,
  "Real Oviedo": 1550.57897949,
  "Panathinaikos": 1549.2442627,
  "Famalicao": 1548.22314453,
  "Pisa": 1547.66589355,
  "Guimaraes": 1547.13647461,
  "Aarhus": 1542.48657227,
  "Utrecht": 1538.13439941,
  "Rakow": 1536.46887207,
  "Twente": 1535.65161133,
  "Brann": 1534.59362793,
  "Trabzonspor": 1522.77392578,
  "Dinamo Zagreb": 1522.53918457,
  "Ferencvaros": 1521.74023438,
  "Jagiellonia": 1521.35961914,
  "Rangers": 1518.62609863,
  "Nijmegen": 1518.51977539,
  "Hammarby": 1515.1796875,
  "Jablonec": 1511.44848633,
  "Mechelen": 1510.18640137,
  "Basel": 1508.42028809,
  "Dynamo Moskva": 1505.26525879,
  "RB Salzburg": 1504.29663086,
  "Young Boys": 1504.00585938,
  "Besiktas": 1502.46569824,
  "Larnaca": 1501.9083252,
  "Gil Vicente": 1493.93896484,
  "Charleroi": 1493.9083252,
  "Lech": 1493.65734863,
  "Moreirense": 1493.04455566,
  "St Truiden": 1492.58813477,
  "Gent": 1491.50317383,
  "Nordsjaelland": 1490.25915527,
  "Antwerp": 1490.0300293,
  "Djurgarden": 1489.89758301,
  "Omonia": 1489.50146484,
  "Sturm Graz": 1487.13903809,
  "Samsunspor": 1485.1998291,
  "Aris Limassol": 1484.65112305,
  "Beer-Sheva": 1483.51867676,
  "Estoril": 1475.68640137,
  "Celje": 1472.43310547,
  "Viborg": 1468.7824707,
  "Baltika": 1464.58374023,
  "Gornik": 1464.50061035,
  "M Tel Aviv": 1462.69238281,
  "Santa Clara": 1461.48779297,
  "Slovan Liberec": 1459.36193848,
  "Randers": 1457.23962402,
  "Go Ahead Eagles": 1456.88574219,
  "Westerlo": 1455.22631836,
  "Bueyueksehir": 1454.7208252,
  "Craiova": 1454.61169434,
  "Goeztepe": 1454.10583496,
  "Molde": 1453.84790039,
  "Rio Ave": 1453.20727539,
  "Tromso": 1452.80969238,
  "Pogon": 1450.28039551,
  "Legia": 1450.16955566,
  "Malmoe": 1449.04833984,
  "Arouca": 1448.40649414,
  "Silkeborg": 1447.59448242,
  "Sparta Rotterdam": 1447.29968262,
  "Razgrad": 1446.28918457,
  "Rostov": 1446.0793457,
  "Hearts": 1445.42431641,
  "SonderjyskE": 1440.05444336,
  "Rubin Kazan": 1437.05541992,
  "Standard": 1437.05053711,
  "Sigma Olomouc": 1435.44042969,
  "Hradec Kralove": 1434.29821777,
  "Cercle Brugge": 1433.09057617,
  "StGallen": 1432.15454102,
  "Steaua": 1431.13427734,
  "Rosenborg": 1429.78112793,
  "Leuven": 1428.47131348,
  "Wolfsberg": 1426.65576172,
  "Levski": 1426.14416504,
  "Heerenveen": 1425.97363281,
  "Lausanne": 1425.49206543,
  "Cracovia": 1424.74829102,
  "Casa Pia": 1423.41210938,
  "Dynamo Kyiv": 1422.6809082,
  "Korona": 1418.58935547,
  "Nacional": 1418.39282227,
  "Piast Gliwice": 1417.67797852,
  "Aris": 1416.98962402,
  "Austria Wien": 1416.77001953,
  "Fredrikstad": 1416.69543457,
  "Zwolle": 1416.54675293,
  "Alanyaspor": 1416.02929688,
  "GAIS": 1415.06604004,
  "LASK": 1414.18994141,
  "Banik Ostrava": 1413.38122559,
  "Groningen": 1412.55407715,
  "Rapid Bucuresti": 1411.13989258,
  "Hajduk": 1408.79138184,
  "Sandefjord": 1407.96154785,
  "Sittard": 1407.49572754,
  "Goeteborg": 1406.08984375,
  "Servette": 1405.46923828,
  "Alverca": 1403.41577148,
  "Hibernian": 1402.0604248,
  "Gaziantep FK": 1402.01867676,
  "AIK": 1400.78588867,
  "Luzern": 1398.01953125,
  "Radomiak": 1397.6451416,
  "Puskas Akademia": 1396.57006836,
  "IK Sirius": 1395.8684082,
  "Levadeiakos": 1395.10839844,
  "Paksi": 1394.7845459,
  "Maccabi Haifa": 1394.43127441,
  "Zulte Waregem": 1394.1217041,
  "Kasimpasa": 1392.35424805,
  "Plock": 1390.60437012,
  "Lugano": 1389.64025879,
  "Lubin": 1387.66931152,
  "Estrela Amadora": 1387.09558105,
  "Rapid Wien": 1385.28857422,
  "Sarpsborg": 1384.62634277,
  "Akron Togliatti": 1384.13623047,
  "Elfsborg": 1383.19335938,
  "CFR Cluj": 1382.85852051,
  "Heracles": 1382.78076172,
  "Hartberg": 1381.86071777,
  "Odense": 1381.06835938,
  "Haecken": 1380.88439941,
  "Gyoer": 1380.18005371,
  "Rizespor": 1379.60693359,
  "Slovan Bratislava": 1378.08483887,
  "Terek Grozny": 1378.05529785,
  "Kryliya Sovetov": 1377.54748535,
  "Ham-Kam": 1377.50439453,
  "Katowice": 1376.79003906,
  "Tondela": 1375.09240723,
  "Partizan": 1374.74487305,
  "Rijeka": 1374.55957031,
  "Konyaspor": 1373.19824219,
  "Dender": 1372.09558105,
  "Thun": 1370.07434082,
  "Motor Lublin": 1369.52539062,
  "KFUM Oslo": 1369.21313477,
  "Zuerich": 1368.56445312,
  "Valerenga": 1368.48327637,