{
  "PSG": 1981.21923828,
  "Lille": 1799.77001953,
  "Monaco": 1767.54638672,
  "Marseille": 1748.53979492,
  "Lyon": 1747.80395508,
  "Strasbourg": 1716.23608398,
  "Lens": 1694.11865234,
  "Nice": 1689.60754395,
  "Rennais": 1663.14404297,
  "Toulouse": 1663.07189941,
  "Brest": 1646.33032227,
  "Auxerre": 1610.78442383,
  "Lorient": 1585.49475098,
  "Nantes": 1581.63952637,
  "Reims": 1570.89196777,
  "Le Havre": 1552.71508789,
  "Metz": 1552.3503418,
  "Paris FC": 1548.88598633,
  "Angers": 1544.66027832,
  "Saint-Etienne": 1543.70910645,
  "Montpellier": 1470.61804199,
  "Guingamp": 1452.66137695,
  "Troyes": 1452.13635254,
  "Laval": 1442.5925293,
  "Rodez": 1437.60461426,
  "Dunkerque": 1427.10302734,
  "Annecy": 1423.89575195,
  "Bastia": 1420.68371582,
  "Clermont": 1418.8737793,
  "Red Star": 1414.72521973,
  "Grenoble": 1414.46386719,
  "Pau": 1399.58703613,
  "Amiens": 1398.91540527,
  "Nancy": 1389.67590332,
  "Le Mans": 1369.75830078,
  "Boulogne": 1359.16845703
}