{
  "PSG": 1977.66723633,
  "Lille": 1776.73022461,
  "Marseille": 1771.28710938,
  "Lyon": 1752.32568359,
  "Monaco": 1747.79541016,
  "Lens": 1720.79455566,
  "Strasbourg": 1710.45422363,
  "Nice": 1687.85595703,
  "Rennais": 1666.64208984,
  "Toulouse": 1661.7421875,
  "Brest": 1653.92370605,
  "Auxerre": 1591.03381348,
  "Lorient": 1581.95617676,
  "Le Havre": 1576.13476562,
  "Nantes": 1570.50280762,
  "Paris FC": 1567.06384277,
  "Metz": 1560.6550293,
  "Reims": 1548.74365234,
  "Angers": 1548.38183594,
  "Saint-Etienne": 1525.74133301,
  "Troyes": 1497.88684082,
  "Montpellier": 1483.7434082,
  "Dunkerque": 1464.91540527,
  "Guingamp": 1453.38549805,
  "Annecy": 1435.32202148,
  "Red Star": 1433.27380371,
  "Rodez": 1423.79345703,
  "Pau": 1415.60510254,
  "Grenoble": 1415.42687988,
  "Le Mans": 1412.56640625,
  "Clermont": 1406.71496582,
  "Bastia": 1397.49182129,
  "Laval": 1393.29870605,
  "Amiens": 1390.25354004,
  "Nancy": 1378.42663574,
  "Boulogne": 1355.92248535
}