{
  "Barcelona": 1939.35571289,
  "Real Madrid": 1917.46826172,
  "Atlético": 1871.36047363,
  "Villarreal": 1791.62890625,
  "Betis": 1754.20739746,
  "Athletic": 1732.86572266,
  "Celta": 1695.84265137,
  "Espanyol": 1667.15661621,
  "Valencia": 1655.31018066,
  "Osasuna": 1655.30053711,
  "Real Sociedad": 1653.81994629,
  "Rayo Vallecano": 1646.35314941,
  "Alaves": 1633.85241699,
  "Getafe": 1633.42456055,
  "Sevilla": 1631.96887207,
  "Mallorca": 1628.31811523,
  "Elche": 1613.38439941,
  "Girona": 1593.18566895,
  "Levante": 1573.74914551,
  "Las Palmas": 1569.56176758,
  "Almeria": 1568.65002441,
  "Racing": 1557.86218262,
  "Real Oviedo": 1554.13232422,
  "Leganes": 1530.20288086,
  "Depor": 1522.57958984,
  "Castellon": 1503.58654785,
  "Granada": 1499.34106445,
  "Cadiz": 1495.4309082,
  "Mirandes": 1480.22631836,
  "Burgos": 1479.3840332,
  "Valladolid": 1476.75744629,
  "Albacete": 1473.80407715,
  "Cordoba": 1466.92883301,
  "Eibar": 1466.75598145,
  "Sporting": 1466.5213623,
  "Ceuta": 1453.21594238,
  "Huesca": 1452.10473633,
  "Malaga": 1444.29602051,
  "Leonesa": 1444.27783203,
  "Sociedad B": 1417.73596191,
  "FC Andorra": 1410.48254395,
  "Zaragoza": 1405.65673828
}