{
  "Arsenal": 2009.81494141,
  "Liverpool": 1993.18774414,
  "PSG": 1976.15307617,
  "Barcelona": 1965.43469238,
  "Manchester City": 1957.99890137,
  "Bayern Munich": 1956.71838379,
  "Real Madrid": 1940.04919434,
  "Inter": 1927.33410645,
  "Chelsea": 1883.64819336,
  "Crystal Palace": 1863.43310547,
  "Atlético": 1860.4753418,
  "Newcastle": 1851.71276855,
  "Aston Villa": 1851.67150879,
  "Napoli": 1843.76989746,
  "Borussia Dortmund": 1843.578125,
  "Atalanta": 1843.0065918,
  "Leverkusen": 1840.45007324,
  "Roma": 1833.78857422,
  "Brighton": 1830.39758301,
  "Bournemouth": 1822.98779297,
  "Juventus": 1818.17163086,
  "Tottenham": 1807.04077148,
  "Milan": 1804.36791992,
  "Sporting": 1799.54174805,
  "Brentford": 1798.6652832,
  "Everton": 1797.23486328,
  "Villarreal": 1797.16748047,
  "Manchester United": 1793.7310791,
  "Benfica": 1785.67980957,
  "Fulham": 1785.26867676,
  "Forest": 1775.84545898,
  "Lille": 1775.12316895,
  "Marseille": 1774.38806152,
  "Saint-Gilloise": 1771.56848145,
  "Lyon": 1766.63671875,
  "Athletic": 1758.83728027,
  "Frankfurt": 1758.66088867,
  "Lazio": 1757.24084473,
  "Brugge": 1754.43310547,
  "PSV": 1751.15673828,
  "Betis": 1745.95385742,
  "Monaco": 1745.59375,
  "RB Leipzig": 1743.09460449,
  "Bologna": 1742.71899414,
  "Porto": 1742.01330566,
  "Leeds": 1737.21777344,
  "Fiorentina": 1729.28894043,
  "Stuttgart": 1727.02209473,
  "West Ham": 1723.01416016,
  "Galatasaray": 1719.74621582,
  "Strasbourg": 1713.28295898,
  "Feyenoord": 1712.62329102,
  "Burnley": 1712.42871094,
  "Lens": 1710.81848145,
  "Wolverhampton": 1703.28442383,
  "Mainz": 1700.91320801,
  "Freiburg": 1687.77770996,
  "Olympiacos": 1687.41516113,
  "Osasuna": 1685.75842285,
  "Valencia": 1678.7019043,
  "Werder": 1674.36608887,
  "Brest": 1668.93908691,
  "Slavia Prag": 1668.82458496,
  "Torino": 1667.02661133,
  "Nice": 1665.07055664,
  "Como": 1664.87792969,
  "Rennais": 1662.265625,
  "Celta": 1660.84020996,
  "Bodø/Glimt": 1660.66992188,
  "Espanyol": 1659.3737793,
  "Fenerbahce": 1657.07226562,
  "Copenhagen": 1656.91943359,
  "Real Sociedad": 1653.33068848,
  "Toulouse": 1651.74719238,
  "Rayo Vallecano": 1650.56420898,
  "Wolfsburg": 1650.20117188,
  "Sevilla": 1649.9317627,
  "Alaves": 1645.80249023,
  "Celtic": 1645.78076172,
  "Getafe": 1641.76818848,
  "Genoa": 1640.61560059,
  "Zenit": 1640.33081055,
  "Ajax": 1639.61547852,
  "Genk": 1637.82043457,
  "Braga": 1636.82788086,
  "Midtjylland": 1635.49060059,
  "Mallorca": 1632.69262695,
  "Hoffenheim": 1631.98693848,
  "FC Krasnodar": 1631.63244629,
  "Union Berlin": 1625.84814453,
  "Elche": 1624.51806641,
  "Udinese": 1621.1105957,
  "Cagliari": 1618.91333008,
  "Auxerre": 1617.2911377,
  "Gladbach": 1615.88098145,
  "Levante": 1613.79870605,
  "Alkmaar": 1609.35302734,
  "CSKA Moskva": 1609.09484863,
  "Augsburg": 1608.96398926,
  "Sassuolo": 1606.40759277,
  "Parma": 1604.78442383,
  "Sunderland": 1602.41015625,
  "Lorient": 1601.74804688,
  "St Pauli": 1599.90234375,
  "Crvena Zvezda": 1594.41796875,
  "Girona": 1593.50463867,
  "Verona": 1590.67504883,
  "Nantes": 1586.109375,
  "Sparta Praha": 1585.90930176,
  "Real Oviedo": 1585.71008301,
  "Koeln": 1581.77404785,
  "Anderlecht": 1579.11682129,
  "AEK": 1577.76098633,
  "PAOK": 1572.85998535,
  "Lecce": 1572.57531738,
  "Cremonese": 1570.82629395,
  "Hamburg": 1561.12084961,
  "Shakhtar": 1557.82495117,
  "Panathinaikos": 1556.88232422,
  "Utrecht": 1555.89685059,
  "Spartak Moskva": 1554.22668457,
  "Le Havre": 1553.63000488,
  "Twente": 1553.58544922,
  "Brondby": 1553.41943359,
  "Guimaraes": 1551.36584473,
  "Rangers": 1550.46984863,
  "Heidenheim": 1550.04650879,
  "Viktoria Plzen": 1549.80236816,
  "Qarabag": 1548.54821777,
  "Paris FC": 1548.53063965,
  "Metz": 1546.70263672,
  "Lok Moskva": 1545.93579102,
  "Brann": 1545.55895996,
  "Dinamo Zagreb": 1543.29675293,
  "M Tel Aviv": 1542.17602539,
  "Mjaellby": 1538.87841797,
  "Viking": 1536.45678711,
  "Sturm Graz": 1535.0123291,
  "Pisa": 1533.70495605,
  "Famalicao": 1533.63378906,
  "Angers": 1533.10864258,
  "Antwerp": 1531.11120605,
  "Pafos": 1529.10107422,
  "Dynamo Moskva": 1528.63305664,
  "RB Salzburg": 1526.53088379,
  "Rakow": 1524.20983887,
  "Aarhus": 1521.8762207,
  "Mechelen": 1520.73962402,
  "Gent": 1516.73828125,
  "Jablonec": 1515.39660645,
  "Beer-Sheva": 1515.23352051,
  "Jagiellonia": 1515.15734863,
  "Charleroi": 1509.96154785,
  "Djurgarden": 1509.9609375,
  "Lech": 1508.23254395,
  "Ferencvaros": 1508.18981934,
  "Legia": 1507.75195312,
  "Hammarby": 1502.05334473,
  "Malmoe": 1498.64831543,
  "Nijmegen": 1498.63366699,
  "Basel": 1495.93054199,
  "Nordsjaelland": 1494.97241211,
  "Moreirense": 1493.30493164,
  "Young Boys": 1489.4831543,
  "Razgrad": 1488.54467773,
  "Gil Vicente": 1480.77185059,
  "Westerlo": 1478.9588623,
  "Dynamo Kyiv": 1478.47766113,
  "Besiktas": 1477.48217773,
  "Randers": 1474.63171387,
  "Trabzonspor": 1474.26013184,
  "Omonia": 1474.19641113,
  "Craiova": 1472.17053223,
  "Aris Limassol": 1468.65148926,
  "Wolfsberg": 1467.66638184,
  "Arouca": 1466.85717773,
  "St Truiden": 1466.49609375,
  "Santa Clara": 1465.50231934,
  "Steaua": 1464.07116699,
  "Sparta Rotterdam": 1461.65820312,
  "Cercle Brugge": 1461.02600098,
  "Go Ahead Eagles": 1460.51025391,
  "Celje": 1459.875,
  "Rosenborg": 1458.81787109,
  "Larnaca": 1458.32189941,
  "Cracovia": 1457.37097168,
  "Tromso": 1456.92480469,
  "Rio Ave": 1454.97485352,
  "Gornik": 1454.84997559,
  "Rubin Kazan": 1453.67565918,
  "Viborg": 1451.92565918,
  "Austria Wien": 1451.12915039,
  "Casa Pia": 1449.64294434,
  "Estoril": 1449.61584473,
  "Standard": 1449.50354004,
  "Silkeborg": 1449.26794434,
  "Rapid Wien": 1445.37438965,
  "Molde": 1444.77062988,
  "Pogon": 1443.55285645,
  "Aris": 1441.09692383,
  "Bueyueksehir": 1439.12536621,
  "Hearts": 1435.86254883,
  "Zwolle": 1434.88256836,
  "AIK": 1434.48327637,
  "Elfsborg": 1434.12268066,
  "Maccabi Haifa": 1433.94262695,
  "Baltika": 1433.69958496,
  "Korona": 1431.9206543,
  "Rostov": 1428.76623535,
  "Banik Ostrava": 1426.15185547,
  "Samsunspor": 1425.86975098,
  "Goeztepe": 1424.30065918,
  "Groningen": 1424.01794434,
  "Leuven": 1423.73303223,
  "Heerenveen": 1422.83605957,
  "Servette": 1422.38354492,
  "Sittard": 1421.15222168,
  "Slovan Liberec": 1420.70629883,
  "Alanyaspor": 1419.59912109,
  "Hibernian": 1416.36108398,
  "GAIS": 1415.74255371,
  "StGallen": 1415.30615234,
  "Kasimpasa": 1414.26745605,
  "Hajduk": 1413.35302734,
  "Levski": 1411.91381836,
  "Nacional": 1411.74572754,
  "Goeteborg": 1411.30187988,
  "Piast Gliwice": 1410.71887207,
  "Konyaspor": 1405.12487793,
  "CFR Cluj": 1403.65344238,
  "Rapid Bucuresti": 1400.92004395,
  "Kryliya Sovetov": 1398.45581055,
  "Hradec Kralove": 1397.30395508,
  "Partizan": 1395.96789551,
  "Lausanne": 1395.79638672,
  "Fredrikstad": 1394.8951416,
  "Haecken": 1393.82006836,
  "SonderjyskE": 1393.40710449,
  "KFUM Oslo": 1391.69140625,
  "Luzern": 1390.3449707,
  "Alverca": 1389.20959473,
  "Zuerich": 1388.65686035,
  "Rijeka": 1385.90234375,
  "Terek Grozny": 1385.68811035,
  "LASK": 1385.01696777,
  "Paksi": 1383.95690918,
  "Radomiak": 1383.57861328,
  "Slovan Bratislava": 1382.40649414,
  "Estrela Amadora": 1381.86364746,
  "Zulte Waregem": 1381.66467285,
  "Sarpsborg": 1378.34643555,
  "Lubin": 1377.55383301,
  "Dender": 1376.22314453,
  "Gaziantep FK": 1375.24609375,
  "Tondela": 1375.19506836,
  "Sandefjord": 1374.84362793,
  "St Mirren": 1374.64318848,
  "Hartberg": 1372.49279785,
  "Puskas Akademia": 1369.96264648,
  "Gyoer": 1367.76049805,
  "Heracles": 1367.30358887,
  "RAAL": 1366.31481934,
  "Sigma Olomouc": 1365.15100098,
  "Levadeiakos": 1362.79016113,
  "Kayseri": 1362.64709473,
  "Universitatea Cluj": 1362.61096191,
  "Rizespor": 1362.41247559,
  "Motor Lublin": 1361.84118652,
  "Plock": 1361.58789062,
  "Fredericia": 1359.36010742,
  "Antalyaspor": 1359.06408691,
  "Vejle": 1358.94116211,
  "Dinamo Bucuresti": 1358.52734375,