{
  "Arsenal": 2038.04553223,
  "Bayern Munich": 2005.33398438,
  "PSG": 1972.09521484,
  "Manchester City": 1964.17443848,
  "Liverpool": 1949.6784668,
  "Real Madrid": 1934.26550293,
  "Inter": 1923.11450195,
  "Barcelona": 1921.30310059,
  "Chelsea": 1919.94885254,
  "Aston Villa": 1886.61572266,
  "Leverkusen": 1884.06359863,
  "Atlético": 1871.53149414,
  "Borussia Dortmund": 1865.05834961,
  "Newcastle": 1863.60144043,
  "Crystal Palace": 1859.31018066,
  "Brighton": 1848.08508301,
  "Bournemouth": 1825.58850098,
  "Napoli": 1822.68579102,
  "Tottenham": 1821.04943848,
  "Manchester United": 1819.18493652,
  "Brentford": 1818.4041748,
  "Roma": 1813.57116699,
  "Milan": 1812.73974609,
  "Everton": 1809.02709961,
  "Sporting": 1801.77416992,
  "Juventus": 1792.11083984,
  "PSV": 1789.9362793,
  "Forest": 1783.92382812,
  "RB Leipzig": 1783.40661621,
  "Villarreal": 1780.87683105,
  "Marseille": 1780.06506348,
  "Fulham": 1778.02490234,
  "Benfica": 1777.31225586,
  "Atalanta": 1776.80322266,
  "Frankfurt": 1775.43200684,
  "Bologna": 1768.9642334,
  "Lazio": 1757.65356445,
  "Betis": 1750.43908691,
  "Stuttgart": 1750.19360352,
  "Brugge": 1749.2545166,
  "Lille": 1747.50292969,
  "Porto": 1745.27478027,
  "Saint-Gilloise": 1742.52929688,
  "West Ham": 1737.35656738,
  "Lens": 1734.18981934,
  "Lyon": 1726.75390625,
  "Athletic": 1722.49291992,
  "Galatasaray": 1722.28381348,
  "Freiburg": 1720.87768555,
  "Burnley": 1717.02355957,
  "Leeds": 1711.32995605,
  "Strasbourg": 1707.89147949,
  "Monaco": 1705.61743164,
  "Como": 1703.11608887,
  "Fenerbahce": 1701.95446777,
  "Werder": 1699.30810547,
  "Celta": 1697.9720459,
  "Fiorentina": 1692.8145752,
  "Mainz": 1690.18078613,
  "Hoffenheim": 1684.66552734,
  "Olympiacos": 1683.25830078,
  "Slavia Prag": 1682.86877441,
  "Rennais": 1676.53771973,
  "Wolverhampton": 1670.60351562,
  "Rayo Vallecano": 1669.07336426,
  "Real Sociedad": 1668.74206543,
  "Midtjylland": 1666.69067383,
  "Torino": 1664.03344727,
  "Feyenoord": 1661.88879395,
  "Gladbach": 1658.81201172,
  "Union Berlin": 1658.64562988,
  "Valencia": 1656.73864746,
  "Zenit": 1654.78503418,
  "Braga": 1653.14904785,
  "Espanyol": 1650.68933105,
  "Osasuna": 1647.52941895,
  "Sunderland": 1641.51721191,
  "Brest": 1641.00158691,
  "Nice": 1639.90966797,
  "Sevilla": 1639.63061523,
  "Toulouse": 1638.16711426,
  "Bodø/Glimt": 1637.00817871,
  "Getafe": 1632.69335938,
  "Wolfsburg": 1632.13171387,
  "Mallorca": 1630.66918945,
  "Alaves": 1629.12695312,
  "FC Krasnodar": 1629.06799316,
  "Augsburg": 1623.99902344,
  "Sassuolo": 1623.55993652,
  "Genoa": 1617.20544434,
  "Genk": 1612.90905762,
  "Udinese": 1610.8927002,
  "Elche": 1608.77502441,
  "PAOK": 1608.51464844,
  "CSKA Moskva": 1606.08630371,
  "Koeln": 1604.53295898,
  "Copenhagen": 1602.14941406,
  "Girona": 1598.48669434,
  "Parma": 1594.04943848,
  "Cagliari": 1593.42871094,
  "Levante": 1590.46411133,
  "Anderlecht": 1587.71081543,
  "Alkmaar": 1587.25695801,
  "Celtic": 1586.78857422,
  "Viktoria Plzen": 1583.1809082,
  "Sparta Praha": 1578.49450684,
  "Hamburg": 1577.83959961,
  "Brondby": 1577.41711426,
  "Viking": 1575.49560547,
  "Lorient": 1573.31237793,
  "Auxerre": 1572.0690918,
  "Lecce": 1571.79223633,
  "Ajax": 1567.94726562,
  "Qarabag": 1567.44592285,
  "Crvena Zvezda": 1566.02697754,
  "St Pauli": 1565.7989502,
  "Cremonese": 1564.66772461,
  "Le Havre": 1562.26501465,
  "Lok Moskva": 1562.22839355,
  "Angers": 1561.00061035,
  "Nantes": 1560.24768066,
  "Mjaellby": 1558.29760742,
  "Verona": 1557.99975586,
  "Real Oviedo": 1556.35095215,
  "Shakhtar": 1555.30200195,
  "Spartak Moskva": 1554.91381836,
  "Metz": 1554.66491699,
  "AEK": 1551.47814941,
  "Pafos": 1550.25427246,
  "Panathinaikos": 1549.69372559,
  "Pisa": 1549.42175293,
  "Heidenheim": 1548.47399902,
  "Paris FC": 1545.67089844,
  "Famalicao": 1543.95629883,
  "Aarhus": 1543.18811035,
  "Guimaraes": 1542.43347168,
  "Utrecht": 1541.42016602,
  "Twente": 1528.50878906,
  "Brann": 1528.35461426,
  "Dinamo Zagreb": 1528.0715332,
  "Rakow": 1527.71923828,
  "Trabzonspor": 1522.44470215,
  "Hammarby": 1519.98071289,
  "Rangers": 1517.84362793,
  "Basel": 1516.82519531,
  "Jagiellonia": 1516.26696777,
  "RB Salzburg": 1512.5723877,
  "Nijmegen": 1512.06384277,
  "Ferencvaros": 1511.79626465,
  "Mechelen": 1511.7043457,
  "Young Boys": 1509.40869141,
  "Jablonec": 1505.30554199,
  "Dynamo Moskva": 1505.26525879,
  "Gil Vicente": 1502.14318848,
  "Besiktas": 1500.40942383,
  "Larnaca": 1499.90380859,
  "Sturm Graz": 1497.36450195,
  "Charleroi": 1495.4263916,
  "Samsunspor": 1495.16467285,
  "Djurgarden": 1494.69885254,
  "St Truiden": 1494.10632324,
  "Gent": 1493.0213623,
  "Antwerp": 1491.54821777,
  "Nordsjaelland": 1490.96105957,
  "Beer-Sheva": 1488.34448242,
  "Moreirense": 1487.90563965,
  "Lech": 1483.86694336,
  "Celje": 1483.41186523,
  "Aris Limassol": 1481.47387695,
  "Omonia": 1479.67199707,
  "M Tel Aviv": 1477.39086914,
  "Estoril": 1472.86523438,
  "Viborg": 1469.484375,
  "Baltika": 1464.58374023,
  "Go Ahead Eagles": 1464.44946289,
  "Gornik": 1461.39196777,
  "Randers": 1457.94128418,
  "Westerlo": 1456.74414062,
  "Santa Clara": 1455.85888672,
  "Malmoe": 1455.80700684,
  "Sparta Rotterdam": 1455.06347656,
  "Legia": 1454.00878906,
  "Slovan Liberec": 1453.21911621,
  "Molde": 1451.99316406,
  "Goeztepe": 1451.95812988,
  "Tromso": 1450.9552002,
  "Rio Ave": 1449.43029785,
  "Silkeborg": 1448.29626465,
  "Bueyueksehir": 1447.38977051,
  "Pogon": 1447.17150879,
  "Rostov": 1446.07910156,
  "Arouca": 1443.70373535,
  "SonderjyskE": 1440.75646973,
  "Hearts": 1439.9041748,
  "Standard": 1438.56848145,
  "Craiova": 1438.16674805,
  "Rubin Kazan": 1437.05554199,
  "Lausanne": 1436.74560547,
  "Cercle Brugge": 1434.60864258,
  "Casa Pia": 1433.63049316,
  "Heerenveen": 1433.49804688,
  "Wolfsberg": 1432.1184082,
  "Dynamo Kyiv": 1430.21228027,
  "Leuven": 1429.98925781,
  "Steaua": 1429.93334961,
  "Hradec Kralove": 1428.15515137,
  "Rosenborg": 1427.92651367,
  "Razgrad": 1427.11779785,
  "StGallen": 1423.78637695,
  "Austria Wien": 1422.23266602,
  "Sigma Olomouc": 1421.90319824,
  "Cracovia": 1421.63952637,
  "Alanyaspor": 1420.6817627,
  "GAIS": 1419.86730957,
  "Levski": 1419.83056641,
  "LASK": 1419.65258789,
  "Gaziantep FK": 1418.15686035,
  "Nacional": 1415.54528809,
  "Korona": 1415.48059082,
  "Fredrikstad": 1414.84082031,
  "Piast Gliwice": 1414.5690918,
  "Groningen": 1413.20812988,
  "Goeteborg": 1410.89086914,
  "Sittard": 1410.85302734,
  "Zwolle": 1410.3302002,
  "Hajduk": 1410.29663086,
  "Aris": 1410.19824219,
  "Servette": 1410.04077148,
  "Kasimpasa": 1408.99035645,
  "Banik Ostrava": 1407.23828125,
  "Lugano": 1407.15197754,
  "Rapid Bucuresti": 1406.83410645,
  "Sandefjord": 1406.10693359,
  "AIK": 1405.58703613,
  "Luzern": 1402.59130859,
  "IK Sirius": 1400.66931152,
  "Hibernian": 1399.76379395,
  "Maccabi Haifa": 1399.25720215,
  "Rapid Wien": 1396.39196777,
  "Zulte Waregem": 1395.63952637,
  "Levadeiakos": 1395.27868652,
  "Rizespor": 1394.92529297,
  "Haecken": 1394.62036133,
  "Radomiak": 1394.53613281,
  "Puskas Akademia": 1393.2199707,
  "Paksi": 1391.43469238,
  "Elfsborg": 1387.99450684,
  "Plock": 1387.4954834,
  "Hartberg": 1387.3236084,
  "Lubin": 1384.56054688,
  "Akron Togliatti": 1384.13623047,
  "Alverca": 1383.79150391,
  "Konyaspor": 1382.83227539,
  "Sarpsborg": 1382.77160645,
  "Estrela Amadora": 1382.39282227,
  "Odense": 1381.7701416,
  "Heracles": 1380.73120117,
  "CFR Cluj": 1378.55236816,
  "Terek Grozny": 1378.05529785,
  "Kryliya Sovetov": 1377.54760742,
  "Gyoer": 1376.82995605,
  "Ham-Kam": 1375.64978027,
  "Rijeka": 1374.89196777,
  "Thun": 1374.64611816,
  "Katowice": 1373.68115234,
  "Dender": 1373.61352539,
  "Partizan": 1373.21594238,
  "Zuerich": 1373.13623047,
  "KFUM Oslo": 1367.35852051,
  "Maribor": 1366.82287598,
  "Valerenga": 1366.62866211,
  "Motor Lublin": 1366.41687012,
  "RAAL": 1365.21789551,