{
  "Real Madrid": 1958.63916016,
  "Barcelona": 1937.57006836,
  "Atletico": 1881.95422363,
  "Athletic": 1810.2409668,
  "Villarreal": 1763.390625,
  "Betis": 1734.00134277,
  "Sociedad": 1695.50061035,
  "Sevilla": 1694.63049316,
  "Girona": 1693.56311035,
  "Celta": 1680.06359863,
  "Osasuna": 1676.48828125,
  "Getafe": 1673.77746582,
  "Mallorca": 1666.56811523,
  "Rayo Vallecano": 1664.53417969,
  "Valencia": 1653.1583252,
  "Alaves": 1633.32727051,
  "Espanyol": 1622.63549805,
  "Las Palmas": 1592.11181641,
  "Leganes": 1590.3828125,
  "Levante": 1586.64562988,
  "Elche": 1567.81396484,
  "Almeria": 1560.14123535,
  "Huesca": 1556.5213623,
  "Cadiz": 1555.76318359,
  "Oviedo": 1555.19799805,
  "Mirandes": 1554.56494141,
  "Santander": 1551.80737305,
  "Granada": 1542.54174805,
  "Valladolid": 1532.26220703,
  "Eibar": 1516.1328125,
  "Gijon": 1513.43164062,
  "Cordoba": 1490.45275879,
  "Depor": 1488.19970703,
  "Albacete": 1484.77319336,
  "Burgos": 1474.93945312,
  "Zaragoza": 1469.75195312,
  "Malaga": 1467.6081543,
  "Castellon": 1459.67163086,
  "Eldense": 1446.70373535,
  "Tenerife": 1426.33251953,
  "Ferrol": 1382.53125,
  "Cartagena": 1355.40979004
}