{
  "Barcelona": 1953.3671875,
  "Real Madrid": 1924.69042969,
  "Atlético": 1829.4543457,
  "Villarreal": 1761.12353516,
  "Betis": 1748.90966797,
  "Rayo Vallecano": 1715.21435547,
  "Celta": 1702.5567627,
  "Valencia": 1699.19384766,
  "Athletic": 1679.6796875,
  "Real Sociedad": 1671.24414062,
  "Getafe": 1665.85351562,
  "Osasuna": 1652.03649902,
  "Mallorca": 1644.55151367,
  "Levante": 1640.51879883,
  "Girona": 1637.58398438,
  "Alaves": 1636.76062012,
  "Espanyol": 1631.23449707,
  "Sevilla": 1627.70239258,
  "Elche": 1625.18237305,
  "Las Palmas": 1586.86877441,
  "Racing": 1583.71142578,
  "Malaga": 1570.40673828,
  "Real Oviedo": 1559.74768066,
  "Almeria": 1558.04248047,
  "Eibar": 1551.5513916,
  "Castellon": 1548.10778809,
  "Depor": 1548.09228516,
  "Burgos": 1543.5748291,
  "Sporting": 1501.7677002,
  "Albacete": 1498.08862305,
  "FC Andorra": 1495.75646973,
  "Leganes": 1483.35803223,
  "Cordoba": 1476.75170898,
  "Granada": 1463.03564453,
  "Ceuta": 1456.4440918,
  "Mirandes": 1441.85900879,
  "Sociedad B": 1430.25939941,
  "Valladolid": 1427.11791992,
  "Cadiz": 1411.75683594,
  "Huesca": 1406.81677246,
  "Zaragoza": 1386.47644043,
  "Leonesa": 1369.58691406
}