{
  "PSG": 1947.82531738,
  "Lens": 1750.80688477,
  "Marseille": 1743.02148438,
  "Monaco": 1731.37561035,
  "Lyon": 1729.52087402,
  "Lille": 1713.19165039,
  "Strasbourg": 1705.00073242,
  "Rennais": 1696.32067871,
  "Brest": 1664.75683594,
  "Lorient": 1638.0567627,
  "Toulouse": 1635.49230957,
  "Nice": 1580.59753418,
  "Auxerre": 1565.0357666,
  "Le Havre": 1562.25476074,
  "Paris FC": 1558.94604492,
  "Angers": 1549.57666016,
  "Reims": 1529.38659668,
  "Saint-Etienne": 1522.91821289,
  "Nantes": 1517.78894043,
  "Metz": 1495.76831055,
  "Troyes": 1488.94812012,
  "Montpellier": 1468.67980957,
  "Rodez": 1461.85461426,
  "Le Mans": 1455.11071777,
  "Dunkerque": 1450.89611816,
  "Annecy": 1437.36901855,
  "Guingamp": 1436.22363281,
  "Red Star": 1410.00817871,
  "Pau": 1390.69421387,
  "Grenoble": 1385.44128418,
  "Boulogne": 1379.09020996,
  "Clermont": 1376.59692383,
  "Bastia": 1360.21716309,
  "Laval": 1343.84143066,
  "Nancy": 1323.34338379,
  "Amiens": 1322.24255371
}