{
  "Inter": 1885.19238281,
  "Milan": 1815.24365234,
  "Napoli": 1798.3236084,
  "Atalanta": 1791.8347168,
  "Juventus": 1780.26696777,
  "Roma": 1767.47290039,
  "Como": 1759.43005371,
  "Lazio": 1716.48986816,
  "Bologna": 1698.16479492,
  "Fiorentina": 1664.45080566,
  "Genoa": 1632.8392334,
  "Udinese": 1629.91040039,
  "Sassuolo": 1628.82299805,
  "Torino": 1621.71154785,
  "Venezia": 1590.2064209,
  "Parma": 1583.33349609,
  "Cagliari": 1573.74328613,
  "Lecce": 1558.04785156,
  "Monza": 1546.93554688,
  "Frosinone": 1540.89367676,
  "Cremonese": 1539.58105469,
  "Verona": 1511.71862793,
  "Palermo": 1511.56384277,
  "Pisa": 1504.93835449,
  "Catanzaro": 1478.44470215,
  "Modena": 1459.59472656,
  "Empoli": 1441.9185791,
  "Juve Stabia": 1434.08532715,
  "Suedtirol": 1418.61694336,
  "Carrarese": 1413.95678711,
  "Spezia": 1395.60302734,
  "Cesena": 1393.75292969,
  "Sampdoria": 1390.09887695,
  "Mantova": 1380.11669922,
  "Avellino": 1363.26062012,
  "Pescara": 1357.51806641,
  "Entella": 1356.45605469,
  "Bari": 1355.1986084,
  "Padova": 1348.77575684,
  "Reggiana": 1336.46899414
}