{
  "Arsenal": 2049.58813477,
  "Manchester City": 2002.05639648,
  "Liverpool": 1947.14904785,
  "Aston Villa": 1930.91894531,
  "Chelsea": 1894.07226562,
  "Newcastle": 1860.01965332,
  "Manchester United": 1836.06384277,
  "Brighton": 1832.5826416,
  "Brentford": 1826.86523438,
  "Crystal Palace": 1818.42590332,
  "Tottenham": 1817.15991211,
  "Everton": 1805.03259277,
  "Fulham": 1799.2142334,
  "Bournemouth": 1794.2208252,
  "Forest": 1778.90136719,
  "Leeds": 1751.49279785,
  "West Ham": 1724.13952637,
  "Burnley": 1701.00305176,
  "Sunderland": 1677.33862305,
  "Wolverhampton": 1643.73535156,
  "Coventry": 1638.13134766,
  "Ipswich": 1606.3963623,
  "Middlesbrough": 1573.82910156,
  "Leicester": 1564.52868652,
  "Southampton": 1548.50646973,
  "Sheffield United": 1548.09106445,
  "Bristol City": 1546.94641113,
  "Hull": 1530.26489258,
  "Preston": 1528.49475098,
  "Watford": 1523.02832031,
  "QPR": 1518.48571777,
  "Millwall": 1515.83203125,
  "Stoke": 1512.75671387,
  "Blackburn": 1506.6340332,
  "West Brom": 1503.30334473,
  "Derby": 1501.49829102,
  "Swansea": 1485.52233887,
  "Wrexham": 1484.20202637,
  "Norwich": 1474.98352051,
  "Birmingham": 1468.45117188,
  "Portsmouth": 1457.21081543,
  "Oxford": 1451.14440918,
  "Charlton": 1450.1607666,
  "Sheffield Weds": 1396.81726074
}