{
  "Real Madrid": 1956.32543945,
  "Barcelona": 1929.21655273,
  "Atlético": 1865.38769531,
  "Villarreal": 1794.68530273,
  "Betis": 1753.90942383,
  "Athletic": 1732.07775879,
  "Celta": 1688.20288086,
  "Osasuna": 1673.92712402,
  "Rayo Vallecano": 1667.16015625,
  "Real Sociedad": 1658.78747559,
  "Espanyol": 1658.3203125,
  "Valencia": 1655.60449219,
  "Alaves": 1650.70141602,
  "Getafe": 1648.7322998,
  "Sevilla": 1643.83618164,
  "Mallorca": 1631.72875977,
  "Elche": 1607.59912109,
  "Levante": 1602.734375,
  "Girona": 1589.56213379,
  "Leganes": 1569.93115234,
  "Las Palmas": 1568.95996094,
  "Real Oviedo": 1562.89025879,
  "Almeria": 1556.41259766,
  "Racing": 1542.22277832,
  "Cadiz": 1524.77209473,
  "Depor": 1506.2479248,
  "Burgos": 1505.90771484,
  "Eibar": 1499.38781738,
  "Granada": 1494.11169434,
  "Mirandes": 1491.1105957,
  "Cordoba": 1487.28271484,
  "Albacete": 1485.74597168,
  "Huesca": 1484.4263916,
  "Sporting": 1483.34765625,
  "Valladolid": 1479.03808594,
  "Castellon": 1463.44555664,
  "Malaga": 1450.73132324,
  "Ceuta": 1449.15356445,
  "Leonesa": 1436.54602051,
  "FC Andorra": 1433.27319336,
  "Sociedad B": 1413.67529297,
  "Zaragoza": 1381.36950684
}