{
  "Bayern Munich": 1996.66870117,
  "Leverkusen": 1856.90344238,
  "Borussia Dortmund": 1847.53430176,
  "RB Leipzig": 1774.74121094,
  "Frankfurt": 1766.76660156,
  "Stuttgart": 1741.52807617,
  "Freiburg": 1712.21228027,
  "Werder": 1690.64257812,
  "Mainz": 1681.51538086,
  "Hoffenheim": 1676.0,
  "Gladbach": 1650.14672852,
  "Union Berlin": 1649.98022461,
  "Wolfsburg": 1623.46618652,
  "Augsburg": 1615.3338623,
  "Koeln": 1595.86767578,
  "Hamburg": 1569.17431641,
  "St Pauli": 1557.13366699,
  "Elversberg": 1542.41162109,
  "Heidenheim": 1539.80847168,
  "Paderborn": 1538.79956055,
  "Holstein": 1512.93200684,
  "Hannover": 1509.65197754,
  "Bochum": 1503.85046387,
  "Darmstadt": 1503.4564209,
  "Lautern": 1501.57873535,
  "Hertha": 1500.89440918,
  "Karlsruhe": 1488.93444824,
  "Schalke": 1488.5357666,
  "Duesseldorf": 1467.3770752,
  "Nuernberg": 1453.75146484,
  "Muenster": 1414.97644043,
  "Magdeburg": 1404.96594238,
  "Bielefeld": 1404.20373535,
  "Fuerth": 1392.25097656,
  "Braunschweig": 1356.6484375,
  "Dresden": 1355.40612793
}