{
  "Barcelona": 1988.59838867,
  "Real Madrid": 1946.16809082,
  "Atlético": 1863.01550293,
  "Villarreal": 1760.26123047,
  "Betis": 1751.51342773,
  "Celta": 1749.75964355,
  "Real Sociedad": 1709.13000488,
  "Athletic": 1709.0526123,
  "Osasuna": 1696.63745117,
  "Getafe": 1682.4822998,
  "Valencia": 1676.28759766,
  "Rayo Vallecano": 1673.83044434,
  "Girona": 1664.93493652,
  "Mallorca": 1647.12414551,
  "Espanyol": 1636.77893066,
  "Alaves": 1630.6484375,
  "Sevilla": 1616.59814453,
  "Levante": 1610.18786621,
  "Elche": 1604.88012695,
  "Las Palmas": 1574.49475098,
  "Real Oviedo": 1574.47424316,
  "Almeria": 1573.73144531,
  "Eibar": 1562.10620117,
  "Racing": 1560.21984863,
  "Malaga": 1544.52612305,
  "Castellon": 1541.61804199,
  "Burgos": 1540.93811035,
  "Depor": 1536.359375,
  "Leganes": 1521.22473145,
  "Granada": 1518.54516602,
  "Albacete": 1502.60388184,
  "Sporting": 1496.16333008,
  "Cordoba": 1468.2010498,
  "Ceuta": 1458.61938477,
  "FC Andorra": 1456.79455566,
  "Mirandes": 1455.7755127,
  "Sociedad B": 1455.27282715,
  "Valladolid": 1448.32067871,
  "Zaragoza": 1436.76428223,
  "Cadiz": 1431.71557617,
  "Huesca": 1423.13867188,
  "Leonesa": 1406.58605957
}