{
  "Inter": 1889.01538086,
  "Milan": 1811.26171875,
  "Napoli": 1793.23876953,
  "Atalanta": 1791.96899414,
  "Juventus": 1784.6628418,
  "Roma": 1779.02563477,
  "Como": 1753.55541992,
  "Lazio": 1701.90527344,
  "Bologna": 1695.39440918,
  "Genoa": 1646.11914062,
  "Fiorentina": 1641.15087891,
  "Torino": 1623.69238281,
  "Sassuolo": 1622.43286133,
  "Udinese": 1614.63244629,
  "Parma": 1598.38562012,
  "Venezia": 1585.67907715,
  "Cagliari": 1576.83032227,
  "Lecce": 1559.85766602,
  "Monza": 1550.41760254,
  "Cremonese": 1533.61523438,
  "Frosinone": 1527.07336426,
  "Verona": 1512.55725098,
  "Pisa": 1508.81188965,
  "Palermo": 1508.80505371,
  "Catanzaro": 1490.91870117,
  "Modena": 1453.34533691,
  "Suedtirol": 1435.91699219,
  "Empoli": 1433.14282227,
  "Juve Stabia": 1420.33227539,
  "Spezia": 1404.15551758,
  "Sampdoria": 1392.62475586,
  "Cesena": 1392.18640137,
  "Carrarese": 1387.87548828,
  "Bari": 1372.72290039,
  "Mantova": 1371.46289062,
  "Entella": 1365.01879883,
  "Padova": 1356.60205078,
  "Pescara": 1351.71740723,
  "Avellino": 1350.18603516,
  "Reggiana": 1343.3046875
}