{
  "PSG": 1974.93774414,
  "Manchester City": 1959.94421387,
  "Real Madrid": 1936.12731934,
  "Inter": 1933.2421875,
  "Bayern Munich": 1918.9979248,
  "Chelsea": 1902.80126953,
  "Atlético": 1855.34960938,
  "Borussia Dortmund": 1818.3503418,
  "Juventus": 1805.84667969,
  "Benfica": 1791.48046875,
  "Palmeiras": 1771.1686466892356,
  "Flamengo": 1751.5842481840955,
  "Botafogo": 1694.3290521310455,
  "Fluminense": 1683.0248308533214,
  "River Plate": 1682.8797860733375,
  "Porto": 1678.19543457,
  "Boca Juniors": 1630.8966982689208,
  "Al-Hilal": 1620.0471225057286,
  "Monterrey": 1608.4460759130632,
  "Ahly SC": 1598.4937396753448,
  "RB Salzburg": 1558.85534668,
  "Sundowns": 1556.904853565958,
  "Pachuca": 1539.4330687973,
  "Esperance": 1514.1062779086074,
  "Los Ángeles FC": 1495.9060881385649,
  "Inter Miami": 1480.389078356346,
  "Seattle": 1469.538091862022,
  "Urawa Reds": 1458.0760457470938,
  "Ulsan HD": 1450.076363761504,
  "Al-Ain": 1444.497130514223,
  "Wydad AC": 1438.172087912449,
  "Auckland City": 1342.2465957778013
}