{
  "Real Madrid": 1945.47058105,
  "Barcelona": 1931.14489746,
  "Atlético": 1857.88146973,
  "Villarreal": 1785.93737793,
  "Betis": 1759.96838379,
  "Athletic": 1751.87060547,
  "Osasuna": 1686.39038086,
  "Rayo Vallecano": 1674.90979004,
  "Valencia": 1669.49963379,
  "Celta": 1665.37573242,
  "Espanyol": 1661.17236328,
  "Sevilla": 1655.86279297,
  "Alaves": 1651.00976562,
  "Real Sociedad": 1644.07373047,
  "Mallorca": 1642.54003906,
  "Getafe": 1631.38928223,
  "Elche": 1616.02148438,
  "Levante": 1609.08288574,
  "Girona": 1599.05383301,
  "Leganes": 1583.51379395,
  "Las Palmas": 1571.20153809,
  "Real Oviedo": 1559.8079834,
  "Almeria": 1545.44299316,
  "Racing": 1526.6706543,
  "Cadiz": 1525.56433105,
  "Mirandes": 1513.66210938,
  "Eibar": 1507.9888916,
  "Granada": 1503.31738281,
  "Depor": 1499.97290039,
  "Albacete": 1495.12927246,
  "Huesca": 1491.97119141,
  "Burgos": 1490.11633301,
  "Sporting": 1479.35644531,
  "Valladolid": 1470.4954834,
  "Cordoba": 1465.14709473,
  "Castellon": 1462.53100586,
  "FC Andorra": 1458.43591309,
  "Ceuta": 1449.18334961,
  "Malaga": 1446.99438477,
  "Leonesa": 1438.76098633,
  "Sociedad B": 1410.30114746,
  "Zaragoza": 1397.03881836
}