{
  "Barcelona": 1953.43188477,
  "Real Madrid": 1938.12561035,
  "Atletico": 1869.87414551,
  "Athletic": 1812.03369141,
  "Villarreal": 1765.65820312,
  "Betis": 1753.27905273,
  "Sociedad": 1709.04187012,
  "Celta": 1690.57336426,
  "Getafe": 1687.16137695,
  "Valencia": 1684.99780273,
  "Girona": 1675.70202637,
  "Sevilla": 1670.53820801,
  "Osasuna": 1668.30688477,
  "Mallorca": 1655.20690918,
  "Rayo Vallecano": 1653.23352051,
  "Espanyol": 1644.38452148,
  "Alaves": 1631.96154785,
  "Levante": 1598.06896973,
  "Las Palmas": 1585.19470215,
  "Elche": 1584.40124512,
  "Leganes": 1583.47473145,
  "Almeria": 1552.26281738,
  "Oviedo": 1552.02770996,
  "Santander": 1546.66955566,
  "Granada": 1543.24902344,
  "Mirandes": 1542.58325195,
  "Cadiz": 1540.38098145,
  "Huesca": 1536.93652344,
  "Eibar": 1522.7713623,
  "Albacete": 1515.56958008,
  "Valladolid": 1511.14611816,
  "Burgos": 1502.07287598,
  "Depor": 1498.54284668,
  "Cordoba": 1492.61352539,
  "Gijon": 1477.69726562,
  "Zaragoza": 1463.90332031,
  "Tenerife": 1457.53686523,
  "Castellon": 1453.56213379,
  "Malaga": 1451.60571289,
  "Eldense": 1449.10290527,
  "Ferrol": 1367.72314453,
  "Cartagena": 1346.77246094
}