{
  "Arsenal": 2065.75805664,
  "Manchester City": 1969.96252441,
  "Aston Villa": 1920.07873535,
  "Manchester United": 1914.42456055,
  "Liverpool": 1909.90759277,
  "Bournemouth": 1871.07861328,
  "Brighton": 1841.11901855,
  "Newcastle": 1836.63977051,
  "Brentford": 1835.69897461,
  "Chelsea": 1830.2121582,
  "Forest": 1821.27880859,
  "Fulham": 1812.20422363,
  "Everton": 1802.53930664,
  "Crystal Palace": 1796.83776855,
  "Leeds": 1796.49719238,
  "Tottenham": 1776.41748047,
  "West Ham": 1767.91052246,
  "Sunderland": 1735.03869629,
  "Wolverhampton": 1678.80187988,
  "Burnley": 1665.4453125,
  "Coventry": 1660.58642578,
  "Ipswich": 1639.10681152,
  "Southampton": 1635.45507812,
  "Millwall": 1603.52697754,
  "Middlesbrough": 1588.05371094,
  "Norwich": 1559.46972656,
  "Sheffield United": 1545.68920898,
  "Derby": 1538.32189941,
  "Swansea": 1535.39404297,
  "Hull": 1531.98901367,
  "Wrexham": 1526.56774902,
  "Bristol City": 1506.79101562,
  "Birmingham": 1506.17443848,
  "West Brom": 1503.81433105,
  "Leicester": 1502.56665039,
  "Portsmouth": 1498.42419434,
  "Blackburn": 1492.38757324,
  "QPR": 1479.61853027,
  "Preston": 1477.9732666,
  "Oxford": 1461.63244629,
  "Watford": 1457.27050781,
  "Charlton": 1452.09387207,
  "Stoke": 1451.84008789,
  "Sheffield Weds": 1341.28015137
}