{
  "PSG": 1973.05895996,
  "Marseille": 1774.31774902,
  "Lille": 1769.81689453,
  "Lens": 1750.89697266,
  "Lyon": 1737.74291992,
  "Monaco": 1715.04504395,
  "Strasbourg": 1704.29553223,
  "Rennais": 1685.53027344,
  "Brest": 1666.89599609,
  "Toulouse": 1657.97924805,
  "Nice": 1617.3059082,
  "Lorient": 1601.53271484,
  "Auxerre": 1587.90283203,
  "Angers": 1573.48815918,
  "Reims": 1566.53430176,
  "Le Havre": 1561.87585449,
  "Nantes": 1556.61218262,
  "Paris FC": 1553.22351074,
  "Metz": 1546.38952637,
  "Saint-Etienne": 1524.76831055,
  "Troyes": 1488.56787109,
  "Montpellier": 1466.44360352,
  "Dunkerque": 1465.0447998,
  "Annecy": 1448.74841309,
  "Guingamp": 1436.71984863,
  "Red Star": 1427.86047363,
  "Le Mans": 1422.36608887,
  "Rodez": 1416.10766602,
  "Pau": 1415.79797363,
  "Grenoble": 1411.72631836,
  "Clermont": 1408.14672852,
  "Laval": 1401.16809082,
  "Boulogne": 1370.65942383,
  "Amiens": 1366.45910645,
  "Bastia": 1366.16687012,
  "Nancy": 1352.51403809
}