{
  "Bayern Munich": 1986.30944824,
  "Borussia Dortmund": 1855.17236328,
  "Leverkusen": 1815.66162109,
  "Stuttgart": 1757.26464844,
  "RB Leipzig": 1744.64758301,
  "Hoffenheim": 1734.89794922,
  "Freiburg": 1699.05944824,
  "Frankfurt": 1680.63183594,
  "Mainz": 1659.22460938,
  "Union Berlin": 1632.67980957,
  "Augsburg": 1625.0020752,
  "Werder": 1614.57592773,
  "Gladbach": 1613.50061035,
  "Wolfsburg": 1605.39819336,
  "Hamburg": 1600.59204102,
  "Koeln": 1579.26757812,
  "St Pauli": 1565.33850098,
  "Elversberg": 1529.57116699,
  "Darmstadt": 1528.46459961,
  "Paderborn": 1524.58410645,
  "Heidenheim": 1521.48181152,
  "Hannover": 1512.29284668,
  "Bochum": 1508.09411621,
  "Schalke": 1493.23950195,
  "Hertha": 1475.48303223,
  "Lautern": 1469.9498291,
  "Holstein": 1458.62145996,
  "Karlsruhe": 1443.27636719,
  "Nuernberg": 1441.8326416,
  "Duesseldorf": 1438.16467285,
  "Magdeburg": 1413.62060547,
  "Bielefeld": 1395.60632324,
  "Muenster": 1394.44262695,
  "Braunschweig": 1369.49951172,
  "Fuerth": 1365.83166504,
  "Dresden": 1361.80090332
}