{
  "Alavés": {
    "Antonio Sivera": 0.23247709940141,
    "Ander Guevara": -2.9869516017797,
    "Antonio Blanco": -1.6233251676964,
    "Nahuel Tenaglia": -2.6075962488314,
    "Jon Guridi": -2.7078969916222,
    "Carlos Benavidez": -3.1804610069675,
    "Asier Villalibre": -3.1753662398696,
    "Carlos Vicente": 2.9731129998,
    "Santiago Mouriño": -0.3232794883578,
    "Moussa Diarra": -2.9150786022332,
    "Hugo Novoa": -3.2614510854684,
    "Toni Martinez": -2.9519309414336,
    "Facundo Garces": -2.5061384053193,
    "Adrian Rodriguez": 0.0,
    "Pablo Ibañez": 0.0,
    "Julen Lartitegi": 0.0,
    "Egoitz Muñoz": 0.0,
    "Gregoire Swiderski": 0.0,
    "Daouda Doumbia": 0.0,
    "Abde Rebbach": 0.0,
    "Nikola Maras": 0.0,
    "Joaquin Panichelli": 0.0,
    "Joseda Alvarez": 0.0,
    "Ander Sanchez": 0.0,
    "Gaizka Garcia": 0.0,
    "Selu Diallo": 0.0,
    "Raul Fernandez": 0.0
  },
  "Athletic": {
    "Andoni Gorosabel": -1.7628844940916,
    "Unai Simon": 3.3235408096548,
    "Dani Vivian": 4.6003595391994,
    "Aitor Paredes": 0.47562225088018,
    "Yeray Alvarez": -2.3709414570449,
    "Mikel Vesga": -2.9106039601024,
    "Alex Berenguer": 2.3028983005015,
    "Oihan Sancet": 4.8709824795764,
    "Iñaki Williams": 3.9112263783523,
    "Gorka Guruzeta": -1.2792127095293,
    "Iñigo Ruiz De Galarreta": 0.33938155914836,
    "Yuri Berchiche": -0.15671760779226,
    "Beñat Prados": -2.4684845896154,
    "Unai Gomez": -2.6446737675957,
    "Alvaro Djalo": -2.9131973416772,
    "Mikel Jauregizar": 10.297560456912,
    "Maroan Sannadi": 3.1083709768845,
    "Nico Williams": 0.0,
    "Iñigo Lekue": 0.0,
    "Robert Navarro": 0.0,
    "Oier Gastesi": 0.0,
    "Adama Boiro": 0.0,
    "Peio Canales": 0.0,
    "Endika Bujan": 0.0,
    "Aingeru Olabarrieta": 0.0,
    "Javier Marton": 0.0,
    "Nico Serrano": 0.0,
    "Alex Padilla": 0.0,
    "Malcom Adu Ares": 0.0,
    "Unai Egiluz": 0.0
  },
  "Atlético": {
    "Giménez": -0.87574319322874,
    "Rodrigo De Paul": -1.3781564888364,
    "Koke Resurreccion": -2.8102101660703,
    "Thomas Lemar": -3.2183675268629,
    "Samuel Lino": -2.0864340968369,
    "Jan Oblak": 3.882310844343,
    "Marcos Llorente": 2.6336152527148,
    "Nahuel Molina": -2.7820563446849,
    "Javi Galan": -2.0719701033117,
    "Pablo Barrios": 3.2667169845728,
    "Robin Le Normand": 1.7888620789957,
    "Alexander Sorloth": 1.6660666412675,
    "Giuliano Simeone": 3.9702021258733,
    "Carlos Martin": -3.257840089526,
    "Clement Lenglet": -0.16245765160908,
    "Conor Gallagher": -2.6384651810467,
    "Juan Musso": -3.1722754391316,
    "Antoine Griezmann": 0.0,
    "Saul Ñiguez": 0.0,
    "Ilias Kostis": 0.0,
    "Alex Baena": 0.0,
    "Julian Alvarez": 0.0,
    "Alejandro Iturbe": 0.0,
    "Geronimo Spina": 0.0,
    "Javi Serrano": 0.0,
    "Carlos Gimenez": 0.0,
    "Aitor Gismera": 0.0,
    "Adrian Niño": 0.0,
    "Rayane Belaid": 0.0,
    "Horatiu Moldovan": 0.0
  },
  "Barcelona": {
    "Marc-Andre Ter Stegen": -2.2904330692646,
    "Alejandro Balde": 4.2959642003859,
    "Ronald Araujo": -2.4592675086669,
    "Iñigo Martinez": 5.1131467697854,
    "Pablo Gavi": -1.4219901865774,
    "Ferran Torres": 1.600303331101,
    "Pedri Gonzalez": 5.5439898160141,
    "Andreas Christensen": -3.012789145558,
    "Frenkie De Jong": 1.915152165046,
    "Jules Kounde": 2.563391497575,
    "Marc Casado": 1.5501055016325,
    "Pau Cubarsi": 4.3326952450206,
    "Fermin Lopez": 0.90168898459054,
    "Eric Garcia": -2.2343569153119,
    "Iñaki Peña": -3.0693081088009,
    "Pau Victor": -2.4449860970033,
    "Dani Olmo": 1.9481720444388,
    "Robert Lewandowski": 0.0,
    "Raphinha": 0.0,
    "Oriol Romeu": 0.0,
    "Lamine Yamal": 0.0,
    "Diego Kochen": 0.0,
    "Hector Fort": 0.0,
    "Joan Garcia": 0.0,
    "Gerard Martin": 0.0,
    "Marc Bernal": 0.0,
    "Andres Cuenca": 0.0,
    "Wojciech Szczesny": 0.0,
    "Aron Yaakobishvili": 0.0,
    "Toni Fernandez": 0.0,
    "Guille Fernandez": 0.0,
    "Alvaro Cortes": 0.0
  },
  "Betis": {
    "Hector Bellerin": -3.0061419599032,
    "Ez Abde": 1.0536640783996,
    "Carvalho": -3.1697737868452,
    "Marc Bartra": 0.18249995262188,
    "Marc Roca": -2.9000500354489,
    "Aitor Ruibal": -2.8697107930375,
    "Sergi Altimira": -1.4176904847462,
    "Francisco Vieites": 0.20127002413869,
    "Chimy Avila": -2.7428403445545,
    "Johnny Cardoso": 2.2982464840832,
    "Cedric Bakambu": -2.3971256964361,
    "Pablo Fornals": -1.221625510528,
    "Adrian San Miguel": -2.3107649323174,
    "Diego Javier Llorente": -2.1653342132054,
    "Romain Perraud": -3.0690645989401,
    "Giovani Lo Celso": 4.0466610502463,
    "Cucho Hernandez": 1.420263531276,
    "Rodrigo Riquelme": 0.0,
    "Borja Iglesias": 0.0,
    "Isco": 0.0,
    "Iker Losada": 0.0,
    "Ricardo Rodriguez": 0.0,
    "Natan": 0.0,
    "Manu Gonzalez": 0.0,
    "Dani Perez": 0.0,
    "Nobel Mendy": 0.0,
    "Pablo Busto": 0.0,
    "Angel Ortiz": 0.0,
    "Mateo Flores": 0.0,
    "Carlos Reina": 0.0,
    "Pablo Garcia": 0.0,
    "Xavi Pleguezuelo": 0.0,
    "German Garcia": 0.0,
    "Alvaro Valles": 0.0
  },
  "Celta": {
    "Marcos Alonso": 0.51021233096971,
    "Mihailo Ristic": -2.5404679740462,
    "Carl Starfelt": -1.4927736812553,
    "Oscar Mingueza": 1.7535045071911,
    "Fran Beltran": -2.3529715288338,
    "Franco Cervi": -3.0347164487441,
    "Ivan Villar": -3.0018386726181,
    "Williot Swedberg": -2.4048854453165,
    "Carlos Dominguez": -3.1495416664778,
    "Hugo Sotelo": -3.0174550298834,
    "Pablo Duran": -1.6695516220895,
    "Javi Rodriguez": 0.93859682228177,
    "Hugo Alvarez": -2.7055114922146,
    "Damian Rodriguez": -3.2551569871134,
    "Yoel Lago": -0.72613997029185,
    "Unai Nuñez": 0.0,
    "Iago Aspas": 0.0,
    "Coke Carrillo": 0.0,
    "Manu Sanchez": 0.0,
    "Ilaix Moriba": 0.0,
    "Sergio Carreira": 0.0,
    "Marc Vidal": 0.0,
    "Jones El-Abdellaoui": 0.0,
    "Miguel Roman": 0.0,
    "Tincho Conde": 0.0,
    "Joseph Aidoo": 0.0,
    "Hugo Gonzalez": 0.0
  },
  "Elche": {
    "German Valera": 0.0
  },
  "Espanyol": {
    "Fernando Calero": -2.974998152477,
    "Pol Lozano": -2.9800482190868,
    "Pere Milla": -3.1968735183068,
    "Jose Gragera": -1.2660261416325,
    "Jofre Carreras": -2.1091120547958,
    "Edu Exposito": -2.3057065908308,
    "Omar El Hilali": -1.3731936727328,
    "Alvaro Tejero": -3.1569081582725,
    "Pablo Ramon": -1.2660261416325,
    "Kike Garcia": 0.0,
    "Ramon Terrats": 0.0,
    "Leandro Cabrera": 0.0,
    "Javi Puado": 0.0,
    "Antoniu Roca": 0.0,
    "Rafel Bauza": 0.0,
    "Jose Luis Catala": 0.0,
    "Llorenç Serred": 0.0,
    "Angel Fortuño": 0.0,
    "Carlos Romero": 0.0,
    "Roberto Fernandez": 0.0,
    "Alex Almansa": 0.0,
    "Pol Tristan": 0.0,
    "Justin Smith": 0.0,
    "Marko Dmitrovic": 0.0,
    "Ruben Sanchez": 0.0,
    "Gaston Valles": 0.0,
    "Ian Forns": 0.0,
    "Miguel Angel Rubio": 0.0
  },
  "Getafe": {
    "Alex Sola": -3.110732978977,
    "Luis Milla": 2.6123211982821,
    "Domingos Duarte": -3.0200506340788,
    "Mauro Arambarri": 1.5097344078144,
    "David Soria": 2.5617409783653,
    "Omar Alderete": 1.417114399267,
    "Diego Rico": -2.4231831806129,
    "Borja Mayoral": 0.54466500469448,
    "Juan Iglesias": -2.4261952615797,
    "Peter Gonzalez": -3.0756427473112,
    "Jiri Letacek": -3.0988866580539,
    "Christantus Uche": -0.32911163799303,
    "Juan Berrocal": -3.0793368781635,
    "Dakonam Djene": 0.0,
    "Carles Aleña": 0.0,
    "Gorka Rivera": 0.0,
    "Kiko Femenia": 0.0,
    "Juanmi Jimenez": 0.0,
    "Diego Ferrer": 0.0,
    "Alberto Risco": 0.0,
    "Coba Gomes": 0.0,
    "Djordjije Medenica": 0.0,
    "Guillem Trilla": 0.0,
    "David Arguelles": 0.0,
    "Martin Cuellar": 0.0,
    "Ismael Bekhoucha": 0.0,
    "Luca Lohr": 0.0,
    "Javi Muñoz": 0.0,
    "Yvan Neyou": 0.0
  },
  "Girona": {
    "Miguel Gutierrez": 1.5856925286625,
    "Arnau Martinez": -2.3654842954491,
    "David Lopez": -2.4578051554221,