{
  "Alavés": {
    "Antonio Sivera": -0.49231221216368,
    "Ander Guevara": -2.8644984514117,
    "Antonio Blanco": -1.4040194151588,
    "Nahuel Tenaglia": -0.57916634468806,
    "Jon Guridi": -1.2564116002397,
    "Carlos Benavidez": -3.1173639640589,
    "Asier Villalibre": -2.8923689651747,
    "Carles Aleña": -1.9580419177844,
    "Carlos Vicente": 0.56552209931458,
    "Moussa Diarra": -1.8533472172018,
    "Hugo Novoa": -2.9461762900526,
    "Toni Martinez": -2.2473991158925,
    "Facundo Garces": 0.44446781346483,
    "Jonny Castro": -1.2243789569277,
    "Adrian Rodriguez": 0.0,
    "Pablo Ibañez": 0.0,
    "Julen Lartitegi": 0.0,
    "Egoitz Muñoz": 0.0,
    "Gregoire Swiderski": 0.0,
    "Daouda Doumbia": 0.0,
    "Youssef Enriquez": 0.0,
    "Abde Rebbach": 0.0,
    "Nikola Maras": 0.0,
    "Joseda Alvarez": 0.0,
    "Ander Sanchez": 0.0,
    "Gaizka Garcia": 0.0,
    "Raul Fernandez": 0.0,
    "Mariano Diaz": 0.0,
    "Selu Diallo": 0.0,
    "Santiago Mouriño": 2.4539329310833,
    "Joaquin Panichelli": 0.0
  },
  "Athletic": {
    "Andoni Gorosabel": -2.7329701039909,
    "Unai Simon": -0.54419255009573,
    "Dani Vivian": 1.1195345154728,
    "Aitor Paredes": -1.3359386914784,
    "Yeray Alvarez": -2.3466972335742,
    "Mikel Vesga": -2.7978065113489,
    "Alex Berenguer": 1.1647513248681,
    "Oihan Sancet": -2.4914258373241,
    "Iñaki Williams": -0.28951057845076,
    "Nico Williams": 0.82377720807876,
    "Gorka Guruzeta": -2.12391726742,
    "Iñigo Lekue": -2.9749626529744,
    "Iñigo Ruiz De Galarreta": 0.48717895999955,
    "Yuri Berchiche": -0.89704437561898,
    "Beñat Prados": -2.7986764848038,
    "Malcom Adu Ares": -3.1092489078382,
    "Unai Gomez": -2.5204294898789,
    "Robert Navarro": -2.089218157549,
    "Jesus Areso": 2.2496298707376,
    "Nico Serrano": -3.1970197151884,
    "Mikel Jauregizar": 3.5261420005931,
    "Adama Boiro": -2.3521654527656,
    "Maroan Sannadi": 4.3548129050161,
    "Unai Vencedor": -3.1500250235183,
    "Peio Canales": 0.0,
    "Endika Bujan": 0.0,
    "Aingeru Olabarrieta": 0.0,
    "Alex Padilla": 0.0,
    "Unai Egiluz": 0.0,
    "Alvaro Djalo": -2.9991998513756,
    "Oier Gastesi": 0.0,
    "Javier Marton": 0.0
  },
  "Atlético": {
    "Marc Pubill": -0.78060572519495,
    "Giménez": -2.2293585768241,
    "Koke Resurreccion": -2.9209246528651,
    "Antoine Griezmann": -1.1693506563283,
    "Jan Oblak": -0.30325302729171,
    "Marcos Llorente": -0.80803886335976,
    "Nahuel Molina": -2.6462404726112,
    "Javi Galan": -2.677505636217,
    "Pablo Barrios": 1.3121989578083,
    "Robin Le Normand": 0.95899319166848,
    "Alexander Sorloth": -1.3784843967729,
    "Alex Baena": 2.6082017625323,
    "Giuliano Simeone": 1.2710276061009,
    "Johnny Cardoso": 2.6231331051216,
    "Carlos Martin": -2.9692021255432,
    "Clement Lenglet": -1.4307777750637,
    "Julian Alvarez": 1.2159270546896,
    "Conor Gallagher": -2.5519458871328,
    "Juan Musso": -2.7483967750319,
    "Matteo Ruggeri": 0.3858578283067,
    "Thiago Almada": -0.17162507172458,
    "David Hancko": -0.80068637489285,
    "Ilias Kostis": 0.0,
    "Geronimo Spina": 0.0,
    "Javi Serrano": 0.0,
    "Carlos Gimenez": 0.0,
    "Aitor Gismera": 0.0,
    "Rayane Belaid": 0.0,
    "Thomas Lemar": -1.252414743061,
    "Samuel Lino": -2.8750046030083,
    "Rodrigo De Paul": -1.3781564888364,
    "Saul Ñiguez": 0.0,
    "Alejandro Iturbe": 0.0,
    "Adrian Niño": 0.0,
    "Horatiu Moldovan": 0.0
  },
  "Barcelona": {
    "Marc-Andre Ter Stegen": -3.2758139689443,
    "Alejandro Balde": 1.0359957352533,
    "Ronald Araujo": 1.9019825744122,
    "Iñigo Martinez": -2.7130953899509,
    "Pablo Gavi": -0.24475494483861,
    "Ferran Torres": -0.90158136128005,
    "Pedri Gonzalez": -0.28520606086035,
    "Robert Lewandowski": 1.0779828028496,
    "Raphinha": 1.5004332661071,
    "Andreas Christensen": -0.73389211328704,
    "Frenkie De Jong": -0.49427597594893,
    "Jules Kounde": -0.44091731985695,
    "Lamine Yamal": 1.9309771490241,
    "Marc Casado": -1.4692079199951,
    "Pau Cubarsi": -0.2077659608861,
    "Fermin Lopez": -1.2072630409358,
    "Eric Garcia": -1.6431838246118,
    "Iñaki Peña": -2.3390215956848,
    "Dani Olmo": -0.84924740335027,
    "Oriol Romeu": 0.0,
    "Diego Kochen": 0.0,
    "Hector Fort": 0.0,
    "Joan Garcia": 0.0,
    "Gerard Martin": 0.0,
    "Marc Bernal": 0.0,
    "Andres Cuenca": 0.0,
    "Wojciech Szczesny": 0.0,
    "Toni Fernandez": 0.0,
    "Guille Fernandez": 0.0,
    "Alvaro Cortes": 0.0,
    "Pau Victor": -2.4449860970033,
    "Aron Yaakobishvili": 0.0
  },
  "Betis": {
    "Rodrigo Riquelme": 4.5979230398798,
    "Hector Bellerin": -1.495624215813,
    "Ez Abde": -1.4898117274103,
    "Marc Bartra": 0.62474872932826,
    "Marc Roca": -3.0235845520578,
    "Isco": 1.2082377606939,
    "Aitor Ruibal": -2.7524927492482,
    "Sergi Altimira": 2.3267332663679,
    "Francisco Vieites": 0.082558747402109,
    "Alvaro Valles": 2.2878964129751,
    "Chimy Avila": -2.7521444662872,
    "Cedric Bakambu": -2.4117717821869,
    "Pablo Fornals": -0.97372199680821,
    "Adrian San Miguel": -2.368006182046,
    "Diego Javier Llorente": -2.5280586773571,
    "Natan": 0.74200533231539,
    "Giovani Lo Celso": 1.906100345643,
    "Cucho Hernandez": 0.0,
    "Borja Iglesias": 0.0,
    "Iker Losada": 0.0,
    "Ricardo Rodriguez": 0.0,
    "Manu Gonzalez": 0.0,
    "Dani Perez": 0.0,
    "Nobel Mendy": 0.0,
    "Pablo Busto": 0.0,
    "Angel Ortiz": 0.0,
    "Carlos Reina": 0.0,
    "Pablo Garcia": 0.0,
    "German Garcia": 0.0,
    "Pau Lopez": 0.0,
    "Romain Perraud": -2.8511180750418,
    "Carvalho": -3.1697737868452,
    "Johnny Cardoso": 2.2982464840832,
    "Mateo Flores": 0.0,
    "Xavi Pleguezuelo": 0.0
  },
  "Celta": {
    "Marcos Alonso": 1.3796185820829,
    "Mihailo Ristic": -1.4944527806525,
    "Carl Starfelt": 0.4194867002999,
    "Oscar Mingueza": 0.883693354159,
    "Fran Beltran": -1.9864647945938,
    "Franco Cervi": -3.2460842387327,
    "Ivan Villar": -2.4546510115848,
    "Joseph Aidoo": -2.997677179139,
    "Williot Swedberg": -2.3635255978652,
    "Carlos Dominguez": -2.6406511037474,
    "Hugo Sotelo": -2.5817687971634,
    "Pablo Duran": -1.7624926255539,
    "Hugo Alvarez": -2.4793366208317,
    "Damian Rodriguez": -3.0373247174265,
    "Javi Rodriguez": 0.0,
    "Yoel Lago": 0.0,
    "Iago Aspas": 0.0,
    "Coke Carrillo": 0.0,
    "Bryan Zaragoza": 0.0,
    "Ilaix Moriba": 0.0,
    "Sergio Carreira": 0.0,
    "Marc Vidal": 0.0,
    "Jones El-Abdellaoui": 0.0,
    "Miguel Roman": 0.0,
    "Tincho Conde": 0.0,
    "Hugo Gonzalez": 0.0,
    "Unai Nuñez": 0.0,
    "Manu Sanchez": 0.0
  },
  "Elche": {
    "Bambo Diaby": -2.7166392273846,
    "John Chetauya": -2.9683517588264,
    "Aleix Febas": 2.9822600145796,
    "Mourad Daoudi": -2.4849975193239,
    "David Affengruber": 3.2023866707563,
    "Alvaro Nuñez": -2.3445033686985,
    "Yago Santiago": -2.2877075328162,
    "Marc Aguado": -1.9475045594556,
    "Jairo Izquierdo": -1.7622792564391,
    "Alvaro Rodriguez": 0.0,
    "Alejandro Iturbe": 0.0,
    "German Valera": 0.0,
    "Victor Chust": 0.0
  },
  "Espanyol": {
    "Kike Garcia": -1.4331359586557,
    "Miguel Angel Rubio": -3.069551856036,
    "Marko Dmitrovic": 0.32650605933962,
    "Ramon Terrats": -0.7318375294112,
    "Fernando Calero": -2.3741087442929,
    "Leandro Cabrera": -1.6379990409876,
    "Javi Puado": 1.8719643624337,
    "Antoniu Roca": -0.075684454045441,
    "Pol Lozano": -1.7994090019797,
    "Pere Milla": -2.9826495459243,
    "Jofre Carreras": -2.1458082297114,
    "Edu Exposito": 1.0421220574835,
    "Omar El Hilali": -0.41260134849709,
    "Ruben Sanchez": -2.4267527503034,
    "Roberto Fernandez": 2.0993326335223,
    "Pablo Ramon": -0.53981617070943,
    "Jose Salinas": -3.064247641787,
    "Rafel Bauza": 0.0,
    "Jose Luis Catala": 0.0,
    "Llorenç Serred": 0.0,
    "Angel Fortuño": 0.0,
    "Carlos Romero": 0.0,
    "Alex Almansa": 0.0,