{
  "Alavés": {
    "Antonio Sivera": -0.35948116187136,
    "Ander Guevara": -2.7803471383834,
    "Antonio Blanco": -1.5442638493243,
    "Nahuel Tenaglia": -0.47544750403309,
    "Jon Guridi": -1.1825378364108,
    "Carlos Benavidez": -3.0950884294533,
    "Carles Aleña": -0.62957468477961,
    "Raul Fernandez": 0.0,
    "Pablo Ibañez": 0.0,
    "Carlos Vicente": 1.1777246860704,
    "Moussa Diarra": -2.1221599860116,
    "Hugo Novoa": -2.8702061495576,
    "Toni Martinez": -2.342036143226,
    "Facundo Garces": 0.63553291520666,
    "Youssef Enriquez": 0.0,
    "Jonny Castro": -1.296054100719,
    "Adrian Rodriguez": 0.0,
    "Julen Lartitegi": 0.0,
    "Egoitz Muñoz": 0.0,
    "Gregoire Swiderski": 0.0,
    "Daouda Doumbia": 0.0,
    "Abde Rebbach": 0.0,
    "Nikola Maras": 0.0,
    "Joseda Alvarez": 0.0,
    "Ander Sanchez": 0.0,
    "Gaizka Garcia": 0.0,
    "Mariano Diaz": 0.0,
    "Asier Villalibre": -2.8923689651747,
    "Selu Diallo": 0.0,
    "Santiago Mouriño": 2.4539329310833,
    "Joaquin Panichelli": 0.0
  },
  "Athletic": {
    "Andoni Gorosabel": -2.7144328416068,
    "Unai Simon": -0.54057782350729,
    "Dani Vivian": 0.81060293712448,
    "Aitor Paredes": -1.7540530021404,
    "Yeray Alvarez": -2.2881959408596,
    "Mikel Vesga": -2.7891182930151,
    "Alex Berenguer": 1.5778979766856,
    "Oihan Sancet": -3.1239285586956,
    "Iñaki Williams": -0.24290970391235,
    "Nico Williams": 0.97804320448739,
    "Gorka Guruzeta": -2.0792617623562,
    "Iñigo Lekue": -2.9569705741088,
    "Iñigo Ruiz De Galarreta": 0.10399638988685,
    "Yuri Berchiche": -0.73908460437861,
    "Beñat Prados": -3.1868880883793,
    "Malcom Adu Ares": -3.1094364307563,
    "Unai Gomez": -2.600727423301,
    "Robert Navarro": -2.1737365629044,
    "Jesus Areso": 2.1086224997459,
    "Nico Serrano": -3.18250138686,
    "Mikel Jauregizar": 3.712925018153,
    "Adama Boiro": -2.2043644038625,
    "Maroan Sannadi": 4.3132801578892,
    "Unai Vencedor": -3.0272284946517,
    "Peio Canales": 0.0,
    "Endika Bujan": 0.0,
    "Alex Padilla": 0.0,
    "Unai Egiluz": 0.0,
    "Aingeru Olabarrieta": 0.0,
    "Alvaro Djalo": -2.9991998513756,
    "Oier Gastesi": 0.0,
    "Javier Marton": 0.0
  },
  "Atlético": {
    "Marc Pubill": -1.0444191165694,
    "Giménez": -2.0780851674671,
    "Koke Resurreccion": -2.8755068593857,
    "Antoine Griezmann": -1.0568071912911,
    "Jan Oblak": -0.24695750437406,
    "Marcos Llorente": -0.56861329619742,
    "Nahuel Molina": -2.6591807225652,
    "Javi Galan": -2.6327962938523,
    "Pablo Barrios": 1.0534255189471,
    "Robin Le Normand": 1.0258304573179,
    "Alexander Sorloth": -1.2022789434601,
    "Alex Baena": 2.3483081136146,
    "Giuliano Simeone": 1.3661416005822,
    "Johnny Cardoso": 2.4308734692192,
    "Carlos Martin": -2.9596667458513,
    "Clement Lenglet": -1.3898155084055,
    "Julian Alvarez": 1.3379821480828,
    "Conor Gallagher": -2.5939707580021,
    "Juan Musso": -2.7615031294529,
    "Matteo Ruggeri": 0.50317929916601,
    "Thiago Almada": -0.15584332132969,
    "David Hancko": -0.82809258758343,
    "Ilias Kostis": 0.0,
    "Geronimo Spina": 0.0,
    "Javi Serrano": 0.0,
    "Carlos Gimenez": 0.0,
    "Aitor Gismera": 0.0,
    "Rayane Belaid": 0.0,
    "Thomas Lemar": -1.252414743061,
    "Samuel Lino": -2.8750046030083,
    "Rodrigo De Paul": -1.3781564888364,
    "Saul Ñiguez": 0.0,
    "Alejandro Iturbe": 0.0,
    "Adrian Niño": 0.0,
    "Horatiu Moldovan": 0.0
  },
  "Barcelona": {
    "Marc-Andre Ter Stegen": -3.1895718314811,
    "Alejandro Balde": 1.1189842958737,
    "Ronald Araujo": 2.7673834086092,
    "Pablo Gavi": -0.41438207921506,
    "Ferran Torres": -0.38374532049734,
    "Pedri Gonzalez": -0.15507592680333,
    "Robert Lewandowski": 0.21861673741569,
    "Raphinha": 1.2038918990312,
    "Andreas Christensen": -0.21939368859652,
    "Frenkie De Jong": -0.51643122744415,
    "Jules Kounde": -0.23966862697209,
    "Lamine Yamal": 1.5016438997832,
    "Marc Casado": -1.1558773164387,
    "Pau Cubarsi": -0.077252460276668,
    "Fermin Lopez": -1.3530105289378,
    "Eric Garcia": -1.5158735239773,
    "Iñaki Peña": -2.5131201488175,
    "Dani Olmo": -0.74968436134577,
    "Oriol Romeu": 0.0,
    "Diego Kochen": 0.0,
    "Hector Fort": 0.0,
    "Joan Garcia": 0.0,
    "Gerard Martin": 0.0,
    "Marc Bernal": 0.0,
    "Andres Cuenca": 0.0,
    "Wojciech Szczesny": 0.0,
    "Toni Fernandez": 0.0,
    "Guille Fernandez": 0.0,
    "Alvaro Cortes": 0.0,
    "Iñigo Martinez": -2.7130953899509,
    "Pau Victor": -2.4449860970033,
    "Aron Yaakobishvili": 0.0
  },
  "Betis": {
    "Rodrigo Riquelme": 4.6293722879561,
    "Hector Bellerin": -1.6504297911431,
    "Ez Abde": -1.5037899360359,
    "Marc Bartra": 0.66899784053943,
    "Marc Roca": -3.0064354634924,
    "Isco": 1.1771778467672,
    "Aitor Ruibal": -2.6641496336479,
    "Sergi Altimira": 1.9726489985627,
    "Francisco Vieites": 0.24428696552273,
    "Alvaro Valles": 2.0972513228578,
    "Chimy Avila": -2.7434684454678,
    "Cedric Bakambu": -2.4700518205445,
    "Pablo Fornals": -0.77571422787112,
    "Adrian San Miguel": -2.4646465243102,
    "Diego Javier Llorente": -2.5659638930426,
    "Natan": 0.72514894642396,
    "Giovani Lo Celso": 1.9738686264407,
    "Cucho Hernandez": 0.0,
    "Borja Iglesias": 0.0,
    "Iker Losada": 0.0,
    "Ricardo Rodriguez": 0.0,
    "Manu Gonzalez": 0.0,
    "Dani Perez": 0.0,
    "Nobel Mendy": 0.0,
    "Pablo Busto": 0.0,
    "Angel Ortiz": 0.0,
    "Carlos Reina": 0.0,
    "Pablo Garcia": 0.0,
    "German Garcia": 0.0,
    "Pau Lopez": 0.0,
    "Romain Perraud": -2.8511180750418,
    "Carvalho": -3.1697737868452,
    "Johnny Cardoso": 2.2982464840832,
    "Mateo Flores": 0.0,
    "Xavi Pleguezuelo": 0.0
  },
  "Celta": {
    "Marcos Alonso": 2.0129341181253,
    "Mihailo Ristic": -1.3532783336445,
    "Carl Starfelt": 0.61999567875024,
    "Oscar Mingueza": 0.94510405518762,
    "Fran Beltran": -1.7280712094416,
    "Franco Cervi": -3.2304317270874,
    "Ivan Villar": -2.4529509439304,
    "Joseph Aidoo": -2.9831849544959,
    "Williot Swedberg": -2.2818568796761,
    "Carlos Dominguez": -2.5472186639775,
    "Hugo Sotelo": -2.6448680445986,
    "Pablo Duran": -1.262571813264,
    "Hugo Alvarez": -2.5265015989954,
    "Damian Rodriguez": -3.0662732382673,
    "Javi Rodriguez": 0.0,
    "Yoel Lago": 0.0,
    "Iago Aspas": 0.0,
    "Coke Carrillo": 0.0,
    "Bryan Zaragoza": 0.0,
    "Ilaix Moriba": 0.0,
    "Sergio Carreira": 0.0,
    "Marc Vidal": 0.0,
    "Jones El-Abdellaoui": 0.0,
    "Miguel Roman": 0.0,
    "Tincho Conde": 0.0,
    "Hugo Gonzalez": 0.0,
    "Unai Nuñez": 0.0,
    "Manu Sanchez": 0.0
  },
  "Elche": {
    "Bambo Diaby": -2.6273883710151,
    "John Chetauya": -2.8936189289418,
    "Aleix Febas": 2.3299252744881,
    "Mourad Daoudi": -2.251067198796,
    "David Affengruber": 3.5306960360163,
    "Alvaro Nuñez": -2.3966437167891,
    "Yago Santiago": -2.1765276536821,
    "Marc Aguado": -1.8219232265383,
    "Jairo Izquierdo": -1.6297281770629,
    "Alvaro Rodriguez": 0.0,
    "Alejandro Iturbe": 0.0,
    "German Valera": 0.0,
    "Victor Chust": 0.0
  },
  "Espanyol": {
    "Kike Garcia": -1.5050467858501,
    "Miguel Angel Rubio": -2.7450824611529,
    "Marko Dmitrovic": 0.66311253398306,
    "Ramon Terrats": -1.0456401377206,
    "Fernando Calero": -2.6662902864246,
    "Leandro Cabrera": -1.4219069665603,
    "Javi Puado": 1.8782315255371,
    "Antoniu Roca": 0.08647441951746,
    "Pol Lozano": -1.9189475537779,
    "Pere Milla": -2.8615663628791,
    "Jofre Carreras": -2.1566657925938,
    "Edu Exposito": 1.2341692385435,
    "Omar El Hilali": -0.41690413798164,
    "Ruben Sanchez": -2.3223170043911,
    "Angel Fortuño": 0.0,
    "Roberto Fernandez": 2.494242900151,
    "Pablo Ramon": -0.38003085883171,
    "Jose Salinas": -3.0501479107391,
    "Rafel Bauza": 0.0,
    "Jose Luis Catala": 0.0,
    "Llorenç Serred": 0.0,
    "Carlos Romero": 0.0,
    "Alex Almansa": 0.0,