{
  "Alavés": {
    "Antonio Sivera": -0.56139897035131,
    "Ander Guevara": -2.7487693164971,
    "Antonio Blanco": -1.7894892927065,
    "Nahuel Tenaglia": -1.2577473146823,
    "Jon Guridi": -1.9469522348287,
    "Carlos Benavidez": -3.1449443756568,
    "Asier Villalibre": -2.9892450700102,
    "Carlos Vicente": 1.6490003157911,
    "Moussa Diarra": -1.8778317025847,
    "Hugo Novoa": -3.1423391821387,
    "Toni Martinez": -1.609569451777,
    "Facundo Garces": 1.0744785569863,
    "Adrian Rodriguez": 0.0,
    "Carles Aleña": 0.0,
    "Pablo Ibañez": 0.0,
    "Julen Lartitegi": 0.0,
    "Egoitz Muñoz": 0.0,
    "Gregoire Swiderski": 0.0,
    "Daouda Doumbia": 0.0,
    "Youssef Enriquez": 0.0,
    "Abde Rebbach": 0.0,
    "Nikola Maras": 0.0,
    "Joseda Alvarez": 0.0,
    "Ander Sanchez": 0.0,
    "Gaizka Garcia": 0.0,
    "Selu Diallo": 0.0,
    "Raul Fernandez": 0.0,
    "Santiago Mouriño": 2.4539329310833,
    "Joaquin Panichelli": 0.0
  },
  "Athletic": {
    "Andoni Gorosabel": -2.7081871966926,
    "Unai Simon": 0.33600483281894,
    "Dani Vivian": 1.1730832551336,
    "Aitor Paredes": -1.2440838073653,
    "Yeray Alvarez": -2.0107241118919,
    "Mikel Vesga": -2.8589366670757,
    "Alex Berenguer": -1.5319489815204,
    "Oihan Sancet": 1.4444949189336,
    "Iñaki Williams": -1.0812977992944,
    "Nico Williams": 1.4632636447103,
    "Gorka Guruzeta": -2.2833935737656,
    "Iñigo Lekue": -2.9445605153805,
    "Iñigo Ruiz De Galarreta": 0.38694612162332,
    "Yuri Berchiche": -0.94474998565888,
    "Beñat Prados": -2.4007330217158,
    "Malcom Adu Ares": -3.2131223721074,
    "Unai Gomez": -2.7431639345058,
    "Jesus Areso": 1.479217734651,
    "Nico Serrano": -3.2173967337387,
    "Mikel Jauregizar": 4.310116819612,
    "Maroan Sannadi": 3.7817060545125,
    "Unai Vencedor": -3.0430341877528,
    "Robert Navarro": 0.0,
    "Adama Boiro": 0.0,
    "Peio Canales": 0.0,
    "Endika Bujan": 0.0,
    "Aingeru Olabarrieta": 0.0,
    "Alex Padilla": 0.0,
    "Unai Egiluz": 0.0,
    "Alvaro Djalo": -2.9991998513756,
    "Oier Gastesi": 0.0,
    "Javier Marton": 0.0
  },
  "Atlético": {
    "Giménez": -2.1971780081651,
    "Koke Resurreccion": -3.0252107311287,
    "Antoine Griezmann": -1.8212823148737,
    "Jan Oblak": 0.63230232293637,
    "Marcos Llorente": 0.21357712521476,
    "Nahuel Molina": -2.6910459750383,
    "Javi Galan": -2.7161959178104,
    "Pablo Barrios": 2.3928450477572,
    "Robin Le Normand": 0.62982972609362,
    "Alexander Sorloth": -1.5003460135832,
    "Alex Baena": 2.678609700972,
    "Giuliano Simeone": 1.7375147499978,
    "Johnny Cardoso": 2.3450369562133,
    "Carlos Martin": -2.9102449080454,
    "Clement Lenglet": -1.1384698022627,
    "Julian Alvarez": 1.3335257193008,
    "Conor Gallagher": -2.6033833953468,
    "Juan Musso": -2.8741945773525,
    "Matteo Ruggeri": 1.1185415617605,
    "Ilias Kostis": 0.0,
    "Geronimo Spina": 0.0,
    "Javi Serrano": 0.0,
    "Carlos Gimenez": 0.0,
    "Aitor Gismera": 0.0,
    "Rayane Belaid": 0.0,
    "Marc Pubill": 0.0,
    "Thomas Lemar": -1.252414743061,
    "Samuel Lino": -2.8750046030083,
    "Rodrigo De Paul": -1.3781564888364,
    "Saul Ñiguez": 0.0,
    "Alejandro Iturbe": 0.0,
    "Adrian Niño": 0.0,
    "Horatiu Moldovan": 0.0
  },
  "Barcelona": {
    "Marc-Andre Ter Stegen": -3.2701746388712,
    "Alejandro Balde": 1.4886134888065,
    "Ronald Araujo": -2.5321139332959,
    "Iñigo Martinez": 1.3952539119223,
    "Pablo Gavi": -1.525003526947,
    "Ferran Torres": -0.99962091554062,
    "Pedri Gonzalez": -0.12600559958126,
    "Robert Lewandowski": 1.1605312561844,
    "Raphinha": 1.8867279057517,
    "Andreas Christensen": -2.6336890985993,
    "Frenkie De Jong": -0.87988189061263,
    "Jules Kounde": -0.88104101915847,
    "Lamine Yamal": 3.3887699879128,
    "Marc Casado": -0.68648894757587,
    "Pau Cubarsi": 0.81176112322628,
    "Fermin Lopez": -1.4978272031622,
    "Eric Garcia": -2.4566258095108,
    "Iñaki Peña": -2.7478867242557,
    "Dani Olmo": -1.2705988176765,
    "Oriol Romeu": 0.0,
    "Diego Kochen": 0.0,
    "Hector Fort": 0.0,
    "Joan Garcia": 0.0,
    "Gerard Martin": 0.0,
    "Marc Bernal": 0.0,
    "Andres Cuenca": 0.0,
    "Wojciech Szczesny": 0.0,
    "Toni Fernandez": 0.0,
    "Guille Fernandez": 0.0,
    "Alvaro Cortes": 0.0,
    "Pau Victor": -2.4449860970033,
    "Aron Yaakobishvili": 0.0
  },
  "Betis": {
    "Hector Bellerin": -2.3761988916984,
    "Ez Abde": -1.4565397339476,
    "Marc Bartra": 0.16537370980848,
    "Marc Roca": -3.0318968052016,
    "Isco": 0.84587252908611,
    "Aitor Ruibal": -2.9100916881327,
    "Sergi Altimira": 2.4262602672148,
    "Francisco Vieites": 0.16616100583653,
    "Alvaro Valles": 2.2197397266382,
    "Chimy Avila": -2.7624827056054,
    "Cedric Bakambu": -2.4497777538554,
    "Pablo Fornals": -1.4261991039179,
    "Adrian San Miguel": -2.3997128569517,
    "Diego Javier Llorente": -2.4710410825059,
    "Romain Perraud": -2.7893380535833,
    "Natan": 0.0,
    "Giovani Lo Celso": 1.7276429191709,
    "Cucho Hernandez": 0.0,
    "Rodrigo Riquelme": 0.0,
    "Borja Iglesias": 0.0,
    "Iker Losada": 0.0,
    "Ricardo Rodriguez": 0.0,
    "Manu Gonzalez": 0.0,
    "Dani Perez": 0.0,
    "Nobel Mendy": 0.0,
    "Pablo Busto": 0.0,
    "Angel Ortiz": 0.0,
    "Carlos Reina": 0.0,
    "Pablo Garcia": 0.0,
    "German Garcia": 0.0,
    "Pau Lopez": 0.0,
    "Carvalho": -3.1697737868452,
    "Johnny Cardoso": 2.2982464840832,
    "Mateo Flores": 0.0,
    "Xavi Pleguezuelo": 0.0
  },
  "Celta": {
    "Marcos Alonso": 1.5782455666551,
    "Mihailo Ristic": -1.7412683919623,
    "Carl Starfelt": -0.44626984437628,
    "Oscar Mingueza": 1.0916262860485,
    "Fran Beltran": -2.1376821886284,
    "Franco Cervi": -3.2440004586849,
    "Ivan Villar": -2.6471195878837,
    "Joseph Aidoo": -2.9609944758532,
    "Williot Swedberg": -2.4900505429796,
    "Carlos Dominguez": -2.8704543731355,
    "Hugo Sotelo": -2.5712862435146,
    "Pablo Duran": -1.807311699995,
    "Hugo Alvarez": -2.598415281733,
    "Damian Rodriguez": -3.1063333175198,
    "Javi Rodriguez": 0.0,
    "Yoel Lago": 0.0,
    "Iago Aspas": 0.0,
    "Coke Carrillo": 0.0,
    "Bryan Zaragoza": 0.0,
    "Ilaix Moriba": 0.0,
    "Sergio Carreira": 0.0,
    "Marc Vidal": 0.0,
    "Jones El-Abdellaoui": 0.0,
    "Miguel Roman": 0.0,
    "Tincho Conde": 0.0,
    "Hugo Gonzalez": 0.0,
    "Unai Nuñez": 0.0,
    "Manu Sanchez": 0.0
  },
  "Elche": {
    "Bambo Diaby": -2.7013709891079,
    "John Chetauya": -2.8863512721588,
    "Aleix Febas": 2.6075102074202,
    "Mourad Daoudi": -2.5159141470143,
    "David Affengruber": 3.2425521811524,
    "Alvaro Nuñez": -2.2598587508718,
    "Yago Santiago": -2.5419200844082,
    "Marc Aguado": -2.2097089631398,
    "Jairo Izquierdo": -2.0218374930375,
    "Alvaro Rodriguez": 0.0,
    "Alejandro Iturbe": 0.0,
    "German Valera": 0.0
  },
  "Espanyol": {
    "Kike Garcia": -1.4610102790395,
    "Miguel Angel Rubio": -2.9652110815313,
    "Marko Dmitrovic": 1.3008155755101,
    "Ramon Terrats": -0.412417242604,
    "Fernando Calero": -2.6687353280676,
    "Leandro Cabrera": -1.675678165022,
    "Javi Puado": 1.6375135442604,
    "Pol Lozano": -1.9645885738676,
    "Pere Milla": -2.9946518450292,
    "Jofre Carreras": -2.251650010532,
    "Edu Exposito": 0.28096330275229,
    "Omar El Hilali": -0.64232169328054,
    "Ruben Sanchez": -2.6733140435218,
    "Roberto Fernandez": 2.6500495469627,
    "Pablo Ramon": -0.64368458937273,
    "Jose Salinas": -3.0539547125289,
    "Antoniu Roca": 0.0,
    "Rafel Bauza": 0.0,
    "Jose Luis Catala": 0.0,
    "Llorenç Serred": 0.0,
    "Angel Fortuño": 0.0,
    "Carlos Romero": 0.0,
    "Alex Almansa": 0.0,
    "Pol Tristan": 0.0,
    "Gaston Valles": 0.0,
    "Ian Forns": 0.0,
    "Jose Gragera": -0.50277273707854,
    "Alvaro Tejero": -3.1569081582725,
    "Justin Smith": 0.0
  },
  "Getafe": {
    "Alex Sola": -3.0689602236822,
    "Luis Milla": 2.08508544492,