{
  "Alavés": {
    "Antonio Sivera": -0.066501644835733,
    "Ander Guevara": -2.8135895831657,
    "Antonio Blanco": -1.6828982706701,
    "Nahuel Tenaglia": -1.4774212234118,
    "Jon Guridi": -2.0304065869702,
    "Carlos Benavidez": -3.0933709762938,
    "Asier Villalibre": -2.9587443150539,
    "Carlos Vicente": 0.43996309452268,
    "Santiago Mouriño": 2.2227216832605,
    "Moussa Diarra": -2.7629847321982,
    "Hugo Novoa": -3.0497947184043,
    "Toni Martinez": -1.9806244546881,
    "Facundo Garces": -1.4028124456975,
    "Adrian Rodriguez": 0.0,
    "Carles Aleña": 0.0,
    "Pablo Ibañez": 0.0,
    "Julen Lartitegi": 0.0,
    "Egoitz Muñoz": 0.0,
    "Gregoire Swiderski": 0.0,
    "Daouda Doumbia": 0.0,
    "Youssef Enriquez": 0.0,
    "Abde Rebbach": 0.0,
    "Nikola Maras": 0.0,
    "Joseda Alvarez": 0.0,
    "Ander Sanchez": 0.0,
    "Gaizka Garcia": 0.0,
    "Selu Diallo": 0.0,
    "Raul Fernandez": 0.0,
    "Joaquin Panichelli": 0.0
  },
  "Athletic": {
    "Andoni Gorosabel": -2.4822141112439,
    "Unai Simon": 0.3141520694928,
    "Dani Vivian": 1.1860526727427,
    "Aitor Paredes": -0.69268492341834,
    "Yeray Alvarez": -2.060209083386,
    "Mikel Vesga": -2.7494099673426,
    "Alex Berenguer": -1.0046917937088,
    "Oihan Sancet": 2.218321622305,
    "Iñaki Williams": -0.42822616573681,
    "Nico Williams": 2.5455447145597,
    "Gorka Guruzeta": -2.2577041657884,
    "Iñigo Ruiz De Galarreta": -0.11633895631097,
    "Yuri Berchiche": -0.57390051914982,
    "Beñat Prados": -2.2914580156003,
    "Malcom Adu Ares": -3.1338485295619,
    "Unai Gomez": -2.56560426594,
    "Jesus Areso": 2.3756244337948,
    "Nico Serrano": -3.1676373258395,
    "Mikel Jauregizar": 4.8945227479546,
    "Maroan Sannadi": 4.2510885107437,
    "Unai Vencedor": -3.0185061516753,
    "Iñigo Lekue": 0.0,
    "Robert Navarro": 0.0,
    "Adama Boiro": 0.0,
    "Peio Canales": 0.0,
    "Endika Bujan": 0.0,
    "Aingeru Olabarrieta": 0.0,
    "Alex Padilla": 0.0,
    "Unai Egiluz": 0.0,
    "Alvaro Djalo": -2.9991998513756,
    "Oier Gastesi": 0.0,
    "Javier Marton": 0.0
  },
  "Atlético": {
    "Giménez": -1.5888827060068,
    "Koke Resurreccion": -2.8778971962069,
    "Antoine Griezmann": -1.5893091738579,
    "Thomas Lemar": -1.252414743061,
    "Jan Oblak": 0.96952767931419,
    "Marcos Llorente": 0.59887100242768,
    "Nahuel Molina": -2.7315220518065,
    "Javi Galan": -2.5728760626974,
    "Pablo Barrios": 2.3674723412427,
    "Robin Le Normand": 0.54057030418159,
    "Alexander Sorloth": -1.4547941377771,
    "Alex Baena": -0.66421330130195,
    "Giuliano Simeone": 3.4405498876712,
    "Johnny Cardoso": 4.4750368512867,
    "Carlos Martin": -2.9135292016114,
    "Clement Lenglet": -1.0565580155619,
    "Julian Alvarez": 2.0407724639761,
    "Conor Gallagher": -2.3769666777657,
    "Juan Musso": -2.9116824272459,
    "Matteo Ruggeri": -1.3030661345683,
    "Ilias Kostis": 0.0,
    "Geronimo Spina": 0.0,
    "Javi Serrano": 0.0,
    "Carlos Gimenez": 0.0,
    "Aitor Gismera": 0.0,
    "Rayane Belaid": 0.0,
    "Marc Pubill": 0.0,
    "Samuel Lino": -2.8750046030083,
    "Rodrigo De Paul": -1.3781564888364,
    "Saul Ñiguez": 0.0,
    "Alejandro Iturbe": 0.0,
    "Adrian Niño": 0.0,
    "Horatiu Moldovan": 0.0
  },
  "Barcelona": {
    "Marc-Andre Ter Stegen": -2.74118068025,
    "Alejandro Balde": 1.8893975620538,
    "Ronald Araujo": -2.3219137728072,
    "Iñigo Martinez": 2.6743387522486,
    "Pablo Gavi": -1.5891706469316,
    "Ferran Torres": -1.6156757736234,
    "Pedri Gonzalez": 0.25640724167265,
    "Robert Lewandowski": 1.6656787556761,
    "Raphinha": 2.978583628196,
    "Andreas Christensen": -2.891695953598,
    "Frenkie De Jong": -0.43193723948029,
    "Jules Kounde": -0.97847969914259,
    "Lamine Yamal": 5.4588771366815,
    "Marc Casado": -0.020945987095236,
    "Pau Cubarsi": 1.4478569284169,
    "Fermin Lopez": -0.55642227025197,
    "Eric Garcia": -1.6623428636107,
    "Iñaki Peña": -2.801432401399,
    "Dani Olmo": -1.4795527239707,
    "Oriol Romeu": 0.0,
    "Diego Kochen": 0.0,
    "Hector Fort": 0.0,
    "Joan Garcia": 0.0,
    "Gerard Martin": 0.0,
    "Marc Bernal": 0.0,
    "Andres Cuenca": 0.0,
    "Wojciech Szczesny": 0.0,
    "Toni Fernandez": 0.0,
    "Guille Fernandez": 0.0,
    "Alvaro Cortes": 0.0,
    "Pau Victor": -2.4449860970033,
    "Aron Yaakobishvili": 0.0
  },
  "Betis": {
    "Hector Bellerin": -2.5052019827673,
    "Ez Abde": -0.78227456176873,
    "Marc Roca": -2.8100716362695,
    "Isco": 1.4969636271305,
    "Aitor Ruibal": -2.8031285868084,
    "Sergi Altimira": 1.9489028842161,
    "Francisco Vieites": 0.45703898254648,
    "Chimy Avila": -2.7447945345679,
    "Cedric Bakambu": -2.2359994229679,
    "Pablo Fornals": -1.359777532365,
    "Adrian San Miguel": -2.2479829749555,
    "Diego Javier Llorente": -2.3323728534302,
    "Romain Perraud": -2.6574215495295,
    "Giovani Lo Celso": 2.4496921836885,
    "Marc Bartra": 0.0,
    "Cucho Hernandez": 0.0,
    "Rodrigo Riquelme": 0.0,
    "Borja Iglesias": 0.0,
    "Iker Losada": 0.0,
    "Ricardo Rodriguez": 0.0,
    "Natan": 0.0,
    "Manu Gonzalez": 0.0,
    "Dani Perez": 0.0,
    "Nobel Mendy": 0.0,
    "Pablo Busto": 0.0,
    "Angel Ortiz": 0.0,
    "Carlos Reina": 0.0,
    "Pablo Garcia": 0.0,
    "German Garcia": 0.0,
    "Alvaro Valles": 0.0,
    "Pau Lopez": 0.0,
    "Carvalho": -3.1697737868452,
    "Johnny Cardoso": 2.2982464840832,
    "Mateo Flores": 0.0,
    "Xavi Pleguezuelo": 0.0
  },
  "Celta": {
    "Marcos Alonso": 2.2005721205659,
    "Mihailo Ristic": -1.7266552612172,
    "Carl Starfelt": -0.40129335450054,
    "Oscar Mingueza": 1.1106487797407,
    "Fran Beltran": -2.1347253979342,
    "Franco Cervi": -3.0600111674841,
    "Ivan Villar": -2.4805462251722,
    "Joseph Aidoo": -2.9079593299027,
    "Williot Swedberg": -2.1092890094654,
    "Carlos Dominguez": -2.9013286726668,
    "Hugo Sotelo": -2.4372766183739,
    "Pablo Duran": -1.788091139515,
    "Hugo Alvarez": -2.5783408164163,
    "Damian Rodriguez": -3.0061226295374,
    "Javi Rodriguez": 0.0,
    "Yoel Lago": 0.0,
    "Iago Aspas": 0.0,
    "Coke Carrillo": 0.0,
    "Ilaix Moriba": 0.0,
    "Sergio Carreira": 0.0,
    "Marc Vidal": 0.0,
    "Jones El-Abdellaoui": 0.0,
    "Miguel Roman": 0.0,
    "Tincho Conde": 0.0,
    "Hugo Gonzalez": 0.0,
    "Unai Nuñez": 0.0,
    "Manu Sanchez": 0.0
  },
  "Elche": {
    "Bambo Diaby": -2.5991678520409,
    "John Chetauya": -2.6129641848142,
    "Aleix Febas": 0.59945350175458,
    "Mourad Daoudi": -2.4693018070355,
    "David Affengruber": 1.8810846887106,
    "Alvaro Nuñez": -2.4679396321573,
    "Yago Santiago": -2.5680673456515,
    "Marc Aguado": -2.2239006810647,
    "Jairo Izquierdo": -2.0263495628459,
    "Alvaro Rodriguez": 0.0,
    "Alejandro Iturbe": 0.0,
    "German Valera": 0.0
  },
  "Espanyol": {
    "Kike Garcia": -0.35473716086376,
    "Miguel Angel Rubio": -2.9627085970968,
    "Marko Dmitrovic": 1.3215918617019,
    "Ramon Terrats": 0.038092119054131,
    "Fernando Calero": -2.6405707864144,
    "Leandro Cabrera": -1.5772674945529,
    "Javi Puado": 1.7569726289758,
    "Pol Lozano": -2.0345977164866,
    "Pere Milla": -2.9370201943028,
    "Jose Gragera": -0.50277273707854,
    "Jofre Carreras": -2.183254592817,
    "Edu Exposito": -0.54024658835655,
    "Omar El Hilali": -0.61954823302992,
    "Ruben Sanchez": -2.7023005295729,
    "Roberto Fernandez": 2.7214372141671,
    "Pablo Ramon": -0.50277273707854,
    "Jose Salinas": -2.870519852205,
    "Antoniu Roca": 0.0,
    "Rafel Bauza": 0.0,
    "Jose Luis Catala": 0.0,
    "Llorenç Serred": 0.0,
    "Angel Fortuño": 0.0,
    "Carlos Romero": 0.0,
    "Alex Almansa": 0.0,
    "Pol Tristan": 0.0,
    "Gaston Valles": 0.0,
    "Ian Forns": 0.0,
    "Alvaro Tejero": -3.1569081582725,
    "Justin Smith": 0.0
  },
  "Getafe": {
    "Alex Sola": -2.878637896184,
    "Luis Milla": 2.5965551158801,
    "Domingos Duarte": -2.9103842662441,
    "Mauro Arambarri": 1.60736074593,