{
  "Alavés": {
    "Antonio Sivera": -0.24748985599244,
    "Ander Guevara": -2.6894885595232,
    "Antonio Blanco": -1.7265583978091,
    "Nahuel Tenaglia": -1.602917641658,
    "Jon Guridi": -1.6069932692516,
    "Carlos Benavidez": -3.1081629767729,
    "Asier Villalibre": -3.0203161547884,
    "Carlos Vicente": 0.12797756283401,
    "Santiago Mouriño": 2.1135125443085,
    "Moussa Diarra": -2.5484010098744,
    "Hugo Novoa": -3.0867289745817,
    "Toni Martinez": -2.1825744403312,
    "Facundo Garces": -1.7536385886648,
    "Adrian Rodriguez": 0.0,
    "Carles Aleña": 0.0,
    "Pablo Ibañez": 0.0,
    "Julen Lartitegi": 0.0,
    "Egoitz Muñoz": 0.0,
    "Gregoire Swiderski": 0.0,
    "Daouda Doumbia": 0.0,
    "Youssef Enriquez": 0.0,
    "Abde Rebbach": 0.0,
    "Nikola Maras": 0.0,
    "Joseda Alvarez": 0.0,
    "Ander Sanchez": 0.0,
    "Gaizka Garcia": 0.0,
    "Selu Diallo": 0.0,
    "Raul Fernandez": 0.0,
    "Joaquin Panichelli": 0.0
  },
  "Athletic": {
    "Andoni Gorosabel": -2.6195843932095,
    "Unai Simon": 0.81367367135685,
    "Dani Vivian": 2.1574265436575,
    "Aitor Paredes": -0.86071147166851,
    "Yeray Alvarez": -2.2217153362912,
    "Mikel Vesga": -2.8782835462379,
    "Alex Berenguer": -0.94400891133436,
    "Oihan Sancet": 2.6936759985382,
    "Iñaki Williams": 0.062520623796448,
    "Nico Williams": 2.972998901137,
    "Gorka Guruzeta": -2.312748138086,
    "Iñigo Ruiz De Galarreta": -0.79077624291328,
    "Yuri Berchiche": -0.96660863176188,
    "Beñat Prados": -2.0114071796376,
    "Malcom Adu Ares": -3.1485198383294,
    "Unai Gomez": -2.5543291526744,
    "Jesus Areso": 2.1540221549351,
    "Nico Serrano": -3.1782913703938,
    "Mikel Jauregizar": 5.6925844303946,
    "Maroan Sannadi": 3.9286371535165,
    "Unai Vencedor": -2.99669534441,
    "Iñigo Lekue": 0.0,
    "Robert Navarro": 0.0,
    "Adama Boiro": 0.0,
    "Peio Canales": 0.0,
    "Endika Bujan": 0.0,
    "Aingeru Olabarrieta": 0.0,
    "Alex Padilla": 0.0,
    "Unai Egiluz": 0.0,
    "Alvaro Djalo": -2.9991998513756,
    "Oier Gastesi": "0",
    "Javier Marton": "0"
  },
  "Atlético": {
    "Giménez": -1.5447188121151,
    "Koke Resurreccion": -2.8126948206502,
    "Antoine Griezmann": -1.6910475475436,
    "Thomas Lemar": -1.2759743538036,
    "Jan Oblak": 1.6213811253392,
    "Marcos Llorente": 1.1700407993978,
    "Nahuel Molina": -2.6967164570248,
    "Javi Galan": -2.3153818387433,
    "Pablo Barrios": 2.4616328724707,
    "Robin Le Normand": 0.77624921680512,
    "Alexander Sorloth": -1.4249498456126,
    "Alex Baena": -3.2977709385373,
    "Giuliano Simeone": 2.7033436959007,
    "Johnny Cardoso": 4.2890618027205,
    "Carlos Martin": -2.9606181322881,
    "Clement Lenglet": -1.168193608253,
    "Julian Alvarez": 3.0384147653755,
    "Conor Gallagher": -2.3866820755751,
    "Juan Musso": -2.7168183071722,
    "Matteo Ruggeri": -3.300402724114,
    "Ilias Kostis": 0.0,
    "Geronimo Spina": 0.0,
    "Javi Serrano": 0.0,
    "Carlos Gimenez": 0.0,
    "Aitor Gismera": 0.0,
    "Rayane Belaid": 0.0,
    "Marc Pubill": 0.0,
    "Samuel Lino": -2.8750046030083,
    "Rodrigo De Paul": "-1.1095338756484",
    "Saul Ñiguez": "0",
    "Alejandro Iturbe": "0",
    "Adrian Niño": "0",
    "Horatiu Moldovan": "0"
  },
  "Barcelona": {
    "Marc-Andre Ter Stegen": -2.6767191967917,
    "Alejandro Balde": 2.2630627474184,
    "Ronald Araujo": -2.4061668970256,
    "Iñigo Martinez": 2.9480265956316,
    "Pablo Gavi": -1.6560019278767,
    "Ferran Torres": -1.8749093973054,
    "Pedri Gonzalez": 0.0845510403312,
    "Robert Lewandowski": 2.2958507268474,
    "Raphinha": 3.5342893879864,
    "Andreas Christensen": -2.7644731127607,
    "Frenkie De Jong": -0.44034184192029,
    "Jules Kounde": -0.75397806243655,
    "Lamine Yamal": 6.21845605718,
    "Marc Casado": -0.054748034353612,
    "Pau Cubarsi": 1.9948811459564,
    "Fermin Lopez": -0.46997496611475,
    "Eric Garcia": -1.9923621202342,
    "Iñaki Peña": -2.9507459291463,
    "Dani Olmo": -1.4872770580558,
    "Oriol Romeu": 0.0,
    "Diego Kochen": 0.0,
    "Hector Fort": 0.0,
    "Joan Garcia": 0.0,
    "Gerard Martin": 0.0,
    "Marc Bernal": 0.0,
    "Andres Cuenca": 0.0,
    "Wojciech Szczesny": 0.0,
    "Toni Fernandez": 0.0,
    "Guille Fernandez": 0.0,
    "Alvaro Cortes": 0.0,
    "Pau Victor": "-2.5451466972048",
    "Pablo Torre": "0",
    "Aron Yaakobishvili": "0"
  },
  "Betis": {
    "Hector Bellerin": -2.4441900914919,
    "Ez Abde": -0.87097544573235,
    "Marc Roca": -2.8673113792117,
    "Isco": 1.7808838692793,
    "Aitor Ruibal": -2.7559537263204,
    "Sergi Altimira": 1.7850414319594,
    "Francisco Vieites": 0.55062103417883,
    "Chimy Avila": -2.8248086976977,
    "Cedric Bakambu": -2.4134961974012,
    "Pablo Fornals": -1.4158312154516,
    "Adrian San Miguel": -2.2113379859845,
    "Diego Javier Llorente": -2.2137620080667,
    "Romain Perraud": -2.557744298827,
    "Giovani Lo Celso": 3.2054646508777,
    "Marc Bartra": 0.0,
    "Cucho Hernandez": 0.0,
    "Rodrigo Riquelme": 0.0,
    "Borja Iglesias": 0.0,
    "Iker Losada": 0.0,
    "Ricardo Rodriguez": 0.0,
    "Natan": 0.0,
    "Manu Gonzalez": 0.0,
    "Dani Perez": 0.0,
    "Nobel Mendy": 0.0,
    "Pablo Busto": 0.0,
    "Angel Ortiz": 0.0,
    "Carlos Reina": 0.0,
    "Pablo Garcia": 0.0,
    "German Garcia": 0.0,
    "Alvaro Valles": 0.0,
    "Pau Lopez": 0.0,
    "Carvalho": "-2.9926776689923",
    "Johnny Cardoso": "3.4119639519959",
    "Mateo Flores": "0",
    "Xavi Pleguezuelo": "0"
  },
  "Celta": {
    "Marcos Alonso": 1.2580842671988,
    "Mihailo Ristic": -1.7316122589264,
    "Carl Starfelt": -0.68972108220393,
    "Oscar Mingueza": 1.3156717727324,
    "Fran Beltran": -2.0246824720817,
    "Franco Cervi": -3.0119489129329,
    "Ivan Villar": -2.5765524928269,
    "Joseph Aidoo": -3.3004138162717,
    "Williot Swedberg": -2.2306169838744,
    "Carlos Dominguez": -2.9169411402257,
    "Hugo Sotelo": -2.6200957811698,
    "Pablo Duran": -1.6347324310595,
    "Hugo Alvarez": -2.4713955192618,
    "Damian Rodriguez": -3.0605564977108,
    "Javi Rodriguez": 0.0,
    "Yoel Lago": 0.0,
    "Iago Aspas": 0.0,
    "Coke Carrillo": 0.0,
    "Ilaix Moriba": 0.0,
    "Sergio Carreira": 0.0,
    "Marc Vidal": 0.0,
    "Jones El-Abdellaoui": 0.0,
    "Miguel Roman": 0.0,
    "Tincho Conde": 0.0,
    "Hugo Gonzalez": 0.0,
    "Unai Nuñez": "0",
    "Manu Sanchez": "0"
  },
  "Elche": {
    "Bambo Diaby": -2.4621614435173,
    "John Chetauya": -2.5808820187614,
    "Aleix Febas": 1.3258375197996,
    "Mourad Daoudi": -2.4005330978733,
    "David Affengruber": 3.0004721034416,
    "Alvaro Nuñez": -2.4457995530728,
    "Yago Santiago": -2.5836141646277,
    "Marc Aguado": -2.2369064360203,
    "Jairo Izquierdo": -2.0367156049038,
    "Alvaro Rodriguez": 0.0,
    "Alejandro Iturbe": 0.0,
    "German Valera": 0.0
  },
  "Espanyol": {
    "Kike Garcia": -0.22730509960324,
    "Miguel Angel Rubio": -3.0124369566548,
    "Marko Dmitrovic": 1.9208265816332,
    "Ramon Terrats": 0.15850346057488,
    "Fernando Calero": -2.6248069393797,
    "Leandro Cabrera": -1.3630797247232,
    "Javi Puado": 1.9864058223865,
    "Pol Lozano": -2.1300337599079,
    "Pere Milla": -2.8963690172687,
    "Jose Gragera": -0.46557098757635,
    "Jofre Carreras": -2.197956508947,
    "Edu Exposito": -0.76636270963958,
    "Omar El Hilali": -0.71006472582054,
    "Ruben Sanchez": -2.7180874163739,
    "Roberto Fernandez": 2.767824376164,
    "Pablo Ramon": -0.46557098757635,
    "Jose Salinas": -2.8581275398185,
    "Antoniu Roca": 0.0,
    "Rafel Bauza": 0.0,
    "Jose Luis Catala": 0.0,
    "Llorenç Serred": 0.0,
    "Angel Fortuño": 0.0,
    "Carlos Romero": 0.0,
    "Alex Almansa": 0.0,
    "Pol Tristan": 0.0,
    "Gaston Valles": 0.0,
    "Ian Forns": 0.0,
    "Alvaro Tejero": "-3.0969792867142",
    "Justin Smith": "0"
  },
  "Getafe": {
    "Alex Sola": -2.8725396747148,
    "Luis Milla": 2.0578554686504,
    "Domingos Duarte": -2.8726305578831,