{
  "Alavés": {
    "Antonio Sivera": -0.012755543707397,
    "Ander Guevara": -2.8201559201971,
    "Antonio Blanco": -1.823262252439,
    "Nahuel Tenaglia": -1.591736559637,
    "Jon Guridi": -1.83857347245,
    "Carlos Benavidez": -2.933560559593,
    "Asier Villalibre": -3.0040449492348,
    "Carlos Vicente": 1.0641960890115,
    "Moussa Diarra": -2.0343669329653,
    "Hugo Novoa": -3.145871356584,
    "Toni Martinez": -1.994636142958,
    "Facundo Garces": -0.35506527203169,
    "Adrian Rodriguez": 0.0,
    "Carles Aleña": 0.0,
    "Pablo Ibañez": 0.0,
    "Julen Lartitegi": 0.0,
    "Egoitz Muñoz": 0.0,
    "Gregoire Swiderski": 0.0,
    "Daouda Doumbia": 0.0,
    "Youssef Enriquez": 0.0,
    "Abde Rebbach": 0.0,
    "Nikola Maras": 0.0,
    "Joseda Alvarez": 0.0,
    "Ander Sanchez": 0.0,
    "Gaizka Garcia": 0.0,
    "Selu Diallo": 0.0,
    "Raul Fernandez": 0.0,
    "Santiago Mouriño": 2.2227216832605,
    "Joaquin Panichelli": 0.0
  },
  "Athletic": {
    "Andoni Gorosabel": -2.7359203007585,
    "Unai Simon": 0.088712344763505,
    "Dani Vivian": 1.4011711052415,
    "Aitor Paredes": -1.3659404294541,
    "Yeray Alvarez": -2.2572918361633,
    "Mikel Vesga": -2.7998099737504,
    "Alex Berenguer": -1.5657359999518,
    "Oihan Sancet": 1.7368154074707,
    "Iñaki Williams": -0.9007016103339,
    "Nico Williams": 1.520926985546,
    "Gorka Guruzeta": -2.105956533234,
    "Iñigo Lekue": 0.0,
    "Iñigo Ruiz De Galarreta": -0.030675350949378,
    "Yuri Berchiche": -1.1267822064029,
    "Beñat Prados": -2.2297132785789,
    "Malcom Adu Ares": -3.2525989067666,
    "Unai Gomez": -2.4310959251762,
    "Jesus Areso": 1.6214182933161,
    "Nico Serrano": -3.262780163333,
    "Mikel Jauregizar": 5.6617575175305,
    "Maroan Sannadi": 3.6252566834404,
    "Unai Vencedor": -3.1367077380903,
    "Robert Navarro": 0.0,
    "Adama Boiro": 0.0,
    "Peio Canales": 0.0,
    "Endika Bujan": 0.0,
    "Aingeru Olabarrieta": 0.0,
    "Alex Padilla": 0.0,
    "Unai Egiluz": 0.0,
    "Alvaro Djalo": -2.9991998513756,
    "Oier Gastesi": "0",
    "Javier Marton": "0"
  },
  "Atlético": {
    "Giménez": -2.0437553505473,
    "Koke Resurreccion": -3.0022249797922,
    "Antoine Griezmann": -1.9361228549064,
    "Jan Oblak": 0.39116488934195,
    "Marcos Llorente": 0.51455624970855,
    "Nahuel Molina": -2.7190939031247,
    "Javi Galan": -2.6434937693952,
    "Pablo Barrios": 1.8673315443697,
    "Robin Le Normand": 0.5748132131678,
    "Alexander Sorloth": -1.5552374649258,
    "Alex Baena": 2.2382542924687,
    "Giuliano Simeone": 2.2742604384629,
    "Johnny Cardoso": 4.2571306349771,
    "Carlos Martin": -3.1146637562968,
    "Clement Lenglet": -1.5164359470332,
    "Julian Alvarez": 1.5168332940867,
    "Conor Gallagher": -2.5647950219854,
    "Juan Musso": -3.0003372556057,
    "Matteo Ruggeri": 1.2470914776134,
    "Ilias Kostis": 0.0,
    "Geronimo Spina": 0.0,
    "Javi Serrano": 0.0,
    "Carlos Gimenez": 0.0,
    "Aitor Gismera": 0.0,
    "Rayane Belaid": 0.0,
    "Marc Pubill": 0.0,
    "Thomas Lemar": -1.252414743061,
    "Samuel Lino": -2.8750046030083,
    "Rodrigo De Paul": "-1.1095338756484",
    "Saul Ñiguez": "0",
    "Alejandro Iturbe": "0",
    "Adrian Niño": "0",
    "Horatiu Moldovan": "0"
  },
  "Barcelona": {
    "Marc-Andre Ter Stegen": -3.298356054412,
    "Alejandro Balde": 1.3893848826172,
    "Ronald Araujo": -2.5807920917848,
    "Iñigo Martinez": 1.9783639415747,
    "Pablo Gavi": -1.8190848303432,
    "Ferran Torres": -1.4436231827507,
    "Pedri Gonzalez": -0.062297046241343,
    "Robert Lewandowski": 1.7200131669326,
    "Raphinha": 1.6677947808518,
    "Andreas Christensen": -2.9326884519557,
    "Frenkie De Jong": -0.90683269123335,
    "Jules Kounde": -0.88747958921102,
    "Lamine Yamal": 3.8344326123227,
    "Marc Casado": -0.30828810967096,
    "Pau Cubarsi": 1.28510031269,
    "Fermin Lopez": -1.6371340159874,
    "Eric Garcia": -2.1201703262649,
    "Iñaki Peña": -2.9529217397,
    "Dani Olmo": -1.5002999919742,
    "Oriol Romeu": 0.0,
    "Diego Kochen": 0.0,
    "Hector Fort": 0.0,
    "Joan Garcia": 0.0,
    "Gerard Martin": 0.0,
    "Marc Bernal": 0.0,
    "Andres Cuenca": 0.0,
    "Wojciech Szczesny": 0.0,
    "Toni Fernandez": 0.0,
    "Guille Fernandez": 0.0,
    "Alvaro Cortes": 0.0,
    "Pau Victor": "-2.5451466972048",
    "Pablo Torre": "0",
    "Aron Yaakobishvili": "0"
  },
  "Betis": {
    "Hector Bellerin": -2.3791621105131,
    "Ez Abde": -0.84905902067731,
    "Marc Bartra": 0.0,
    "Marc Roca": -2.9795797978044,
    "Isco": 1.1768996891958,
    "Aitor Ruibal": -2.7664927110628,
    "Sergi Altimira": 1.6925606671179,
    "Francisco Vieites": -0.1069099805122,
    "Alvaro Valles": 0.0,
    "Chimy Avila": -2.790959430889,
    "Cedric Bakambu": -2.4814311527343,
    "Pablo Fornals": -1.4624380623999,
    "Adrian San Miguel": -2.3922444890851,
    "Diego Javier Llorente": -2.5629509731368,
    "Romain Perraud": -2.7910906990024,
    "Giovani Lo Celso": 2.6186939089949,
    "Cucho Hernandez": 0.0,
    "Rodrigo Riquelme": 0.0,
    "Borja Iglesias": 0.0,
    "Iker Losada": 0.0,
    "Ricardo Rodriguez": 0.0,
    "Natan": 0.0,
    "Manu Gonzalez": 0.0,
    "Dani Perez": 0.0,
    "Nobel Mendy": 0.0,
    "Pablo Busto": 0.0,
    "Angel Ortiz": 0.0,
    "Carlos Reina": 0.0,
    "Pablo Garcia": 0.0,
    "German Garcia": 0.0,
    "Pau Lopez": 0.0,
    "Carvalho": "-2.9926776689923",
    "Johnny Cardoso": "3.4119639519959",
    "Mateo Flores": "0",
    "Xavi Pleguezuelo": "0"
  },
  "Celta": {
    "Marcos Alonso": 1.5510547899283,
    "Mihailo Ristic": -1.9278059650736,
    "Carl Starfelt": -0.46832957217428,
    "Oscar Mingueza": 0.68810289996732,
    "Fran Beltran": -2.0565456187956,
    "Franco Cervi": -3.2606363226354,
    "Ivan Villar": -2.5837101880802,
    "Joseph Aidoo": -2.9328617617019,
    "Williot Swedberg": -2.3661400174905,
    "Carlos Dominguez": -2.9565936631011,
    "Hugo Sotelo": -2.5103879922344,
    "Pablo Duran": -1.642051226313,
    "Hugo Alvarez": -2.647397272069,
    "Damian Rodriguez": -3.1047305521785,
    "Javi Rodriguez": 0.0,
    "Yoel Lago": 0.0,
    "Iago Aspas": 0.0,
    "Coke Carrillo": 0.0,
    "Bryan Zaragoza": 0.0,
    "Ilaix Moriba": 0.0,
    "Sergio Carreira": 0.0,
    "Marc Vidal": 0.0,
    "Jones El-Abdellaoui": 0.0,
    "Miguel Roman": 0.0,
    "Tincho Conde": 0.0,
    "Hugo Gonzalez": 0.0,
    "Unai Nuñez": "0",
    "Manu Sanchez": "0"
  },
  "Elche": {
    "Bambo Diaby": -2.6231950916459,
    "John Chetauya": -2.7317357143359,
    "Aleix Febas": 1.8624596075948,
    "Mourad Daoudi": -2.3170564714904,
    "David Affengruber": 3.55332861355,
    "Alvaro Nuñez": -2.3046931561877,
    "Yago Santiago": -2.6725784820867,
    "Marc Aguado": -2.3648507421427,
    "Jairo Izquierdo": -2.1902505936842,
    "Alvaro Rodriguez": 0.0,
    "Alejandro Iturbe": 0.0,
    "German Valera": 0.0
  },
  "Espanyol": {
    "Kike Garcia": -1.390871742597,
    "Miguel Angel Rubio": -2.9860158270837,
    "Marko Dmitrovic": 1.024966761832,
    "Ramon Terrats": -0.32621217986617,
    "Fernando Calero": -2.7068156839091,
    "Leandro Cabrera": -1.9235104075524,
    "Javi Puado": 1.5763610273667,
    "Pol Lozano": -2.1970884849744,
    "Pere Milla": -2.9035431090744,
    "Jofre Carreras": -2.3169349872186,
    "Edu Exposito": -0.2659982009814,
    "Omar El Hilali": -0.47659546654611,
    "Ruben Sanchez": -2.7936356961355,
    "Roberto Fernandez": 3.0221787050536,
    "Pablo Ramon": -0.88817604413935,
    "Jose Salinas": -3.0752210227004,
    "Antoniu Roca": 0.0,
    "Rafel Bauza": 0.0,
    "Jose Luis Catala": 0.0,
    "Llorenç Serred": 0.0,
    "Angel Fortuño": 0.0,
    "Carlos Romero": 0.0,
    "Alex Almansa": 0.0,
    "Pol Tristan": 0.0,
    "Gaston Valles": 0.0,
    "Ian Forns": 0.0,
    "Jose Gragera": -0.50277273707854,
    "Alvaro Tejero": "-3.0969792867142",
    "Justin Smith": "0"
  },
  "Getafe": {
    "Alex Sola": -3.0068228956414,
    "Luis Milla": 2.4644996828818,