{
  "Alavés": {
    "Antonio Sivera": -0.368319704621,
    "Ander Guevara": -2.814536380114,
    "Antonio Blanco": -1.7417285623237,
    "Nahuel Tenaglia": -1.5051966284297,
    "Jon Guridi": -1.954890422558,
    "Carlos Benavidez": -3.1047691828255,
    "Asier Villalibre": -2.980912044122,
    "Carlos Vicente": 0.43645825872826,
    "Santiago Mouriño": 2.4539329310833,
    "Moussa Diarra": -2.6121418797723,
    "Hugo Novoa": -3.1371579161258,
    "Toni Martinez": -2.0912370982245,
    "Facundo Garces": -0.58867613753346,
    "Adrian Rodriguez": 0.0,
    "Carles Aleña": 0.0,
    "Pablo Ibañez": 0.0,
    "Julen Lartitegi": 0.0,
    "Egoitz Muñoz": 0.0,
    "Gregoire Swiderski": 0.0,
    "Daouda Doumbia": 0.0,
    "Youssef Enriquez": 0.0,
    "Abde Rebbach": 0.0,
    "Nikola Maras": 0.0,
    "Joseda Alvarez": 0.0,
    "Ander Sanchez": 0.0,
    "Gaizka Garcia": 0.0,
    "Selu Diallo": 0.0,
    "Raul Fernandez": 0.0,
    "Joaquin Panichelli": 0.0
  },
  "Athletic": {
    "Andoni Gorosabel": -2.6744909589379,
    "Unai Simon": 0.18927191090858,
    "Dani Vivian": 1.1292778720727,
    "Aitor Paredes": -1.2245125433512,
    "Yeray Alvarez": -2.2649775923527,
    "Mikel Vesga": -2.7700905523776,
    "Alex Berenguer": -1.1691633364349,
    "Oihan Sancet": 2.1712880643052,
    "Iñaki Williams": -0.50775557729286,
    "Nico Williams": 1.7351396591728,
    "Gorka Guruzeta": -2.1907400269596,
    "Iñigo Ruiz De Galarreta": -0.14552827281464,
    "Yuri Berchiche": -0.96705751416273,
    "Beñat Prados": -2.216966766788,
    "Malcom Adu Ares": -3.0919310357718,
    "Unai Gomez": -2.5637840600516,
    "Jesus Areso": 1.9324256981286,
    "Nico Serrano": -3.1743515894925,
    "Mikel Jauregizar": 5.1075774746878,
    "Maroan Sannadi": 4.1294344643867,
    "Unai Vencedor": -3.0936230812327,
    "Iñigo Lekue": 0.0,
    "Robert Navarro": 0.0,
    "Adama Boiro": 0.0,
    "Peio Canales": 0.0,
    "Endika Bujan": 0.0,
    "Aingeru Olabarrieta": 0.0,
    "Alex Padilla": 0.0,
    "Unai Egiluz": 0.0,
    "Alvaro Djalo": -2.9991998513756,
    "Oier Gastesi": 0.0,
    "Javier Marton": 0.0
  },
  "Atlético": {
    "Giménez": -1.9598597539063,
    "Koke Resurreccion": -3.0393309022569,
    "Antoine Griezmann": -1.7629999544981,
    "Jan Oblak": 0.66081552102218,
    "Marcos Llorente": 0.46107972598682,
    "Nahuel Molina": -2.7322554180765,
    "Javi Galan": -2.527166830642,
    "Pablo Barrios": 2.2630522023771,
    "Robin Le Normand": 0.54467022137356,
    "Alexander Sorloth": -1.4574949045811,
    "Alex Baena": 2.3509479570841,
    "Giuliano Simeone": 2.4947536534465,
    "Johnny Cardoso": 3.097946920549,
    "Carlos Martin": -2.9261628333037,
    "Clement Lenglet": -1.2911599918593,
    "Julian Alvarez": 1.7757574502801,
    "Conor Gallagher": -2.593747914013,
    "Juan Musso": -2.9138725107931,
    "Matteo Ruggeri": 0.95063391487289,
    "Ilias Kostis": 0.0,
    "Geronimo Spina": 0.0,
    "Javi Serrano": 0.0,
    "Carlos Gimenez": 0.0,
    "Aitor Gismera": 0.0,
    "Rayane Belaid": 0.0,
    "Marc Pubill": 0.0,
    "Thomas Lemar": -1.252414743061,
    "Samuel Lino": -2.8750046030083,
    "Rodrigo De Paul": -1.3781564888364,
    "Saul Ñiguez": 0.0,
    "Alejandro Iturbe": 0.0,
    "Adrian Niño": 0.0,
    "Horatiu Moldovan": 0.0
  },
  "Barcelona": {
    "Marc-Andre Ter Stegen": -3.2491914982938,
    "Alejandro Balde": 1.763507993643,
    "Ronald Araujo": -2.5310423192574,
    "Iñigo Martinez": 2.0975913620761,
    "Pablo Gavi": -2.0279346374596,
    "Ferran Torres": -1.6104018117681,
    "Pedri Gonzalez": -0.055359057395296,
    "Robert Lewandowski": 1.5052846233603,
    "Raphinha": 2.2431934449965,
    "Andreas Christensen": -2.9881464170415,
    "Frenkie De Jong": -0.76380592103004,
    "Jules Kounde": -0.81210452253448,
    "Lamine Yamal": 4.6136559388477,
    "Marc Casado": -0.34374377625262,
    "Pau Cubarsi": 1.2018405484685,
    "Fermin Lopez": -1.2611460881202,
    "Eric Garcia": -1.9967988225101,
    "Iñaki Peña": -2.789239439043,
    "Dani Olmo": -1.8056721853742,
    "Oriol Romeu": 0.0,
    "Diego Kochen": 0.0,
    "Hector Fort": 0.0,
    "Joan Garcia": 0.0,
    "Gerard Martin": 0.0,
    "Marc Bernal": 0.0,
    "Andres Cuenca": 0.0,
    "Wojciech Szczesny": 0.0,
    "Toni Fernandez": 0.0,
    "Guille Fernandez": 0.0,
    "Alvaro Cortes": 0.0,
    "Pau Victor": -2.4449860970033,
    "Aron Yaakobishvili": 0.0
  },
  "Betis": {
    "Hector Bellerin": -2.4799407064148,
    "Ez Abde": -1.1136124529407,
    "Marc Roca": -2.8939732153011,
    "Isco": 1.2359353469621,
    "Aitor Ruibal": -2.8299270821055,
    "Sergi Altimira": 2.1091468324274,
    "Francisco Vieites": 0.28978320996081,
    "Chimy Avila": -2.7955076646163,
    "Cedric Bakambu": -2.371968209957,
    "Pablo Fornals": -1.3581743626904,
    "Adrian San Miguel": -2.4652039345964,
    "Diego Javier Llorente": -2.5258088589531,
    "Romain Perraud": -2.7136216257707,
    "Giovani Lo Celso": 2.4167614552517,
    "Marc Bartra": 0.0,
    "Cucho Hernandez": 0.0,
    "Rodrigo Riquelme": 0.0,
    "Borja Iglesias": 0.0,
    "Iker Losada": 0.0,
    "Ricardo Rodriguez": 0.0,
    "Natan": 0.0,
    "Manu Gonzalez": 0.0,
    "Dani Perez": 0.0,
    "Nobel Mendy": 0.0,
    "Pablo Busto": 0.0,
    "Angel Ortiz": 0.0,
    "Carlos Reina": 0.0,
    "Pablo Garcia": 0.0,
    "German Garcia": 0.0,
    "Alvaro Valles": 0.0,
    "Pau Lopez": 0.0,
    "Carvalho": -3.1697737868452,
    "Johnny Cardoso": 2.2982464840832,
    "Mateo Flores": 0.0,
    "Xavi Pleguezuelo": 0.0
  },
  "Celta": {
    "Marcos Alonso": 1.4936348074601,
    "Mihailo Ristic": -1.7633717601989,
    "Carl Starfelt": -0.69048328968861,
    "Oscar Mingueza": 0.96986125913273,
    "Fran Beltran": -2.209169262016,
    "Franco Cervi": -3.2502968056871,
    "Ivan Villar": -2.5440548973996,
    "Joseph Aidoo": -2.9015763775337,
    "Williot Swedberg": -2.0100939299353,
    "Carlos Dominguez": -2.9059054225831,
    "Hugo Sotelo": -2.4329701981082,
    "Pablo Duran": -0.9576608729495,
    "Hugo Alvarez": -2.2808079612462,
    "Damian Rodriguez": -3.1085551808362,
    "Javi Rodriguez": 0.0,
    "Yoel Lago": 0.0,
    "Iago Aspas": 0.0,
    "Coke Carrillo": 0.0,
    "Bryan Zaragoza": 0.0,
    "Ilaix Moriba": 0.0,
    "Sergio Carreira": 0.0,
    "Marc Vidal": 0.0,
    "Jones El-Abdellaoui": 0.0,
    "Miguel Roman": 0.0,
    "Tincho Conde": 0.0,
    "Hugo Gonzalez": 0.0,
    "Unai Nuñez": 0.0,
    "Manu Sanchez": 0.0
  },
  "Elche": {
    "Bambo Diaby": -2.7245044347762,
    "John Chetauya": -2.5352531520356,
    "Aleix Febas": 1.0855009194402,
    "Mourad Daoudi": -2.25019442076,
    "David Affengruber": 2.6800377258583,
    "Alvaro Nuñez": -2.3327462497506,
    "Yago Santiago": -2.5790150660299,
    "Marc Aguado": -2.2437680433436,
    "Jairo Izquierdo": -2.0520317833934,
    "Alvaro Rodriguez": 0.0,
    "Alejandro Iturbe": 0.0,
    "German Valera": 0.0
  },
  "Espanyol": {
    "Kike Garcia": -1.2226843641061,
    "Miguel Angel Rubio": -3.0620946177977,
    "Marko Dmitrovic": 1.4130196640132,
    "Ramon Terrats": -0.088499496264892,
    "Fernando Calero": -2.3773682524822,
    "Leandro Cabrera": -1.6296051719939,
    "Javi Puado": 1.475521829194,
    "Pol Lozano": -2.1159728552971,
    "Pere Milla": -2.9925318761384,
    "Jofre Carreras": -2.1656522871157,
    "Edu Exposito": -0.48620934355765,
    "Omar El Hilali": -0.60720803598894,
    "Ruben Sanchez": -2.7102736795643,
    "Roberto Fernandez": 2.4692414366588,
    "Pablo Ramon": -0.60173352311279,
    "Jose Salinas": -2.9319638428832,
    "Antoniu Roca": 0.0,
    "Rafel Bauza": 0.0,
    "Jose Luis Catala": 0.0,
    "Llorenç Serred": 0.0,
    "Angel Fortuño": 0.0,
    "Carlos Romero": 0.0,
    "Alex Almansa": 0.0,
    "Pol Tristan": 0.0,
    "Gaston Valles": 0.0,
    "Ian Forns": 0.0,
    "Jose Gragera": -0.50277273707854,
    "Alvaro Tejero": -3.1569081582725,
    "Justin Smith": 0.0
  },
  "Getafe": {
    "Alex Sola": -2.9524205015036,
    "Luis Milla": 2.0530814852886,
    "Domingos Duarte": -2.7834290842929,