{
  "Alavés": {
    "Antonio Sivera": -0.6029456700318,
    "Ander Guevara": -2.8893682739295,
    "Antonio Blanco": -1.5191330025267,
    "Nahuel Tenaglia": -0.52795760092328,
    "Jon Guridi": -1.4545376972833,
    "Carlos Benavidez": -3.1866159968447,
    "Asier Villalibre": -2.9937878343359,
    "Carles Aleña": 0.0,
    "Carlos Vicente": 1.3132133630144,
    "Moussa Diarra": -1.8144284916556,
    "Hugo Novoa": -2.9976175178287,
    "Toni Martinez": -2.152388412489,
    "Facundo Garces": 0.088972653654622,
    "Jonny Castro": -1.4104007505696,
    "Adrian Rodriguez": 0.0,
    "Pablo Ibañez": 0.0,
    "Julen Lartitegi": 0.0,
    "Egoitz Muñoz": 0.0,
    "Gregoire Swiderski": 0.0,
    "Daouda Doumbia": 0.0,
    "Youssef Enriquez": 0.0,
    "Abde Rebbach": 0.0,
    "Nikola Maras": 0.0,
    "Joseda Alvarez": 0.0,
    "Ander Sanchez": 0.0,
    "Gaizka Garcia": 0.0,
    "Raul Fernandez": 0.0,
    "Mariano Diaz": 0.0,
    "Selu Diallo": 0.0,
    "Santiago Mouriño": 2.4539329310833,
    "Joaquin Panichelli": 0.0
  },
  "Athletic": {
    "Andoni Gorosabel": -2.7836448807303,
    "Unai Simon": -0.55950722602359,
    "Dani Vivian": 1.0634601815351,
    "Aitor Paredes": -1.5747691564748,
    "Yeray Alvarez": -2.3273038139295,
    "Mikel Vesga": -2.8493831706868,
    "Alex Berenguer": 1.0732402188693,
    "Oihan Sancet": -2.0559582535367,
    "Iñaki Williams": -0.50983303584008,
    "Nico Williams": 1.1235679486591,
    "Gorka Guruzeta": -2.0392388592439,
    "Iñigo Lekue": -2.9991966901555,
    "Iñigo Ruiz De Galarreta": -0.053230402540779,
    "Yuri Berchiche": -1.2048780673694,
    "Beñat Prados": -2.384592596308,
    "Malcom Adu Ares": -3.2128900674417,
    "Unai Gomez": -2.4638196870871,
    "Robert Navarro": -1.9234497061375,
    "Jesus Areso": 1.4186401312412,
    "Nico Serrano": -3.1916598016798,
    "Mikel Jauregizar": 3.7926735389965,
    "Adama Boiro": -2.3213117939298,
    "Maroan Sannadi": 4.5715639366026,
    "Unai Vencedor": -3.0176885938584,
    "Peio Canales": 0.0,
    "Endika Bujan": 0.0,
    "Aingeru Olabarrieta": 0.0,
    "Alex Padilla": 0.0,
    "Unai Egiluz": 0.0,
    "Alvaro Djalo": -2.9991998513756,
    "Oier Gastesi": 0.0,
    "Javier Marton": 0.0
  },
  "Atlético": {
    "Marc Pubill": -0.90303934815099,
    "Giménez": -2.1806301783316,
    "Koke Resurreccion": -3.0198176765309,
    "Antoine Griezmann": -1.165197126776,
    "Jan Oblak": -0.088023118424684,
    "Marcos Llorente": -0.48312916784393,
    "Nahuel Molina": -2.6234718172334,
    "Javi Galan": -2.677281473859,
    "Pablo Barrios": 1.2663325344654,
    "Robin Le Normand": 1.0343636958769,
    "Alexander Sorloth": -1.5407386159077,
    "Alex Baena": 2.4484473547841,
    "Giuliano Simeone": 1.7062091775147,
    "Johnny Cardoso": 2.607423307942,
    "Carlos Martin": -2.9840256526641,
    "Clement Lenglet": -1.5160581594741,
    "Julian Alvarez": 1.4395154483442,
    "Conor Gallagher": -2.5789786349331,
    "Juan Musso": -2.9278988388859,
    "Matteo Ruggeri": 0.64105620977415,
    "Thiago Almada": -0.12628363002761,
    "David Hancko": -0.78247557126387,
    "Ilias Kostis": 0.0,
    "Geronimo Spina": 0.0,
    "Javi Serrano": 0.0,
    "Carlos Gimenez": 0.0,
    "Aitor Gismera": 0.0,
    "Rayane Belaid": 0.0,
    "Thomas Lemar": -1.252414743061,
    "Samuel Lino": -2.8750046030083,
    "Rodrigo De Paul": -1.3781564888364,
    "Saul Ñiguez": 0.0,
    "Alejandro Iturbe": 0.0,
    "Adrian Niño": 0.0,
    "Horatiu Moldovan": 0.0
  },
  "Barcelona": {
    "Marc-Andre Ter Stegen": -3.2610445708397,
    "Alejandro Balde": 0.98322620023407,
    "Ronald Araujo": -1.3338629072686,
    "Iñigo Martinez": -0.36251691004894,
    "Pablo Gavi": -0.44365621290791,
    "Ferran Torres": -1.5025506336317,
    "Pedri Gonzalez": -0.5075274066883,
    "Robert Lewandowski": 1.4685596998329,
    "Raphinha": 1.3115816701224,
    "Andreas Christensen": -2.3190647559964,
    "Frenkie De Jong": -0.63738665822459,
    "Jules Kounde": -0.54470863602819,
    "Lamine Yamal": 2.0360193701771,
    "Marc Casado": -1.2063972651013,
    "Pau Cubarsi": -0.31154864083871,
    "Fermin Lopez": -1.4099778046602,
    "Eric Garcia": -2.0059241093158,
    "Iñaki Peña": -2.4082586326594,
    "Dani Olmo": -0.99025978270914,
    "Oriol Romeu": 0.0,
    "Diego Kochen": 0.0,
    "Hector Fort": 0.0,
    "Joan Garcia": 0.0,
    "Gerard Martin": 0.0,
    "Marc Bernal": 0.0,
    "Andres Cuenca": 0.0,
    "Wojciech Szczesny": 0.0,
    "Toni Fernandez": 0.0,
    "Guille Fernandez": 0.0,
    "Alvaro Cortes": 0.0,
    "Pau Victor": -2.4449860970033,
    "Aron Yaakobishvili": 0.0
  },
  "Betis": {
    "Rodrigo Riquelme": 5.1046195616981,
    "Hector Bellerin": -1.9649314971607,
    "Ez Abde": -1.7395799675044,
    "Marc Bartra": 0.6494453449364,
    "Marc Roca": -3.0339810271104,
    "Isco": 1.389673036566,
    "Aitor Ruibal": -2.7639732770718,
    "Sergi Altimira": 2.3047869097806,
    "Francisco Vieites": 0.0031876980357405,
    "Alvaro Valles": 2.1323723394775,
    "Chimy Avila": -2.7136647887686,
    "Cedric Bakambu": -2.5207179517893,
    "Pablo Fornals": -0.71128557994952,
    "Adrian San Miguel": -2.1831822620848,
    "Diego Javier Llorente": -2.6254354617457,
    "Romain Perraud": -2.8511180750418,
    "Natan": 0.62857337319637,
    "Giovani Lo Celso": 1.8789799853644,
    "Cucho Hernandez": 0.0,
    "Borja Iglesias": 0.0,
    "Iker Losada": 0.0,
    "Ricardo Rodriguez": 0.0,
    "Manu Gonzalez": 0.0,
    "Dani Perez": 0.0,
    "Nobel Mendy": 0.0,
    "Pablo Busto": 0.0,
    "Angel Ortiz": 0.0,
    "Carlos Reina": 0.0,
    "Pablo Garcia": 0.0,
    "German Garcia": 0.0,
    "Pau Lopez": 0.0,
    "Carvalho": -3.1697737868452,
    "Johnny Cardoso": 2.2982464840832,
    "Mateo Flores": 0.0,
    "Xavi Pleguezuelo": 0.0
  },
  "Celta": {
    "Marcos Alonso": 1.9337852234784,
    "Mihailo Ristic": -1.5819074152873,
    "Carl Starfelt": 0.37469535131095,
    "Oscar Mingueza": 1.0829431347948,
    "Fran Beltran": -2.0251234757986,
    "Franco Cervi": -3.2676693622962,
    "Ivan Villar": -2.3093773028429,
    "Joseph Aidoo": -3.052531167589,
    "Williot Swedberg": -2.5628589930343,
    "Carlos Dominguez": -2.703110203247,
    "Hugo Sotelo": -2.6045280559743,
    "Pablo Duran": -1.5621283496795,
    "Hugo Alvarez": -2.5505744964677,
    "Damian Rodriguez": -3.0805494930158,
    "Javi Rodriguez": 0.0,
    "Yoel Lago": 0.0,
    "Iago Aspas": 0.0,
    "Coke Carrillo": 0.0,
    "Bryan Zaragoza": 0.0,
    "Ilaix Moriba": 0.0,
    "Sergio Carreira": 0.0,
    "Marc Vidal": 0.0,
    "Jones El-Abdellaoui": 0.0,
    "Miguel Roman": 0.0,
    "Tincho Conde": 0.0,
    "Hugo Gonzalez": 0.0,
    "Unai Nuñez": 0.0,
    "Manu Sanchez": 0.0
  },
  "Elche": {
    "Bambo Diaby": -2.7766249505583,
    "John Chetauya": -2.9336586090553,
    "Aleix Febas": 3.1231879573796,
    "Mourad Daoudi": -2.3578375764185,
    "David Affengruber": 3.5554168279375,
    "Alvaro Nuñez": -2.2666801352552,
    "Yago Santiago": -2.3607183977818,
    "Marc Aguado": -2.028274631965,
    "Jairo Izquierdo": -1.8463607006087,
    "Alvaro Rodriguez": 0.0,
    "Alejandro Iturbe": 0.0,
    "German Valera": 0.0,
    "Victor Chust": 0.0
  },
  "Espanyol": {
    "Kike Garcia": -1.6417937395204,
    "Miguel Angel Rubio": -3.0161450105759,
    "Marko Dmitrovic": 0.41940193089793,
    "Ramon Terrats": -0.62314887334468,
    "Fernando Calero": -2.3305040019784,
    "Leandro Cabrera": -1.578073629178,
    "Javi Puado": 1.8538582669237,
    "Antoniu Roca": 0.0,
    "Pol Lozano": -1.831904140622,
    "Pere Milla": -2.9925606904103,
    "Jofre Carreras": -2.1709044100692,
    "Edu Exposito": 1.0351492101562,
    "Omar El Hilali": -0.30663097721334,
    "Ruben Sanchez": -2.4957780891811,
    "Roberto Fernandez": 2.2867059884461,
    "Pablo Ramon": -0.62851205610161,
    "Jose Salinas": -3.0650473858058,
    "Rafel Bauza": 0.0,
    "Jose Luis Catala": 0.0,
    "Llorenç Serred": 0.0,
    "Angel Fortuño": 0.0,
    "Carlos Romero": 0.0,
    "Alex Almansa": 0.0,
    "Pol Tristan": 0.0,