{
  "Alavés": {
    "Antonio Sivera": -0.27021791015391,
    "Ander Guevara": -2.9064274632008,
    "Antonio Blanco": -1.4203386272685,
    "Nahuel Tenaglia": -1.0038675573769,
    "Jon Guridi": -1.4665591780423,
    "Carlos Benavidez": -3.1672276170025,
    "Asier Villalibre": -2.9748385010564,
    "Carlos Vicente": 1.519442877599,
    "Moussa Diarra": -1.1958627837341,
    "Hugo Novoa": -3.0871784280044,
    "Toni Martinez": -1.2455967286926,
    "Facundo Garces": 0.29629825813041,
    "Jonny Castro": 0.0,
    "Adrian Rodriguez": 0.0,
    "Carles Aleña": 0.0,
    "Pablo Ibañez": 0.0,
    "Julen Lartitegi": 0.0,
    "Egoitz Muñoz": 0.0,
    "Gregoire Swiderski": 0.0,
    "Daouda Doumbia": 0.0,
    "Youssef Enriquez": 0.0,
    "Abde Rebbach": 0.0,
    "Nikola Maras": 0.0,
    "Joseda Alvarez": 0.0,
    "Ander Sanchez": 0.0,
    "Gaizka Garcia": 0.0,
    "Raul Fernandez": 0.0,
    "Mariano Diaz": 0.0,
    "Selu Diallo": 0.0,
    "Santiago Mouriño": 2.4539329310833,
    "Joaquin Panichelli": 0.0
  },
  "Athletic": {
    "Andoni Gorosabel": -2.7966662795242,
    "Unai Simon": -0.12925378561398,
    "Dani Vivian": 1.2054884568408,
    "Aitor Paredes": -1.1105165153017,
    "Yeray Alvarez": -2.3795709707995,
    "Mikel Vesga": -2.8506643387397,
    "Alex Berenguer": -1.6297131558222,
    "Oihan Sancet": 1.6729278458726,
    "Iñaki Williams": -0.72556063907395,
    "Nico Williams": 1.4976283617084,
    "Gorka Guruzeta": -2.1255930933731,
    "Iñigo Lekue": -3.0919514907539,
    "Iñigo Ruiz De Galarreta": 1.2423852817013,
    "Yuri Berchiche": -0.76545366497814,
    "Beñat Prados": -2.3350497190641,
    "Malcom Adu Ares": -3.2101575631962,
    "Unai Gomez": -2.6538699717501,
    "Robert Navarro": 0.0,
    "Jesus Areso": 1.549202040146,
    "Nico Serrano": -3.2371206852264,
    "Mikel Jauregizar": 4.2557478619085,
    "Adama Boiro": 0.0,
    "Maroan Sannadi": 4.0550658496622,
    "Unai Vencedor": -3.1038235852853,
    "Peio Canales": 0.0,
    "Endika Bujan": 0.0,
    "Aingeru Olabarrieta": 0.0,
    "Alex Padilla": 0.0,
    "Unai Egiluz": 0.0,
    "Alvaro Djalo": -2.9991998513756,
    "Oier Gastesi": 0.0,
    "Javier Marton": 0.0
  },
  "Atlético": {
    "Marc Pubill": 0.0,
    "Giménez": -2.0881889412845,
    "Koke Resurreccion": -2.958004672004,
    "Antoine Griezmann": -1.6478850592301,
    "Jan Oblak": 0.27815839781463,
    "Marcos Llorente": -0.016883031459941,
    "Nahuel Molina": -2.7365244502964,
    "Javi Galan": -2.7302699406841,
    "Pablo Barrios": 1.7313534375561,
    "Robin Le Normand": 0.82861664945652,
    "Alexander Sorloth": -1.3531000277341,
    "Alex Baena": 2.9034318543176,
    "Giuliano Simeone": 1.1365407749283,
    "Johnny Cardoso": 1.9442705234915,
    "Carlos Martin": -2.9765011784088,
    "Clement Lenglet": -1.0472504075231,
    "Julian Alvarez": 1.8172692059665,
    "Conor Gallagher": -2.6192992054423,
    "Juan Musso": -2.833642850297,
    "Matteo Ruggeri": 1.171126408523,
    "Thiago Almada": 0.0,
    "David Hancko": 0.0,
    "Ilias Kostis": 0.0,
    "Geronimo Spina": 0.0,
    "Javi Serrano": 0.0,
    "Carlos Gimenez": 0.0,
    "Aitor Gismera": 0.0,
    "Rayane Belaid": 0.0,
    "Thomas Lemar": -1.252414743061,
    "Samuel Lino": -2.8750046030083,
    "Rodrigo De Paul": -1.3781564888364,
    "Saul Ñiguez": 0.0,
    "Alejandro Iturbe": 0.0,
    "Adrian Niño": 0.0,
    "Horatiu Moldovan": 0.0
  },
  "Barcelona": {
    "Marc-Andre Ter Stegen": -3.266408178685,
    "Alejandro Balde": 1.0550402896231,
    "Ronald Araujo": -2.396334933574,
    "Iñigo Martinez": 0.94057599488411,
    "Pablo Gavi": -1.2654085630254,
    "Ferran Torres": -1.6318798119714,
    "Pedri Gonzalez": -0.39677801935134,
    "Robert Lewandowski": 1.4968154843195,
    "Raphinha": 1.5078823441024,
    "Andreas Christensen": -2.8787058475155,
    "Frenkie De Jong": -0.62418528009707,
    "Jules Kounde": -0.93551843662347,
    "Lamine Yamal": 2.9832584134001,
    "Marc Casado": -1.2566313995141,
    "Pau Cubarsi": 0.20600085679686,
    "Fermin Lopez": -1.3456555843817,
    "Eric Garcia": -2.3680271320561,
    "Iñaki Peña": -2.7726525099728,
    "Dani Olmo": -1.0870813381424,
    "Oriol Romeu": 0.0,
    "Diego Kochen": 0.0,
    "Hector Fort": 0.0,
    "Joan Garcia": 0.0,
    "Gerard Martin": 0.0,
    "Marc Bernal": 0.0,
    "Andres Cuenca": 0.0,
    "Wojciech Szczesny": 0.0,
    "Toni Fernandez": 0.0,
    "Guille Fernandez": 0.0,
    "Alvaro Cortes": 0.0,
    "Pau Victor": -2.4449860970033,
    "Aron Yaakobishvili": 0.0
  },
  "Betis": {
    "Rodrigo Riquelme": 0.0,
    "Hector Bellerin": -2.2205716365651,
    "Ez Abde": -1.1743880774644,
    "Marc Bartra": 0.85974196397903,
    "Marc Roca": -2.9572983602169,
    "Isco": 1.0675086581624,
    "Aitor Ruibal": -2.671311685898,
    "Sergi Altimira": 2.6460144559527,
    "Francisco Vieites": 0.0038278244559704,
    "Alvaro Valles": 2.9727506432477,
    "Chimy Avila": -2.817783494263,
    "Cedric Bakambu": -2.5526713613599,
    "Pablo Fornals": -1.240389078877,
    "Adrian San Miguel": -2.441793989249,
    "Diego Javier Llorente": -2.5753892774377,
    "Romain Perraud": -2.8101780793247,
    "Natan": 0.51949859462094,
    "Giovani Lo Celso": 1.902408320805,
    "Cucho Hernandez": 0.0,
    "Borja Iglesias": 0.0,
    "Iker Losada": 0.0,
    "Ricardo Rodriguez": 0.0,
    "Manu Gonzalez": 0.0,
    "Dani Perez": 0.0,
    "Nobel Mendy": 0.0,
    "Pablo Busto": 0.0,
    "Angel Ortiz": 0.0,
    "Carlos Reina": 0.0,
    "Pablo Garcia": 0.0,
    "German Garcia": 0.0,
    "Pau Lopez": 0.0,
    "Carvalho": -3.1697737868452,
    "Johnny Cardoso": 2.2982464840832,
    "Mateo Flores": 0.0,
    "Xavi Pleguezuelo": 0.0
  },
  "Celta": {
    "Marcos Alonso": 2.1554745168813,
    "Mihailo Ristic": -1.7008696671527,
    "Carl Starfelt": -0.014523396387016,
    "Oscar Mingueza": 0.8998415673436,
    "Fran Beltran": -2.1510247361285,
    "Franco Cervi": -3.3006337330205,
    "Ivan Villar": -2.3820360544125,
    "Joseph Aidoo": -2.9883256979623,
    "Williot Swedberg": -2.599286986626,
    "Carlos Dominguez": -2.8083322495422,
    "Hugo Sotelo": -2.5381270673475,
    "Pablo Duran": -1.3024171024109,
    "Hugo Alvarez": -2.4684077665551,
    "Damian Rodriguez": -3.0925100209805,
    "Javi Rodriguez": 0.0,
    "Yoel Lago": 0.0,
    "Iago Aspas": 0.0,
    "Coke Carrillo": 0.0,
    "Bryan Zaragoza": 0.0,
    "Ilaix Moriba": 0.0,
    "Sergio Carreira": 0.0,
    "Marc Vidal": 0.0,
    "Jones El-Abdellaoui": 0.0,
    "Miguel Roman": 0.0,
    "Tincho Conde": 0.0,
    "Hugo Gonzalez": 0.0,
    "Unai Nuñez": 0.0,
    "Manu Sanchez": 0.0
  },
  "Elche": {
    "Bambo Diaby": -2.7472995421616,
    "John Chetauya": -2.8666615624926,
    "Aleix Febas": 3.2875901003075,
    "Mourad Daoudi": -2.3883691293003,
    "David Affengruber": 3.7919565194582,
    "Alvaro Nuñez": -2.1223828757634,
    "Yago Santiago": -2.4779479966778,
    "Marc Aguado": -2.1508861356237,
    "Jairo Izquierdo": -1.9688435006481,
    "Alvaro Rodriguez": 0.0,
    "Alejandro Iturbe": 0.0,
    "German Valera": 0.0
  },
  "Espanyol": {
    "Kike Garcia": -1.6391050451919,
    "Miguel Angel Rubio": -3.0661833510255,
    "Marko Dmitrovic": 0.77993518485013,
    "Ramon Terrats": -0.4162932884866,
    "Fernando Calero": -2.4132756438129,
    "Leandro Cabrera": -1.5852908439001,
    "Javi Puado": 1.7150065195379,
    "Pol Lozano": -1.7722540379643,
    "Pere Milla": -2.9623599486347,
    "Jofre Carreras": -2.1129464949123,
    "Edu Exposito": 0.52093898388323,
    "Omar El Hilali": -0.19657873397117,
    "Ruben Sanchez": -2.6093921721558,
    "Roberto Fernandez": 2.6374915609982,
    "Pablo Ramon": -0.69595430496697,
    "Jose Salinas": -3.0090055181954,
    "Antoniu Roca": 0.0,
    "Rafel Bauza": 0.0,
    "Jose Luis Catala": 0.0,
    "Llorenç Serred": 0.0,
    "Angel Fortuño": 0.0,
    "Carlos Romero": 0.0,
    "Alex Almansa": 0.0,
    "Pol Tristan": 0.0,
    "Gaston Valles": 0.0,
    "Ian Forns": 0.0,
    "Jose Gragera": -0.50277273707854,
    "Alvaro Tejero": -3.1569081582725,