{
  "Alavés": {
    "Antonio Sivera": -0.27085286945871,
    "Ander Guevara": -2.7914551761536,
    "Antonio Blanco": -1.6136305061541,
    "Nahuel Tenaglia": -0.77101977994451,
    "Jon Guridi": -1.4452671407209,
    "Carlos Benavidez": -3.151880518595,
    "Asier Villalibre": -2.9444473728545,
    "Carlos Vicente": 1.1779582806972,
    "Moussa Diarra": -1.4401060303136,
    "Hugo Novoa": -2.9956193393239,
    "Toni Martinez": -1.4860170554567,
    "Facundo Garces": 0.673194411791,
    "Jonny Castro": -1.383160325392,
    "Adrian Rodriguez": 0.0,
    "Carles Aleña": 0.0,
    "Pablo Ibañez": 0.0,
    "Julen Lartitegi": 0.0,
    "Egoitz Muñoz": 0.0,
    "Gregoire Swiderski": 0.0,
    "Daouda Doumbia": 0.0,
    "Youssef Enriquez": 0.0,
    "Abde Rebbach": 0.0,
    "Nikola Maras": 0.0,
    "Joseda Alvarez": 0.0,
    "Ander Sanchez": 0.0,
    "Gaizka Garcia": 0.0,
    "Raul Fernandez": 0.0,
    "Mariano Diaz": 0.0,
    "Selu Diallo": 0.0,
    "Santiago Mouriño": 2.4539329310833,
    "Joaquin Panichelli": 0.0
  },
  "Athletic": {
    "Andoni Gorosabel": -2.7662165191942,
    "Unai Simon": -0.63140579378837,
    "Dani Vivian": 1.0833884652442,
    "Aitor Paredes": -1.5740905004874,
    "Yeray Alvarez": -2.344704974236,
    "Mikel Vesga": -2.8014534325275,
    "Alex Berenguer": 0.049755348642999,
    "Oihan Sancet": -1.3815320636704,
    "Iñaki Williams": -0.53788288652435,
    "Nico Williams": 1.3240949786908,
    "Gorka Guruzeta": -2.0454977637428,
    "Iñigo Lekue": -2.9887490125396,
    "Iñigo Ruiz De Galarreta": 0.46856624131318,
    "Yuri Berchiche": -1.3026121410177,
    "Beñat Prados": -2.4184501887913,
    "Malcom Adu Ares": -3.1065388619197,
    "Unai Gomez": -2.4438163216223,
    "Robert Navarro": -1.848391877099,
    "Jesus Areso": 1.7434343452052,
    "Nico Serrano": -3.2079043068721,
    "Mikel Jauregizar": 3.8611750938069,
    "Adama Boiro": -2.0906487986564,
    "Maroan Sannadi": 4.2074557729089,
    "Unai Vencedor": -3.1209198024081,
    "Peio Canales": 0.0,
    "Endika Bujan": 0.0,
    "Aingeru Olabarrieta": 0.0,
    "Alex Padilla": 0.0,
    "Unai Egiluz": 0.0,
    "Alvaro Djalo": -2.9991998513756,
    "Oier Gastesi": 0.0,
    "Javier Marton": 0.0
  },
  "Atlético": {
    "Marc Pubill": -1.3586245871063,
    "Giménez": -2.0790912244453,
    "Koke Resurreccion": -2.955123221533,
    "Antoine Griezmann": -1.5481386797041,
    "Jan Oblak": 0.0075022427219159,
    "Marcos Llorente": -0.36016131915604,
    "Nahuel Molina": -2.7660320945707,
    "Javi Galan": -2.7695508038472,
    "Pablo Barrios": 1.3365905412118,
    "Robin Le Normand": 0.80251741000654,
    "Alexander Sorloth": -1.2050623135755,
    "Alex Baena": 2.4384560873377,
    "Giuliano Simeone": 1.5810828937893,
    "Johnny Cardoso": 2.3456794632944,
    "Carlos Martin": -2.9211511449553,
    "Clement Lenglet": -1.3529198445296,
    "Julian Alvarez": 1.5126860897358,
    "Conor Gallagher": -2.5306697135633,
    "Juan Musso": -2.8535223648209,
    "Matteo Ruggeri": 0.89271136042789,
    "Thiago Almada": -0.19092470377291,
    "David Hancko": -1.2727552624582,
    "Ilias Kostis": 0.0,
    "Geronimo Spina": 0.0,
    "Javi Serrano": 0.0,
    "Carlos Gimenez": 0.0,
    "Aitor Gismera": 0.0,
    "Rayane Belaid": 0.0,
    "Thomas Lemar": -1.252414743061,
    "Samuel Lino": -2.8750046030083,
    "Rodrigo De Paul": -1.3781564888364,
    "Saul Ñiguez": 0.0,
    "Alejandro Iturbe": 0.0,
    "Adrian Niño": 0.0,
    "Horatiu Moldovan": 0.0
  },
  "Barcelona": {
    "Marc-Andre Ter Stegen": -3.2572871417938,
    "Alejandro Balde": 1.0291943816863,
    "Ronald Araujo": -2.2124304411068,
    "Iñigo Martinez": 0.68716501480163,
    "Pablo Gavi": -0.1106625810211,
    "Ferran Torres": -1.5447007999491,
    "Pedri Gonzalez": -0.33152530818154,
    "Robert Lewandowski": 1.6042021097166,
    "Raphinha": 1.4482331528272,
    "Andreas Christensen": -2.8439426502537,
    "Frenkie De Jong": -0.63146938069641,
    "Jules Kounde": -0.50607828264306,
    "Lamine Yamal": 2.3702249538346,
    "Marc Casado": -1.2396837739083,
    "Pau Cubarsi": -0.19833786662547,
    "Fermin Lopez": -1.218101757571,
    "Eric Garcia": -2.4277007609279,
    "Iñaki Peña": -2.4955830571451,
    "Dani Olmo": -0.96239185126108,
    "Oriol Romeu": 0.0,
    "Diego Kochen": 0.0,
    "Hector Fort": 0.0,
    "Joan Garcia": 0.0,
    "Gerard Martin": 0.0,
    "Marc Bernal": 0.0,
    "Andres Cuenca": 0.0,
    "Wojciech Szczesny": 0.0,
    "Toni Fernandez": 0.0,
    "Guille Fernandez": 0.0,
    "Alvaro Cortes": 0.0,
    "Pau Victor": -2.4449860970033,
    "Aron Yaakobishvili": 0.0
  },
  "Betis": {
    "Rodrigo Riquelme": 4.4442908092949,
    "Hector Bellerin": -2.2952861776827,
    "Ez Abde": -1.374854193173,
    "Marc Bartra": 0.71890757866141,
    "Marc Roca": -2.968318911125,
    "Isco": 1.1481950606423,
    "Aitor Ruibal": -2.7831787684643,
    "Sergi Altimira": 1.8808488991796,
    "Francisco Vieites": 0.14109505081976,
    "Alvaro Valles": 2.035016109735,
    "Chimy Avila": -2.7435324672129,
    "Cedric Bakambu": -2.4506179850129,
    "Pablo Fornals": -1.3594503806885,
    "Adrian San Miguel": -2.4960295907213,
    "Diego Javier Llorente": -2.409807451304,
    "Romain Perraud": -2.8073183307687,
    "Natan": 0.59687179767525,
    "Giovani Lo Celso": 1.7321790517085,
    "Cucho Hernandez": 0.0,
    "Borja Iglesias": 0.0,
    "Iker Losada": 0.0,
    "Ricardo Rodriguez": 0.0,
    "Manu Gonzalez": 0.0,
    "Dani Perez": 0.0,
    "Nobel Mendy": 0.0,
    "Pablo Busto": 0.0,
    "Angel Ortiz": 0.0,
    "Carlos Reina": 0.0,
    "Pablo Garcia": 0.0,
    "German Garcia": 0.0,
    "Pau Lopez": 0.0,
    "Carvalho": -3.1697737868452,
    "Johnny Cardoso": 2.2982464840832,
    "Mateo Flores": 0.0,
    "Xavi Pleguezuelo": 0.0
  },
  "Celta": {
    "Marcos Alonso": 1.4073703404576,
    "Mihailo Ristic": -1.5408501595258,
    "Carl Starfelt": 0.33972617157837,
    "Oscar Mingueza": 1.0373579899237,
    "Fran Beltran": -2.0094485959811,
    "Franco Cervi": -3.2462524034452,
    "Ivan Villar": -2.4751096643902,
    "Joseph Aidoo": -2.9891949551358,
    "Williot Swedberg": -2.511818610142,
    "Carlos Dominguez": -2.6964426933075,
    "Hugo Sotelo": -2.5065337546411,
    "Pablo Duran": -1.5246230269182,
    "Hugo Alvarez": -2.487830262143,
    "Damian Rodriguez": -3.1092225344681,
    "Javi Rodriguez": 0.0,
    "Yoel Lago": 0.0,
    "Iago Aspas": 0.0,
    "Coke Carrillo": 0.0,
    "Bryan Zaragoza": 0.0,
    "Ilaix Moriba": 0.0,
    "Sergio Carreira": 0.0,
    "Marc Vidal": 0.0,
    "Jones El-Abdellaoui": 0.0,
    "Miguel Roman": 0.0,
    "Tincho Conde": 0.0,
    "Hugo Gonzalez": 0.0,
    "Unai Nuñez": 0.0,
    "Manu Sanchez": 0.0
  },
  "Elche": {
    "Bambo Diaby": -2.7183019568893,
    "John Chetauya": -2.9423550071868,
    "Aleix Febas": 3.3320505153968,
    "Mourad Daoudi": -2.2509074064673,
    "David Affengruber": 3.3376994424179,
    "Alvaro Nuñez": -1.930828818432,
    "Yago Santiago": -2.3462507792153,
    "Marc Aguado": -2.0039389463319,
    "Jairo Izquierdo": -1.8155335718796,
    "Alvaro Rodriguez": 0.0,
    "Alejandro Iturbe": 0.0,
    "German Valera": 0.0
  },
  "Espanyol": {
    "Kike Garcia": -1.4799159495632,
    "Miguel Angel Rubio": -3.0733528926478,
    "Marko Dmitrovic": 0.54068034403768,
    "Ramon Terrats": -0.62687642465137,
    "Fernando Calero": -2.4210733472993,
    "Leandro Cabrera": -1.4348216255701,
    "Javi Puado": 2.0045584129191,
    "Pol Lozano": -1.8976978747094,
    "Pere Milla": -2.9494646238242,
    "Jofre Carreras": -2.2067962653652,
    "Edu Exposito": 0.73620244435459,
    "Omar El Hilali": -0.27704045399683,
    "Ruben Sanchez": -2.4849160132024,
    "Roberto Fernandez": 2.3911170615592,
    "Pablo Ramon": -0.53568615093745,
    "Jose Salinas": -3.0060638910532,
    "Antoniu Roca": 0.0,
    "Rafel Bauza": 0.0,
    "Jose Luis Catala": 0.0,
    "Llorenç Serred": 0.0,
    "Angel Fortuño": 0.0,
    "Carlos Romero": 0.0,
    "Alex Almansa": 0.0,
    "Pol Tristan": 0.0,
    "Ian Forns": 0.0,
    "Gaston Valles": 0.0,