{
  "Alavés": {
    "Antonio Sivera": 0.10171043680625,
    "Ander Guevara": -2.7566488656767,
    "Antonio Blanco": -1.5742219395235,
    "Nahuel Tenaglia": -1.2243733509922,
    "Jon Guridi": -1.7493324427736,
    "Carlos Benavidez": -3.1107756116113,
    "Asier Villalibre": -3.0495288367976,
    "Carlos Vicente": 1.6732064144783,
    "Moussa Diarra": -1.5488124710795,
    "Hugo Novoa": -3.0131468722753,
    "Toni Martinez": -1.3605314337259,
    "Facundo Garces": -0.20744567094938,
    "Adrian Rodriguez": 0.0,
    "Carles Aleña": 0.0,
    "Pablo Ibañez": 0.0,
    "Julen Lartitegi": 0.0,
    "Egoitz Muñoz": 0.0,
    "Gregoire Swiderski": 0.0,
    "Daouda Doumbia": 0.0,
    "Youssef Enriquez": 0.0,
    "Abde Rebbach": 0.0,
    "Nikola Maras": 0.0,
    "Joseda Alvarez": 0.0,
    "Ander Sanchez": 0.0,
    "Gaizka Garcia": 0.0,
    "Raul Fernandez": 0.0,
    "Selu Diallo": 0.0,
    "Santiago Mouriño": 2.4539329310833,
    "Joaquin Panichelli": 0.0
  },
  "Athletic": {
    "Andoni Gorosabel": -2.7817520129014,
    "Unai Simon": -0.011530035743111,
    "Dani Vivian": 1.1837998300503,
    "Aitor Paredes": -1.0548464250928,
    "Yeray Alvarez": -2.4394989528196,
    "Mikel Vesga": -2.7977397786723,
    "Alex Berenguer": -1.4329690703881,
    "Oihan Sancet": 1.4628377874027,
    "Iñaki Williams": -0.78511197539387,
    "Nico Williams": 1.4762583123257,
    "Gorka Guruzeta": -2.2207546641442,
    "Iñigo Lekue": -2.9602593279362,
    "Iñigo Ruiz De Galarreta": 0.83985628577295,
    "Yuri Berchiche": -0.91932219644456,
    "Beñat Prados": -2.3188800992796,
    "Malcom Adu Ares": -3.1218460686168,
    "Unai Gomez": -2.5931443991908,
    "Jesus Areso": 1.9784494318222,
    "Nico Serrano": -3.1319354127923,
    "Mikel Jauregizar": 4.661695897428,
    "Maroan Sannadi": 3.6642874357182,
    "Unai Vencedor": -3.0544908349695,
    "Robert Navarro": 0.0,
    "Adama Boiro": 0.0,
    "Peio Canales": 0.0,
    "Endika Bujan": 0.0,
    "Aingeru Olabarrieta": 0.0,
    "Alex Padilla": 0.0,
    "Unai Egiluz": 0.0,
    "Alvaro Djalo": -2.9991998513756,
    "Oier Gastesi": 0.0,
    "Javier Marton": 0.0
  },
  "Atlético": {
    "Giménez": -2.0272153644855,
    "Koke Resurreccion": -2.9209608917883,
    "Antoine Griezmann": -1.6083223339958,
    "Jan Oblak": 0.32667013817018,
    "Marcos Llorente": 0.16605090748523,
    "Nahuel Molina": -2.6848522585042,
    "Javi Galan": -2.7441743708217,
    "Pablo Barrios": 2.106270570468,
    "Robin Le Normand": 0.55801988536204,
    "Alexander Sorloth": -1.5699386195072,
    "Alex Baena": 2.8355057985517,
    "Giuliano Simeone": 1.9601487403539,
    "Johnny Cardoso": 3.8177635727321,
    "Carlos Martin": -2.9496132340785,
    "Clement Lenglet": -1.2353213561966,
    "Julian Alvarez": 1.3445795549714,
    "Conor Gallagher": -2.5451890352902,
    "Juan Musso": -2.7185839638424,
    "Matteo Ruggeri": 1.0122014289699,
    "Ilias Kostis": 0.0,
    "Geronimo Spina": 0.0,
    "Javi Serrano": 0.0,
    "Carlos Gimenez": 0.0,
    "Aitor Gismera": 0.0,
    "Rayane Belaid": 0.0,
    "Marc Pubill": 0.0,
    "Thomas Lemar": -1.252414743061,
    "Samuel Lino": -2.8750046030083,
    "Rodrigo De Paul": -1.3781564888364,
    "Saul Ñiguez": 0.0,
    "Alejandro Iturbe": 0.0,
    "Adrian Niño": 0.0,
    "Horatiu Moldovan": 0.0
  },
  "Barcelona": {
    "Marc-Andre Ter Stegen": -3.2261491231478,
    "Alejandro Balde": 1.088915185797,
    "Ronald Araujo": -2.4714308257041,
    "Iñigo Martinez": 1.3983145525428,
    "Pablo Gavi": -1.5726409517916,
    "Ferran Torres": -1.1258538254532,
    "Pedri Gonzalez": -0.18930064366217,
    "Robert Lewandowski": 1.2991783907594,
    "Raphinha": 1.8065597997471,
    "Andreas Christensen": -2.7215386743764,
    "Frenkie De Jong": -0.69040427275265,
    "Jules Kounde": -0.8806067914895,
    "Lamine Yamal": 3.3280186029559,
    "Marc Casado": -0.89228601343629,
    "Pau Cubarsi": 0.62263632918921,
    "Fermin Lopez": -1.1210738781909,
    "Eric Garcia": -2.2985677894481,
    "Iñaki Peña": -2.8698636811983,
    "Dani Olmo": -1.1383558893161,
    "Oriol Romeu": 0.0,
    "Diego Kochen": 0.0,
    "Hector Fort": 0.0,
    "Joan Garcia": 0.0,
    "Gerard Martin": 0.0,
    "Marc Bernal": 0.0,
    "Andres Cuenca": 0.0,
    "Wojciech Szczesny": 0.0,
    "Toni Fernandez": 0.0,
    "Guille Fernandez": 0.0,
    "Alvaro Cortes": 0.0,
    "Pau Victor": -2.4449860970033,
    "Aron Yaakobishvili": 0.0
  },
  "Betis": {
    "Hector Bellerin": -2.4018879265537,
    "Ez Abde": -1.2527739918698,
    "Marc Bartra": 0.71820053574072,
    "Marc Roca": -2.906967094759,
    "Isco": 0.99991257093224,
    "Aitor Ruibal": -2.820843760369,
    "Sergi Altimira": 2.1810114720429,
    "Francisco Vieites": 0.26406897237704,
    "Alvaro Valles": 2.7547131828219,
    "Chimy Avila": -2.7537484900121,
    "Cedric Bakambu": -2.5474104676953,
    "Pablo Fornals": -1.014157315612,
    "Adrian San Miguel": -2.3587981056314,
    "Diego Javier Llorente": -2.4894530462385,
    "Romain Perraud": -2.7854428207266,
    "Natan": -0.59406169846802,
    "Giovani Lo Celso": 1.8476053302385,
    "Cucho Hernandez": 0.0,
    "Rodrigo Riquelme": 0.0,
    "Borja Iglesias": 0.0,
    "Iker Losada": 0.0,
    "Ricardo Rodriguez": 0.0,
    "Manu Gonzalez": 0.0,
    "Dani Perez": 0.0,
    "Nobel Mendy": 0.0,
    "Pablo Busto": 0.0,
    "Angel Ortiz": 0.0,
    "Carlos Reina": 0.0,
    "Pablo Garcia": 0.0,
    "German Garcia": 0.0,
    "Pau Lopez": 0.0,
    "Carvalho": -3.1697737868452,
    "Johnny Cardoso": 2.2982464840832,
    "Mateo Flores": 0.0,
    "Xavi Pleguezuelo": 0.0
  },
  "Celta": {
    "Marcos Alonso": 1.9670164458319,
    "Mihailo Ristic": -1.6433793995024,
    "Carl Starfelt": -0.13069148123736,
    "Oscar Mingueza": 0.79879420084022,
    "Fran Beltran": -1.9578819923607,
    "Franco Cervi": -3.2563041071933,
    "Ivan Villar": -2.4978567628367,
    "Joseph Aidoo": -2.9938173772289,
    "Williot Swedberg": -2.5524130113038,
    "Carlos Dominguez": -2.8075965086065,
    "Hugo Sotelo": -2.5571438769428,
    "Pablo Duran": -1.6296396757746,
    "Hugo Alvarez": -2.5987327871884,
    "Damian Rodriguez": -3.0923683925004,
    "Javi Rodriguez": 0.0,
    "Yoel Lago": 0.0,
    "Iago Aspas": 0.0,
    "Coke Carrillo": 0.0,
    "Bryan Zaragoza": 0.0,
    "Ilaix Moriba": 0.0,
    "Sergio Carreira": 0.0,
    "Marc Vidal": 0.0,
    "Jones El-Abdellaoui": 0.0,
    "Miguel Roman": 0.0,
    "Tincho Conde": 0.0,
    "Hugo Gonzalez": 0.0,
    "Unai Nuñez": 0.0,
    "Manu Sanchez": 0.0
  },
  "Elche": {
    "Bambo Diaby": -2.7180104455342,
    "John Chetauya": -2.8473271506997,
    "Aleix Febas": 2.5942587775123,
    "Mourad Daoudi": -2.4152606046923,
    "David Affengruber": 2.8522452069956,
    "Alvaro Nuñez": -2.3322039322508,
    "Yago Santiago": -2.4661392058078,
    "Marc Aguado": -2.1230648853938,
    "Jairo Izquierdo": -1.9300797762154,
    "Alvaro Rodriguez": 0.0,
    "Alejandro Iturbe": 0.0,
    "German Valera": 0.0
  },
  "Espanyol": {
    "Kike Garcia": -1.268662179911,
    "Miguel Angel Rubio": -2.9916135516886,
    "Marko Dmitrovic": 1.2086299711905,
    "Ramon Terrats": -0.47682824643052,
    "Fernando Calero": -2.5212763086841,
    "Leandro Cabrera": -1.650284429593,
    "Javi Puado": 1.4047288278423,
    "Pol Lozano": -1.8617647124323,
    "Pere Milla": -2.9801894084162,
    "Jofre Carreras": -2.2550689199523,
    "Edu Exposito": 0.1563413656382,
    "Omar El Hilali": -0.58570611886138,
    "Ruben Sanchez": -2.6024599645812,
    "Roberto Fernandez": 2.6121660694478,
    "Pablo Ramon": -0.53683859400409,
    "Jose Salinas": -2.9842117981043,
    "Antoniu Roca": 0.0,
    "Rafel Bauza": 0.0,
    "Jose Luis Catala": 0.0,
    "Llorenç Serred": 0.0,
    "Angel Fortuño": 0.0,
    "Carlos Romero": 0.0,
    "Alex Almansa": 0.0,
    "Pol Tristan": 0.0,
    "Gaston Valles": 0.0,
    "Ian Forns": 0.0,
    "Jose Gragera": -0.50277273707854,
    "Alvaro Tejero": -3.1569081582725,
    "Justin Smith": 0.0
  },
  "Getafe": {
    "Alex Sola": -3.0197086770688,
    "Luis Milla": 2.462425816311,