{
  "Atlético": {
    "Marcos Llorente": -0.007916067235858026,
    "Oblak": 0.2874211819194006,
    "Giménez": -2.083824951374691,
    "Koke": -2.9558222855665006,
    "Griezmann": -1.6425897885614438,
    "Lenglet": -1.04102543190141,
    "Le Normand": 0.8388709334113287,
    "Galán": -2.7273841012682154,
    "Baena": 2.9183509658897933,
    "Sørloth": -1.3473406770601049,
    "Pubill": null,
    "Molina": -2.7338459786298785,
    "Barrios": 1.7445936403277296,
    "Simeone": -2.8773112382802113,
    "Giuliano Simeone": 1.1488511897936204,
    "Johnny": 1.9593768673223044,
    "Carlos Martín": -2.9740810524541916,
    "Julián Alvarez": 1.8297362567193831,
    "Gallagher": -2.616239069711457,
    "Juan Musso": -2.8310109671984107,
    "Ruggeri": 1.182342039447981,
    "Thiago Almada": null,
    "Hancko": null
  },
  "Athletic": {
    "Lekue": -3.0897970912975303,
    "Iñaki Williams": -0.7185183376980597,
    "Berenguer": -1.6238580679104553,
    "Yuri": -0.7586810542923206,
    "Yeray": -2.375809284999375,
    "Vesga": -2.8479916427913254,
    "Unai Simón": -0.12035527494266285,
    "Gorosabel": -2.793603470262207,
    "Vivian": 1.2170206148682583,
    "Areso": 1.5622470332437022,
    "Guruzeta": -2.1217886679495535,
    "Sancet": 1.685674980665608,
    "Vencedor": -3.101682186906729,
    "De Galarreta": 1.2519235419581332,
    "Nico Williams": 1.5096377645805514,
    "Beñat Prados": -2.3311236054230133,
    "Robert Navarro": null,
    "Nico Serrano": -3.235320017877996,
    "Paredes": -1.104910334655984,
    "Adu Ares": -3.208289174867529,
    "Jauregizar": 4.275094030285009,
    "Ernesto Valverde": null,
    "Unai Gómez": -2.6504616206067255,
    "Boiro": null,
    "Sannadi": 4.072123933527849,
    "Álex Padilla": null,
    "Peio Canales": null,
    "Urko Izeta": null,
    "Egiluz": null
  },
  "Barcelona": {
    "Ter Stegen": -3.264675887509627,
    "Iñigo Martínez": 0.9522331492795688,
    "Ferran Torres": -1.6262497179697744,
    "Oriol Romeu": null,
    "De Jong": -0.6166849018558573,
    "Koundé": -0.9283309455251021,
    "Iñaki Peña": -2.770141844471097,
    "Ronald Araújo": -2.392888531385362,
    "Pedri": -0.38897076161932276,
    "Eric García": -2.364365692159809,
    "Gavi": -1.260322790981927,
    "Balde": 1.0663303915519728,
    "Joan García": null,
    "Christensen": -2.8762329317403967,
    "Raphinha": 1.5204822259952122,
    "Lewandowski": 1.5085798778885717,
    "Fermín": -1.3402051369932666,
    "Yamal": 2.9989391487057038,
    "Cubarsi": 0.21619084646646858,
    "Héctor Fort": null,
    "Hansi Flick": null,
    "Marc Casadó": -1.2505704505590298,
    "Dani Olmo": -1.0812121637693073,
    "Marc Bernal": null,
    "Gerard Martín": null,
    "Szczęsny": null,
    "Bardghji": null,
    "Rashford": null
  },
  "Villarreal": {
    "Denis Suárez": -2.9794058009960267,
    "Gerard Moreno": -2.2639410666629,
    "Parejo": -1.7943756395119692,
    "Pedraza": -2.7975959474984102,
    "Ayoze": 1.1088316694115363,
    "Comesaña": -0.8872829746173205,
    "Diego Conde": -1.5315119890658702,
    "Foyth": 1.0347725388064388,
    "Yéremy Pino": -0.5213865163053666,
    "Danjuma": null,
    "Akhomach": -2.413214336919256,
    "Rafa Marín": 1.465006159875215,
    "Pape Gueye": -0.527659354943466,
    "Moleiro": null,
    "Sergi Cardona": 1.0338191844294409,
    "Kambwala": -2.61870872825688,
    "Santiago Mouriño": 3.5575282970219835,
    "Adrià Altimira": null,
    "Marcelino": -1.7555204115992096,
    "Pépé": -0.7501157311704976,
    "Luiz Júnior": 0.4049378747765786,
    "Logan Costa": -3.3249165766804367,
    "Pau Navarro": null,
    "Pau Cabanes": null,
    "Buchanan": null,
    "Etta Eyong": null
  },
  "Rayo Vallecano": {
    "Gumbau": -2.9794843878797828,
    "Lejeune": 0.4459554568966517,
    "Unai López": -2.2698956283743743,
    "Trejo": -2.9623060155090086,
    "Álvaro García": -0.5722435085749544,
    "De Frutos": 0.9026225693310908,
    "Camello": -2.5422502160210914,
    "Pacha Espino": -2.6374480907662368,
    "Dani Cárdenas": -2.081431500596709,
    "Isi Palazón": 0.8428623129648427,
    "Óscar Valentín": -2.4913630085133365,
    "Balliu": -2.0334692407492305,
    "Nteka": -2.5434612057693484,
    "Pathé Ciss": -0.6050097794713105,
    "Luiz Felipe": null,
    "Chavarría": 2.8321873875971626,
    "Mumin": -2.7919092217590924,
    "Ratiu": 4.3294349743520755,
    "Batalla": 2.5650530216651424,
    "Íñigo Pérez": null,
    "Pelayo": null,
    "Pedro Díaz": -1.3147971884016507,
    "Etienne Eto'O": null
  },
  "Real Oviedo": {
    "Álvaro Lemos": null,
    "David Costas": -2.2742074910890864,
    "Escandell": -0.3973739056145065,
    "Nacho Vidal": 0.1364319967148253,
    "Cazorla": null,
    "Calvo": null,
    "Chaira": null,
    "Moldovan": null,
    "Hassan": 3.3201787224381274,
    "Ahijado": null,
    "Viñas": null,
    "Colombatto": null,
    "Luengo": -1.4922786446086356,
    "Cardero": null,
    "Sibo": 1.9060252252717014,
    "Alhassane": -1.155988887141579,
    "Dominguès": null,
    "Forés": null,
    "Yayo González": null,
    "Borja Sánchez": null,
    "Rondón": null,
    "Alberto Reina": null,
    "Paunovic": null,
    "Luka Ilic": null
  },
  "Alavés": {
    "Jonny Castro": null,
    "Aleñá": null,
    "Villalibre": -2.972668199715145,
    "Raúl Fernández": null,
    "Sivera": -0.261760377371556,
    "Guridi": -1.4614450335082907,
    "Pablo Ibáñez": null,
    "Nikola Maras": null,
    "Guevara": -2.90379908042826,
    "Antonio Blanco": -1.4150718163067788,
    "Tenaglia": -0.997023670245123,
    "Benavidez": -3.1652802854282625,
    "Abde Rebbach": null,
    "Carlos Vicente": 1.5302102158008868,
    "Moussa Diarra": -1.1905338838246515,
    "Hugo Novoa": -3.0850639848961303,
    "Toni Martínez": -1.2401888548932538,
    "Eduardo Coudet": null,
    "Facundo Garcés": 0.3041018153405073,
    "Adrián Rodríguez": null,
    "Victor Parada": null,
    "Yusi Enríquez": null,
    "Calebe": null
  },
  "Celta": {
    "Iago Aspas": null,
    "Iván Villar": -2.3789278852251905,
    "Damián Rodríguez": -3.090529364679795,
    "Claudio Giráldez": null,
    "Fran Beltrán": -2.1468879400375895,
    "Aidoo": -2.9860349930366237,
    "Carreira": null,
    "Mingueza": 0.9108472358234421,
    "Ilaix Moriba": null,
    "Carlos Dominguez": -2.8056565012170465,
    "Franco Cervi": -3.2990261345261396,
    "Jutglà": null,
    "Swedberg": -2.595950380262735,
    "Marcos Alonso": 2.16781191928328,
    "Pablo Durán": -1.295835840048365,
    "Bryan Zaragoza": null,
    "Starfelt": -0.0059212689919041495,
    "Sotelo": -2.534563689940894,
    "Ristic": -1.695467883925661,
    "Hugo Álvarez": -2.46503679193647,
    "Marc Vidal": null,
    "Javi Rodríguez": null,
    "El-Abdellaoui": null,
    "Yoel Lago": null,
    "Ionut Radu": null,
    "Javier Rueda": null,
    "Manu Fernández": null
  },
  "Espanyol": {
    "Kike García": -1.6339096953141174,
    "Dmitrovic": 0.7905181722178023,
    "Cabrera": -1.5800501348679385,
    "Calero": -2.409890575782314,
    "Puado": 1.728098960143143,
    "Pere Milla": -2.959925199267588,
    "Pol Lozano": -1.7673000406165262,
    "Expósito": 0.5307248885477733,
    "Miguel Rubio": -3.0639436746272675,
    "Jofre Carreras": -2.108812091518608,
    "Terrats": -0.4084689317069401,
    "Rubén Sánchez": -2.6061551483834378,
    "El Hilali": -0.18796110229056806,
    "Carlos Romero": null,
    "Gastón Valles": null,
    "Antoniu Roca": null,
    "Manolo González": null,
    "Fortuño": null,
    "Pablo Ramón": -0.6883734643217232,
    "Roberto Fernández": 2.6522180032337195,
    "Bauzà": null,
    "Marcos Fernández": null,
    "Hugo Pérez": null,
    "Salinas": -3.0066565800380807,
    "Javi Hernández": null,
    "Dolan": null
  },
  "Betis": {
    "Pau López": null,
    "Isco": 1.0786766336992937,
    "Bakambu": -2.5494363561622158,
    "Borja Iglesias": null,
    "Marc Roca": -2.9549738813744675,
    "Diego Llorente": -2.5723212079640456,
    "Fornals": -1.2342652506620366,
    "Bartra": 0.8702422824093059,