{
  "Atlético": {
    "Marcos Llorente": -1.6678680215084452,
    "Oblak": -1.1054784212202184,
    "Giménez": -3.2029221925660045,
    "Koke": -2.7340851938308486,
    "Griezmann": -1.8080094969445737,
    "Lenglet": -2.73539559372602,
    "Le Normand": -2.1162111513606585,
    "Galán": -2.891471432022674,
    "Baena": -1.0074550917175351,
    "Sørloth": -2.499755578634144,
    "Pubill": -2.7621427297574552,
    "Molina": -2.793105379521499,
    "Barrios": -1.892043436806956,
    "Simeone": -3.2920872711883153,
    "Giuliano Simeone": 1.4146767029445284,
    "Johnny": -0.458228705376873,
    "Carlos Martín": -2.847258581459644,
    "Julián Alvarez": 1.1372977422405395,
    "Gallagher": -0.27205388341453585,
    "Juan Musso": -2.448338669497352,
    "Ruggeri": -0.12497941219594688,
    "Thiago Almada": 4.220488712214876,
    "Hancko": 0.4872422984723679,
    "Raspadori": -2.870942673701471
  },
  "Athletic": {
    "Lekue": -3.1536415215900337,
    "Iñaki Williams": -1.1101031231626424,
    "Berenguer": 0.3106245035022326,
    "Yuri": -1.572528883183566,
    "Yeray": null,
    "Vesga": -2.5167837059512865,
    "Unai Simón": -0.9316262983517065,
    "Gorosabel": -2.6445734717714497,
    "Vivian": -1.938533718990454,
    "Areso": -0.4966744763144182,
    "Guruzeta": -2.667463870106568,
    "Sancet": -3.088040411957027,
    "Vencedor": -3.174673238676773,
    "De Galarreta": -1.4035437400559014,
    "Nico Williams": 2.332937169289284,
    "Beñat Prados": -3.237763144568717,
    "Robert Navarro": 2.9006874276885863,
    "Nico Serrano": -3.2795153318121106,
    "Paredes": 0.07338197365027721,
    "Jauregizar": 0.8154561997049115,
    "Ernesto Valverde": -1.9942539842048967,
    "Unai Gómez": -3.177177743549986,
    "Boiro": -2.5485202120830164,
    "Sannadi": 10.487574213816831,
    "Álex Padilla": -2.9174240061165646,
    "Urko Izeta": -3.278119539459512,
    "Egiluz": null,
    "Adu Ares": null,
    "Peio Canales": null
  },
  "Villarreal": {
    "Thomas": -2.124677941329911,
    "Denis Suárez": -2.914163142981574,
    "Gerard Moreno": -1.5274100485361264,
    "Parejo": -2.3719531038940533,
    "Pedraza": -3.016615359132535,
    "Ayoze": -2.606462846844604,
    "Comesaña": 1.5820363289385853,
    "Diego Conde": -2.840640595500199,
    "Foyth": 1.9039384756207145,
    "Yéremy Pino": 2.4703946854516268,
    "Akhomach": -2.941854681319689,
    "Rafa Marín": 4.311017551096796,
    "Pape Gueye": 8.897709415008315,
    "Moleiro": -1.2622462336636553,
    "Sergi Cardona": 2.185466535091596,
    "Kambwala": -3.2715732764477257,
    "Santiago Mouriño": 10.58752577507709,
    "Adrià Altimira": -3.259830485927284,
    "Marcelino": -0.9030663605379075,
    "Pépé": 5.0595148120736955,
    "Luiz Júnior": 5.60644407547779,
    "Logan Costa": -3.368305240484948,
    "Pau Navarro": -3.103631867631018,
    "Pau Cabanes": -1.740141436854159,
    "Buchanan": -0.8783688392884903,
    "Etta Eyong": 3.6194730778886575,
    "Danjuma": null
  },
  "Barcelona": {
    "Ter Stegen": -3.2571404848367735,
    "Ferran Torres": 3.6791766161558215,
    "Oriol Romeu": null,
    "De Jong": 1.7210793946636604,
    "Koundé": -1.2029194200056104,
    "Iñaki Peña": -2.5731411395288895,
    "Ronald Araújo": 4.426557474653237,
    "Pedri": 0.5830810996959146,
    "Eric García": 3.48012095702821,
    "Gavi": 1.2375083509449603,
    "Balde": 0.8745700065069251,
    "Joan García": 5.5055693359359115,
    "Christensen": -2.837780932217515,
    "Raphinha": 0.7617579823804066,
    "Lewandowski": -0.5481774354705315,
    "Fermín": 0.8910858982660308,
    "Yamal": 0.2608217216993447,
    "Cubarsi": 1.479020498649275,
    "Héctor Fort": null,
    "Hansi Flick": -3.1195863912916844,
    "Marc Casadó": -2.036951229531958,
    "Dani Olmo": -0.45963775726240996,
    "Marc Bernal": null,
    "Gerard Martín": null,
    "Szczęsny": null,
    "Bardghji": null,
    "Rashford": 1.0810895186778469,
    "Iñigo Martínez": null
  },
  "Rayo Vallecano": {
    "Gumbau": -3.1443337473009425,
    "Lejeune": -1.3220676384161356,
    "Unai López": 3.059177072756314,
    "Trejo": -3.2173686344939445,
    "Álvaro García": 4.346642852029259,
    "De Frutos": 6.1601391639035,
    "Camello": -2.9596963173988633,
    "Pacha Espino": -2.3808132451957786,
    "Dani Cárdenas": -2.1597502788740064,
    "Isi Palazón": 3.840299731221175,
    "Óscar Valentín": -2.553924027304688,
    "Balliu": -3.0542542452396737,
    "Nteka": -2.5437394155163773,
    "Pathé Ciss": 2.6964439896338233,
    "Luiz Felipe": -3.0057580658454763,
    "Chavarría": 4.999873751338502,
    "Mumin": -2.9571234802687307,
    "Fran Pérez": -2.930147209476419,
    "Ratiu": 1.2744515026985148,
    "Batalla": 0.7398844504508784,
    "Íñigo Pérez": -3.5712224576118334,
    "Pelayo": -3.089593613766295,
    "Pedro Díaz": -0.6327259830512744,
    "Etienne Eto'O": null,
    "Vertrouwd": -2.9485354173268363
  },
  "Real Oviedo": {
    "Álvaro Lemos": null,
    "David Costas": -2.927321025441143,
    "Escandell": 4.478600950366096,
    "Nacho Vidal": -1.8006637823039462,
    "Cazorla": -2.1295751551536735,
    "Calvo": -2.430040043452708,
    "Chaira": 1.201605641010306,
    "Eric Bailly": null,
    "Moldovan": -2.858301272883934,
    "Hassan": -2.1729812696972273,
    "Ahijado": -3.085825444881296,
    "Viñas": -3.0251938805999523,
    "Colombatto": -3.118371280529053,
    "Luengo": -2.66980149830498,
    "Cardero": -2.1033225185769555,
    "Sibo": -1.8229169142766954,
    "Alhassane": -2.844387391088732,
    "Dominguès": -2.8935246067947618,
    "Forés": -2.1548679150709127,
    "Borja Sánchez": -2.5532186669417922,
    "Rondón": -1.6942532238181651,
    "Alberto Reina": -3.2379177000154247,
    "Paunovic": -2.924142718185019,
    "Luka Ilic": -2.381820220938713,
    "Ejaria": -2.1033225185769555,
    "Yayo González": null
  },
  "Alavés": {
    "Jonny Castro": -0.6347771799374735,
    "Mariano": -1.8569135483075372,
    "Aleñá": 6.139404844710006,
    "Raúl Fernández": -2.0821528822544844,
    "Sivera": -0.27703895825034186,
    "Guridi": -1.970668010201726,
    "Pablo Ibáñez": -2.772823716690387,
    "Nikola Maras": -3.0543996198255874,
    "Guevara": -2.821306787773137,
    "Antonio Blanco": 1.3393366028915166,
    "Tenaglia": 6.214691809958683,
    "Benavidez": -3.272364108876702,
    "Abde Rebbach": -2.5299749729303045,
    "Carlos Vicente": -1.8108784464225147,
    "Moussa Diarra": -2.745991038321871,
    "Hugo Novoa": -2.631578947368418,
    "Toni Martínez": 4.434037320808826,
    "Eduardo Coudet": -3.754220634379446,
    "Facundo Garcés": 3.309914636591338,
    "Victor Parada": 0.9640430665046829,
    "Yusi Enríquez": -2.2539382772232885,
    "Calebe": -2.7874717687598305,
    "Albarracín": null,
    "Adrián Rodríguez": null,
    "Villalibre": null
  },
  "Celta": {
    "Iago Aspas": 0.9224072819390639,
    "Borja Iglesias": -0.7698909719374036,
    "Iván Villar": -2.7794240535558346,
    "Damián Rodríguez": -3.190129636186745,
    "Claudio Giráldez": -3.6571529364919475,
    "Fran Beltrán": -1.602752327586876,
    "Aidoo": -3.1945875218628794,
    "Carreira": -2.720494412723784,
    "Mingueza": 1.2238828565409587,
    "Ilaix Moriba": 0.4999460584515836,
    "Carlos Dominguez": -2.298369039192172,
    "Franco Cervi": -3.0310134719936044,
    "Jutglà": -0.10587658162033442,
    "Swedberg": -2.7826844367852654,
    "Marcos Alonso": -0.6206689283045796,
    "Pablo Durán": -1.7979061506823713,
    "Bryan Zaragoza": 0.35566984662598333,
    "Starfelt": -3.311032881942555,
    "Sotelo": -2.4249657154683635,
    "Ristic": -1.048709101280143,
    "Hugo Álvarez": -3.140555746696083,
    "Marc Vidal": -2.651844658884772,
    "Javi Rodríguez": -0.3625070817461995,
    "El-Abdellaoui": -2.9755931562748694,
    "Yoel Lago": 5.262654709647108,
    "Ionut Radu": -2.289888141636698,
    "Javier Rueda": -2.7273444260897617,
    "Manu Fernández": -1.2046219893349641,
    "Miguel Román": -0.336511846336629
  },
  "Espanyol": {
    "Kike García": -2.6119254862212005,