{
  "Atlético": {
    "Marcos Llorente": 0.7555410284502351,
    "Oblak": 0.5097757118587287,
    "Giménez": -3.1297885853320384,
    "Koke": -2.4261588296342507,
    "Griezmann": 0.14148610742514833,
    "Lenglet": -1.016902450993984,
    "Le Normand": 0.9663801151891471,
    "Galán": -2.209528067157429,
    "Baena": 1.2193374461194617,
    "Sørloth": -1.8772643732310579,
    "Pubill": -1.3330617488384489,
    "Molina": -2.1494814141366003,
    "Barrios": -2.1220038532495766,
    "Simeone": -3.282951115642607,
    "Giuliano Simeone": 1.6591682882597825,
    "Johnny": 1.4214601970341745,
    "Carlos Martín": -2.8672205375027793,
    "Julián Alvarez": 0.5636724782726255,
    "Gallagher": -1.7467980504549119,
    "Juan Musso": -2.4612126566740833,
    "Ruggeri": 0.4763354833113187,
    "Thiago Almada": 1.4951090319020643,
    "Hancko": 0.6042668009219598,
    "Raspadori": -1.7867023153047779
  },
  "Athletic": {
    "Lekue": -2.6904987957703796,
    "Iñaki Williams": 0.9327669093624369,
    "Berenguer": 1.2888026538990793,
    "Yuri": 0.33756100627098107,
    "Yeray": null,
    "Vesga": -2.676745013107662,
    "Unai Simón": 0.20621842643786525,
    "Gorosabel": -2.405268403189531,
    "Vivian": 0.2888575417897332,
    "Areso": 1.3864879753237247,
    "Guruzeta": -1.7608850290299904,
    "Sancet": -3.0571748338604654,
    "Vencedor": -3.0366752867683533,
    "De Galarreta": -0.44369270835127317,
    "Nico Williams": 0.5610477772111322,
    "Beñat Prados": -3.163205125167856,
    "Robert Navarro": -2.3837240157581596,
    "Nico Serrano": -3.113669749335146,
    "Paredes": -0.32458822497470896,
    "Adu Ares": -3.106881376341797,
    "Jauregizar": 2.270277660808362,
    "Ernesto Valverde": -3.2642087012241694,
    "Unai Gómez": -3.092995478934635,
    "Boiro": -2.5270838135427964,
    "Sannadi": 1.5667602771061828,
    "Álex Padilla": null,
    "Urko Izeta": null,
    "Egiluz": null,
    "Peio Canales": null
  },
  "Villarreal": {
    "Thomas": -0.524524226740497,
    "Denis Suárez": -2.956695296879852,
    "Gerard Moreno": -0.90206409470871,
    "Parejo": -1.7687702395910665,
    "Pedraza": -2.737285546245005,
    "Ayoze": -2.377858758320728,
    "Comesaña": -0.16469097729191473,
    "Diego Conde": -2.4001235748734917,
    "Foyth": 1.7694626532674063,
    "Yéremy Pino": 1.3291835940674623,
    "Akhomach": -2.3962648271353526,
    "Rafa Marín": 2.660964030738011,
    "Pape Gueye": 6.3635422348777615,
    "Moleiro": 1.0924843613500768,
    "Sergi Cardona": 2.6651202376406946,
    "Kambwala": -3.277486414362496,
    "Santiago Mouriño": 7.748334544597335,
    "Adrià Altimira": -2.8728292014752688,
    "Marcelino": -3.2061185005244908,
    "Pépé": 4.183288787692341,
    "Luiz Júnior": 4.436687188570065,
    "Logan Costa": -3.2711225066413774,
    "Pau Navarro": null,
    "Pau Cabanes": null,
    "Buchanan": -1.6647392255524807,
    "Etta Eyong": null,
    "Danjuma": null
  },
  "Barcelona": {
    "Ter Stegen": -3.1795300104167312,
    "Ferran Torres": 3.0359078242204296,
    "Oriol Romeu": null,
    "De Jong": 1.7614468745679401,
    "Koundé": 0.6669945378004138,
    "Iñaki Peña": -2.374244617693544,
    "Ronald Araújo": 3.3463536617780676,
    "Pedri": 0.7879166790154102,
    "Eric García": -0.02720236477724569,
    "Gavi": 0.22795307488288064,
    "Balde": 0.9674524170506293,
    "Joan García": null,
    "Christensen": -1.2633082060738432,
    "Raphinha": 0.8685402980061596,
    "Lewandowski": -2.178983180231231,
    "Fermín": 5.600212228875168,
    "Yamal": -0.0623423335631923,
    "Cubarsi": 1.6987066146221697,
    "Héctor Fort": null,
    "Hansi Flick": -2.8846150822152583,
    "Marc Casadó": -0.4655556731600119,
    "Dani Olmo": -0.5793280590233318,
    "Marc Bernal": null,
    "Gerard Martín": null,
    "Szczęsny": null,
    "Bardghji": null,
    "Rashford": null,
    "Iñigo Martínez": null
  },
  "Rayo Vallecano": {
    "Gumbau": -3.053194910369672,
    "Lejeune": -0.5960786455427414,
    "Unai López": 0.48297714693499305,
    "Trejo": -3.037093492524434,
    "Álvaro García": 3.678478189672907,
    "De Frutos": 7.077481008898734,
    "Camello": -2.5035938213120335,
    "Pacha Espino": -2.3646116724529875,
    "Dani Cárdenas": -2.140721660518452,
    "Isi Palazón": 3.232998260670583,
    "Óscar Valentín": -2.5791652627360384,
    "Balliu": -2.572255545365776,
    "Nteka": -2.305270222532474,
    "Pathé Ciss": 0.44793839111718636,
    "Luiz Felipe": -1.355695044760341,
    "Chavarría": 3.0605099732573082,
    "Mumin": -2.944402227984555,
    "Fran Pérez": -2.26771505544765,
    "Ratiu": 2.0512461534311965,
    "Batalla": 1.6066806262821753,
    "Íñigo Pérez": -3.509773360873647,
    "Pelayo": null,
    "Pedro Díaz": -0.8674553035377008,
    "Etienne Eto'O": null,
    "Vertrouwd": null
  },
  "Real Oviedo": {
    "Álvaro Lemos": null,
    "David Costas": -2.9492361388885335,
    "Escandell": 2.040735528221971,
    "Nacho Vidal": -1.5153987604625052,
    "Cazorla": -0.3605215910637227,
    "Calvo": -2.3022372876870367,
    "Chaira": -0.2881644120171445,
    "Moldovan": -2.6845780092016325,
    "Hassan": -0.6851945381679769,
    "Ahijado": -3.0635446494213348,
    "Viñas": -2.847913953763681,
    "Colombatto": -2.8371619528172465,
    "Luengo": -2.1843400620093045,
    "Cardero": null,
    "Sibo": -0.8085479271232154,
    "Alhassane": -2.4213852654432655,
    "Dominguès": -2.9147425517595194,
    "Forés": -2.1354024307697173,
    "Borja Sánchez": -2.561438645263936,
    "Rondón": -0.45924972495604566,
    "Alberto Reina": -2.861424832016002,
    "Paunovic": null,
    "Luka Ilic": -2.0127948211842828,
    "Ejaria": null,
    "Yayo González": null
  },
  "Alavés": {
    "Jonny Castro": -2.184476000393598,
    "Mariano": 0.9405173649987386,
    "Aleñá": -1.2153193545229812,
    "Raúl Fernández": -2.0466082763873183,
    "Sivera": -0.5870640942535865,
    "Guridi": -1.8584243667191025,
    "Pablo Ibáñez": -2.8790321268181485,
    "Nikola Maras": -3.0784823806836115,
    "Guevara": -2.854676081735652,
    "Antonio Blanco": -2.0559449117176776,
    "Tenaglia": -0.9682704299897593,
    "Benavidez": -3.1673939925890293,
    "Abde Rebbach": -2.848616386326641,
    "Carlos Vicente": 0.7294150722631842,
    "Moussa Diarra": -2.3273781703373797,
    "Hugo Novoa": -2.64365973446814,
    "Toni Martínez": -2.5644277128327064,
    "Eduardo Coudet": -3.7438382387895874,
    "Facundo Garcés": 0.24610560250382107,
    "Victor Parada": -2.4399297369205653,
    "Yusi Enríquez": -2.242547434612596,
    "Calebe": -3.184531987153749,
    "Albarracín": null,
    "Adrián Rodríguez": null,
    "Villalibre": null
  },
  "Celta": {
    "Iago Aspas": 1.2210656653337537,
    "Borja Iglesias": null,
    "Iván Villar": -2.426139466966881,
    "Damián Rodríguez": -3.0417465489060547,
    "Claudio Giráldez": -3.673633384133357,
    "Fran Beltrán": -1.897242599024529,
    "Aidoo": -2.6672482208064063,
    "Carreira": -1.4840155076546568,
    "Mingueza": 1.045673623945631,
    "Ilaix Moriba": 1.3311752883718775,
    "Carlos Dominguez": -2.2904879866483374,
    "Franco Cervi": -3.054718831798209,
    "Jutglà": 1.936587047324534,
    "Swedberg": -2.484381621290499,
    "Marcos Alonso": 1.3349787274436808,
    "Pablo Durán": -1.7415043810613318,
    "Bryan Zaragoza": 4.298630428240169,
    "Starfelt": 0.025979346043381035,
    "Sotelo": -2.6732875610381845,
    "Ristic": -1.1096420395052098,
    "Hugo Álvarez": -2.4616551600931236,
    "Marc Vidal": -2.689359150912929,
    "Javi Rodríguez": null,
    "El-Abdellaoui": null,
    "Yoel Lago": null,
    "Ionut Radu": null,
    "Javier Rueda": null,
    "Manu Fernández": null
  },
  "Espanyol": {
    "Kike García": -1.5652661333632523,
    "Dmitrovic": 0.1774391785874574,
    "Cabrera": -1.2867231305711102,
    "Calero": -2.7817597498149937,
    "Puado": 0.9068385716598071,
    "Pere Milla": -2.8302080508144645,
    "Pol Lozano": -2.340169151453275,
    "Expósito": -0.3336768684945146,
    "Miguel Rubio": -2.832283841409311,