{
  "Atlético": {
    "Marcos Llorente": -0.3601613191560382,
    "Oblak": 0.007502242721924013,
    "Giménez": -2.0790912244452953,
    "Koke": -2.955123221532996,
    "Griezmann": -1.5481386797041474,
    "Lenglet": -1.3529198445296098,
    "Le Normand": 0.8025174100065424,
    "Galán": -2.7695508038472427,
    "Baena": 2.438456087337726,
    "Sørloth": -1.2050623135755445,
    "Pubill": null,
    "Molina": -2.7660320945706918,
    "Barrios": 1.3365905412117796,
    "Simeone": -3.1779932267898547,
    "Giuliano Simeone": 1.5810828937893096,
    "Johnny": 2.3456794632944256,
    "Carlos Martín": -2.921151144955314,
    "Julián Alvarez": 1.5126860897358263,
    "Gallagher": -2.5306697135633494,
    "Juan Musso": -2.853522364820893,
    "Ruggeri": 0.8927113604279002,
    "Thiago Almada": -0.19092470377291004,
    "Hancko": null
  },
  "Athletic": {
    "Lekue": -2.9887490125396043,
    "Iñaki Williams": -0.5378828865243546,
    "Berenguer": 0.04975534864299913,
    "Yuri": -1.302612141017745,
    "Yeray": -2.3447049742359893,
    "Vesga": -2.801453432527534,
    "Unai Simón": -0.6314057937883755,
    "Gorosabel": -2.7662165191942534,
    "Vivian": 1.0833884652441839,
    "Areso": 1.7434343452051637,
    "Guruzeta": -2.0454977637428318,
    "Sancet": -1.3815320636703987,
    "Vencedor": -3.1209198024081175,
    "De Galarreta": 0.46856624131317304,
    "Nico Williams": 1.3240949786908374,
    "Beñat Prados": -2.4184501887913323,
    "Robert Navarro": -1.8483918770990537,
    "Nico Serrano": -3.207904306872089,
    "Paredes": -1.5740905004874017,
    "Adu Ares": -3.106538861919672,
    "Jauregizar": 3.861175093806879,
    "Ernesto Valverde": null,
    "Unai Gómez": -2.443816321622272,
    "Boiro": -2.0906487986563804,
    "Sannadi": 4.207455772908886,
    "Álex Padilla": null,
    "Peio Canales": null,
    "Urko Izeta": null,
    "Egiluz": null
  },
  "Barcelona": {
    "Ter Stegen": -3.2572871417937854,
    "Iñigo Martínez": 0.6871650148016384,
    "Ferran Torres": -1.5447007999490614,
    "Oriol Romeu": null,
    "De Jong": -0.6314693806964145,
    "Koundé": -0.5060782826430632,
    "Iñaki Peña": -2.495583057145101,
    "Ronald Araújo": -2.2124304411068274,
    "Pedri": -0.33152530818153503,
    "Eric García": -2.4277007609278534,
    "Gavi": -0.11066258102109261,
    "Balde": 1.0291943816863158,
    "Joan García": null,
    "Christensen": -2.8439426502536724,
    "Raphinha": 1.4482331528272052,
    "Lewandowski": 1.6042021097165682,
    "Fermín": -1.2181017575709885,
    "Yamal": 2.3702249538345876,
    "Cubarsi": -0.19833786662546427,
    "Héctor Fort": null,
    "Hansi Flick": null,
    "Marc Casadó": -1.2396837739082955,
    "Dani Olmo": -0.9623918512610796,
    "Marc Bernal": null,
    "Gerard Martín": null,
    "Szczęsny": null,
    "Bardghji": null,
    "Rashford": null
  },
  "Villarreal": {
    "Denis Suárez": -2.907889819549403,
    "Gerard Moreno": -2.2099841279635934,
    "Parejo": -1.593042715479831,
    "Pedraza": -2.8234948151178663,
    "Ayoze": 0.9642785581685187,
    "Comesaña": -1.457882223298168,
    "Diego Conde": -1.6604594621211777,
    "Foyth": 0.9091247311115991,
    "Yéremy Pino": -0.3226260503665812,
    "Danjuma": null,
    "Akhomach": -2.4479596964788852,
    "Rafa Marín": 1.5445181747716363,
    "Pape Gueye": -0.6115032400018872,
    "Moleiro": 6.358122242178754,
    "Sergi Cardona": 0.5225804135415624,
    "Kambwala": -2.7367404818948504,
    "Santiago Mouriño": 3.1429127317898153,
    "Adrià Altimira": null,
    "Marcelino": -2.9237707149908476,
    "Pépé": -0.5131710787938948,
    "Luiz Júnior": 0.7435495624471988,
    "Logan Costa": -3.30044594282366,
    "Pau Navarro": null,
    "Pau Cabanes": null,
    "Buchanan": null,
    "Etta Eyong": null
  },
  "Rayo Vallecano": {
    "Gumbau": -3.039555811767536,
    "Lejeune": -0.07549611251026489,
    "Unai López": -2.0225583885828735,
    "Trejo": -3.051906779112279,
    "Álvaro García": -0.6578232152076535,
    "De Frutos": 1.0020049963452182,
    "Camello": -2.4173845588894127,
    "Pacha Espino": -2.4895930435277602,
    "Dani Cárdenas": -2.3813075276121087,
    "Isi Palazón": 1.2718070071649157,
    "Óscar Valentín": -2.4303158264288194,
    "Balliu": -2.056945411977207,
    "Nteka": -2.526660801579761,
    "Pathé Ciss": -0.6780179873561498,
    "Luiz Felipe": 0.3927736017753647,
    "Chavarría": 2.8180621756039415,
    "Mumin": -2.838354368977325,
    "Ratiu": 3.7497472669243415,
    "Batalla": 2.393522345559118,
    "Íñigo Pérez": null,
    "Pelayo": null,
    "Pedro Díaz": -1.3267492283732585,
    "Etienne Eto'O": null
  },
  "Real Oviedo": {
    "Álvaro Lemos": null,
    "David Costas": -2.3223224463498005,
    "Escandell": -0.6540688673595918,
    "Nacho Vidal": -0.04169306546220053,
    "Cazorla": null,
    "Calvo": null,
    "Chaira": null,
    "Moldovan": null,
    "Hassan": 2.9238915465912063,
    "Ahijado": null,
    "Viñas": null,
    "Colombatto": null,
    "Luengo": -1.169794990202433,
    "Cardero": null,
    "Sibo": 1.976878401863491,
    "Alhassane": -1.1886408676855753,
    "Dominguès": null,
    "Forés": null,
    "Yayo González": null,
    "Borja Sánchez": null,
    "Rondón": null,
    "Alberto Reina": null,
    "Paunovic": null,
    "Luka Ilic": null
  },
  "Alavés": {
    "Jonny Castro": -1.3831603253919522,
    "Aleñá": null,
    "Villalibre": -2.944447372854464,
    "Raúl Fernández": null,
    "Sivera": -0.27085286945870424,
    "Guridi": -1.4452671407208961,
    "Pablo Ibáñez": null,
    "Nikola Maras": null,
    "Guevara": -2.791455176153612,
    "Antonio Blanco": -1.613630506154129,
    "Tenaglia": -0.7710197799445151,
    "Benavidez": -3.151880518594974,
    "Abde Rebbach": null,
    "Carlos Vicente": 1.1779582806971778,
    "Moussa Diarra": -1.440106030313626,
    "Hugo Novoa": -2.995619339323896,
    "Toni Martínez": -1.4860170554566787,
    "Eduardo Coudet": null,
    "Facundo Garcés": 0.6731944117910116,
    "Adrián Rodríguez": null,
    "Victor Parada": null,
    "Yusi Enríquez": null,
    "Calebe": null
  },
  "Celta": {
    "Iago Aspas": null,
    "Iván Villar": -2.4751096643902404,
    "Damián Rodríguez": -3.1092225344680813,
    "Claudio Giráldez": null,
    "Fran Beltrán": -2.0094485959811004,
    "Aidoo": -2.989194955135843,
    "Carreira": null,
    "Mingueza": 1.0373579899236596,
    "Ilaix Moriba": null,
    "Carlos Dominguez": -2.6964426933075325,
    "Franco Cervi": -3.246252403445171,
    "Jutglà": null,
    "Swedberg": -2.511818610142036,
    "Marcos Alonso": 1.4073703404576143,
    "Pablo Durán": -1.5246230269181704,
    "Bryan Zaragoza": null,
    "Starfelt": 0.3397261715783584,
    "Sotelo": -2.5065337546410715,
    "Ristic": -1.540850159525764,
    "Hugo Álvarez": -2.487830262142976,
    "Marc Vidal": null,
    "Javi Rodríguez": null,
    "El-Abdellaoui": null,
    "Yoel Lago": null,
    "Ionut Radu": null,
    "Javier Rueda": null,
    "Manu Fernández": null
  },
  "Espanyol": {
    "Kike García": -1.4799159495632264,
    "Dmitrovic": 0.5406803440376695,
    "Cabrera": -1.4348216255700819,
    "Calero": -2.4210733472993407,
    "Puado": 2.0045584129190885,
    "Pere Milla": -2.9494646238241606,
    "Pol Lozano": -1.8976978747093698,
    "Expósito": 0.7362024443545945,
    "Miguel Rubio": -3.073352892647774,
    "Jofre Carreras": -2.2067962653652407,
    "Terrats": -0.6268764246513792,
    "Rubén Sánchez": -2.4849160132024317,
    "El Hilali": -0.2770404539968352,
    "Carlos Romero": null,
    "Gastón Valles": null,
    "Antoniu Roca": null,
    "Manolo González": null,
    "Fortuño": null,
    "Pablo Ramón": -0.5356861509374533,
    "Roberto Fernández": 2.391117061559256,
    "Bauzà": null,
    "Marcos Fernández": null,
    "Salinas": -3.0060638910532234,
    "Javi Hernández": null,
    "Dolan": null,
    "Hugo Pérez": null
  },
  "Betis": {
    "Pau López": null,
    "Isco": 1.148195060642343,
    "Bakambu": -2.4506179850128484,
    "Borja Iglesias": null,
    "Marc Roca": -2.9683189111249897,