{
  "Atlético": {
    "Marcos Llorente": -0.4765187490816114,
    "Oblak": -0.08074311532048073,
    "Giménez": -2.1771372227324837,
    "Koke": -3.017917936507597,
    "Griezmann": -1.1607214668968968,
    "Lenglet": -1.5112628387545457,
    "Le Normand": 1.0431144825407301,
    "Galán": -2.675035454468677,
    "Baena": 2.460156756622678,
    "Sørloth": -1.5356747315623198,
    "Pubill": null,
    "Molina": -2.621221067788515,
    "Barrios": 1.2760302691898762,
    "Simeone": -1.657278317990074,
    "Giuliano Simeone": 1.716367929258289,
    "Johnny": 2.618989124249671,
    "Carlos Martín": -2.982088566819119,
    "Julián Alvarez": 1.449532240446083,
    "Gallagher": -2.5763130286148184,
    "Juan Musso": -2.9258458909981355,
    "Ruggeri": 0.6499353936237462,
    "Thiago Almada": -0.1193472771374493,
    "Hancko": null
  },
  "Athletic": {
    "Lekue": -2.997354305356703,
    "Iñaki Williams": -0.5035362936012033,
    "Berenguer": 1.0806837106206002,
    "Yuri": -1.1999743831959675,
    "Yeray": -2.3242930507030746,
    "Vesga": -2.8472086434054633,
    "Unai Simón": -0.5533787233649279,
    "Gorosabel": -2.7814016979790246,
    "Vivian": 1.072701589610614,
    "Areso": 1.4290389644034063,
    "Guruzeta": -2.0356877007353114,
    "Sancet": -2.051230733046805,
    "Vencedor": -3.0160575798756306,
    "De Galarreta": -0.045149341566907975,
    "Nico Williams": 1.1332294106536578,
    "Beñat Prados": -2.381715975385301,
    "Robert Navarro": -1.9195430031654137,
    "Nico Serrano": -3.1902046071811907,
    "Paredes": -1.5703617518233792,
    "Adu Ares": -3.2112766215477873,
    "Jauregizar": 3.8069538287616833,
    "Ernesto Valverde": -3.5892288122823524,
    "Unai Gómez": -2.461004247973375,
    "Boiro": -2.317884964827377,
    "Sannadi": 4.586532410320965,
    "Álex Padilla": null,
    "Peio Canales": null,
    "Urko Izeta": null,
    "Egiluz": null
  },
  "Barcelona": {
    "Ter Stegen": -3.259696737876938,
    "Iñigo Martínez": -0.3540822405173616,
    "Ferran Torres": -1.4980809382307503,
    "Oriol Romeu": null,
    "De Jong": -0.6312632387444728,
    "Koundé": -0.5383593427588984,
    "Iñaki Peña": -2.4055252604553434,
    "Ronald Araújo": -1.3305786110890172,
    "Pedri": -0.5008690219353018,
    "Eric García": -2.003049966056558,
    "Gavi": -0.4366107292801069,
    "Balde": 0.9923668279644859,
    "Joan García": null,
    "Christensen": -2.31694795649775,
    "Raphinha": 1.321474378249765,
    "Lewandowski": 1.4787367575392674,
    "Fermín": -1.4049286132571615,
    "Yamal": 2.047564683126657,
    "Cubarsi": -0.3046436688541543,
    "Héctor Fort": null,
    "Hansi Flick": null,
    "Marc Casadó": -1.201386111420888,
    "Dani Olmo": -0.9847387301016086,
    "Marc Bernal": null,
    "Gerard Martín": null,
    "Szczęsny": null,
    "Bardghji": null,
    "Rashford": null
  },
  "Villarreal": {
    "Denis Suárez": -2.79769601055766,
    "Gerard Moreno": -1.7900197586326771,
    "Parejo": -1.4049361052753229,
    "Pedraza": -2.9244228281055107,
    "Ayoze": 0.4817849869947155,
    "Comesaña": -1.3835032017291748,
    "Diego Conde": -1.652706235282131,
    "Foyth": 1.103765039253024,
    "Yéremy Pino": -0.9028210854187035,
    "Danjuma": null,
    "Akhomach": -2.502347795241633,
    "Rafa Marín": 1.7946472538472813,
    "Pape Gueye": -0.0600820390589174,
    "Moleiro": 6.094703541069979,
    "Sergi Cardona": 0.9344578330281017,
    "Kambwala": -2.693213182277776,
    "Santiago Mouriño": 4.084143277754992,
    "Adrià Altimira": null,
    "Marcelino": 2.5003382880857794,
    "Pépé": 0.706680195766296,
    "Luiz Júnior": 1.2547306469814279,
    "Logan Costa": -3.3194491478607313,
    "Pau Navarro": null,
    "Pau Cabanes": null,
    "Buchanan": null,
    "Etta Eyong": null
  },
  "Rayo Vallecano": {
    "Gumbau": -2.958081483867059,
    "Lejeune": -0.0981937296318236,
    "Unai López": -2.2607797887876924,
    "Trejo": -2.9384901565869592,
    "Álvaro García": -0.6990804783696292,
    "De Frutos": 0.7673021436185312,
    "Camello": -2.2804463524877416,
    "Pacha Espino": -2.521373290957718,
    "Dani Cárdenas": -1.998333253012896,
    "Isi Palazón": 0.47466100638688946,
    "Óscar Valentín": -2.4141896749207636,
    "Balliu": -1.881845974001417,
    "Nteka": -2.546989589544002,
    "Pathé Ciss": -0.6916154431441557,
    "Luiz Felipe": 0.6288022674342475,
    "Chavarría": 2.3466083902169643,
    "Mumin": -2.6952261223608054,
    "Ratiu": 3.058507266467303,
    "Batalla": 2.2426949966209753,
    "Íñigo Pérez": null,
    "Pelayo": null,
    "Pedro Díaz": -1.5723686803807202,
    "Etienne Eto'O": null
  },
  "Real Oviedo": {
    "Álvaro Lemos": null,
    "David Costas": -2.354841737789104,
    "Escandell": -0.37681986676015855,
    "Nacho Vidal": -0.06612495792477358,
    "Cazorla": null,
    "Calvo": null,
    "Chaira": null,
    "Moldovan": null,
    "Hassan": 2.3155412017722865,
    "Ahijado": null,
    "Viñas": null,
    "Colombatto": null,
    "Luengo": -1.390325654432223,
    "Cardero": null,
    "Sibo": 1.5355854435474159,
    "Alhassane": -1.1064204449686366,
    "Dominguès": null,
    "Forés": null,
    "Yayo González": null,
    "Borja Sánchez": null,
    "Rondón": null,
    "Alberto Reina": null,
    "Paunovic": null,
    "Luka Ilic": null
  },
  "Alavés": {
    "Jonny Castro": -1.4056434836689613,
    "Aleñá": null,
    "Villalibre": -2.99187668925035,
    "Raúl Fernández": null,
    "Sivera": -0.5961830276816071,
    "Guridi": -1.4498904694375536,
    "Pablo Ibáñez": null,
    "Nikola Maras": null,
    "Guevara": -2.887174474287235,
    "Antonio Blanco": -1.5147857298337342,
    "Tenaglia": -0.5220706195182667,
    "Benavidez": -3.1850739596089195,
    "Abde Rebbach": null,
    "Carlos Vicente": 1.322644444153287,
    "Moussa Diarra": -1.8097926781219575,
    "Hugo Novoa": -2.9958367654477125,
    "Toni Martínez": -2.147850002662699,
    "Eduardo Coudet": null,
    "Facundo Garcés": 0.09753289473684035,
    "Adrián Rodríguez": null,
    "Victor Parada": null,
    "Yusi Enríquez": null,
    "Calebe": null
  },
  "Celta": {
    "Iago Aspas": null,
    "Iván Villar": -2.3065767284991545,
    "Damián Rodríguez": -3.0789055795565345,
    "Claudio Giráldez": null,
    "Fran Beltrán": -2.0214899933226005,
    "Aidoo": -3.050700114874727,
    "Carreira": null,
    "Mingueza": 1.0921043722390777,
    "Ilaix Moriba": null,
    "Carlos Dominguez": -2.7006986435059166,
    "Franco Cervi": -3.2663100667854605,
    "Jutglà": null,
    "Swedberg": -2.5601802905624083,
    "Marcos Alonso": 1.9436708233344424,
    "Pablo Durán": -1.5577190112770478,
    "Bryan Zaragoza": null,
    "Starfelt": 0.3825926393380641,
    "Sotelo": -2.601765503500564,
    "Ristic": -1.5775488591508569,
    "Hugo Álvarez": -2.5478224388068127,
    "Marc Vidal": null,
    "Javi Rodríguez": null,
    "El-Abdellaoui": null,
    "Yoel Lago": null,
    "Ionut Radu": null,
    "Javier Rueda": null,
    "Manu Fernández": null
  },
  "Espanyol": {
    "Kike García": -1.637220457897759,
    "Dmitrovic": 0.4276386160651624,
    "Cabrera": -1.5734113398164773,
    "Calero": -2.3276320303399323,
    "Puado": 1.8647594090427377,
    "Pere Milla": -2.9906353475109726,
    "Pol Lozano": -1.8280676057301326,
    "Expósito": 1.0437955148314915,
    "Miguel Rubio": -3.0144366303866077,
    "Jofre Carreras": -2.1676408443215833,
    "Terrats": -0.6170252225890294,
    "Rubén Sánchez": -2.493092044982259,
    "El Hilali": -0.29986524726857144,
    "Carlos Romero": null,
    "Antoniu Roca": null,
    "Manolo González": null,
    "Fortuño": null,
    "Pablo Ramón": -0.6221086179630131,
    "Roberto Fernández": 2.2983261885197503,
    "Bauzà": null,
    "Marcos Fernández": null,
    "Salinas": -3.0632417049428318,
    "Javi Hernández": null,
    "Dolan": null,
    "Gastón Valles": null,
    "Hugo Pérez": null
  },
  "Betis": {
    "Pau López": null,
    "Isco": 1.3990560566565557,
    "Bakambu": -2.5179078904429497,
    "Borja Iglesias": null,
    "Marc Roca": -3.0321113892556095,