{
  "Atlético": {
    "Marcos Llorente": -0.04785988752702419,
    "Oblak": -0.0524223986459571,
    "Giménez": -0.028084813259487973,
    "Koke": -0.01691390143291338,
    "Griezmann": -0.0465305093251156,
    "Lenglet": -0.034494046795396915,
    "Le Normand": -0.06711541318606962,
    "Galán": -0.019898601012346973,
    "Baena": -0.08468192650596951,
    "Sørloth": -0.03811544626107777,
    "Pubill": -0.03925861407454434,
    "Molina": -0.020194601659095923,
    "Barrios": -0.06762143604721604,
    "Simeone": -0.011360820762129631,
    "Giuliano Simeone": -0.07215087603501535,
    "Johnny": -0.0908131458164596,
    "Carlos Martín": -0.014793210442054505,
    "Julián Alvarez": -0.0747570643546025,
    "Gallagher": -0.02375334557914721,
    "Juan Musso": -0.017269548875364915,
    "Ruggeri": -0.06255653213860235,
    "Thiago Almada": -0.05603899947057567,
    "Hancko": -0.0520522829077219
  },
  "Athletic": {
    "Lekue": -0.02031476195548665,
    "Iñaki Williams": -0.05468013116163295,
    "Berenguer": -0.0855125378192878,
    "Yuri": -0.05070372192415018,
    "Yeray": -0.025804132208928632,
    "Vesga": -0.017464074411155384,
    "Unai Simón": -0.047383442362258776,
    "Gorosabel": -0.018647270297422747,
    "Vivian": -0.06463968843526402,
    "Areso": -0.08352223369300082,
    "Guruzeta": -0.0253525286153633,
    "Sancet": -0.011916319610405512,
    "Vencedor": -0.014958499414086113,
    "De Galarreta": -0.05908132860065196,
    "Nico Williams": -0.06513890508792475,
    "Beñat Prados": -0.011738611784017916,
    "Robert Navarro": -0.02524097697039762,
    "Nico Serrano": -0.012721569065810012,
    "Paredes": -0.03129070792025068,
    "Adu Ares": -0.013157340494462932,
    "Jauregizar": -0.09638466055447159,
    "Ernesto Valverde": -0.00651749658751033,
    "Unai Gómez": -0.020715888667044435,
    "Boiro": -0.023486849831200196,
    "Sannadi": -0.10255830649026354,
    "Álex Padilla": null,
    "Peio Canales": null,
    "Urko Izeta": null,
    "Egiluz": null
  },
  "Villarreal": {
    "Thomas": null,
    "Denis Suárez": -0.015125414176375696,
    "Gerard Moreno": -0.03978708783951568,
    "Parejo": -0.03845984445098871,
    "Pedraza": -0.017201833735136507,
    "Ayoze": -0.053783988733080434,
    "Comesaña": -0.03374742727946245,
    "Diego Conde": -0.03198123150076615,
    "Foyth": -0.07361606618671024,
    "Yéremy Pino": -0.038364793929823726,
    "Akhomach": -0.02315345055238227,
    "Rafa Marín": -0.08014681668513379,
    "Pape Gueye": -0.061868734245007495,
    "Moleiro": -0.11899598406671652,
    "Sergi Cardona": -0.059884447642555294,
    "Kambwala": -0.010651283838913894,
    "Santiago Mouriño": -0.12387360773019607,
    "Adrià Altimira": null,
    "Marcelino": -0.013406311089347867,
    "Pépé": -0.0807466641571497,
    "Luiz Júnior": -0.07507355828125784,
    "Logan Costa": -0.010644884927424325,
    "Pau Navarro": null,
    "Pau Cabanes": null,
    "Buchanan": -0.024870581348535037,
    "Etta Eyong": null,
    "Danjuma": null
  },
  "Barcelona": {
    "Ter Stegen": -0.011356847977772588,
    "Ferran Torres": -0.0760315722720617,
    "Oriol Romeu": null,
    "De Jong": -0.051478979449470774,
    "Koundé": -0.05085155103659034,
    "Iñaki Peña": -0.020301960006541275,
    "Ronald Araújo": -0.08928706111441809,
    "Pedri": -0.05528135569256021,
    "Eric García": -0.033955602762669734,
    "Gavi": -0.054590674044863174,
    "Balde": -0.06913761083973124,
    "Joan García": null,
    "Christensen": -0.051399525544471025,
    "Raphinha": -0.07404846857989034,
    "Lewandowski": -0.05101619807399427,
    "Fermín": -0.03400599136400562,
    "Yamal": -0.06531400085728611,
    "Cubarsi": -0.05424400146798458,
    "Héctor Fort": null,
    "Hansi Flick": null,
    "Marc Casadó": -0.03705029022726958,
    "Dani Olmo": -0.044810459209432274,
    "Marc Bernal": null,
    "Gerard Martín": null,
    "Szczęsny": null,
    "Bardghji": null,
    "Rashford": null,
    "Iñigo Martínez": null
  },
  "Rayo Vallecano": {
    "Gumbau": -0.017546785288291566,
    "Lejeune": -0.04843410978637719,
    "Unai López": -0.026641991108233842,
    "Trejo": -0.013869606032934634,
    "Álvaro García": -0.047895682474929924,
    "De Frutos": -0.06263010766822674,
    "Camello": -0.025253003839886823,
    "Pacha Espino": -0.022127172288699537,
    "Dani Cárdenas": -0.0254874474321376,
    "Isi Palazón": -0.06886730267033903,
    "Óscar Valentín": -0.021669075531283166,
    "Balliu": -0.03496868689765176,
    "Nteka": -0.022300241025230427,
    "Pathé Ciss": -0.04753126279749553,
    "Luiz Felipe": -0.06673982870604167,
    "Chavarría": -0.07474584850586385,
    "Mumin": -0.016626133454678005,
    "Ratiu": -0.08300299002652611,
    "Batalla": -0.07281667521280566,
    "Íñigo Pérez": null,
    "Pelayo": null,
    "Pedro Díaz": -0.037263508021656566,
    "Etienne Eto'O": null
  },
  "Real Oviedo": {
    "Álvaro Lemos": null,
    "David Costas": -0.025089188580795785,
    "Escandell": -0.052525833454852844,
    "Nacho Vidal": -0.04845455147841626,
    "Cazorla": null,
    "Calvo": null,
    "Chaira": null,
    "Moldovan": null,
    "Hassan": -0.07614126596005022,
    "Ahijado": null,
    "Viñas": null,
    "Colombatto": null,
    "Luengo": -0.03504606535705834,
    "Cardero": null,
    "Sibo": -0.08214545962249575,
    "Alhassane": -0.0381706542915361,
    "Dominguès": null,
    "Forés": null,
    "Yayo González": null,
    "Borja Sánchez": null,
    "Rondón": null,
    "Alberto Reina": null,
    "Paunovic": null,
    "Luka Ilic": null
  },
  "Alavés": {
    "Jonny Castro": -0.037127964535366154,
    "Mariano": null,
    "Aleñá": -0.048239453155418666,
    "Raúl Fernández": null,
    "Sivera": -0.04961295101910679,
    "Guridi": -0.03987181459771394,
    "Pablo Ibáñez": null,
    "Nikola Maras": null,
    "Guevara": -0.018471451626689284,
    "Antonio Blanco": -0.03784348001218962,
    "Tenaglia": -0.04872141966720811,
    "Benavidez": -0.013512933808068617,
    "Abde Rebbach": null,
    "Carlos Vicente": -0.05759630425633544,
    "Moussa Diarra": -0.027412643134105963,
    "Hugo Novoa": -0.016976800169588024,
    "Toni Martínez": -0.022570768075225178,
    "Eduardo Coudet": null,
    "Facundo Garcés": -0.05997662532601922,
    "Adrián Rodríguez": null,
    "Victor Parada": null,
    "Yusi Enríquez": null,
    "Calebe": null,
    "Villalibre": null
  },
  "Celta": {
    "Iago Aspas": null,
    "Iván Villar": -0.02213232900916129,
    "Damián Rodríguez": -0.013138141062096764,
    "Claudio Giráldez": null,
    "Fran Beltrán": -0.0320212642975215,
    "Aidoo": -0.015830299192653996,
    "Carreira": null,
    "Mingueza": -0.06844864287659513,
    "Ilaix Moriba": null,
    "Carlos Dominguez": -0.02156984902252912,
    "Franco Cervi": -0.011650988176403754,
    "Jutglà": null,
    "Swedberg": -0.023446018813655378,
    "Marcos Alonso": -0.0751627016701839,
    "Pablo Durán": -0.0519295056960134,
    "Bryan Zaragoza": null,
    "Starfelt": -0.06993566238948645,
    "Sotelo": -0.01976986948809545,
    "Ristic": -0.038550186631858274,
    "Hugo Álvarez": -0.02219996139977143,
    "Marc Vidal": null,
    "Javi Rodríguez": null,
    "El-Abdellaoui": null,
    "Yoel Lago": null,
    "Ionut Radu": null,
    "Javier Rueda": null,
    "Manu Fernández": null
  },
  "Espanyol": {
    "Kike García": -0.03996945513228267,
    "Dmitrovic": -0.05785469078386507,
    "Cabrera": -0.03538040168470369,
    "Calero": -0.018086589232668704,
    "Puado": -0.0827316316867055,
    "Pere Milla": -0.01642661215465191,
    "Pol Lozano": -0.032292835109370976,
    "Expósito": -0.07358111619878427,
    "Miguel Rubio": -0.01877077556567963,
    "Jofre Carreras": -0.025229157255068912,
    "Terrats": -0.0397230710767138,
    "Rubén Sánchez": -0.02479272359937612,
    "El Hilali": -0.05427758954134054,
    "Carlos Romero": null,
    "Antoniu Roca": -0.05753317338295094,
    "Manolo González": null,
    "Fortuño": null,
    "Pablo Ramón": -0.051710835198393035,
    "Roberto Fernández": -0.08088198783781086,