{
  "Atlético": {
    "Marcos Llorente": 0.27328056857849337,
    "Oblak": -0.1510703873295438,
    "Giménez": -3.3750970641626243,
    "Koke": -2.7695201786500645,
    "Griezmann": -0.4537841616938043,
    "Lenglet": -1.1490536537379747,
    "Le Normand": 0.7584709193414696,
    "Galán": -2.1657624991713753,
    "Baena": 1.169573659444434,
    "Sørloth": -2.1977509719340094,
    "Pubill": -1.0407267073935689,
    "Molina": -1.941680281712277,
    "Barrios": -2.082842964544651,
    "Simeone": 6.076805530227403,
    "Giuliano Simeone": 0.8431772333904908,
    "Johnny": 1.3972270561553257,
    "Carlos Martín": -2.845119903122506,
    "Julián Alvarez": 0.38691913291031277,
    "Gallagher": -2.032938660417627,
    "Juan Musso": -2.611807517900089,
    "Ruggeri": 0.15913463837824438,
    "Thiago Almada": 1.0374722478944998,
    "Hancko": 0.3840563781475348,
    "Raspadori": null
  },
  "Athletic": {
    "Lekue": -2.220837599556047,
    "Iñaki Williams": 0.6114230200060966,
    "Berenguer": 0.9224625299483646,
    "Yuri": 0.3166791036688599,
    "Yeray": -2.5504532017225023,
    "Vesga": -2.5312678155029134,
    "Unai Simón": -0.16500336384829284,
    "Gorosabel": -2.0240040048376207,
    "Vivian": -0.056900592862618726,
    "Areso": 2.0391893376870085,
    "Guruzeta": -1.4461033588485717,
    "Sancet": -3.2979127207676484,
    "Vencedor": -2.9580529583434045,
    "De Galarreta": 0.4051404602335884,
    "Nico Williams": 0.4850620254742255,
    "Beñat Prados": -3.219356323432465,
    "Robert Navarro": -2.1511800022102956,
    "Nico Serrano": -3.0750832166873243,
    "Paredes": 0.22596313521565659,
    "Adu Ares": -2.992996867211717,
    "Jauregizar": 2.472342270185379,
    "Ernesto Valverde": -2.6315374207956377,
    "Unai Gómez": -3.2424789060896186,
    "Boiro": -2.177421499736687,
    "Sannadi": 2.2567576134063128,
    "Álex Padilla": null,
    "Peio Canales": null,
    "Urko Izeta": null,
    "Egiluz": null
  },
  "Villarreal": {
    "Thomas": null,
    "Denis Suárez": -2.5654869608247255,
    "Gerard Moreno": 0.17317542517270024,
    "Parejo": -0.27859197490394116,
    "Pedraza": -2.315090569585909,
    "Ayoze": -2.977971008860081,
    "Comesaña": -1.295599442020945,
    "Diego Conde": -1.3334677680004292,
    "Foyth": 1.2629385825032813,
    "Yéremy Pino": -0.5027147658727138,
    "Akhomach": -2.128105933461377,
    "Rafa Marín": 1.6811316252257624,
    "Pape Gueye": 0.7825538160612266,
    "Moleiro": 3.0591405453159304,
    "Sergi Cardona": 1.3287435779153256,
    "Kambwala": -3.3693439962309224,
    "Santiago Mouriño": 4.171650645190472,
    "Adrià Altimira": null,
    "Marcelino": -2.1364170231320645,
    "Pépé": 1.1609775982209358,
    "Luiz Júnior": 1.5745202331870711,
    "Logan Costa": -3.3981052092520447,
    "Pau Navarro": null,
    "Pau Cabanes": null,
    "Buchanan": -2.1925084841317277,
    "Etta Eyong": null,
    "Danjuma": null
  },
  "Barcelona": {
    "Ter Stegen": -3.269647186666802,
    "Ferran Torres": 2.663060934507011,
    "Oriol Romeu": null,
    "De Jong": 0.9247861137355207,
    "Koundé": 0.06484378395421597,
    "Iñaki Peña": -2.5527188637753495,
    "Ronald Araújo": 2.4715679616573505,
    "Pedri": 0.33241033319624247,
    "Eric García": -1.3008150695307363,
    "Gavi": -0.8253520344741916,
    "Balde": 0.34101670643682525,
    "Joan García": null,
    "Christensen": -1.5413693865648281,
    "Raphinha": 0.14416918577120352,
    "Lewandowski": -2.6770580368377317,
    "Fermín": 5.334762619851885,
    "Yamal": -0.270418863605526,
    "Cubarsi": 0.8906455532832647,
    "Héctor Fort": null,
    "Hansi Flick": 6.061542301811573,
    "Marc Casadó": -0.8464619160222009,
    "Dani Olmo": -1.1064142817567624,
    "Marc Bernal": null,
    "Gerard Martín": null,
    "Szczęsny": null,
    "Bardghji": null,
    "Rashford": null,
    "Iñigo Martínez": null
  },
  "Rayo Vallecano": {
    "Gumbau": -2.4813123302489526,
    "Lejeune": -0.17719532709659092,
    "Unai López": -1.3571524421010284,
    "Trejo": -2.722813867532381,
    "Álvaro García": 0.03669393549865507,
    "De Frutos": 0.38484630613229154,
    "Camello": -1.7198757571800671,
    "Pacha Espino": -1.7359485030457478,
    "Dani Cárdenas": -2.076331194000003,
    "Isi Palazón": 0.46650324735295623,
    "Óscar Valentín": -1.4325425584442608,
    "Balliu": -0.7158525198528332,
    "Nteka": -1.3119175626780888,
    "Pathé Ciss": -0.8600943011121687,
    "Luiz Felipe": 0.9923499597613183,
    "Chavarría": 1.299377718323269,
    "Mumin": -2.9474751904043694,
    "Ratiu": 0.5091560391685235,
    "Batalla": 1.0294709230696864,
    "Íñigo Pérez": null,
    "Pelayo": null,
    "Pedro Díaz": -1.0729318073103622,
    "Etienne Eto'O": null,
    "Vertrouwd": null
  },
  "Real Oviedo": {
    "Álvaro Lemos": null,
    "David Costas": -3.0542200125055374,
    "Escandell": -0.4571043113683837,
    "Nacho Vidal": -0.009354075296430509,
    "Cazorla": null,
    "Calvo": null,
    "Chaira": null,
    "Moldovan": null,
    "Hassan": 1.3377064620357038,
    "Ahijado": null,
    "Viñas": null,
    "Colombatto": null,
    "Luengo": -0.7790647431042297,
    "Cardero": null,
    "Sibo": 1.1735673081000542,
    "Alhassane": -0.6589627412016297,
    "Dominguès": null,
    "Forés": null,
    "Yayo González": null,
    "Borja Sánchez": null,
    "Rondón": null,
    "Alberto Reina": null,
    "Paunovic": null,
    "Luka Ilic": null
  },
  "Alavés": {
    "Jonny Castro": -0.7172749419928404,
    "Mariano": null,
    "Aleñá": 0.15861892645683273,
    "Raúl Fernández": null,
    "Sivera": -0.3807901376134182,
    "Guridi": -0.34239103968833895,
    "Pablo Ibáñez": null,
    "Nikola Maras": null,
    "Guevara": -2.2001948774515667,
    "Antonio Blanco": -1.20943271662729,
    "Tenaglia": 0.4414846444481979,
    "Benavidez": -2.9145053726720827,
    "Abde Rebbach": null,
    "Carlos Vicente": 0.17008557265492108,
    "Moussa Diarra": -0.971839672659236,
    "Hugo Novoa": -2.834710061451484,
    "Toni Martínez": -2.0194928574648774,
    "Eduardo Coudet": null,
    "Facundo Garcés": 2.322939424031767,
    "Victor Parada": null,
    "Yusi Enríquez": null,
    "Calebe": null,
    "Adrián Rodríguez": null,
    "Villalibre": null
  },
  "Celta": {
    "Iago Aspas": null,
    "Borja Iglesias": null,
    "Iván Villar": -2.095685243940215,
    "Damián Rodríguez": -2.8714705233434223,
    "Claudio Giráldez": 5.996274261744716,
    "Fran Beltrán": -1.204664426326707,
    "Aidoo": -2.5653965555826885,
    "Carreira": null,
    "Mingueza": 0.9130234561637529,
    "Ilaix Moriba": null,
    "Carlos Dominguez": -2.707855506371093,
    "Franco Cervi": -3.208146707093762,
    "Jutglà": null,
    "Swedberg": -2.1668503287027963,
    "Marcos Alonso": 1.3390586754036482,
    "Pablo Durán": -2.376086184758408,
    "Bryan Zaragoza": null,
    "Starfelt": 1.2912598851934076,
    "Sotelo": -2.361262937019981,
    "Ristic": -1.8756462013016284,
    "Hugo Álvarez": -2.090068480945162,
    "Marc Vidal": null,
    "Javi Rodríguez": null,
    "El-Abdellaoui": null,
    "Yoel Lago": null,
    "Ionut Radu": null,
    "Javier Rueda": null,
    "Manu Fernández": null
  },
  "Espanyol": {
    "Kike García": -1.6140215389853552,
    "Dmitrovic": 0.3442851702256444,
    "Cabrera": -0.44604331670810016,
    "Calero": -2.204499596311238,
    "Puado": 0.6226305898311191,
    "Pere Milla": -2.55288469549364,
    "Pol Lozano": -1.26345488147378,
    "Expósito": 0.46156173687390556,
    "Miguel Rubio": -2.206410698330874,
    "Jofre Carreras": -1.6262732701088911,
    "Terrats": -1.3569267542340668,
    "Rubén Sánchez": -2.3118587344224784,
    "El Hilali": 0.06940375916997255,
    "Carlos Romero": null,
    "Antoniu Roca": -0.9199763630143409,
    "Manolo González": null,
    "Fortuño": null,
    "Pablo Ramón": -1.2167221297836983,
    "Roberto Fernández": 0.9588168217519621,
    "Bauzà": null,
    "Marcos Fernández": null,
    "Salinas": -2.8157862423516478,
    "Javi Hernández": null,
    "Dolan": null,
    "Gastón Valles": null,