{
  "Atlético": {
    "Marcos Llorente": 0.16930188927346546,
    "Oblak": -0.36902215265389726,
    "Giménez": -2.63654330309413,
    "Koke": -2.820446079332628,
    "Griezmann": -0.6069913692889339,
    "Lenglet": -1.0910569133949721,
    "Le Normand": 1.03979113058692,
    "Galán": -2.327009243479339,
    "Baena": 1.9790836335974449,
    "Sørloth": -1.6722831792556403,
    "Pubill": -1.2214880951599727,
    "Molina": -2.4251717952512686,
    "Barrios": -0.9361832211046361,
    "Simeone": -3.5842916460475105,
    "Giuliano Simeone": 1.037014875290132,
    "Johnny": 1.8584190462308081,
    "Carlos Martín": -2.94338180863003,
    "Julián Alvarez": 1.0273171103085676,
    "Gallagher": -2.3048053770532873,
    "Juan Musso": -2.574766663162975,
    "Ruggeri": 0.5789423701319629,
    "Thiago Almada": 1.4028749299266785,
    "Hancko": 1.0137104295358634,
    "Raspadori": null
  },
  "Athletic": {
    "Lekue": -2.6126894860235783,
    "Iñaki Williams": 0.6181944864248168,
    "Berenguer": 2.607344695204472,
    "Yuri": 0.43574208694736605,
    "Yeray": -2.5504532017225023,
    "Vesga": -2.6273725873520726,
    "Unai Simón": -0.43460305998802573,
    "Gorosabel": -2.4819023028270992,
    "Vivian": 0.5599514191712451,
    "Areso": 1.9975403521200308,
    "Guruzeta": -1.9217480417016874,
    "Sancet": -3.260666305229043,
    "Vencedor": -3.015967949216136,
    "De Galarreta": 0.0689365343017112,
    "Nico Williams": 0.7487706228923585,
    "Beñat Prados": -3.2312990516831563,
    "Robert Navarro": -2.1653329329564763,
    "Nico Serrano": -3.1581737429893897,
    "Paredes": -1.2416745209588687,
    "Adu Ares": -3.0997521128013017,
    "Jauregizar": 2.6773712478449507,
    "Ernesto Valverde": -2.737151574505514,
    "Unai Gómez": -3.18938400610852,
    "Boiro": -2.2423855032245643,
    "Sannadi": 3.8422937320910178,
    "Álex Padilla": null,
    "Peio Canales": null,
    "Urko Izeta": null,
    "Egiluz": null
  },
  "Villarreal": {
    "Thomas": null,
    "Denis Suárez": -2.806034250767875,
    "Gerard Moreno": 0.03256024599211926,
    "Parejo": -0.6737084668876792,
    "Pedraza": -2.5757899064759004,
    "Ayoze": -2.7398150329288717,
    "Comesaña": -1.4266116310470034,
    "Diego Conde": -1.879498733745577,
    "Foyth": 1.5642052089969827,
    "Yéremy Pino": -0.2834020734195364,
    "Akhomach": -2.1717167416770655,
    "Rafa Marín": 2.5698414618611887,
    "Pape Gueye": 0.8806427809498363,
    "Moleiro": 3.963375052165863,
    "Sergi Cardona": 1.123253417900738,
    "Kambwala": -3.3727519950844886,
    "Santiago Mouriño": 6.335359754495817,
    "Adrià Altimira": null,
    "Marcelino": 0.21931826629257856,
    "Pépé": 2.371675406707907,
    "Luiz Júnior": 2.14649449722617,
    "Logan Costa": -3.3647975301656086,
    "Pau Navarro": null,
    "Pau Cabanes": null,
    "Buchanan": -2.148077733832421,
    "Etta Eyong": null,
    "Danjuma": null
  },
  "Barcelona": {
    "Ter Stegen": -3.2860418433089844,
    "Ferran Torres": 3.107412725137837,
    "Oriol Romeu": null,
    "De Jong": 1.2792175627079683,
    "Koundé": -0.017545333956048292,
    "Iñaki Peña": -2.404311199133735,
    "Ronald Araújo": 3.269084061094607,
    "Pedri": 0.49783762822821487,
    "Eric García": -1.3329685780729794,
    "Gavi": -0.4039526760825307,
    "Balde": 1.2097036125492844,
    "Joan García": null,
    "Christensen": -1.328528809410734,
    "Raphinha": 0.927864825826652,
    "Lewandowski": -2.3326166250361213,
    "Fermín": 6.290421603071894,
    "Yamal": 0.19461172317754016,
    "Cubarsi": 0.6945154620437988,
    "Héctor Fort": null,
    "Hansi Flick": -2.73772198249822,
    "Marc Casadó": -1.274911971003434,
    "Dani Olmo": -1.3729891434329344,
    "Marc Bernal": null,
    "Gerard Martín": null,
    "Szczęsny": null,
    "Bardghji": null,
    "Rashford": null,
    "Iñigo Martínez": null
  },
  "Rayo Vallecano": {
    "Gumbau": -2.669354578153993,
    "Lejeune": 0.0022421585357257356,
    "Unai López": -1.4421721328514048,
    "Trejo": -2.817545752703565,
    "Álvaro García": -0.0036341080795754266,
    "De Frutos": 0.812916605341707,
    "Camello": -1.791826963650922,
    "Pacha Espino": -1.9338926315138893,
    "Dani Cárdenas": -1.3606204245578457,
    "Isi Palazón": 0.6040303228786126,
    "Óscar Valentín": -1.7697855274660612,
    "Balliu": -0.7749459117024626,
    "Nteka": -1.4940363649571076,
    "Pathé Ciss": -1.1489360574537533,
    "Luiz Felipe": 1.4416267871252497,
    "Chavarría": 2.032551751934708,
    "Mumin": -3.0002261944642505,
    "Ratiu": 1.5157295007576455,
    "Batalla": 1.3263007671415084,
    "Íñigo Pérez": null,
    "Pelayo": null,
    "Pedro Díaz": -1.1317805871337572,
    "Etienne Eto'O": null,
    "Vertrouwd": null
  },
  "Real Oviedo": {
    "Álvaro Lemos": null,
    "David Costas": -3.042409568372939,
    "Escandell": 0.3140938141130478,
    "Nacho Vidal": -0.13079737826209303,
    "Cazorla": null,
    "Calvo": null,
    "Chaira": null,
    "Moldovan": null,
    "Hassan": 1.904317925650445,
    "Ahijado": null,
    "Viñas": null,
    "Colombatto": null,
    "Luengo": -1.0676591774704813,
    "Cardero": null,
    "Sibo": 1.969568386682763,
    "Alhassane": -0.7630422901316769,
    "Dominguès": null,
    "Forés": null,
    "Yayo González": null,
    "Borja Sánchez": null,
    "Rondón": null,
    "Alberto Reina": null,
    "Paunovic": null,
    "Luka Ilic": null
  },
  "Alavés": {
    "Jonny Castro": -0.1253203453913998,
    "Mariano": null,
    "Aleñá": 0.37560389470414624,
    "Raúl Fernández": null,
    "Sivera": -0.377266613068572,
    "Guridi": -0.5286930135888768,
    "Pablo Ibáñez": null,
    "Nikola Maras": null,
    "Guevara": -2.5032541705676814,
    "Antonio Blanco": -1.046593214026248,
    "Tenaglia": 0.23709162793297267,
    "Benavidez": -3.0564960577238787,
    "Abde Rebbach": null,
    "Carlos Vicente": 0.9561359177541418,
    "Moussa Diarra": -1.5181331548088761,
    "Hugo Novoa": -2.9301552391915786,
    "Toni Martínez": -2.1476908323781796,
    "Eduardo Coudet": null,
    "Facundo Garcés": 1.0444261745988337,
    "Victor Parada": null,
    "Yusi Enríquez": null,
    "Calebe": null,
    "Adrián Rodríguez": null,
    "Villalibre": null
  },
  "Celta": {
    "Iago Aspas": null,
    "Borja Iglesias": null,
    "Iván Villar": -2.260530326597132,
    "Damián Rodríguez": -3.001242686502481,
    "Claudio Giráldez": 0.9969123952549674,
    "Fran Beltrán": -1.2251417539026033,
    "Aidoo": -2.703265788634146,
    "Carreira": null,
    "Mingueza": 1.1051903810064045,
    "Ilaix Moriba": null,
    "Carlos Dominguez": -2.6415537611230278,
    "Franco Cervi": -3.055597656687603,
    "Jutglà": null,
    "Swedberg": -2.2248768691502496,
    "Marcos Alonso": 1.7054238053187287,
    "Pablo Durán": -1.00301363435773,
    "Bryan Zaragoza": null,
    "Starfelt": 1.644451723566398,
    "Sotelo": -2.3400146144585965,
    "Ristic": -1.6353179773243798,
    "Hugo Álvarez": -2.274489925231271,
    "Marc Vidal": null,
    "Javi Rodríguez": null,
    "El-Abdellaoui": null,
    "Yoel Lago": null,
    "Ionut Radu": null,
    "Javier Rueda": null,
    "Manu Fernández": null
  },
  "Espanyol": {
    "Kike García": -0.9888153002069022,
    "Dmitrovic": 0.5510394349396819,
    "Cabrera": -0.850361115463083,
    "Calero": -2.4728312737846814,
    "Puado": 1.6233895461978953,
    "Pere Milla": -2.6409850185992068,
    "Pol Lozano": -1.2990252548433334,
    "Expósito": 1.0125942977901259,
    "Miguel Rubio": -2.475700161302452,
    "Jofre Carreras": -2.073875055735208,
    "Terrats": -1.3281775099151516,
    "Rubén Sánchez": -2.3486616011434203,
    "El Hilali": 0.15458478969603284,
    "Carlos Romero": null,
    "Antoniu Roca": -0.5342042087505661,
    "Manolo González": null,
    "Fortuño": null,
    "Pablo Ramón": -0.878535569976735,
    "Roberto Fernández": 1.4938643594956558,
    "Bauzà": null,
    "Marcos Fernández": null,
    "Salinas": -2.9496380239998787,
    "Javi Hernández": null,
    "Dolan": null,
    "Gastón Valles": null,
    "Hugo Pérez": null
  },