{
  "Atlético": {
    "Marcos Llorente": -0.04129824502199231,
    "Oblak": -0.036764908676423236,
    "Giménez": -0.013874389974233292,
    "Koke": -0.012027522468605056,
    "Griezmann": -0.03385954026943194,
    "Lenglet": -0.029166071032815655,
    "Le Normand": -0.0482480573718469,
    "Galán": -0.016996498952459582,
    "Baena": -0.05584207697071353,
    "Sørloth": -0.023471333323843435,
    "Pubill": -0.02829259598533529,
    "Molina": -0.01623241520559704,
    "Barrios": -0.031193971175214052,
    "Simeone": -0.0042737460622666035,
    "Giuliano Simeone": -0.0494771374738856,
    "Johnny": -0.05707722894789935,
    "Carlos Martín": -0.010829800657830013,
    "Julián Alvarez": -0.04806832542110229,
    "Gallagher": -0.01757829708310954,
    "Juan Musso": -0.014453629919375377,
    "Ruggeri": -0.04517978703814096,
    "Thiago Almada": -0.04928553445767703,
    "Hancko": -0.05009821374729606,
    "Raspadori": null
  },
  "Athletic": {
    "Lekue": -0.014313014389222278,
    "Iñaki Williams": -0.043422729193653975,
    "Berenguer": -0.06399662036219445,
    "Yuri": -0.039652620595054255,
    "Yeray": -2.5504532017225023,
    "Vesga": -0.013995138747391334,
    "Unai Simón": -0.03615369677720803,
    "Gorosabel": -0.015423330270447622,
    "Vivian": -0.04262765807229174,
    "Areso": -0.05979184000250992,
    "Guruzeta": -0.02104891364592687,
    "Sancet": -0.007572651243425987,
    "Vencedor": -0.01016552967637585,
    "De Galarreta": -0.04034144591299471,
    "Nico Williams": -0.046775353735073466,
    "Beñat Prados": -0.00790470431148993,
    "Robert Navarro": -0.01857449927632482,
    "Nico Serrano": -0.008604656085242635,
    "Paredes": -0.022679076026499434,
    "Adu Ares": -0.009232492950439486,
    "Jauregizar": -0.06454370899973139,
    "Ernesto Valverde": -0.012865755297319925,
    "Unai Gómez": -0.008338082206593711,
    "Boiro": -0.01776661896984999,
    "Sannadi": -0.07500762033390007,
    "Álex Padilla": null,
    "Peio Canales": null,
    "Urko Izeta": null,
    "Egiluz": null
  },
  "Villarreal": {
    "Thomas": null,
    "Denis Suárez": -0.01220676761976014,
    "Gerard Moreno": -0.03999252325389557,
    "Parejo": -0.03321254457762102,
    "Pedraza": -0.014687653263634193,
    "Ayoze": -0.012840549228709808,
    "Comesaña": -0.01975004076880671,
    "Diego Conde": -0.021429916444404284,
    "Foyth": -0.05437809310580022,
    "Yéremy Pino": -0.03704181204573498,
    "Akhomach": -0.0187825286130594,
    "Rafa Marín": -0.06358448761238922,
    "Pape Gueye": -0.04801556820469566,
    "Moleiro": -0.07609017292607989,
    "Sergi Cardona": -0.050287206741050916,
    "Kambwala": -0.006408824084702669,
    "Santiago Mouriño": -0.09847666414009026,
    "Adrià Altimira": null,
    "Marcelino": -0.04177275650719681,
    "Pépé": -0.061758764663266685,
    "Luiz Júnior": -0.059770834289640806,
    "Logan Costa": -0.00656253852646671,
    "Pau Navarro": null,
    "Pau Cabanes": null,
    "Buchanan": -0.018755035512207918,
    "Etta Eyong": null,
    "Danjuma": null
  },
  "Barcelona": {
    "Ter Stegen": -0.007314110469280877,
    "Ferran Torres": -0.0684600059147944,
    "Oriol Romeu": null,
    "De Jong": -0.044242974016228676,
    "Koundé": -0.03953642117252576,
    "Iñaki Peña": -0.016199381993575734,
    "Ronald Araújo": -0.06865576171740662,
    "Pedri": -0.0452008750737809,
    "Eric García": -0.02680672306735188,
    "Gavi": -0.03666361431313714,
    "Balde": -0.052064153936737245,
    "Joan García": null,
    "Christensen": -0.026845841386624603,
    "Raphinha": -0.048476348104620204,
    "Lewandowski": -0.016924112099392374,
    "Fermín": -0.0962423138565982,
    "Yamal": -0.03971165589023995,
    "Cubarsi": -0.04385899377712388,
    "Héctor Fort": null,
    "Hansi Flick": -0.012869474613907972,
    "Marc Casadó": -0.027933982428829385,
    "Dani Olmo": -0.02640946860424931,
    "Marc Bernal": null,
    "Gerard Martín": null,
    "Szczęsny": null,
    "Bardghji": null,
    "Rashford": null,
    "Iñigo Martínez": null
  },
  "Rayo Vallecano": {
    "Gumbau": -0.01372241739360236,
    "Lejeune": -0.04187834718623051,
    "Unai López": -0.025709186874856016,
    "Trejo": -0.012064446077408864,
    "Álvaro García": -0.03964828969866829,
    "De Frutos": -0.04737705879163112,
    "Camello": -0.022706880394518514,
    "Pacha Espino": -0.020866634985095,
    "Dani Cárdenas": -0.02657046514749073,
    "Isi Palazón": -0.04541190935100081,
    "Óscar Valentín": -0.022642065320088722,
    "Balliu": -0.03226399958006221,
    "Nteka": -0.025218341114963128,
    "Pathé Ciss": -0.02686746490877523,
    "Luiz Felipe": -0.04818738298466574,
    "Chavarría": -0.0598479018682152,
    "Mumin": -0.010261202982098094,
    "Ratiu": -0.053931589559408355,
    "Batalla": -0.052170074974600134,
    "Íñigo Pérez": null,
    "Pelayo": null,
    "Pedro Díaz": -0.028774533614306375,
    "Etienne Eto'O": null,
    "Vertrouwd": null
  },
  "Real Oviedo": {
    "Álvaro Lemos": null,
    "David Costas": -0.00978892349159377,
    "Escandell": -0.042673580357954766,
    "Nacho Vidal": -0.03844847501155435,
    "Cazorla": null,
    "Calvo": null,
    "Chaira": null,
    "Moldovan": null,
    "Hassan": -0.057537134819241054,
    "Ahijado": null,
    "Viñas": null,
    "Colombatto": null,
    "Luengo": -0.02933841865923048,
    "Cardero": null,
    "Sibo": -0.05581250282140626,
    "Alhassane": -0.03339578265740828,
    "Dominguès": null,
    "Forés": null,
    "Yayo González": null,
    "Borja Sánchez": null,
    "Rondón": null,
    "Alberto Reina": null,
    "Paunovic": null,
    "Luka Ilic": null
  },
  "Alavés": {
    "Jonny Castro": -0.039081940231799894,
    "Mariano": null,
    "Aleñá": -0.04215319599087941,
    "Raúl Fernández": null,
    "Sivera": -0.03607011485541323,
    "Guridi": -0.034623813002188086,
    "Pablo Ibáñez": null,
    "Nikola Maras": null,
    "Guevara": -0.015226821447900107,
    "Antonio Blanco": -0.030552748179457634,
    "Tenaglia": -0.04196570705683467,
    "Benavidez": -0.009732979578258583,
    "Abde Rebbach": null,
    "Carlos Vicente": -0.04917000912338931,
    "Moussa Diarra": -0.02498855860939564,
    "Hugo Novoa": -0.010910291845389608,
    "Toni Martínez": -0.01879281253435172,
    "Eduardo Coudet": null,
    "Facundo Garcés": -0.0495729890764629,
    "Victor Parada": null,
    "Yusi Enríquez": null,
    "Calebe": null,
    "Adrián Rodríguez": null,
    "Villalibre": null
  },
  "Celta": {
    "Iago Aspas": null,
    "Borja Iglesias": null,
    "Iván Villar": -0.017626510271451235,
    "Damián Rodríguez": -0.010204960066684254,
    "Claudio Giráldez": -0.049109661926616255,
    "Fran Beltrán": -0.027872876910051136,
    "Aidoo": -0.013357621463494507,
    "Carreira": null,
    "Mingueza": -0.05009876908420585,
    "Ilaix Moriba": null,
    "Carlos Dominguez": -0.013813684507890667,
    "Franco Cervi": -0.009655719211687508,
    "Jutglà": null,
    "Swedberg": -0.01852695813068239,
    "Marcos Alonso": -0.05816515645032938,
    "Pablo Durán": -0.03002664242416353,
    "Bryan Zaragoza": null,
    "Starfelt": -0.055143046127392736,
    "Sotelo": -0.014110471713069117,
    "Ristic": -0.02381023883171185,
    "Hugo Álvarez": -0.01778546097388478,
    "Marc Vidal": null,
    "Javi Rodríguez": null,
    "El-Abdellaoui": null,
    "Yoel Lago": null,
    "Ionut Radu": null,
    "Javier Rueda": null,
    "Manu Fernández": null
  },
  "Espanyol": {
    "Kike García": -0.030173625537865956,
    "Dmitrovic": -0.04491475459588168,
    "Cabrera": -0.03149860113276226,
    "Calero": -0.015493288589074616,
    "Puado": -0.05377606156098391,
    "Pere Milla": -0.01381782979603674,
    "Pol Lozano": -0.02805735475259752,
    "Expósito": -0.04923325193321171,
    "Miguel Rubio": -0.013462089213356343,
    "Jofre Carreras": -0.019464933848500898,
    "Terrats": -0.02428853565936695,
    "Rubén Sánchez": -0.01676186363513965,
    "El Hilali": -0.04273821154641144,
    "Carlos Romero": null,
    "Antoniu Roca": -0.03452243958572687,