{
  "Atlético": {
    "Marcos Llorente": 0.16605090748522677,
    "Oblak": 0.326670138170182,
    "Giménez": -2.0272153644854907,
    "Koke": -2.92096089178826,
    "Griezmann": -1.6083223339958264,
    "Lenglet": -1.2353213561965948,
    "Le Normand": 0.5580198853620377,
    "Galán": -2.744174370821717,
    "Baena": 2.8355057985516963,
    "Sørloth": -1.5699386195072162,
    "Pubill": null,
    "Molina": -2.6848522585041668,
    "Barrios": 2.106270570467972,
    "Simeone": -3.0447096923553407,
    "Giuliano Simeone": 1.960148740353862,
    "Johnny": 3.8177635727320913,
    "Carlos Martín": -2.9496132340785075,
    "Julián Alvarez": 1.3445795549714035,
    "Gallagher": -2.545189035290163,
    "Juan Musso": -2.7185839638424247,
    "Ruggeri": 1.01220142896985,
    "Thiago Almada": null,
    "Hancko": null
  },
  "Athletic": {
    "Lekue": -2.96025932793621,
    "Iñaki Williams": -0.7851119753938707,
    "Berenguer": -1.4329690703880793,
    "Yuri": -0.9193221964445608,
    "Yeray": -2.4394989528195854,
    "Vesga": -2.7977397786723146,
    "Unai Simón": -0.01153003574311251,
    "Gorosabel": -2.781752012901406,
    "Vivian": 1.1837998300502584,
    "Areso": 1.9784494318221935,
    "Guruzeta": -2.220754664144209,
    "Sancet": 1.462837787402682,
    "Vencedor": -3.0544908349695254,
    "De Galarreta": 0.8398562857729441,
    "Nico Williams": 1.4762583123256956,
    "Beñat Prados": -2.3188800992796077,
    "Robert Navarro": null,
    "Nico Serrano": -3.1319354127923416,
    "Paredes": -1.0548464250928258,
    "Adu Ares": -3.1218460686167626,
    "Jauregizar": 4.661695897428042,
    "Ernesto Valverde": null,
    "Unai Gómez": -2.593144399190761,
    "Boiro": null,
    "Sannadi": 3.6642874357182054,
    "Álex Padilla": null,
    "Peio Canales": null,
    "Urko Izeta": null,
    "Egiluz": null
  },
  "Barcelona": {
    "Ter Stegen": -3.2261491231477923,
    "Iñigo Martínez": 1.398314552542823,
    "Ferran Torres": -1.1258538254531936,
    "Oriol Romeu": null,
    "De Jong": -0.6904042727526538,
    "Koundé": -0.8806067914895022,
    "Iñaki Peña": -2.8698636811982814,
    "Ronald Araújo": -2.4714308257041018,
    "Pedri": -0.18930064366217136,
    "Eric García": -2.2985677894480694,
    "Gavi": -1.5726409517915485,
    "Balde": 1.0889151857969903,
    "Joan García": null,
    "Christensen": -2.721538674376367,
    "Raphinha": 1.8065597997470428,
    "Lewandowski": 1.2991783907593923,
    "Fermín": -1.1210738781908924,
    "Yamal": 3.328018602955951,
    "Cubarsi": 0.622636329189219,
    "Héctor Fort": null,
    "Hansi Flick": null,
    "Marc Casadó": -0.8922860134362942,
    "Dani Olmo": -1.1383558893161227,
    "Marc Bernal": null,
    "Gerard Martín": null,
    "Szczęsny": null,
    "Bardghji": null,
    "Rashford": null
  },
  "Villarreal": {
    "Denis Suárez": -2.961395356634644,
    "Gerard Moreno": -2.2792976045371005,
    "Parejo": -1.7853805548912027,
    "Pedraza": -2.7661228273900385,
    "Ayoze": 0.8789719734876522,
    "Comesaña": -0.7707512553887463,
    "Diego Conde": -1.3001247288309425,
    "Foyth": 1.6940202617069522,
    "Yéremy Pino": -0.6383541168107465,
    "Danjuma": null,
    "Akhomach": -2.541475278929539,
    "Rafa Marín": 1.144856448659315,
    "Pape Gueye": -0.4537080320070386,
    "Moleiro": null,
    "Sergi Cardona": 1.320244346463495,
    "Kambwala": -2.5879546406801235,
    "Santiago Mouriño": 3.467588951883771,
    "Adrià Altimira": null,
    "Marcelino": -2.458289817854531,
    "Pépé": -0.6493799796002842,
    "Luiz Júnior": 0.04762064699084245,
    "Logan Costa": -3.261037484266538,
    "Pau Navarro": null,
    "Pau Cabanes": null,
    "Buchanan": null,
    "Etta Eyong": null
  },
  "Rayo Vallecano": {
    "Gumbau": -2.8852281392739543,
    "Lejeune": 0.4438847277843827,
    "Unai López": -2.1197314108886367,
    "Trejo": -2.9827592086243304,
    "Álvaro García": -1.0144840638594221,
    "De Frutos": 1.3106169793320355,
    "Camello": -2.4240697836100944,
    "Pacha Espino": -2.614030724040317,
    "Dani Cárdenas": -2.4917652831646375,
    "Isi Palazón": 1.329962098043902,
    "Óscar Valentín": -2.4463293072107484,
    "Balliu": -2.1443598591497803,
    "Nteka": -2.545811820707944,
    "Pathé Ciss": -0.5377898974033513,
    "Luiz Felipe": null,
    "Chavarría": 1.8234088211147137,
    "Mumin": -2.668295639853646,
    "Ratiu": 4.380097732109833,
    "Batalla": 2.684289020731434,
    "Íñigo Pérez": null,
    "Pelayo": null,
    "Pedro Díaz": -1.3405021201786993,
    "Etienne Eto'O": null
  },
  "Real Oviedo": {
    "Álvaro Lemos": null,
    "David Costas": -2.2311290228519964,
    "Escandell": -0.5929342845664487,
    "Nacho Vidal": -0.3742647756972417,
    "Cazorla": null,
    "Calvo": null,
    "Chaira": null,
    "Moldovan": null,
    "Hassan": 3.0863415463686428,
    "Ahijado": null,
    "Viñas": null,
    "Colombatto": null,
    "Luengo": -1.6012635569127132,
    "Cardero": null,
    "Sibo": 1.3316983405117222,
    "Alhassane": -1.1975699769820936,
    "Dominguès": null,
    "Forés": null,
    "Yayo González": null,
    "Borja Sánchez": null,
    "Rondón": null,
    "Alberto Reina": null,
    "Paunovic": null,
    "Luka Ilic": null
  },
  "Alavés": {
    "Jonny Castro": null,
    "Aleñá": null,
    "Villalibre": -3.049528836797555,
    "Raúl Fernández": null,
    "Sivera": 0.10171043680624603,
    "Guridi": -1.7493324427736323,
    "Pablo Ibáñez": null,
    "Nikola Maras": null,
    "Guevara": -2.7566488656766697,
    "Antonio Blanco": -1.5742219395235346,
    "Tenaglia": -1.2243733509921584,
    "Benavidez": -3.110775611611294,
    "Abde Rebbach": null,
    "Carlos Vicente": 1.6732064144782566,
    "Moussa Diarra": -1.5488124710795192,
    "Hugo Novoa": -3.0131468722753185,
    "Toni Martínez": -1.36053143372592,
    "Eduardo Coudet": null,
    "Facundo Garcés": -0.20744567094937993,
    "Adrián Rodríguez": null,
    "Victor Parada": null,
    "Yusi Enríquez": null,
    "Calebe": null
  },
  "Celta": {
    "Iago Aspas": null,
    "Iván Villar": -2.4978567628367365,
    "Damián Rodríguez": -3.0923683925003553,
    "Claudio Giráldez": null,
    "Fran Beltrán": -1.9578819923607438,
    "Aidoo": -2.9938173772289023,
    "Carreira": null,
    "Mingueza": 0.7987942008402138,
    "Ilaix Moriba": null,
    "Carlos Dominguez": -2.807596508606458,
    "Franco Cervi": -3.2563041071932752,
    "Jutglà": null,
    "Swedberg": -2.5524130113038446,
    "Marcos Alonso": 1.9670164458318817,
    "Pablo Durán": -1.6296396757745635,
    "Bryan Zaragoza": null,
    "Starfelt": -0.13069148123736607,
    "Sotelo": -2.557143876942747,
    "Ristic": -1.6433793995023982,
    "Hugo Álvarez": -2.598732787188429,
    "Javi Rodríguez": null,
    "El-Abdellaoui": null,
    "Yoel Lago": null,
    "Ionut Radu": null,
    "Javier Rueda": null,
    "Manu Fernández": null
  },
  "Espanyol": {
    "Kike García": -1.268662179910951,
    "Dmitrovic": 1.2086299711904447,
    "Cabrera": -1.6502844295929742,
    "Calero": -2.5212763086841172,
    "Puado": 1.4047288278422831,
    "Pere Milla": -2.980189408416245,
    "Pol Lozano": -1.8617647124323233,
    "Expósito": 0.15634136563820178,
    "Miguel Rubio": -2.9916135516886433,
    "Jofre Carreras": -2.2550689199522966,
    "Terrats": -0.47682824643051624,
    "Rubén Sánchez": -2.6024599645812163,
    "El Hilali": -0.5857061188613732,
    "Carlos Romero": null,
    "Gastón Valles": null,
    "Antoniu Roca": null,
    "Manolo González": null,
    "Fortuño": null,
    "Pablo Ramón": -0.5368385940040854,
    "Roberto Fernández": 2.6121660694477855,
    "Bauzà": null,
    "Marcos Fernández": null,
    "Hugo Pérez": null,
    "Salinas": -2.9842117981043303,
    "Javi Hernández": null,
    "Dolan": null
  },
  "Betis": {
    "Pau López": null,
    "Isco": 0.9999125709322376,
    "Bakambu": -2.547410467695266,
    "Borja Iglesias": null,
    "Marc Roca": -2.9069670947589943,
    "Diego Llorente": -2.489453046238521,
    "Fornals": -1.014157315612041,
    "Bartra": 0.7182005357407206,
    "Firpo": null,