{
  "Atlético": {
    "Marcos Llorente": 0.08072822162898952,
    "Oblak": 0.20953405501387135,
    "Giménez": -2.014548999377208,
    "Koke": -3.0076893969957608,
    "Griezmann": -1.5909068570742035,
    "Lenglet": -1.176505052174881,
    "Le Normand": 0.6557124666835668,
    "Galán": -2.686789218083696,
    "Baena": 2.774543325670953,
    "Sørloth": -1.3824513526841886,
    "Pubill": null,
    "Molina": -2.7829237976861987,
    "Barrios": 2.0395282799116288,
    "Simeone": -2.9087876036801408,
    "Giuliano Simeone": 1.6243939016745035,
    "Johnny": 2.936231403574685,
    "Carlos Martín": -2.910140572034081,
    "Julián Alvarez": 1.660148729251465,
    "Gallagher": -2.608762864931602,
    "Juan Musso": -2.780444790143266,
    "Ruggeri": 1.0952741845182246,
    "Thiago Almada": null,
    "Hancko": null
  },
  "Athletic": {
    "Lekue": -3.0200271897167563,
    "Iñaki Williams": -0.7997076832249816,
    "Berenguer": -1.328620642870726,
    "Yuri": -0.9256725451275538,
    "Yeray": -2.285609847308978,
    "Vesga": -2.7742910099153084,
    "Unai Simón": 0.053189243756057714,
    "Gorosabel": -2.602492413588675,
    "Vivian": 1.2454271477500445,
    "Areso": 1.9516342306883816,
    "Guruzeta": -2.2720935180481794,
    "Sancet": 1.8041752910080477,
    "Vencedor": -3.041120354639415,
    "De Galarreta": 0.2982773300464814,
    "Nico Williams": 1.458831247460246,
    "Beñat Prados": -2.2094246147044694,
    "Robert Navarro": null,
    "Nico Serrano": -3.1784374596823595,
    "Paredes": -1.4603318854039316,
    "Adu Ares": -3.1513687028069115,
    "Jauregizar": 4.844542267356089,
    "Ernesto Valverde": null,
    "Unai Gómez": -2.4302707355930875,
    "Boiro": null,
    "Sannadi": 3.732373025640068,
    "Álex Padilla": null,
    "Peio Canales": null,
    "Urko Izeta": null,
    "Egiluz": null
  },
  "Barcelona": {
    "Ter Stegen": -3.2137747087847224,
    "Iñigo Martínez": 1.3205085082212298,
    "Ferran Torres": -1.4333251814551806,
    "Oriol Romeu": null,
    "De Jong": -0.5882228967240666,
    "Koundé": -0.7246712834546809,
    "Iñaki Peña": -2.8594166694220657,
    "Ronald Araújo": -2.4334767809347846,
    "Pedri": -0.4521370576828221,
    "Eric García": -2.334159796471813,
    "Gavi": -1.6961678705703753,
    "Balde": 1.1377044355416421,
    "Joan García": null,
    "Christensen": -2.8763860195512247,
    "Raphinha": 1.7427271922066945,
    "Lewandowski": 1.3408760379229445,
    "Fermín": -1.5263790204278482,
    "Yamal": 3.140856452614771,
    "Cubarsi": 0.6537784503118038,
    "Héctor Fort": null,
    "Hansi Flick": null,
    "Marc Casadó": -1.244136993086542,
    "Dani Olmo": -1.3374302220515832,
    "Marc Bernal": null,
    "Gerard Martín": null,
    "Szczęsny": null,
    "Bardghji": null,
    "Rashford": null
  },
  "Villarreal": {
    "Denis Suárez": -2.934157436661966,
    "Gerard Moreno": -2.254825536767935,
    "Parejo": -1.8030532471023375,
    "Pedraza": -2.910952388378585,
    "Ayoze": 0.9523002783250245,
    "Comesaña": -1.2827250787791566,
    "Diego Conde": -1.642355721399158,
    "Foyth": 0.38422657021979223,
    "Yéremy Pino": -0.7047459273623491,
    "Danjuma": null,
    "Akhomach": -2.5006021684997437,
    "Rafa Marín": 1.2424027852356634,
    "Pape Gueye": -0.25969633494163924,
    "Moleiro": null,
    "Sergi Cardona": 0.9824958000243189,
    "Kambwala": -2.6720954121930207,
    "Santiago Mouriño": 3.6365444040368233,
    "Adrià Altimira": null,
    "Marcelino": -2.8038703747391702,
    "Pépé": -0.7934127596018525,
    "Luiz Júnior": 0.2735023875205078,
    "Logan Costa": -3.2659611369630803,
    "Pau Navarro": null,
    "Pau Cabanes": null,
    "Buchanan": null,
    "Etta Eyong": null
  },
  "Rayo Vallecano": {
    "Gumbau": -2.9115928338564134,
    "Lejeune": 0.03237546553522819,
    "Unai López": -2.1124899745193715,
    "Trejo": -2.962019011772421,
    "Álvaro García": -0.7448669628127513,
    "De Frutos": 0.5558848672780226,
    "Camello": -2.391797477912827,
    "Pacha Espino": -2.60524078845209,
    "Dani Cárdenas": -2.295153581279019,
    "Isi Palazón": 1.1158191252401695,
    "Óscar Valentín": -2.4621009965956175,
    "Balliu": -2.075477962379535,
    "Nteka": -2.606164784782661,
    "Pathé Ciss": -0.9507301107218202,
    "Luiz Felipe": null,
    "Chavarría": 2.949423849531563,
    "Mumin": -2.7357643139365173,
    "Ratiu": 4.268944810105646,
    "Batalla": 2.404934327731456,
    "Íñigo Pérez": null,
    "Pelayo": null,
    "Pedro Díaz": -1.2815217923326183,
    "Etienne Eto'O": null
  },
  "Real Oviedo": {
    "Álvaro Lemos": null,
    "David Costas": -2.1876493020265952,
    "Escandell": -0.3580146514268634,
    "Nacho Vidal": -0.28723155120399246,
    "Cazorla": null,
    "Calvo": null,
    "Chaira": null,
    "Moldovan": null,
    "Hassan": 3.0701440184654816,
    "Ahijado": null,
    "Viñas": null,
    "Colombatto": null,
    "Luengo": -1.696150039893296,
    "Cardero": null,
    "Sibo": 1.426764835526484,
    "Alhassane": -1.1777327660082326,
    "Dominguès": null,
    "Forés": null,
    "Yayo González": null,
    "Borja Sánchez": null,
    "Rondón": null,
    "Alberto Reina": null,
    "Paunovic": null,
    "Luka Ilic": null
  },
  "Alavés": {
    "Jonny Castro": null,
    "Aleñá": null,
    "Villalibre": -3.0054187338490967,
    "Raúl Fernández": null,
    "Sivera": -0.14707668453628475,
    "Guridi": -1.6798988210407706,
    "Pablo Ibáñez": null,
    "Nikola Maras": null,
    "Guevara": -2.8112346996651216,
    "Antonio Blanco": -1.6085809700212006,
    "Tenaglia": -0.8837033192265142,
    "Benavidez": -3.1136609936637583,
    "Abde Rebbach": null,
    "Carlos Vicente": 0.8665986297947015,
    "Moussa Diarra": -1.5822551116171035,
    "Hugo Novoa": -3.0474601678250113,
    "Toni Martínez": -1.5446004651028966,
    "Eduardo Coudet": null,
    "Facundo Garcés": -0.4101488767888406,
    "Adrián Rodríguez": null,
    "Victor Parada": null,
    "Yusi Enríquez": null,
    "Calebe": null
  },
  "Celta": {
    "Iago Aspas": null,
    "Iván Villar": -2.5706457177263164,
    "Damián Rodríguez": -3.096426224233839,
    "Claudio Giráldez": null,
    "Fran Beltrán": -2.1243767740370623,
    "Aidoo": -2.954592220902863,
    "Carreira": null,
    "Mingueza": 1.0106769375587632,
    "Ilaix Moriba": null,
    "Carlos Dominguez": -2.752900839256256,
    "Franco Cervi": -3.2644041549541924,
    "Jutglà": null,
    "Swedberg": -2.486511400417879,
    "Marcos Alonso": 1.576780852574311,
    "Pablo Durán": -1.0126092140985032,
    "Bryan Zaragoza": null,
    "Starfelt": -0.08875318267552723,
    "Sotelo": -2.3795510016492716,
    "Ristic": -1.5642804598364313,
    "Hugo Álvarez": -2.466181357359676,
    "Javi Rodríguez": null,
    "El-Abdellaoui": null,
    "Yoel Lago": null,
    "Ionut Radu": null,
    "Javier Rueda": null,
    "Manu Fernández": null
  },
  "Espanyol": {
    "Kike García": -1.6396259609867458,
    "Dmitrovic": 0.8189626493044777,
    "Cabrera": -1.6195623800292491,
    "Calero": -2.460588716355294,
    "Puado": 1.9675047190186534,
    "Pere Milla": -2.895374979195464,
    "Pol Lozano": -1.7572231774038216,
    "Expósito": 0.44712782821914043,
    "Miguel Rubio": -2.981006861141433,
    "Jofre Carreras": -2.1257490874309504,
    "Terrats": -0.4444549864113134,
    "Rubén Sánchez": -2.541350801858422,
    "El Hilali": -0.07139616103158941,
    "Carlos Romero": null,
    "Gastón Valles": null,
    "Antoniu Roca": null,
    "Manolo González": null,
    "Fortuño": null,
    "Pablo Ramón": -0.46060974459477544,
    "Roberto Fernández": 2.708061456066102,
    "Bauzà": null,
    "Marcos Fernández": null,
    "Hugo Pérez": null,
    "Salinas": -2.941325652217841,
    "Javi Hernández": null,
    "Dolan": null
  },
  "Betis": {
    "Pau López": null,
    "Isco": 1.078680627720141,
    "Bakambu": -2.5375887586079338,
    "Borja Iglesias": null,
    "Marc Roca": -2.942634482216333,
    "Diego Llorente": -2.6054123030231913,
    "Fornals": -1.21600225565911,
    "Bartra": 0.771584137808512,
    "Firpo": null,