{
  "Atlético": {
    "Marcos Llorente": -0.41216424791573614,
    "Oblak": -0.49985181009530866,
    "Giménez": -1.9952191522529361,
    "Koke": -2.8591196565298294,
    "Griezmann": -0.6173808413573734,
    "Lenglet": -1.5321975085233475,
    "Le Normand": 0.9916707117315848,
    "Galán": -2.4646753402992383,
    "Baena": 1.9422820668665741,
    "Sørloth": -1.1234547608506396,
    "Pubill": -1.540635134938173,
    "Molina": -2.632806227545259,
    "Barrios": 0.3000003864710443,
    "Simeone": -3.698912573800739,
    "Giuliano Simeone": 1.1839015243697792,
    "Johnny": 1.9864009148450767,
    "Carlos Martín": -2.8120260863714663,
    "Julián Alvarez": 1.1235705647830718,
    "Gallagher": -2.378918560999943,
    "Juan Musso": -2.665710984823211,
    "Ruggeri": 0.6995624866270811,
    "Thiago Almada": 1.2775131575450294,
    "Hancko": 0.5615904975161845
  },
  "Athletic": {
    "Lekue": -2.8216674831387567,
    "Iñaki Williams": 0.3627563157910574,
    "Berenguer": 1.910785220601663,
    "Yuri": -0.1853680736580765,
    "Yeray": -1.9488064757124501,
    "Vesga": -2.650100311337933,
    "Unai Simón": -0.46860355726533465,
    "Gorosabel": -2.7792281020490583,
    "Vivian": 0.566071013292202,
    "Areso": 2.0372511791562076,
    "Guruzeta": -1.8662468529569765,
    "Sancet": -3.2829811940169096,
    "Vencedor": -3.095740948772774,
    "De Galarreta": 0.7015115835935282,
    "Nico Williams": 0.5244796767716053,
    "Beñat Prados": -3.2367547466584212,
    "Robert Navarro": -2.391185804620477,
    "Nico Serrano": -3.2199916724353295,
    "Paredes": -2.584484111531693,
    "Adu Ares": -3.1888011478979905,
    "Jauregizar": 2.881169172149245,
    "Ernesto Valverde": -2.2073543171819088,
    "Unai Gómez": -3.045462931295828,
    "Boiro": -2.5283871405468505,
    "Sannadi": 3.373101578359261,
    "Álex Padilla": null,
    "Peio Canales": null,
    "Urko Izeta": null,
    "Egiluz": null
  },
  "Villarreal": {
    "Thomas": null,
    "Denis Suárez": -2.919307366129431,
    "Gerard Moreno": -0.16262970883446082,
    "Parejo": -0.7572221083465003,
    "Pedraza": -2.746037290894965,
    "Ayoze": -2.654431142756175,
    "Comesaña": -1.4426146553922825,
    "Diego Conde": -1.97427974668829,
    "Foyth": 1.426497892672951,
    "Yéremy Pino": -0.766145090356285,
    "Akhomach": -2.1900782178547518,
    "Rafa Marín": 1.9943328543214234,
    "Pape Gueye": 1.1980019597272573,
    "Moleiro": 4.024705277124929,
    "Sergi Cardona": 0.9765602990555067,
    "Kambwala": -3.384972581230705,
    "Santiago Mouriño": 6.0920010479018405,
    "Adrià Altimira": null,
    "Marcelino": 6.963636254995964,
    "Pépé": 1.735477166607824,
    "Luiz Júnior": 1.4638417826360772,
    "Logan Costa": -3.3534658146218144,
    "Pau Navarro": null,
    "Pau Cabanes": null,
    "Buchanan": -2.143454117129162,
    "Etta Eyong": null,
    "Danjuma": null
  },
  "Barcelona": {
    "Ter Stegen": -3.18534025471372,
    "Ferran Torres": 2.515092943090269,
    "Oriol Romeu": null,
    "De Jong": 0.7818073375948309,
    "Koundé": -0.2731134876167829,
    "Iñaki Peña": -2.559457193850334,
    "Ronald Araújo": 3.5536069248386593,
    "Pedri": 0.20283356550026,
    "Eric García": -1.2311522376993622,
    "Gavi": -0.34203782063856325,
    "Balde": 1.0082797881250327,
    "Joan García": null,
    "Christensen": -1.4187038685386844,
    "Raphinha": 1.217233232239523,
    "Lewandowski": -2.3115351996127687,
    "Fermín": 6.228099614219551,
    "Yamal": 0.7335097757807496,
    "Cubarsi": 0.4416103346615241,
    "Héctor Fort": null,
    "Hansi Flick": -3.509620068110142,
    "Marc Casadó": -1.3385808750219663,
    "Dani Olmo": -1.291365025439839,
    "Marc Bernal": null,
    "Gerard Martín": null,
    "Szczęsny": null,
    "Bardghji": null,
    "Rashford": null,
    "Iñigo Martínez": null
  },
  "Rayo Vallecano": {
    "Gumbau": -2.883866664598489,
    "Lejeune": -0.3436155102255811,
    "Unai López": -1.6148419275306192,
    "Trejo": -2.909315476350516,
    "Álvaro García": -0.27955351169400844,
    "De Frutos": 1.356068164530977,
    "Camello": -2.1658033929963794,
    "Pacha Espino": -2.248275274431877,
    "Dani Cárdenas": -2.2143219908583034,
    "Isi Palazón": 0.5646094199742491,
    "Óscar Valentín": -1.8065211155657623,
    "Balliu": -1.0361949837260687,
    "Nteka": -2.284327984643708,
    "Pathé Ciss": -1.5809724249374435,
    "Luiz Felipe": 1.1203904480176163,
    "Chavarría": 1.407045828273823,
    "Mumin": -2.9920362312602866,
    "Ratiu": 1.4806101728313203,
    "Batalla": 2.0784967935218335,
    "Íñigo Pérez": null,
    "Pelayo": null,
    "Pedro Díaz": -0.901972201773027,
    "Etienne Eto'O": null
  },
  "Real Oviedo": {
    "Álvaro Lemos": null,
    "David Costas": -2.850304037668816,
    "Escandell": -0.03750355238173464,
    "Nacho Vidal": -0.5024320563931428,
    "Cazorla": null,
    "Calvo": null,
    "Chaira": null,
    "Moldovan": null,
    "Hassan": 1.7469961054445315,
    "Ahijado": null,
    "Viñas": null,
    "Colombatto": null,
    "Luengo": -0.8714720375860185,
    "Cardero": null,
    "Sibo": 1.6270670277034993,
    "Alhassane": -1.2484235438456337,
    "Dominguès": null,
    "Forés": null,
    "Yayo González": null,
    "Borja Sánchez": null,
    "Rondón": null,
    "Alberto Reina": null,
    "Paunovic": null,
    "Luka Ilic": null
  },
  "Alavés": {
    "Jonny Castro": -0.9243927090031634,
    "Mariano": null,
    "Aleñá": -0.048507940525976956,
    "Raúl Fernández": null,
    "Sivera": -0.36133527623471995,
    "Guridi": -0.9288017621588374,
    "Pablo Ibáñez": null,
    "Nikola Maras": null,
    "Guevara": -2.7180822547292594,
    "Antonio Blanco": -1.1101169374274966,
    "Tenaglia": -0.2718985594879486,
    "Benavidez": -3.0482338344813398,
    "Abde Rebbach": null,
    "Carlos Vicente": 0.7545107536836904,
    "Moussa Diarra": -2.1685163091191506,
    "Hugo Novoa": -2.9324142603162073,
    "Toni Martínez": -2.4258864280313874,
    "Eduardo Coudet": null,
    "Facundo Garcés": 0.8706742761198205,
    "Adrián Rodríguez": null,
    "Victor Parada": null,
    "Yusi Enríquez": null,
    "Calebe": null,
    "Villalibre": null
  },
  "Celta": {
    "Iago Aspas": null,
    "Iván Villar": -2.423960237587286,
    "Damián Rodríguez": -3.0470949749107246,
    "Claudio Giráldez": -3.428605396977802,
    "Fran Beltrán": -1.5833667654898576,
    "Aidoo": -2.8424454998452253,
    "Carreira": null,
    "Mingueza": 0.9542131948467203,
    "Ilaix Moriba": null,
    "Carlos Dominguez": -2.640365547372303,
    "Franco Cervi": -3.2647163982769234,
    "Jutglà": null,
    "Swedberg": -2.4299895826950135,
    "Marcos Alonso": 1.0593275213217845,
    "Pablo Durán": -0.4818113759025855,
    "Bryan Zaragoza": null,
    "Starfelt": 1.1133880877219005,
    "Sotelo": -2.5022066916047803,
    "Ristic": -1.6087774866505256,
    "Hugo Álvarez": -2.4151044648793474,
    "Marc Vidal": null,
    "Javi Rodríguez": null,
    "El-Abdellaoui": null,
    "Yoel Lago": null,
    "Ionut Radu": null,
    "Javier Rueda": null,
    "Manu Fernández": null
  },
  "Espanyol": {
    "Kike García": -1.4078514725213154,
    "Dmitrovic": 0.5915806868788565,
    "Cabrera": -1.3609034656026364,
    "Calero": -2.8098096788739757,
    "Puado": 1.434082985310492,
    "Pere Milla": -2.935435988591817,
    "Pol Lozano": -1.6371216441124048,
    "Expósito": 1.0391818729159619,
    "Miguel Rubio": -2.567141436160081,
    "Jofre Carreras": -2.2169758500989123,
    "Terrats": -1.397569693119416,
    "Rubén Sánchez": -2.440541128789142,
    "El Hilali": -0.3736271579315331,
    "Carlos Romero": null,
    "Antoniu Roca": -0.45536249251048044,
    "Manolo González": null,
    "Fortuño": null,
    "Pablo Ramón": -0.8187386075652614,
    "Roberto Fernández": 1.7473298476113897,
    "Bauzà": null,
    "Marcos Fernández": null,
    "Salinas": -3.1141299762971864,
    "Javi Hernández": null,
    "Dolan": null,
    "Gastón Valles": null,
    "Hugo Pérez": null
  },
  "Betis": {
    "Pau López": null,
    "Isco": -3.3539465875494723,