{
  "Atlético": {
    "Marcos Llorente": -0.5686132961974177,
    "Oblak": -0.24695750437405684,
    "Giménez": -2.078085167467103,
    "Koke": -2.875506859385679,
    "Griezmann": -1.0568071912910537,
    "Lenglet": -1.3898155084054564,
    "Le Normand": 1.0258304573179444,
    "Galán": -2.632796293852302,
    "Baena": 2.3483081136146167,
    "Sørloth": -1.2022789434600778,
    "Pubill": -1.0444191165694061,
    "Molina": -2.65918072256518,
    "Barrios": 1.053425518947071,
    "Simeone": -3.1877963321571112,
    "Giuliano Simeone": 1.366141600582238,
    "Johnny": 2.430873469219219,
    "Carlos Martín": -2.959666745851286,
    "Julián Alvarez": 1.3379821480827614,
    "Gallagher": -2.5939707580021176,
    "Juan Musso": -2.761503129452858,
    "Ruggeri": 0.5031792991660122,
    "Thiago Almada": -0.15584332132968504,
    "Hancko": -0.8280925875834289
  },
  "Athletic": {
    "Lekue": -2.9569705741087637,
    "Iñaki Williams": -0.2429097039123529,
    "Berenguer": 1.5778979766855494,
    "Yuri": -0.7390846043786148,
    "Yeray": -2.288195940859594,
    "Vesga": -2.789118293015058,
    "Unai Simón": -0.5405778235072933,
    "Gorosabel": -2.714432841606762,
    "Vivian": 0.8106029371244938,
    "Areso": 2.1086224997459047,
    "Guruzeta": -2.0792617623562215,
    "Sancet": -3.12392855869561,
    "Vencedor": -3.0272284946517347,
    "De Galarreta": 0.10399638988685123,
    "Nico Williams": 0.9780432044873777,
    "Beñat Prados": -3.1868880883792583,
    "Robert Navarro": -2.1737365629043603,
    "Nico Serrano": -3.182501386860004,
    "Paredes": -1.7540530021403988,
    "Adu Ares": -3.1094364307562627,
    "Jauregizar": 3.7129250181530127,
    "Ernesto Valverde": -2.966907134282637,
    "Unai Gómez": -2.6007274233010413,
    "Boiro": -2.204364403862491,
    "Sannadi": 4.313280157889188,
    "Álex Padilla": null,
    "Peio Canales": null,
    "Urko Izeta": null,
    "Egiluz": null
  },
  "Villarreal": {
    "Thomas": null,
    "Denis Suárez": -2.96286704528671,
    "Gerard Moreno": -1.1583546150954582,
    "Parejo": -1.4250868859804422,
    "Pedraza": -2.8249819106612284,
    "Ayoze": 0.10737716364097594,
    "Comesaña": -1.678613282488417,
    "Diego Conde": -1.8112725655211381,
    "Foyth": 1.3795894804807363,
    "Yéremy Pino": -1.217495979275296,
    "Danjuma": null,
    "Akhomach": -2.4695522458263452,
    "Rafa Marín": 1.5192190522645754,
    "Pape Gueye": 0.3081714729733065,
    "Moleiro": 5.775616229777891,
    "Sergi Cardona": 0.40346399069519645,
    "Kambwala": -3.223144579937365,
    "Santiago Mouriño": 5.893237720520994,
    "Adrià Altimira": null,
    "Marcelino": -3.396127279484318,
    "Pépé": 1.0753133864007447,
    "Luiz Júnior": 1.3061487304834918,
    "Logan Costa": -3.2720006687225855,
    "Pau Navarro": null,
    "Pau Cabanes": null,
    "Buchanan": -2.2571642822582727,
    "Etta Eyong": null
  },
  "Barcelona": {
    "Ter Stegen": -3.189571831481053,
    "Iñigo Martínez": -3.0773542933777986,
    "Ferran Torres": -0.3837453204973418,
    "Oriol Romeu": null,
    "De Jong": -0.5164312274441474,
    "Koundé": -0.23966862697208935,
    "Iñaki Peña": -2.5131201488174604,
    "Ronald Araújo": 2.7673834086092253,
    "Pedri": -0.1550759268033386,
    "Eric García": -1.5158735239772847,
    "Gavi": -0.41438207921505876,
    "Balde": 1.1189842958736929,
    "Joan García": null,
    "Christensen": -0.2193936885965253,
    "Raphinha": 1.2038918990311842,
    "Lewandowski": 0.21861673741567778,
    "Fermín": -1.3530105289378036,
    "Yamal": 1.5016438997832449,
    "Cubarsi": -0.07725246027666666,
    "Héctor Fort": null,
    "Hansi Flick": null,
    "Marc Casadó": -1.1558773164387137,
    "Dani Olmo": -0.7496843613457704,
    "Marc Bernal": null,
    "Gerard Martín": null,
    "Szczęsny": null,
    "Bardghji": null,
    "Rashford": null
  },
  "Rayo Vallecano": {
    "Gumbau": -2.7599637483313733,
    "Lejeune": -0.6098559276772608,
    "Unai López": -2.175639681403052,
    "Trejo": -2.976658652532338,
    "Álvaro García": -0.5973123789047796,
    "De Frutos": 0.8297065494470957,
    "Camello": -2.155771234174797,
    "Pacha Espino": -2.5237795615354774,
    "Dani Cárdenas": -2.3624146888739816,
    "Isi Palazón": 1.0729193926461544,
    "Óscar Valentín": -2.4731548871788522,
    "Balliu": -1.6333865874084808,
    "Nteka": -2.4097317126622886,
    "Pathé Ciss": -0.6596736131505132,
    "Luiz Felipe": 0.8356788558980588,
    "Chavarría": 1.6681969468267166,
    "Mumin": -2.876809159655702,
    "Ratiu": 1.5007771154113003,
    "Batalla": 1.8463262547946613,
    "Íñigo Pérez": null,
    "Pelayo": null,
    "Pedro Díaz": -1.5956325530952942,
    "Etienne Eto'O": null
  },
  "Real Oviedo": {
    "Álvaro Lemos": null,
    "David Costas": -2.333647369415548,
    "Escandell": -0.30324990168998367,
    "Nacho Vidal": -0.4379122472916275,
    "Cazorla": null,
    "Calvo": null,
    "Chaira": null,
    "Moldovan": null,
    "Hassan": 1.9601551173084486,
    "Ahijado": null,
    "Viñas": null,
    "Colombatto": null,
    "Luengo": -1.4862132567532882,
    "Cardero": null,
    "Sibo": 1.473856597201606,
    "Alhassane": -1.4309309589007113,
    "Dominguès": null,
    "Forés": null,
    "Yayo González": null,
    "Borja Sánchez": null,
    "Rondón": null,
    "Alberto Reina": null,
    "Paunovic": null,
    "Luka Ilic": null
  },
  "Alavés": {
    "Jonny Castro": -1.296054100719024,
    "Mariano": null,
    "Aleñá": -0.6295746847796102,
    "Villalibre": -2.9694183932786444,
    "Raúl Fernández": null,
    "Sivera": -0.3594811618713556,
    "Guridi": -1.1825378364108352,
    "Pablo Ibáñez": null,
    "Nikola Maras": null,
    "Guevara": -2.780347138383432,
    "Antonio Blanco": -1.5442638493242677,
    "Tenaglia": -0.47544750403308855,
    "Benavidez": -3.0950884294533076,
    "Abde Rebbach": null,
    "Carlos Vicente": 1.177724686070425,
    "Moussa Diarra": -2.1221599860116402,
    "Hugo Novoa": -2.870206149557619,
    "Toni Martínez": -2.342036143225956,
    "Eduardo Coudet": null,
    "Facundo Garcés": 0.6355329152066602,
    "Adrián Rodríguez": null,
    "Victor Parada": null,
    "Yusi Enríquez": null,
    "Calebe": null
  },
  "Celta": {
    "Iago Aspas": null,
    "Iván Villar": -2.452950943930443,
    "Damián Rodríguez": -3.0662732382672697,
    "Claudio Giráldez": null,
    "Fran Beltrán": -1.728071209441595,
    "Aidoo": -2.983184954495932,
    "Carreira": null,
    "Mingueza": 0.9451040551876178,
    "Ilaix Moriba": null,
    "Carlos Dominguez": -2.5472186639775463,
    "Franco Cervi": -3.2304317270873573,
    "Jutglà": null,
    "Swedberg": -2.281856879676125,
    "Marcos Alonso": 2.0129341181252647,
    "Pablo Durán": -1.2625718132639463,
    "Bryan Zaragoza": null,
    "Starfelt": 0.6199956787502403,
    "Sotelo": -2.6448680445985584,
    "Ristic": -1.353278333644481,
    "Hugo Álvarez": -2.526501598995412,
    "Marc Vidal": null,
    "Javi Rodríguez": null,
    "El-Abdellaoui": null,
    "Yoel Lago": null,
    "Ionut Radu": null,
    "Javier Rueda": null,
    "Manu Fernández": null
  },
  "Espanyol": {
    "Kike García": -1.5050467858501282,
    "Dmitrovic": 0.6631125339830568,
    "Cabrera": -1.4219069665602935,
    "Calero": -2.6662902864245774,
    "Puado": 1.8782315255370996,
    "Pere Milla": -2.861566362879109,
    "Pol Lozano": -1.9189475537778722,
    "Expósito": 1.2341692385435366,
    "Miguel Rubio": -2.74508246115287,
    "Jofre Carreras": -2.156665792593848,
    "Terrats": -1.0456401377206381,
    "Rubén Sánchez": -2.3223170043910835,
    "El Hilali": -0.41690413798164405,
    "Carlos Romero": null,
    "Antoniu Roca": 0.08647441951745716,
    "Manolo González": null,
    "Fortuño": null,
    "Pablo Ramón": -0.3800308588317147,
    "Roberto Fernández": 2.4942429001510558,
    "Bauzà": null,
    "Marcos Fernández": null,
    "Salinas": -3.0501479107391316,
    "Javi Hernández": null,
    "Dolan": null,
    "Gastón Valles": null,
    "Hugo Pérez": null
  },
  "Betis": {
    "Pau López": null,
    "Isco": 1.1771778467671856,