{
  "Atlético": {
    "Marcos Llorente": -1.2506672694298948,
    "Oblak": -0.7970484150651158,
    "Giménez": -3.322409831269124,
    "Koke": -2.904243709335297,
    "Griezmann": -1.443749571281694,
    "Lenglet": -2.599688620825513,
    "Le Normand": -1.622801641578786,
    "Galán": -2.9739067172615097,
    "Baena": 0.28801428081242086,
    "Sørloth": -2.643409762473259,
    "Pubill": -2.716061418083182,
    "Molina": -2.8154652998260032,
    "Barrios": -2.153263748301304,
    "Simeone": 5.684863368571569,
    "Giuliano Simeone": 1.0669482491788784,
    "Johnny": 0.5149602586584034,
    "Carlos Martín": -3.107356870871081,
    "Julián Alvarez": 0.9171643477738245,
    "Gallagher": -0.6986947364970741,
    "Juan Musso": -2.8073421701527823,
    "Ruggeri": -0.4654681234217195,
    "Thiago Almada": 3.250174512991655,
    "Hancko": 0.2414085303068969,
    "Raspadori": -2.757143902212722
  },
  "Athletic": {
    "Lekue": -3.2644522348104776,
    "Iñaki Williams": -0.8248370367894386,
    "Berenguer": 0.5491029460700458,
    "Yuri": -1.7489481450936872,
    "Yeray": null,
    "Vesga": -2.8909116931444157,
    "Unai Simón": -0.7731343456491624,
    "Gorosabel": -2.9182658111666204,
    "Vivian": -1.5689502175375458,
    "Areso": -0.32602645945837283,
    "Guruzeta": -2.8441340717030084,
    "Sancet": -3.278228361264457,
    "Vencedor": -3.3450421287049115,
    "De Galarreta": -1.4174595969334125,
    "Nico Williams": 2.394740031374054,
    "Beñat Prados": -3.3616654381142252,
    "Robert Navarro": 2.043051772441329,
    "Nico Serrano": -3.374058892834697,
    "Paredes": -0.47646286169752416,
    "Jauregizar": 1.102842461446052,
    "Ernesto Valverde": -3.659070749899618,
    "Unai Gómez": -3.2751524654609065,
    "Boiro": -2.8696188081714924,
    "Sannadi": 10.240453786063775,
    "Álex Padilla": null,
    "Urko Izeta": null,
    "Egiluz": null,
    "Adu Ares": null,
    "Peio Canales": null
  },
  "Villarreal": {
    "Thomas": -1.998180456862253,
    "Denis Suárez": -3.2011889257590243,
    "Gerard Moreno": -1.3434735746266635,
    "Parejo": -2.4328843149387547,
    "Pedraza": -3.0990836907778485,
    "Ayoze": -2.643880477118432,
    "Comesaña": 0.962611738816177,
    "Diego Conde": -2.8681697981217225,
    "Foyth": 1.813816562131576,
    "Yéremy Pino": 3.3215287042316355,
    "Akhomach": -3.0619822075974468,
    "Rafa Marín": 4.5165868666531495,
    "Pape Gueye": 9.720476054783035,
    "Moleiro": -1.0282003982579502,
    "Sergi Cardona": 3.4224213762471534,
    "Kambwala": -3.467920408773817,
    "Santiago Mouriño": 11.7606509277973,
    "Adrià Altimira": -3.3176268712077572,
    "Marcelino": 0.5887710997567686,
    "Pépé": 7.660243622579932,
    "Luiz Júnior": 6.517804657681281,
    "Logan Costa": -3.4833808991568405,
    "Pau Navarro": null,
    "Pau Cabanes": null,
    "Buchanan": -1.222160188601784,
    "Etta Eyong": null,
    "Danjuma": null
  },
  "Barcelona": {
    "Ter Stegen": -3.3605142695037227,
    "Ferran Torres": 5.212974285210326,
    "Oriol Romeu": null,
    "De Jong": 1.9215283907885183,
    "Koundé": -1.041019393026299,
    "Iñaki Peña": -2.855497129474227,
    "Ronald Araújo": 5.025927194727586,
    "Pedri": 0.9419169008683781,
    "Eric García": 4.2272528065389725,
    "Gavi": 1.3293034328245135,
    "Balde": 0.7820399271811329,
    "Joan García": null,
    "Christensen": -2.7481508990734427,
    "Raphinha": 0.8159880576160461,
    "Lewandowski": -1.1597886832437676,
    "Fermín": 1.6730398941785518,
    "Yamal": 0.8548699971966167,
    "Cubarsi": 1.6945574529599439,
    "Héctor Fort": null,
    "Hansi Flick": -3.4178957004654897,
    "Marc Casadó": -1.8281240500957585,
    "Dani Olmo": -1.145363013863232,
    "Marc Bernal": null,
    "Gerard Martín": null,
    "Szczęsny": null,
    "Bardghji": null,
    "Rashford": null,
    "Iñigo Martínez": null
  },
  "Rayo Vallecano": {
    "Gumbau": -3.3529759240295776,
    "Lejeune": -1.6270912021858264,
    "Unai López": 2.4990319103287417,
    "Trejo": -3.288444041382188,
    "Álvaro García": 6.073093080563741,
    "De Frutos": 7.449898708454472,
    "Camello": -3.0252603443785886,
    "Pacha Espino": -2.618500306620364,
    "Dani Cárdenas": -2.5560239230240422,
    "Isi Palazón": 3.63942916434441,
    "Óscar Valentín": -2.8670515080103764,
    "Balliu": -3.2024813746952874,
    "Nteka": -2.8694607745961553,
    "Pathé Ciss": 1.8398980925882435,
    "Luiz Felipe": -2.4534003895494427,
    "Chavarría": 4.76984206375608,
    "Mumin": -3.1940956289746247,
    "Fran Pérez": -3.067443330811248,
    "Ratiu": 2.227929108812976,
    "Batalla": 0.8920473102579374,
    "Íñigo Pérez": -3.7299352428629695,
    "Pelayo": null,
    "Pedro Díaz": -0.9950832177317848,
    "Etienne Eto'O": null,
    "Vertrouwd": null
  },
  "Real Oviedo": {
    "Álvaro Lemos": null,
    "David Costas": -3.17057253752,
    "Escandell": 4.803118672554341,
    "Nacho Vidal": -2.2464442865762546,
    "Cazorla": -1.995183800417366,
    "Calvo": -2.742221763642705,
    "Chaira": 1.6375854795295908,
    "Moldovan": -3.0706941097885965,
    "Hassan": -2.0660694717967165,
    "Ahijado": -3.3810768244553757,
    "Viñas": -3.184025472009744,
    "Colombatto": -3.193957066203401,
    "Luengo": -2.96640739728834,
    "Cardero": null,
    "Sibo": -1.9969158576244261,
    "Alhassane": -3.083831333389442,
    "Dominguès": -3.143977497935957,
    "Forés": -2.55213792010478,
    "Borja Sánchez": -2.8733900511530686,
    "Rondón": -1.3979185450169629,
    "Alberto Reina": -3.317460929613192,
    "Paunovic": null,
    "Luka Ilic": -2.5500918109038984,
    "Ejaria": null,
    "Yayo González": null
  },
  "Alavés": {
    "Jonny Castro": -0.838674753873847,
    "Mariano": -1.5911011407458764,
    "Aleñá": 6.0446327188868665,
    "Raúl Fernández": -2.4857792412885105,
    "Sivera": -0.33559530021053385,
    "Guridi": -2.51870090979065,
    "Pablo Ibáñez": -3.038077848429521,
    "Nikola Maras": -3.2706377626906757,
    "Guevara": -3.1642356471522803,
    "Antonio Blanco": 1.2713241560936117,
    "Tenaglia": 5.714163688407048,
    "Benavidez": -3.3110830806974745,
    "Abde Rebbach": -2.849599477020859,
    "Carlos Vicente": -1.7054157068794984,
    "Moussa Diarra": -3.027021162022492,
    "Hugo Novoa": -2.93593827080465,
    "Toni Martínez": 3.5363795809497667,
    "Eduardo Coudet": 5.684859910340245,
    "Facundo Garcés": 3.495767627401536,
    "Victor Parada": 0.6082985568160337,
    "Yusi Enríquez": -2.632359379192495,
    "Calebe": -2.9517558783185405,
    "Albarracín": null,
    "Adrián Rodríguez": null,
    "Villalibre": null
  },
  "Celta": {
    "Iago Aspas": 1.2753359071050463,
    "Borja Iglesias": null,
    "Iván Villar": -3.0108447907163716,
    "Damián Rodríguez": -3.3648689255699527,
    "Claudio Giráldez": -3.738540048477501,
    "Fran Beltrán": -2.3280025719241593,
    "Aidoo": -3.320034551753459,
    "Carreira": -3.025198857447353,
    "Mingueza": 0.7750607716805247,
    "Ilaix Moriba": 0.6568093459642155,
    "Carlos Dominguez": -2.6682928975694575,
    "Franco Cervi": -3.2522321359634065,
    "Jutglà": 0.6900090329651443,
    "Swedberg": -2.9108844549341706,
    "Marcos Alonso": -0.9285662377436998,
    "Pablo Durán": -2.2598961421666397,
    "Bryan Zaragoza": 2.159200936909289,
    "Starfelt": -2.87319986619613,
    "Sotelo": -2.7936101366351718,
    "Ristic": -1.800445171254661,
    "Hugo Álvarez": -3.205756011788985,
    "Marc Vidal": -2.913040243993159,
    "Javi Rodríguez": -2.780185009774483,
    "El-Abdellaoui": null,
    "Yoel Lago": -1.3580240177650693,
    "Ionut Radu": null,
    "Javier Rueda": null,
    "Manu Fernández": null,
    "Miguel Román": null
  },
  "Espanyol": {
    "Kike García": -2.7153571746445726,
    "Dmitrovic": 0.33214862627177766,
    "Cabrera": 0.4729327102513725,
    "Calero": -2.168485436424239,
    "Puado": -0.31734984156748247,
    "Pere Milla": 0.703041889579259,
    "Pol Lozano": -2.1469566152682473,
    "Expósito": 5.750878150628225,
    "Miguel Rubio": 4.623249800906093,