{
  "Atlético": {
    "Marcos Llorente": -0.8080388633597613,
    "Oblak": -0.30325302729171666,
    "Giménez": -2.2293585768241253,
    "Koke": -2.9209246528650645,
    "Griezmann": -1.1693506563282718,
    "Lenglet": -1.4307777750636963,
    "Le Normand": 0.958993191668478,
    "Galán": -2.677505636216959,
    "Baena": 2.6082017625322917,
    "Sørloth": -1.3784843967729499,
    "Pubill": -0.7806057251949494,
    "Molina": -2.6462404726112276,
    "Barrios": 1.312198957808275,
    "Simeone": -3.1362180380615,
    "Giuliano Simeone": 1.2710276061008718,
    "Johnny": 2.623133105121611,
    "Carlos Martín": -2.9692021255431467,
    "Julián Alvarez": 1.2159270546895806,
    "Gallagher": -2.551945887132845,
    "Juan Musso": -2.7483967750318583,
    "Ruggeri": 0.38585782830669046,
    "Thiago Almada": -0.1716250717245793,
    "Hancko": -0.800686374892845
  },
  "Athletic": {
    "Lekue": -2.974962652974411,
    "Iñaki Williams": -0.2895105784507579,
    "Berenguer": 1.1647513248680852,
    "Yuri": -0.8970443756189717,
    "Yeray": -2.346697233574224,
    "Vesga": -2.797806511348888,
    "Unai Simón": -0.5441925500957345,
    "Gorosabel": -2.7329701039909393,
    "Vivian": 1.1195345154727754,
    "Areso": 2.2496298707375573,
    "Guruzeta": -2.123917267420039,
    "Sancet": -2.4914258373240905,
    "Vencedor": -3.1500250235182548,
    "De Galarreta": 0.48717895999954575,
    "Nico Williams": 0.8237772080787575,
    "Beñat Prados": -2.7986764848037526,
    "Robert Navarro": -2.0892181575489666,
    "Nico Serrano": -3.1970197151884427,
    "Paredes": -1.3359386914784221,
    "Adu Ares": -3.109248907838158,
    "Jauregizar": 3.5261420005930466,
    "Ernesto Valverde": -2.5623714172878675,
    "Unai Gómez": -2.5204294898788837,
    "Boiro": -2.352165452765609,
    "Sannadi": 4.354812905016137,
    "Álex Padilla": null,
    "Peio Canales": null,
    "Urko Izeta": null,
    "Egiluz": null
  },
  "Barcelona": {
    "Ter Stegen": -3.27581396894433,
    "Iñigo Martínez": -2.7130953899509036,
    "Ferran Torres": -0.9015813612800572,
    "Oriol Romeu": null,
    "De Jong": -0.49427597594893236,
    "Koundé": -0.44091731985694826,
    "Iñaki Peña": -2.339021595684776,
    "Ronald Araújo": 1.9019825744122532,
    "Pedri": -0.2852060608603435,
    "Eric García": -1.6431838246118269,
    "Gavi": -0.24475494483860993,
    "Balde": 1.0359957352533034,
    "Joan García": null,
    "Christensen": -0.733892113287038,
    "Raphinha": 1.5004332661071373,
    "Lewandowski": 1.0779828028496308,
    "Fermín": -1.2072630409357687,
    "Yamal": 1.9309771490240824,
    "Cubarsi": -0.2077659608860971,
    "Héctor Fort": null,
    "Hansi Flick": null,
    "Marc Casadó": -1.4692079199950636,
    "Dani Olmo": -0.8492474033502728,
    "Marc Bernal": null,
    "Gerard Martín": null,
    "Szczęsny": null,
    "Bardghji": null,
    "Rashford": null
  },
  "Villarreal": {
    "Denis Suárez": -2.9166013552559655,
    "Gerard Moreno": -1.5028036279558177,
    "Parejo": -1.411588434655664,
    "Pedraza": -2.8382689316098886,
    "Ayoze": 0.20394963618648454,
    "Comesaña": -1.745475686211051,
    "Diego Conde": -1.6533971346221144,
    "Foyth": 0.8610022027734754,
    "Yéremy Pino": -1.4105219230452049,
    "Danjuma": null,
    "Akhomach": -2.6174817457468857,
    "Rafa Marín": 1.6335603561447698,
    "Pape Gueye": 0.11466743326637996,
    "Moleiro": 6.100190670697803,
    "Sergi Cardona": 0.6689221799222489,
    "Kambwala": -2.988337696201415,
    "Santiago Mouriño": 5.681809128181103,
    "Adrià Altimira": null,
    "Marcelino": 5.386002925588262,
    "Pépé": 0.8677401472048096,
    "Luiz Júnior": 1.517949517711381,
    "Logan Costa": -3.2995045695001,
    "Pau Navarro": null,
    "Pau Cabanes": null,
    "Buchanan": -2.06967306559821,
    "Etta Eyong": null
  },
  "Rayo Vallecano": {
    "Gumbau": -2.8372570260150276,
    "Lejeune": -0.29695044890931666,
    "Unai López": -2.124987743240958,
    "Trejo": -2.968932756452203,
    "Álvaro García": -1.0828558260634225,
    "De Frutos": 0.8429776325181049,
    "Camello": -2.1662846670153835,
    "Pacha Espino": -2.4932714947201395,
    "Dani Cárdenas": -2.3954192943276054,
    "Isi Palazón": 0.9087468486175032,
    "Óscar Valentín": -2.4306046711221607,
    "Balliu": -1.8169509409131979,
    "Nteka": -2.535475430070755,
    "Pathé Ciss": -0.4334287395964198,
    "Luiz Felipe": 0.834770414317032,
    "Chavarría": 1.8902069394566068,
    "Mumin": -2.8980296629767865,
    "Ratiu": 2.6453062248742,
    "Batalla": 1.8835751184840266,
    "Íñigo Pérez": null,
    "Pelayo": null,
    "Pedro Díaz": -1.275977006536999,
    "Etienne Eto'O": null
  },
  "Real Oviedo": {
    "Álvaro Lemos": null,
    "David Costas": -2.3699299186682454,
    "Escandell": -0.3985052838648362,
    "Nacho Vidal": -0.16016479849706444,
    "Cazorla": null,
    "Calvo": null,
    "Chaira": null,
    "Moldovan": null,
    "Hassan": 2.2205294013146304,
    "Ahijado": null,
    "Viñas": null,
    "Colombatto": null,
    "Luengo": -1.5509670443637824,
    "Cardero": null,
    "Sibo": 1.7314622802955482,
    "Alhassane": -1.212430302345202,
    "Dominguès": null,
    "Forés": null,
    "Yayo González": null,
    "Borja Sánchez": null,
    "Rondón": null,
    "Alberto Reina": null,
    "Paunovic": null,
    "Luka Ilic": null
  },
  "Alavés": {
    "Jonny Castro": -1.2243789569276853,
    "Aleñá": -1.9580419177844033,
    "Villalibre": -2.892368965174663,
    "Raúl Fernández": null,
    "Sivera": -0.4923122121636814,
    "Guridi": -1.2564116002397152,
    "Pablo Ibáñez": null,
    "Nikola Maras": null,
    "Guevara": -2.8644984514116567,
    "Antonio Blanco": -1.4040194151588303,
    "Tenaglia": -0.5791663446880535,
    "Benavidez": -3.117363964058928,
    "Abde Rebbach": null,
    "Carlos Vicente": 0.5655220993145749,
    "Moussa Diarra": -1.8533472172018506,
    "Hugo Novoa": -2.946176290052649,
    "Toni Martínez": -2.247399115892512,
    "Eduardo Coudet": null,
    "Facundo Garcés": 0.4444678134648328,
    "Adrián Rodríguez": null,
    "Victor Parada": null,
    "Yusi Enríquez": null,
    "Calebe": null
  },
  "Celta": {
    "Iago Aspas": null,
    "Iván Villar": -2.4546510115848075,
    "Damián Rodríguez": -3.037324717426537,
    "Claudio Giráldez": null,
    "Fran Beltrán": -1.9864647945938452,
    "Aidoo": -2.9976771791390244,
    "Carreira": null,
    "Mingueza": 0.8836933541590097,
    "Ilaix Moriba": null,
    "Carlos Dominguez": -2.640651103747371,
    "Franco Cervi": -3.2460842387326494,
    "Jutglà": null,
    "Swedberg": -2.3635255978652125,
    "Marcos Alonso": 1.379618582082931,
    "Pablo Durán": -1.7624926255538687,
    "Bryan Zaragoza": null,
    "Starfelt": 0.4194867002998981,
    "Sotelo": -2.581768797163375,
    "Ristic": -1.494452780652522,
    "Hugo Álvarez": -2.479336620831696,
    "Marc Vidal": null,
    "Javi Rodríguez": null,
    "El-Abdellaoui": null,
    "Yoel Lago": null,
    "Ionut Radu": null,
    "Javier Rueda": null,
    "Manu Fernández": null
  },
  "Espanyol": {
    "Kike García": -1.4331359586556958,
    "Dmitrovic": 0.3265060593396152,
    "Cabrera": -1.6379990409875589,
    "Calero": -2.3741087442929354,
    "Puado": 1.8719643624336646,
    "Pere Milla": -2.982649545924332,
    "Pol Lozano": -1.7994090019796682,
    "Expósito": 1.0421220574835077,
    "Miguel Rubio": -3.069551856035979,
    "Jofre Carreras": -2.14580822971141,
    "Terrats": -0.7318375294111945,
    "Rubén Sánchez": -2.426752750303407,
    "El Hilali": -0.41260134849708807,
    "Carlos Romero": null,
    "Antoniu Roca": -0.07568445404544377,
    "Manolo González": null,
    "Fortuño": null,
    "Pablo Ramón": -0.5398161707094395,
    "Roberto Fernández": 2.0993326335222884,
    "Bauzà": null,
    "Marcos Fernández": null,
    "Salinas": -3.0642476417870324,
    "Javi Hernández": null,
    "Dolan": null,
    "Gastón Valles": null,
    "Hugo Pérez": null
  },
  "Betis": {
    "Pau López": null,
    "Isco": 1.2082377606938532,
    "Bakambu": -2.411771782186889,