{
  "Atlético": {
    "Marcos Llorente": -0.6095324099775978,
    "Oblak": -0.30301771228342655,
    "Giménez": -2.0597356198373995,
    "Koke": -2.835939620731498,
    "Griezmann": -0.730762675704677,
    "Lenglet": -1.5805774102059855,
    "Le Normand": 0.9459052495809583,
    "Galán": -2.6269176691875007,
    "Baena": 2.1163490728786094,
    "Sørloth": -1.3377867606365168,
    "Pubill": -1.152394948256008,
    "Molina": -2.61375472158889,
    "Barrios": 0.8190997188465721,
    "Simeone": -3.216336507838591,
    "Giuliano Simeone": 1.204598918445443,
    "Johnny": 2.6438399035235927,
    "Carlos Martín": -2.977077768889236,
    "Julián Alvarez": 1.5042621517424637,
    "Gallagher": -2.3467539930687953,
    "Juan Musso": -2.8067695533013026,
    "Ruggeri": 0.4801641431187331,
    "Thiago Almada": 0.12343549240667606,
    "Hancko": -0.20860178812194263
  },
  "Athletic": {
    "Lekue": -2.5893694638324694,
    "Iñaki Williams": -0.10676846905884885,
    "Berenguer": 2.084229517151659,
    "Yuri": -0.46609417366980654,
    "Yeray": -2.2127236175883636,
    "Vesga": -2.7973755541202294,
    "Unai Simón": -0.5478803960898837,
    "Gorosabel": -2.706212372842698,
    "Vivian": 0.7217242470841656,
    "Areso": 2.075967047496352,
    "Guruzeta": -2.233342771310576,
    "Sancet": -3.177737017314042,
    "Vencedor": -2.968687813624482,
    "De Galarreta": 0.22016402260975898,
    "Nico Williams": 0.8149978751874176,
    "Beñat Prados": -3.1886277713732647,
    "Robert Navarro": -2.248710099085227,
    "Nico Serrano": -3.1227763219835225,
    "Paredes": -1.810509097696078,
    "Adu Ares": -3.090799930467547,
    "Jauregizar": 3.081729463985994,
    "Ernesto Valverde": -3.5253879757313977,
    "Unai Gómez": -2.569150773519846,
    "Boiro": -2.2800891437322113,
    "Sannadi": 3.569841472852242,
    "Álex Padilla": null,
    "Peio Canales": null,
    "Urko Izeta": null,
    "Egiluz": null
  },
  "Villarreal": {
    "Thomas": null,
    "Denis Suárez": -2.9535015126968545,
    "Gerard Moreno": -1.1981611159802452,
    "Parejo": -1.3320293348219936,
    "Pedraza": -2.8079024430881727,
    "Ayoze": -0.2028030568025585,
    "Comesaña": -1.6650121953403096,
    "Diego Conde": -1.7882357834995255,
    "Foyth": 1.3160221994319432,
    "Yéremy Pino": -1.3008262962610706,
    "Akhomach": -2.398803130380389,
    "Rafa Marín": 1.8154630070351452,
    "Pape Gueye": 0.42935234448047144,
    "Moleiro": 4.818512224680793,
    "Sergi Cardona": 0.2798563509472496,
    "Kambwala": -3.2674327538529946,
    "Santiago Mouriño": 5.432915727067411,
    "Adrià Altimira": null,
    "Marcelino": -3.0285383024532098,
    "Pépé": 1.862239168509161,
    "Luiz Júnior": 1.427237005906834,
    "Logan Costa": -3.2652066563649496,
    "Pau Navarro": null,
    "Pau Cabanes": null,
    "Buchanan": -2.1639774113481502,
    "Etta Eyong": null,
    "Danjuma": null
  },
  "Barcelona": {
    "Ter Stegen": -3.217694849540975,
    "Ferran Torres": 1.409547139476186,
    "Oriol Romeu": null,
    "De Jong": -0.24909541436882732,
    "Koundé": -0.26811948730699475,
    "Iñaki Peña": -2.590968194529508,
    "Ronald Araújo": 2.5244017744308733,
    "Pedri": -0.09343698024670832,
    "Eric García": -1.618871515715925,
    "Gavi": -0.11370611163636912,
    "Balde": 0.9759329723930454,
    "Joan García": null,
    "Christensen": -0.4305301989442123,
    "Raphinha": 1.4843152175321395,
    "Lewandowski": -0.4107629851636929,
    "Fermín": -0.7418902624019452,
    "Yamal": 0.9437165393544777,
    "Cubarsi": -0.13916253855302818,
    "Héctor Fort": null,
    "Hansi Flick": null,
    "Marc Casadó": -1.395554811053934,
    "Dani Olmo": -0.8327608100401784,
    "Marc Bernal": null,
    "Gerard Martín": null,
    "Szczęsny": null,
    "Bardghji": null,
    "Rashford": null,
    "Iñigo Martínez": null
  },
  "Rayo Vallecano": {
    "Gumbau": -2.7845534873409683,
    "Lejeune": -0.608383933433998,
    "Unai López": -2.153463723797422,
    "Trejo": -2.889202534801283,
    "Álvaro García": -0.6070659417042212,
    "De Frutos": 0.48584078348208326,
    "Camello": -2.240708449239859,
    "Pacha Espino": -2.462622906658285,
    "Dani Cárdenas": -2.228652048112101,
    "Isi Palazón": 0.955305667045514,
    "Óscar Valentín": -2.493404564317081,
    "Balliu": -1.5745394816574998,
    "Nteka": -2.4526373528487966,
    "Pathé Ciss": -0.6344280038702244,
    "Luiz Felipe": 0.8658410188940424,
    "Chavarría": 1.4018666230114274,
    "Mumin": -2.8541255247636066,
    "Ratiu": 2.03645062936324,
    "Batalla": 1.6311706134996218,
    "Íñigo Pérez": null,
    "Pelayo": null,
    "Pedro Díaz": -1.3825889834001903,
    "Etienne Eto'O": null
  },
  "Real Oviedo": {
    "Álvaro Lemos": null,
    "David Costas": -2.2518677572675116,
    "Escandell": -0.2640815086401238,
    "Nacho Vidal": -0.5930486602648499,
    "Cazorla": null,
    "Calvo": null,
    "Chaira": null,
    "Moldovan": null,
    "Hassan": 1.5079070279905515,
    "Ahijado": null,
    "Viñas": null,
    "Colombatto": null,
    "Luengo": -1.5384017420304708,
    "Cardero": null,
    "Sibo": 1.9728915736081154,
    "Alhassane": -1.333634506122372,
    "Dominguès": null,
    "Forés": null,
    "Yayo González": null,
    "Borja Sánchez": null,
    "Rondón": null,
    "Alberto Reina": null,
    "Paunovic": null,
    "Luka Ilic": null
  },
  "Alavés": {
    "Jonny Castro": -1.4138873937815322,
    "Mariano": null,
    "Aleñá": -0.5967798881130082,
    "Raúl Fernández": null,
    "Sivera": -0.4813201654608523,
    "Guridi": -1.193069459532925,
    "Pablo Ibáñez": null,
    "Nikola Maras": null,
    "Guevara": -2.7267837508715864,
    "Antonio Blanco": -1.3385408664237541,
    "Tenaglia": -0.5463637061501325,
    "Benavidez": -3.0690801432308734,
    "Abde Rebbach": null,
    "Carlos Vicente": 0.7915971188821924,
    "Moussa Diarra": -2.0889465771654514,
    "Hugo Novoa": -2.8274112162503084,
    "Toni Martínez": -2.4308452949238335,
    "Eduardo Coudet": null,
    "Facundo Garcés": 0.2802418142243912,
    "Adrián Rodríguez": null,
    "Victor Parada": null,
    "Yusi Enríquez": null,
    "Calebe": null,
    "Villalibre": null
  },
  "Celta": {
    "Iago Aspas": null,
    "Iván Villar": -2.4608156157027827,
    "Damián Rodríguez": -3.0930164446238195,
    "Claudio Giráldez": null,
    "Fran Beltrán": -1.7579031160648961,
    "Aidoo": -2.909250948416031,
    "Carreira": null,
    "Mingueza": 0.9239527406696313,
    "Ilaix Moriba": null,
    "Carlos Dominguez": -2.497231264892441,
    "Franco Cervi": -3.1983372489298945,
    "Jutglà": null,
    "Swedberg": -2.368583034026428,
    "Marcos Alonso": 1.4339781504165483,
    "Pablo Durán": -0.31996221275384373,
    "Bryan Zaragoza": null,
    "Starfelt": 1.0375777516697715,
    "Sotelo": -2.643027630052519,
    "Ristic": -1.2953388738564664,
    "Hugo Álvarez": -2.456403142154384,
    "Marc Vidal": null,
    "Javi Rodríguez": null,
    "El-Abdellaoui": null,
    "Yoel Lago": null,
    "Ionut Radu": null,
    "Javier Rueda": null,
    "Manu Fernández": null
  },
  "Espanyol": {
    "Kike García": -1.184753884588885,
    "Dmitrovic": 0.12884953397076515,
    "Cabrera": -1.516005927635633,
    "Calero": -2.7571197566774175,
    "Puado": 2.015569290674679,
    "Pere Milla": -2.8622104637392454,
    "Pol Lozano": -1.7410075783212298,
    "Expósito": 1.3137747846140302,
    "Miguel Rubio": -2.6956354873190813,
    "Jofre Carreras": -2.2429342362885074,
    "Terrats": -1.2030543612360112,
    "Rubén Sánchez": -2.2686234757806845,
    "El Hilali": -0.1363467430509857,
    "Carlos Romero": null,
    "Antoniu Roca": 0.11581237170257275,
    "Manolo González": null,
    "Fortuño": null,
    "Pablo Ramón": -0.33676093245966765,
    "Roberto Fernández": 2.025552720312618,
    "Bauzà": null,
    "Marcos Fernández": null,
    "Salinas": -3.0478073596813426,
    "Javi Hernández": null,
    "Dolan": null,
    "Gastón Valles": null,
    "Hugo Pérez": null
  },
  "Betis": {
    "Pau López": null,
    "Isco": -1.5325184429470173,