{
  "Atlético": {
    "Marcos Llorente": -0.4100564835329945,
    "Oblak": -0.4623715179251975,
    "Giménez": -2.1586376765680426,
    "Koke": -3.007842862614596,
    "Griezmann": -0.6168734499998996,
    "Lenglet": -1.6039273062427695,
    "Le Normand": 0.9303829626848836,
    "Galán": -2.661076498253112,
    "Baena": 2.285113950934514,
    "Sørloth": -1.1742322543182637,
    "Pubill": -1.388416617722199,
    "Molina": -2.5944109534757342,
    "Barrios": 0.6858997518369936,
    "Simeone": 8.158285669176069,
    "Giuliano Simeone": 1.3603041753470935,
    "Johnny": 2.5039188125347778,
    "Carlos Martín": -2.87709169988255,
    "Julián Alvarez": 1.136696377599411,
    "Gallagher": -2.468476706671552,
    "Juan Musso": -2.2925326132044344,
    "Ruggeri": 0.3059641654153067,
    "Thiago Almada": 0.7074489368504633,
    "Hancko": 0.11064836800604994
  },
  "Athletic": {
    "Lekue": -2.6792564257794305,
    "Iñaki Williams": 0.014015267842548695,
    "Berenguer": 1.860424093845059,
    "Yuri": -0.6199940043353225,
    "Yeray": -2.1384553707954446,
    "Vesga": -2.8553051740515145,
    "Unai Simón": -0.4939926125999028,
    "Gorosabel": -2.8064399593987877,
    "Vivian": 0.46076026153252236,
    "Areso": 2.136240213504448,
    "Guruzeta": -2.0951164701667246,
    "Sancet": -3.2435064795531376,
    "Vencedor": -3.102646491544747,
    "De Galarreta": 0.4391032286565899,
    "Nico Williams": 0.6147639701892693,
    "Beñat Prados": -3.2572708890888036,
    "Robert Navarro": -2.392129937740306,
    "Nico Serrano": -3.2172222516509863,
    "Paredes": -2.3126384409624112,
    "Adu Ares": -3.2081193096277216,
    "Jauregizar": 2.840914840798603,
    "Ernesto Valverde": -2.7112128798347124,
    "Unai Gómez": -2.7541642869617355,
    "Boiro": -2.520000828947644,
    "Sannadi": 3.350600803303627,
    "Álex Padilla": null,
    "Peio Canales": null,
    "Urko Izeta": null,
    "Egiluz": null
  },
  "Villarreal": {
    "Thomas": null,
    "Denis Suárez": -2.908591364161961,
    "Gerard Moreno": -0.8489575841394981,
    "Parejo": -1.3813436961323755,
    "Pedraza": -2.8425489618250976,
    "Ayoze": -1.6772618185455057,
    "Comesaña": -1.51536287202797,
    "Diego Conde": -1.9017995853855885,
    "Foyth": 0.8384714158001128,
    "Yéremy Pino": -0.8904625598568305,
    "Akhomach": -2.4483715112320725,
    "Rafa Marín": 1.7143189135801151,
    "Pape Gueye": 0.6971638451226392,
    "Moleiro": 5.077059320802513,
    "Sergi Cardona": 0.6973204562750412,
    "Kambwala": -3.366555343571065,
    "Santiago Mouriño": 5.736911228978792,
    "Adrià Altimira": null,
    "Marcelino": 6.057976823497713,
    "Pépé": 1.519747855015452,
    "Luiz Júnior": 0.962032545456637,
    "Logan Costa": -3.334450304645653,
    "Pau Navarro": null,
    "Pau Cabanes": null,
    "Buchanan": -2.277272599548208,
    "Etta Eyong": null,
    "Danjuma": null
  },
  "Barcelona": {
    "Ter Stegen": -3.269524127139023,
    "Ferran Torres": 2.266431419931769,
    "Oriol Romeu": null,
    "De Jong": 0.05252608279424642,
    "Koundé": -0.3769214043920943,
    "Iñaki Peña": -2.480543173548,
    "Ronald Araújo": 3.8600316948373514,
    "Pedri": -0.09043218264369601,
    "Eric García": -1.2364373876858181,
    "Gavi": -0.6215493747267375,
    "Balde": 0.9547311213822685,
    "Joan García": null,
    "Christensen": -1.0994344784891363,
    "Raphinha": 0.899161730482323,
    "Lewandowski": -1.7931366787418246,
    "Fermín": 3.751759451366654,
    "Yamal": 0.8151154222650003,
    "Cubarsi": 0.13272246440974023,
    "Héctor Fort": null,
    "Hansi Flick": null,
    "Marc Casadó": -1.4708536785498882,
    "Dani Olmo": -1.385161963261483,
    "Marc Bernal": null,
    "Gerard Martín": null,
    "Szczęsny": null,
    "Bardghji": null,
    "Rashford": null,
    "Iñigo Martínez": null
  },
  "Rayo Vallecano": {
    "Gumbau": -2.830323255986833,
    "Lejeune": -0.3447657918364211,
    "Unai López": -2.0008848947046687,
    "Trejo": -2.929076133699793,
    "Álvaro García": -0.4681203524539268,
    "De Frutos": 0.6909187247308601,
    "Camello": -2.1369554574916405,
    "Pacha Espino": -2.3489123969905434,
    "Dani Cárdenas": -2.3871955183284332,
    "Isi Palazón": 1.2868479125677679,
    "Óscar Valentín": -2.1754295808575574,
    "Balliu": -1.423732423498958,
    "Nteka": -2.4225078639589226,
    "Pathé Ciss": -1.4396099419611508,
    "Luiz Felipe": 1.159094584083764,
    "Chavarría": 1.511507337446738,
    "Mumin": -3.015994071134276,
    "Ratiu": 1.04776535341089,
    "Batalla": 1.631967324869299,
    "Íñigo Pérez": null,
    "Pelayo": null,
    "Pedro Díaz": -1.0363042317125704,
    "Etienne Eto'O": null
  },
  "Real Oviedo": {
    "Álvaro Lemos": null,
    "David Costas": -2.4006171940390897,
    "Escandell": -0.3051826058209417,
    "Nacho Vidal": -0.30573197274057495,
    "Cazorla": null,
    "Calvo": null,
    "Chaira": null,
    "Moldovan": null,
    "Hassan": 1.9452830700674273,
    "Ahijado": null,
    "Viñas": null,
    "Colombatto": null,
    "Luengo": -1.3789278792412762,
    "Cardero": null,
    "Sibo": 1.6620350270534878,
    "Alhassane": -1.5236794868988435,
    "Dominguès": null,
    "Forés": null,
    "Yayo González": null,
    "Borja Sánchez": null,
    "Rondón": null,
    "Alberto Reina": null,
    "Paunovic": null,
    "Luka Ilic": null
  },
  "Alavés": {
    "Jonny Castro": -1.073316414768155,
    "Mariano": null,
    "Aleñá": -0.36071103111162683,
    "Raúl Fernández": null,
    "Sivera": -0.7640976996484361,
    "Guridi": -1.2423130946649485,
    "Pablo Ibáñez": null,
    "Nikola Maras": null,
    "Guevara": -2.7246582855930734,
    "Antonio Blanco": -1.4187028449259675,
    "Tenaglia": -0.617271832505395,
    "Benavidez": -3.1206297456136567,
    "Abde Rebbach": null,
    "Carlos Vicente": 1.2462080801788566,
    "Moussa Diarra": -2.072783652545185,
    "Hugo Novoa": -2.923153481052454,
    "Toni Martínez": -2.4317057563469135,
    "Eduardo Coudet": null,
    "Facundo Garcés": 0.4916462286860046,
    "Adrián Rodríguez": null,
    "Victor Parada": null,
    "Yusi Enríquez": null,
    "Calebe": null,
    "Villalibre": null
  },
  "Celta": {
    "Iago Aspas": null,
    "Iván Villar": -2.5059128035833322,
    "Damián Rodríguez": -3.064250702734761,
    "Claudio Giráldez": null,
    "Fran Beltrán": -1.3927469846817253,
    "Aidoo": -2.98596827981894,
    "Carreira": null,
    "Mingueza": 0.8159942811177157,
    "Ilaix Moriba": null,
    "Carlos Dominguez": -2.624408119900823,
    "Franco Cervi": -3.260982135151458,
    "Jutglà": null,
    "Swedberg": -2.330616536809871,
    "Marcos Alonso": 1.7385714434378086,
    "Pablo Durán": -0.43685696666775353,
    "Bryan Zaragoza": null,
    "Starfelt": 1.044176626533977,
    "Sotelo": -2.5376973717612383,
    "Ristic": -1.554653558243413,
    "Hugo Álvarez": -2.2181595684250155,
    "Marc Vidal": null,
    "Javi Rodríguez": null,
    "El-Abdellaoui": null,
    "Yoel Lago": null,
    "Ionut Radu": null,
    "Javier Rueda": null,
    "Manu Fernández": null
  },
  "Espanyol": {
    "Kike García": -1.569038729601635,
    "Dmitrovic": 0.4880845113827581,
    "Cabrera": -1.386055469525238,
    "Calero": -2.9012476404937426,
    "Puado": 1.5049175869730425,
    "Pere Milla": -2.9149228135471494,
    "Pol Lozano": -1.6761602636006678,
    "Expósito": 1.5189517674754516,
    "Miguel Rubio": -2.6732118856234055,
    "Jofre Carreras": -2.363343582868216,
    "Terrats": -1.475603189129937,
    "Rubén Sánchez": -2.4188730652114576,
    "El Hilali": -0.227703079550734,
    "Carlos Romero": null,
    "Antoniu Roca": -0.33081574695196236,
    "Manolo González": null,
    "Fortuño": null,
    "Pablo Ramón": -0.7198476582378932,
    "Roberto Fernández": 1.7431868632779013,
    "Bauzà": null,
    "Marcos Fernández": null,
    "Salinas": -3.1077652477797146,
    "Javi Hernández": null,
    "Dolan": null,
    "Gastón Valles": null,
    "Hugo Pérez": null
  },
  "Betis": {
    "Pau López": null,
    "Isco": -3.1936420879672855,
    "Bakambu": -2.5174060834558976,