{
  "Atlético": {
    "Marcos Llorente": -1.6537614672818113,
    "Oblak": -0.9496767370550718,
    "Giménez": -3.1265499595046986,
    "Koke": -2.7942102730632024,
    "Griezmann": -1.666860665350356,
    "Lenglet": -2.7008977775566767,
    "Le Normand": -2.3417126244334785,
    "Galán": -2.918523934482431,
    "Baena": 0.3691490961891919,
    "Sørloth": -2.70830719454509,
    "Pubill": -2.7653336571886067,
    "Molina": -2.676351311989511,
    "Barrios": -2.299537164266474,
    "Simeone": -3.497392602538718,
    "Giuliano Simeone": 1.4734186438505326,
    "Johnny": -0.2902365240009308,
    "Carlos Martín": -2.790044579067441,
    "Julián Alvarez": 0.9754082400300845,
    "Gallagher": -0.3216384307594522,
    "Juan Musso": -2.6454899297301493,
    "Ruggeri": -0.33960470782550267,
    "Thiago Almada": 3.899289570121023,
    "Hancko": 0.19345052338206603,
    "Raspadori": -2.8587350309261073
  },
  "Athletic": {
    "Lekue": -3.0133379917201664,
    "Iñaki Williams": -1.126257452657542,
    "Berenguer": 0.4930130117245968,
    "Yuri": -1.8850138705821307,
    "Yeray": null,
    "Vesga": -2.657268697535098,
    "Unai Simón": -0.8083709963476404,
    "Gorosabel": -2.664271332207435,
    "Vivian": -1.9939939959751296,
    "Areso": -0.9389226189968847,
    "Guruzeta": -2.756390000383957,
    "Sancet": -3.164175232575317,
    "Vencedor": -3.136884967763831,
    "De Galarreta": -1.816823000709955,
    "Nico Williams": 3.4654393525298977,
    "Beñat Prados": -3.022913950261852,
    "Robert Navarro": 2.129421143768262,
    "Nico Serrano": -3.209054622573193,
    "Paredes": -0.3970327334797519,
    "Jauregizar": 0.16755509852177664,
    "Ernesto Valverde": -2.47749570100253,
    "Unai Gómez": -3.139772869509916,
    "Boiro": -2.4715525705132135,
    "Sannadi": 9.823758826596872,
    "Álex Padilla": -2.8774048415951325,
    "Urko Izeta": -3.2369357189791725,
    "Egiluz": null,
    "Adu Ares": null,
    "Peio Canales": null
  },
  "Villarreal": {
    "Thomas": -2.234016280749318,
    "Denis Suárez": -2.8054411391072454,
    "Gerard Moreno": -1.5501117318125757,
    "Parejo": -2.3541744181631796,
    "Pedraza": -3.0198352073645185,
    "Ayoze": -2.6350908041113175,
    "Comesaña": 1.1054512557875817,
    "Diego Conde": -2.8081743639343903,
    "Foyth": 2.133846604359646,
    "Yéremy Pino": 3.2205111811911102,
    "Akhomach": -2.852078979328221,
    "Rafa Marín": 2.9735047085076127,
    "Pape Gueye": 9.311082699162387,
    "Moleiro": -1.3449096578746378,
    "Sergi Cardona": 2.6445497642763494,
    "Kambwala": -3.323882539785483,
    "Santiago Mouriño": 9.121227934335451,
    "Adrià Altimira": -3.2007490619257117,
    "Marcelino": -0.34908222745563267,
    "Pépé": 5.377705127830068,
    "Luiz Júnior": 5.818499582630765,
    "Logan Costa": -3.286106061682681,
    "Pau Navarro": -3.1162916804012286,
    "Pau Cabanes": -1.5988144344493582,
    "Buchanan": -1.3806615778144127,
    "Etta Eyong": 2.7934396084317026,
    "Danjuma": null
  },
  "Barcelona": {
    "Ter Stegen": -3.224553750066117,
    "Ferran Torres": 3.507227183338313,
    "Oriol Romeu": null,
    "De Jong": 1.8675584823650615,
    "Koundé": -0.7999823396660499,
    "Iñaki Peña": -2.3045137321321296,
    "Ronald Araújo": 5.14893334758697,
    "Pedri": 0.751149788446348,
    "Eric García": 3.9492367860497035,
    "Gavi": 1.3474069247754183,
    "Balde": 0.8096925770069374,
    "Joan García": 6.339777674531111,
    "Christensen": -2.6679087572574756,
    "Raphinha": 1.0057752831136524,
    "Lewandowski": -0.3130152271291542,
    "Fermín": 1.446928121280111,
    "Yamal": 0.4821757992976128,
    "Cubarsi": 1.6132463652972495,
    "Héctor Fort": null,
    "Hansi Flick": -3.0817877914772196,
    "Marc Casadó": -1.6664028320256485,
    "Dani Olmo": -0.6862329033629044,
    "Marc Bernal": null,
    "Gerard Martín": null,
    "Szczęsny": null,
    "Bardghji": null,
    "Rashford": null,
    "Iñigo Martínez": null
  },
  "Rayo Vallecano": {
    "Gumbau": -3.1699598256319073,
    "Lejeune": -1.6302508260701454,
    "Unai López": 2.4561553981751416,
    "Trejo": -3.208100898270294,
    "Álvaro García": 3.9916215952464196,
    "De Frutos": 6.38260198201801,
    "Camello": -2.8564093257138823,
    "Pacha Espino": -2.4834744109318074,
    "Dani Cárdenas": -2.0536825047550944,
    "Isi Palazón": 3.0730839494248263,
    "Óscar Valentín": -2.6472895341363656,
    "Balliu": -3.0173580037749836,
    "Nteka": -2.6071555569276206,
    "Pathé Ciss": 2.5210122758959397,
    "Luiz Felipe": -2.525056382042079,
    "Chavarría": 4.070183774998037,
    "Mumin": -2.906637393697087,
    "Fran Pérez": -2.738845175611049,
    "Ratiu": 1.7187624622618136,
    "Batalla": 0.9543282457207702,
    "Íñigo Pérez": -3.6315941624293413,
    "Pelayo": -2.9666502968882513,
    "Pedro Díaz": -0.5716489314397943,
    "Etienne Eto'O": null,
    "Vertrouwd": -2.8975608656798935
  },
  "Real Oviedo": {
    "Álvaro Lemos": null,
    "David Costas": -2.8751405198726765,
    "Escandell": 4.016956552635165,
    "Nacho Vidal": -1.8645273450210387,
    "Cazorla": -2.0193038523132367,
    "Calvo": -2.44822618780125,
    "Chaira": 0.5947367154409022,
    "Eric Bailly": null,
    "Moldovan": -2.935094200521393,
    "Hassan": -2.3927488286641596,
    "Ahijado": -3.2909724801951867,
    "Viñas": -3.0792370322105134,
    "Colombatto": -3.0550236911759288,
    "Luengo": -2.6011964403754084,
    "Cardero": -1.9928736894594956,
    "Sibo": -1.8146275523159394,
    "Alhassane": -2.8380738327154598,
    "Dominguès": -2.8391714208269136,
    "Forés": -2.0485408442406317,
    "Borja Sánchez": -2.476529504909697,
    "Rondón": -1.514587280649704,
    "Alberto Reina": -3.230205587547519,
    "Paunovic": -2.871716625120868,
    "Luka Ilic": -2.364854635910607,
    "Ejaria": -1.9928736894594956,
    "Yayo González": null
  },
  "Alavés": {
    "Jonny Castro": -0.8775571143196825,
    "Mariano": -1.9171914506920906,
    "Aleñá": 5.748415607758428,
    "Raúl Fernández": -1.518776256293497,
    "Sivera": -0.6088102775863913,
    "Guridi": -2.3343773588088146,
    "Pablo Ibáñez": -2.861301016264406,
    "Nikola Maras": -3.009772534755095,
    "Guevara": -2.9416435328959656,
    "Antonio Blanco": 1.4395455807923563,
    "Tenaglia": 6.36432926829269,
    "Benavidez": -3.2435106919825873,
    "Abde Rebbach": -2.7746955325493095,
    "Carlos Vicente": -2.1403284450604576,
    "Moussa Diarra": -2.682343629239625,
    "Hugo Novoa": -2.560425243393205,
    "Toni Martínez": 3.670415863113341,
    "Eduardo Coudet": -3.7715997574482296,
    "Facundo Garcés": 2.4435255612009543,
    "Victor Parada": 0.4343468092215197,
    "Yusi Enríquez": -2.155278692328888,
    "Calebe": -2.7719224733945946,
    "Albarracín": null,
    "Adrián Rodríguez": null,
    "Villalibre": null
  },
  "Celta": {
    "Iago Aspas": 0.8075342624486392,
    "Borja Iglesias": -0.987559866510257,
    "Iván Villar": -2.9102913467034863,
    "Damián Rodríguez": -3.1531678500062887,
    "Claudio Giráldez": -3.64326459797768,
    "Fran Beltrán": -1.9124136690440996,
    "Aidoo": -3.184913278884094,
    "Carreira": -2.8287804675679262,
    "Mingueza": 0.9168248985394811,
    "Ilaix Moriba": 0.31028056425876915,
    "Carlos Dominguez": -2.2031846224918383,
    "Franco Cervi": -2.9850365109133747,
    "Jutglà": 0.09936083502775084,
    "Swedberg": -2.9144584508383753,
    "Marcos Alonso": -0.6963320723690658,
    "Pablo Durán": -1.6617244504580353,
    "Bryan Zaragoza": 0.8132172140002947,
    "Starfelt": -3.2469651628820317,
    "Sotelo": -2.1324221874127414,
    "Ristic": -1.0581631213383513,
    "Hugo Álvarez": -3.1099575900613075,
    "Marc Vidal": -2.608039859982181,
    "Javi Rodríguez": -0.74511033489153,
    "El-Abdellaoui": -2.968183449453632,
    "Yoel Lago": 1.2514381167308297,
    "Ionut Radu": null,
    "Javier Rueda": null,
    "Manu Fernández": -1.0122151750058705,
    "Miguel Román": -0.046317019795083514
  },
  "Espanyol": {
    "Kike García": -2.617288914030491,
    "Dmitrovic": 0.9879291444778504,