{
  "Atlético": {
    "Marcos Llorente": -0.5632216395601852,
    "Oblak": -0.2529106962171901,
    "Giménez": -2.033431331909774,
    "Koke": -2.8201564560021986,
    "Griezmann": -0.6864531819242403,
    "Lenglet": -1.5477872834200102,
    "Le Normand": 1.0129363550690051,
    "Galán": -2.6083063968037945,
    "Baena": 2.1992458631500567,
    "Sørloth": -1.301447284798063,
    "Pubill": -1.1138044383220524,
    "Molina": -2.5948764832114724,
    "Barrios": 0.8844128496298342,
    "Simeone": -3.206341743023411,
    "Giuliano Simeone": 1.2713043296536553,
    "Johnny": 2.7338841977057937,
    "Carlos Martín": -2.9631621050975054,
    "Julián Alvarez": 1.5794995813358526,
    "Gallagher": -2.3243514362249917,
    "Juan Musso": -2.7904783924079912,
    "Ruggeri": 0.5408836487529989,
    "Thiago Almada": 0.17970517988625812,
    "Hancko": -0.15941134035725169
  },
  "Athletic": {
    "Lekue": -2.5702593222138415,
    "Iñaki Williams": -0.05400299227606986,
    "Berenguer": 2.1666935076290583,
    "Yuri": -0.41819940139186107,
    "Yeray": -2.188508112078702,
    "Vesga": -2.7810440738348485,
    "Unai Simón": -0.5010914485369722,
    "Gorosabel": -2.6885713769742026,
    "Vivian": 0.785719265635132,
    "Areso": 2.1583076245041966,
    "Guruzeta": -2.2093937748425274,
    "Sancet": -3.166592806383506,
    "Vencedor": -2.954686262683459,
    "De Galarreta": 0.277352164266631,
    "Nico Williams": 0.8808132203934171,
    "Beñat Prados": -3.1776388578901416,
    "Robert Navarro": -2.2248645487941365,
    "Nico Serrano": -3.110896502120386,
    "Paredes": -1.7808344641609741,
    "Adu Ares": -3.0784620486296044,
    "Jauregizar": 3.177714206999105,
    "Ernesto Valverde": -3.518948123695864,
    "Unai Gómez": -2.5496824777162086,
    "Boiro": -2.256655644242833,
    "Sannadi": 3.670684942197089,
    "Álex Padilla": null,
    "Peio Canales": null,
    "Urko Izeta": null,
    "Egiluz": null
  },
  "Villarreal": {
    "Thomas": null,
    "Denis Suárez": -2.939323237567426,
    "Gerard Moreno": -1.160188542901397,
    "Parejo": -1.2953408385000142,
    "Pedraza": -2.791661300720605,
    "Ayoze": -0.1513394927393219,
    "Comesaña": -1.6333592404019215,
    "Diego Conde": -1.7582563644925386,
    "Foyth": 1.3880682968020697,
    "Yéremy Pino": -1.2642442480303884,
    "Akhomach": -2.377100739741489,
    "Rafa Marín": 1.89496384631489,
    "Pape Gueye": 0.48938844750363586,
    "Moleiro": 4.938032308593621,
    "Sergi Cardona": 0.33786047598618474,
    "Kambwala": -3.257522286465686,
    "Santiago Mouriño": 5.56077835305675,
    "Adrià Altimira": null,
    "Marcelino": -3.0160188849195246,
    "Pépé": 1.9416864239408582,
    "Luiz Júnior": 1.5007863823508716,
    "Logan Costa": -3.255240452061725,
    "Pau Navarro": null,
    "Pau Cabanes": null,
    "Buchanan": -2.1389790847333945,
    "Etta Eyong": null,
    "Danjuma": null
  },
  "Barcelona": {
    "Ter Stegen": -3.2070935693895075,
    "Ferran Torres": 1.482861999955154,
    "Oriol Romeu": null,
    "De Jong": -0.19826005544014702,
    "Koundé": -0.21754031615899283,
    "Iñaki Peña": -2.571877330695327,
    "Ronald Araújo": 2.6138882072815672,
    "Pedri": -0.0421926440351883,
    "Eric García": -1.5866025743116463,
    "Gavi": -0.061036021308535915,
    "Balde": 1.0413062245186788,
    "Joan García": null,
    "Christensen": -0.38102390539881403,
    "Raphinha": 1.5586453578145365,
    "Lewandowski": -0.36211732036661726,
    "Fermín": -0.6969103076717165,
    "Yamal": 1.0107198570392883,
    "Cubarsi": -0.08683482669865628,
    "Héctor Fort": null,
    "Hansi Flick": null,
    "Marc Casadó": -1.36247469398596,
    "Dani Olmo": -0.7895104244976969,
    "Marc Bernal": null,
    "Gerard Martín": null,
    "Szczęsny": null,
    "Bardghji": null,
    "Rashford": null,
    "Iñigo Martínez": null
  },
  "Rayo Vallecano": {
    "Gumbau": -2.7680812698842594,
    "Lejeune": -0.5624186907671525,
    "Unai López": -2.1284428439701797,
    "Trejo": -2.874154807972873,
    "Álvaro García": -0.5610778839463815,
    "De Frutos": 0.5466418045942723,
    "Camello": -2.2168634460913994,
    "Pacha Espino": -2.4416707822625283,
    "Dani Cárdenas": -2.2046136168274,
    "Isi Palazón": 1.0224676785405284,
    "Óscar Valentín": -2.472776864238835,
    "Balliu": -1.5414567923195732,
    "Nteka": -2.4316810516593956,
    "Pathé Ciss": -0.5888247041047401,
    "Luiz Felipe": 0.931787095211134,
    "Chavarría": 1.4750825997414951,
    "Mumin": -2.8384970508611995,
    "Ratiu": 2.1182667682916545,
    "Batalla": 1.7074868106468744,
    "Íñigo Pérez": null,
    "Pelayo": null,
    "Pedro Díaz": -1.3471090744711645,
    "Etienne Eto'O": null
  },
  "Real Oviedo": {
    "Álvaro Lemos": null,
    "David Costas": -2.228161017809349,
    "Escandell": -0.21748490038271395,
    "Nacho Vidal": -0.5465282094756718,
    "Cazorla": null,
    "Calvo": null,
    "Chaira": null,
    "Moldovan": null,
    "Hassan": 1.5832328352884728,
    "Ahijado": null,
    "Viñas": null,
    "Colombatto": null,
    "Luengo": -1.5050324165932771,
    "Cardero": null,
    "Sibo": 2.053878472843551,
    "Alhassane": -1.2974577746900584,
    "Dominguès": null,
    "Forés": null,
    "Yayo González": null,
    "Borja Sánchez": null,
    "Rondón": null,
    "Alberto Reina": null,
    "Paunovic": null,
    "Luka Ilic": null
  },
  "Alavés": {
    "Jonny Castro": -1.3796199979362878,
    "Mariano": null,
    "Aleñá": -0.5506601096415764,
    "Raúl Fernández": null,
    "Sivera": -0.4336315393377532,
    "Guridi": -1.1546541595479631,
    "Pablo Ibáñez": null,
    "Nikola Maras": null,
    "Guevara": -2.709453541999096,
    "Antonio Blanco": -1.3024617694520235,
    "Tenaglia": -0.49915092426563445,
    "Benavidez": -3.0564274495733734,
    "Abde Rebbach": null,
    "Carlos Vicente": 0.8565373988931313,
    "Moussa Diarra": -2.0628832899808214,
    "Hugo Novoa": -2.8115254124853717,
    "Toni Martínez": -2.409558790062194,
    "Eduardo Coudet": null,
    "Facundo Garcés": 0.3394111995942639,
    "Adrián Rodríguez": null,
    "Victor Parada": null,
    "Yusi Enríquez": null,
    "Calebe": null,
    "Villalibre": null
  },
  "Celta": {
    "Iago Aspas": null,
    "Iván Villar": -2.4394698014174154,
    "Damián Rodríguez": -3.080687254233949,
    "Claudio Giráldez": null,
    "Fran Beltrán": -1.7275146269036257,
    "Aidoo": -2.894419984539498,
    "Carreira": null,
    "Mingueza": 0.9915236017732809,
    "Ilaix Moriba": null,
    "Carlos Dominguez": -2.47687127339441,
    "Franco Cervi": -3.187476615325313,
    "Jutglà": null,
    "Swedberg": -2.3464590271424335,
    "Marcos Alonso": 1.5076285313574633,
    "Pablo Durán": -0.26981646656896174,
    "Bryan Zaragoza": null,
    "Starfelt": 1.1058553936104998,
    "Sotelo": -2.6246041000592357,
    "Ristic": -1.2586973328179374,
    "Hugo Álvarez": -2.4374199736875712,
    "Marc Vidal": null,
    "Javi Rodríguez": null,
    "El-Abdellaoui": null,
    "Yoel Lago": null,
    "Ionut Radu": null,
    "Javier Rueda": null,
    "Manu Fernández": null
  },
  "Espanyol": {
    "Kike García": -1.1460735919137655,
    "Dmitrovic": 0.1848143382316092,
    "Cabrera": -1.482340516339098,
    "Calero": -2.7403035926881314,
    "Puado": 2.0970994714698765,
    "Pere Milla": -2.846652022434548,
    "Pol Lozano": -1.7101810926869798,
    "Expósito": 1.3827828818222088,
    "Miguel Rubio": -2.6779101696312924,
    "Jofre Carreras": -2.219116805134236,
    "Terrats": -1.1651412621578094,
    "Rubén Sánchez": -2.245166512220176,
    "El Hilali": -0.08398022669412475,
    "Carlos Romero": null,
    "Antoniu Roca": 0.17157388400379503,
    "Manolo González": null,
    "Fortuño": null,
    "Pablo Ramón": -0.28713300557087207,
    "Roberto Fernández": 2.1072086771878995,
    "Bauzà": null,
    "Marcos Fernández": null,
    "Salinas": -3.034874293665457,
    "Javi Hernández": null,
    "Dolan": null,
    "Gastón Valles": null,
    "Hugo Pérez": null
  },
  "Betis": {
    "Pau López": null,
    "Isco": -1.4990759189163594,