{
  "Atlético": {
    "Marcos Llorente": 0.32580856758752663,
    "Oblak": -0.08376078704754875,
    "Giménez": -3.205698949727487,
    "Koke": -2.572795527899352,
    "Griezmann": -0.04745281790075051,
    "Lenglet": -1.4177592410154483,
    "Le Normand": 0.19770642007257422,
    "Galán": -2.3531839722024994,
    "Baena": 0.5024147696375936,
    "Sørloth": -2.092593283005606,
    "Pubill": -1.8905134067164209,
    "Molina": -2.3256654320277903,
    "Barrios": -2.374874023399276,
    "Simeone": -2.9801661912059907,
    "Giuliano Simeone": 0.7354160528444398,
    "Johnny": 1.0240615644476536,
    "Carlos Martín": -2.8957357891712387,
    "Julián Alvarez": -0.042287843114030554,
    "Gallagher": -2.0127403028923907,
    "Juan Musso": -2.735198417950957,
    "Ruggeri": -0.3300565808069478,
    "Thiago Almada": 1.2267524566303312,
    "Hancko": 0.37319428583268976,
    "Raspadori": -2.1975342070924553
  },
  "Athletic": {
    "Lekue": -2.9689043375528357,
    "Iñaki Williams": 0.4442416306591257,
    "Berenguer": 0.6744787579284761,
    "Yuri": -0.5118478452065145,
    "Yeray": null,
    "Vesga": -2.8473093974614283,
    "Unai Simón": -0.20049566396860286,
    "Gorosabel": -2.651864553925798,
    "Vivian": -0.3706102855266624,
    "Areso": 0.5858373138051931,
    "Guruzeta": -2.140428076776424,
    "Sancet": -3.1379003439619635,
    "Vencedor": -3.101585719624833,
    "De Galarreta": -0.6138853433436786,
    "Nico Williams": 0.3605554934211108,
    "Beñat Prados": -3.2282902886044185,
    "Robert Navarro": -2.293480185958885,
    "Nico Serrano": -2.959303638578359,
    "Paredes": -0.5811254662321574,
    "Jauregizar": 1.3800834291911812,
    "Ernesto Valverde": -3.563736651979499,
    "Unai Gómez": -3.218633084822109,
    "Boiro": -2.5973760203733653,
    "Sannadi": 1.6463544474537573,
    "Álex Padilla": null,
    "Urko Izeta": null,
    "Egiluz": null,
    "Adu Ares": null,
    "Peio Canales": null
  },
  "Villarreal": {
    "Thomas": -1.8546190766314585,
    "Denis Suárez": -3.1392094870531406,
    "Gerard Moreno": -1.4573350368672577,
    "Parejo": -2.5048966451597376,
    "Pedraza": -3.0093427918091997,
    "Ayoze": -2.547399272223616,
    "Comesaña": 0.2860526183379619,
    "Diego Conde": -2.7478262352161886,
    "Foyth": 1.730154662351202,
    "Yéremy Pino": 1.7046930277405226,
    "Akhomach": -2.7735702304917953,
    "Rafa Marín": 2.924239477995938,
    "Pape Gueye": 8.415919812249095,
    "Moleiro": -0.43305711648728984,
    "Sergi Cardona": 2.51823634249817,
    "Kambwala": -3.321696337621771,
    "Santiago Mouriño": 8.764965308340589,
    "Adrià Altimira": -3.1843858513128986,
    "Marcelino": -3.5436787132417824,
    "Pépé": 4.694408310775566,
    "Luiz Júnior": 5.211034011451954,
    "Logan Costa": -3.3129578451924546,
    "Pau Navarro": null,
    "Pau Cabanes": null,
    "Buchanan": -1.5266477361769115,
    "Etta Eyong": null,
    "Danjuma": null
  },
  "Barcelona": {
    "Ter Stegen": -3.231938822508107,
    "Ferran Torres": 3.7111614981899743,
    "Oriol Romeu": null,
    "De Jong": 1.5893796377137948,
    "Koundé": -0.4293130993537897,
    "Iñaki Peña": -2.5967085937678602,
    "Ronald Araújo": 4.132641860253683,
    "Pedri": 0.493884958011348,
    "Eric García": 2.642742706943113,
    "Gavi": 0.6640635070212619,
    "Balde": 0.7993278638622314,
    "Joan García": null,
    "Christensen": -2.3660331628883036,
    "Raphinha": 0.8246472034176611,
    "Lewandowski": -2.078400756407106,
    "Fermín": 2.4857821747362063,
    "Yamal": 0.2493109437885277,
    "Cubarsi": 1.5292120239770668,
    "Héctor Fort": null,
    "Hansi Flick": -2.9734767942513396,
    "Marc Casadó": -1.4457750055550278,
    "Dani Olmo": -1.152384585827737,
    "Marc Bernal": null,
    "Gerard Martín": null,
    "Szczęsny": null,
    "Bardghji": null,
    "Rashford": null,
    "Iñigo Martínez": null
  },
  "Rayo Vallecano": {
    "Gumbau": -3.172427387682364,
    "Lejeune": -1.4782134169559757,
    "Unai López": 1.4629076186220447,
    "Trejo": -3.1682648860686835,
    "Álvaro García": 3.4879537965562424,
    "De Frutos": 6.46929932071878,
    "Camello": -2.8050011445635126,
    "Pacha Espino": -2.6114898224260163,
    "Dani Cárdenas": -2.2009671247579243,
    "Isi Palazón": 3.108396356238896,
    "Óscar Valentín": -2.701494536027149,
    "Balliu": -2.9238584084634867,
    "Nteka": -2.6632125024457665,
    "Pathé Ciss": 1.0548581095752851,
    "Luiz Felipe": -2.324616044751615,
    "Chavarría": 3.5668981634853436,
    "Mumin": -3.0041851473680437,
    "Fran Pérez": -2.806260637667035,
    "Ratiu": 1.9221789581115312,
    "Batalla": 0.8078066442252618,
    "Íñigo Pérez": -3.0877222947094607,
    "Pelayo": null,
    "Pedro Díaz": -1.0565831590368058,
    "Etienne Eto'O": null,
    "Vertrouwd": null
  },
  "Real Oviedo": {
    "Álvaro Lemos": null,
    "David Costas": -2.9748762926432026,
    "Escandell": 3.7427230078627804,
    "Nacho Vidal": -2.0959813271404837,
    "Cazorla": -1.7284628471184171,
    "Calvo": -2.6425005558822545,
    "Chaira": 0.06765138527260461,
    "Moldovan": -2.902207857737049,
    "Hassan": -1.82737886120391,
    "Ahijado": -3.2488878761158357,
    "Viñas": -3.0101541303170665,
    "Colombatto": -3.063838240214123,
    "Luengo": -2.7191122757692754,
    "Cardero": null,
    "Sibo": -1.7202389622907877,
    "Alhassane": -2.8310332204585675,
    "Dominguès": -2.941507036537838,
    "Forés": -2.1960346206656545,
    "Borja Sánchez": -2.6020320868945457,
    "Rondón": -1.4306844561662313,
    "Alberto Reina": -3.1756902795911257,
    "Paunovic": null,
    "Luka Ilic": -2.4518075994404476,
    "Ejaria": null,
    "Yayo González": null
  },
  "Alavés": {
    "Jonny Castro": -1.8815140847052936,
    "Mariano": -0.8980017816578534,
    "Aleñá": 2.825780762272978,
    "Raúl Fernández": -2.111715682898274,
    "Sivera": -0.7700939570834842,
    "Guridi": -2.4257173569497636,
    "Pablo Ibáñez": -2.9861615933779895,
    "Nikola Maras": -3.0997116733962327,
    "Guevara": -3.033986459486282,
    "Antonio Blanco": -0.4897926378959916,
    "Tenaglia": 2.5192862861026066,
    "Benavidez": -3.2598626712000423,
    "Abde Rebbach": -2.877837883072709,
    "Carlos Vicente": -1.238449435985145,
    "Moussa Diarra": -2.7951444838328454,
    "Hugo Novoa": -2.680910395384295,
    "Toni Martínez": 1.1638260605501882,
    "Eduardo Coudet": -3.748010614413777,
    "Facundo Garcés": 1.054158548834061,
    "Victor Parada": -1.417087030695774,
    "Yusi Enríquez": -2.2977166328855048,
    "Calebe": -3.0829173905450036,
    "Albarracín": null,
    "Adrián Rodríguez": null,
    "Villalibre": null
  },
  "Celta": {
    "Iago Aspas": 0.7259285360360135,
    "Borja Iglesias": null,
    "Iván Villar": -2.6402576641298636,
    "Damián Rodríguez": -3.1825861385842535,
    "Claudio Giráldez": -3.679188072817141,
    "Fran Beltrán": -2.1426551272938132,
    "Aidoo": -2.9432846534559687,
    "Carreira": -2.125976120658213,
    "Mingueza": 0.6289628855154827,
    "Ilaix Moriba": 1.0640151623972915,
    "Carlos Dominguez": -2.343375475865961,
    "Franco Cervi": -3.076736566872662,
    "Jutglà": 1.267966306549284,
    "Swedberg": -2.5256034664875693,
    "Marcos Alonso": 0.566748046370269,
    "Pablo Durán": -1.8237049895213686,
    "Bryan Zaragoza": 3.0497188486517945,
    "Starfelt": -1.2573560798089023,
    "Sotelo": -2.8812809664434336,
    "Ristic": -1.2324630866762054,
    "Hugo Álvarez": -2.722080442711494,
    "Marc Vidal": -2.7247128290371347,
    "Javi Rodríguez": null,
    "El-Abdellaoui": null,
    "Yoel Lago": null,
    "Ionut Radu": null,
    "Javier Rueda": null,
    "Manu Fernández": null,
    "Miguel Román": null
  },
  "Espanyol": {
    "Kike García": -2.100558674453834,
    "Dmitrovic": -0.5161277315329338,
    "Cabrera": -1.6925831139639524,
    "Calero": -2.8988785674117667,
    "Puado": 0.3612615261652463,
    "Pere Milla": -2.9130821244468863,
    "Pol Lozano": -2.4940650868585212,
    "Expósito": -1.0281097843432785,
    "Miguel Rubio": -2.827308481279789,