{
  "Atlético": {
    "Marcos Llorente": -0.04773485772597841,
    "Oblak": 0.23558231024136678,
    "Giménez": -2.1190094997638464,
    "Koke": -2.8556890458852124,
    "Griezmann": -1.483518645957349,
    "Lenglet": -1.0268158582144915,
    "Le Normand": 0.7945544282369488,
    "Galán": -2.6179863956602767,
    "Baena": 2.8012753381053024,
    "Sørloth": -1.3217010865837708,
    "Pubill": null,
    "Molina": -2.816975180000658,
    "Barrios": 1.5562966851075277,
    "Simeone": -3.0976998369642406,
    "Giuliano Simeone": 1.6418673333756129,
    "Johnny": 2.4695588204520336,
    "Carlos Martín": -2.9514376580119572,
    "Julián Alvarez": 1.3783540572199104,
    "Gallagher": -2.558318364090817,
    "Juan Musso": -2.5874201348460413,
    "Ruggeri": 1.2779028804119852,
    "Thiago Almada": -1.3713084342737214,
    "Hancko": null
  },
  "Athletic": {
    "Lekue": -3.0513452066957547,
    "Iñaki Williams": -0.7508730047827261,
    "Berenguer": -0.7638581031565783,
    "Yuri": -1.3590452081241544,
    "Yeray": -2.3362644397576515,
    "Vesga": -2.8358379206673723,
    "Unai Simón": -0.21562542412600916,
    "Gorosabel": -2.815309225991647,
    "Vivian": 0.9978218158352314,
    "Areso": 1.9757401315789513,
    "Guruzeta": -2.113135324274651,
    "Sancet": 0.33706767619423594,
    "Vencedor": -3.0861398054709555,
    "De Galarreta": 0.9471346395734992,
    "Nico Williams": 1.4405541855320836,
    "Beñat Prados": -2.5015904488958074,
    "Robert Navarro": -2.4760269694777737,
    "Nico Serrano": -3.2252547713282453,
    "Paredes": -1.3552215473594753,
    "Adu Ares": -3.157744080818481,
    "Jauregizar": 4.131755020668115,
    "Ernesto Valverde": null,
    "Unai Gómez": -2.611219133894549,
    "Boiro": -2.5025309531926054,
    "Sannadi": 4.179607949452513,
    "Álex Padilla": null,
    "Peio Canales": null,
    "Urko Izeta": null,
    "Egiluz": null
  },
  "Barcelona": {
    "Ter Stegen": -3.245211140131965,
    "Iñigo Martínez": 0.888686458087995,
    "Ferran Torres": -1.431155993019595,
    "Oriol Romeu": null,
    "De Jong": -0.552865468774022,
    "Koundé": -0.5113717351020619,
    "Iñaki Peña": -2.7470166142474994,
    "Ronald Araújo": -2.2432040746324766,
    "Pedri": -0.4066200237623385,
    "Eric García": -2.282974214838307,
    "Gavi": -0.20265711181796098,
    "Balde": 0.9727485846364514,
    "Joan García": null,
    "Christensen": -2.8470671205170106,
    "Raphinha": 1.519058767064907,
    "Lewandowski": 1.5229475269085357,
    "Fermín": -1.19189930219884,
    "Yamal": 2.624795754915543,
    "Cubarsi": 0.003194098073833196,
    "Héctor Fort": null,
    "Hansi Flick": null,
    "Marc Casadó": -1.3485563984499405,
    "Dani Olmo": -1.108504411520439,
    "Marc Bernal": null,
    "Gerard Martín": null,
    "Szczęsny": null,
    "Bardghji": null,
    "Rashford": null
  },
  "Villarreal": {
    "Denis Suárez": -2.976655746998469,
    "Gerard Moreno": -2.0496554119146637,
    "Parejo": -1.7229891011963483,
    "Pedraza": -2.895267217554376,
    "Ayoze": 1.2603988558388624,
    "Comesaña": -1.226656964056727,
    "Diego Conde": -1.444092723198831,
    "Foyth": 0.9124954275013586,
    "Yéremy Pino": -0.37801011773219706,
    "Danjuma": null,
    "Akhomach": -2.449911559977569,
    "Rafa Marín": 1.3945099377680181,
    "Pape Gueye": -0.4727088234800281,
    "Moleiro": 2.4719717756454207,
    "Sergi Cardona": 0.664487046357487,
    "Kambwala": -2.6252112299017916,
    "Santiago Mouriño": 2.6908430801873884,
    "Adrià Altimira": null,
    "Marcelino": -3.2982071652314926,
    "Pépé": -0.6534931539439515,
    "Luiz Júnior": 0.6263174459313126,
    "Logan Costa": -3.3130710490085202,
    "Pau Navarro": null,
    "Pau Cabanes": null,
    "Buchanan": null,
    "Etta Eyong": null
  },
  "Rayo Vallecano": {
    "Gumbau": -3.0115637649052007,
    "Lejeune": 0.26186614668786135,
    "Unai López": -2.0642655613222316,
    "Trejo": -3.0579767688508674,
    "Álvaro García": -0.8520004262877023,
    "De Frutos": 0.9283599420755628,
    "Camello": -2.418918429467909,
    "Pacha Espino": -2.568706841565216,
    "Dani Cárdenas": -2.4584109304491064,
    "Isi Palazón": 1.35035920352089,
    "Óscar Valentín": -2.4126600877921622,
    "Balliu": -1.9853489407766878,
    "Nteka": -2.537555767564381,
    "Pathé Ciss": -0.6871696002916594,
    "Luiz Felipe": -1.0750251925611298,
    "Chavarría": 2.5474481037944363,
    "Mumin": -2.7697170647200786,
    "Ratiu": 3.7697083975577916,
    "Batalla": 2.4944851126681655,
    "Íñigo Pérez": null,
    "Pelayo": null,
    "Pedro Díaz": -1.2092305055011798,
    "Etienne Eto'O": null
  },
  "Real Oviedo": {
    "Álvaro Lemos": null,
    "David Costas": -2.2035346222122554,
    "Escandell": -0.6027808369127974,
    "Nacho Vidal": -0.13480169737725145,
    "Cazorla": null,
    "Calvo": null,
    "Chaira": null,
    "Moldovan": null,
    "Hassan": 3.119415781576085,
    "Ahijado": null,
    "Viñas": null,
    "Colombatto": null,
    "Luengo": -1.3275466820615867,
    "Cardero": null,
    "Sibo": 1.1704014951615438,
    "Alhassane": -0.9029048487967373,
    "Dominguès": null,
    "Forés": null,
    "Yayo González": null,
    "Borja Sánchez": null,
    "Rondón": null,
    "Alberto Reina": null,
    "Paunovic": null,
    "Luka Ilic": null
  },
  "Alavés": {
    "Jonny Castro": -2.130279816915792,
    "Aleñá": null,
    "Villalibre": -3.020592511440423,
    "Raúl Fernández": null,
    "Sivera": -0.2710447741090083,
    "Guridi": -1.6503657902732782,
    "Pablo Ibáñez": null,
    "Nikola Maras": null,
    "Guevara": -2.777445671284895,
    "Antonio Blanco": -1.3945240304619522,
    "Tenaglia": -0.8442658825182581,
    "Benavidez": -3.1318816438927866,
    "Abde Rebbach": null,
    "Carlos Vicente": 1.5274873117002485,
    "Moussa Diarra": -1.3982158212372142,
    "Hugo Novoa": -3.077160901461218,
    "Toni Martínez": -1.455877583045595,
    "Eduardo Coudet": null,
    "Facundo Garcés": -0.31770342509048755,
    "Adrián Rodríguez": null,
    "Victor Parada": null,
    "Yusi Enríquez": null,
    "Calebe": null
  },
  "Celta": {
    "Iago Aspas": null,
    "Iván Villar": -2.461869968907815,
    "Damián Rodríguez": -3.094569514076362,
    "Claudio Giráldez": null,
    "Fran Beltrán": -2.118158375450374,
    "Aidoo": -3.0255162703188843,
    "Carreira": null,
    "Mingueza": 1.085760155388904,
    "Ilaix Moriba": null,
    "Carlos Dominguez": -2.798837293347056,
    "Franco Cervi": -3.3028615867388034,
    "Jutglà": null,
    "Swedberg": -2.4820934159202834,
    "Marcos Alonso": 1.7603001892683823,
    "Pablo Durán": -1.2963343837119723,
    "Bryan Zaragoza": null,
    "Starfelt": 0.3684815502346339,
    "Sotelo": -2.422322723647119,
    "Ristic": -1.7084987049769906,
    "Hugo Álvarez": -2.4815460688690227,
    "Marc Vidal": null,
    "Javi Rodríguez": null,
    "El-Abdellaoui": null,
    "Yoel Lago": null,
    "Ionut Radu": null,
    "Javier Rueda": null,
    "Manu Fernández": null
  },
  "Espanyol": {
    "Kike García": -1.3094975430929634,
    "Dmitrovic": 0.6512879632248447,
    "Cabrera": -1.5614706183445182,
    "Calero": -2.396408797627214,
    "Puado": 2.0010968664535334,
    "Pere Milla": -2.9615818945040173,
    "Pol Lozano": -1.8626252175139912,
    "Expósito": 0.7447151464564872,
    "Miguel Rubio": -3.0514099040554132,
    "Jofre Carreras": -2.0303151001414665,
    "Terrats": -0.5400110608248521,
    "Rubén Sánchez": -2.601041326582265,
    "El Hilali": -0.313137530114338,
    "Carlos Romero": null,
    "Gastón Valles": null,
    "Antoniu Roca": null,
    "Manolo González": null,
    "Fortuño": null,
    "Pablo Ramón": -0.7403264540138843,
    "Roberto Fernández": 2.741958115123788,
    "Bauzà": null,
    "Marcos Fernández": null,
    "Salinas": -3.0190823209274686,
    "Javi Hernández": null,
    "Dolan": null,
    "Hugo Pérez": null
  },
  "Betis": {
    "Pau López": null,
    "Isco": 1.1808598493843636,
    "Bakambu": -2.516197301549783,
    "Borja Iglesias": null,
    "Marc Roca": -2.992029180542266,