{
  "Bayern Munich": 1976.3537662043877,
  "PSG": 1974.93774414,
  "Manchester City": 1959.9440918,
  "Real Madrid": 1936.12744141,
  "Inter": 1933.24206543,
  "Chelsea": 1902.80126953,
  "Atlético de Madrid": 1855.34960938,
  "Borussia Dortmund": 1818.3503418,
  "Juventus": 1805.84655762,
  "Benfica": 1791.48046875,
  "Palmeiras": 1774.0266056745781,
  "Flamengo": 1753.4204433156603,
  "Fluminense": 1721.2957402505863,
  "Botafogo": 1694.0481898814546,
  "River Plate": 1680.9243102872724,
  "Porto": 1678.19543457,
  "Boca Juniors": 1627.1146745677204,
  "Al-Hilal": 1610.9940421257184,
  "Monterrey": 1602.1709690160772,
  "Ahly SC": 1588.5942898360888,
  "RB Salzburg": 1558.85534668,
  "Sundowns": 1544.637168613675,
  "Pachuca": 1530.5095824374162,
  "Esperance": 1499.291610636115,
  "Los Ángeles FC": 1480.158818556432,
  "Inter Miami": 1467.9219915246883,
  "Seattle": 1457.6635795508223,
  "Urawa Reds": 1445.566164139489,
  "Ulsan HD": 1435.2265401473446,
  "Al-Ain": 1430.3703608595615,
  "Wydad AC": 1421.2476849964382,
  "Auckland City": 1317.277198791451
}