{
  "Bayern Munich": 1976.3569696109744,
  "PSG": 1974.93774414,
  "Manchester City": 1959.9440918,
  "Real Madrid": 1936.12744141,
  "Inter": 1933.2421875,
  "Chelsea": 1902.80126953,
  "Atlético": 1855.34973145,
  "Borussia Dortmund": 1818.3503418,
  "Juventus": 1805.84655762,
  "Benfica": 1791.48046875,
  "Palmeiras": 1774.0425821919016,
  "Flamengo": 1753.4095503034507,
  "Fluminense": 1721.3137273235693,
  "Botafogo": 1694.043622322687,
  "River Plate": 1680.9178934595357,
  "Porto": 1678.19543457,
  "Boca Juniors": 1627.144901870559,
  "Al-Hilal": 1611.0044540413883,
  "Monterrey": 1602.165264706284,
  "Ahly SC": 1588.5684580011682,
  "RB Salzburg": 1558.85534668,
  "Sundowns": 1544.6407255935337,
  "Pachuca": 1530.5050767482294,
  "Esperance": 1499.2550462295899,
  "Los Ángeles FC": 1480.1791226616128,
  "Inter Miami": 1467.943876437661,
  "Seattle": 1457.6848070206543,
  "Urawa Reds": 1445.5759792850445,
  "Ulsan HD": 1435.2121539423028,
  "Al-Ain": 1430.3553519556694,
  "Wydad AC": 1421.2594987604239,
  "Auckland City": 1317.1801547207092
}